{"id": "05b7c688-09ba-4f33-90ea-185a1039df43", "type": "dataset", "server": "https://api.resourcewatch.org", "attributes": {"name": "for.021 Certified Forest", "slug": "for021-Certified-Forest", "type": "tabular", "subtitle": "FAO", "application": ["rw"], "dataPath": "", "attributesPath": null, "connectorType": "rest", "provider": "cartodb", "userId": "58fa22c54eecd907310778cd", "connectorUrl": "https://wri-rw.carto.com/tables/for_021_certified_forest_edit/public", "sources": [], "tableName": "for_021_certified_forest_edit", "status": "saved", "published": true, "overwrite": false, "verified": false, "blockchain": {}, "subscribable": {}, "mainDateField": null, "env": "production", "geoInfo": true, "protected": false, "legend": {"date": [], "region": [], "country": [], "nested": [], "integer": [], "short": [], "byte": [], "double": [], "float": [], "half_float": [], "scaled_float": [], "boolean": [], "binary": [], "text": [], "keyword": []}, "clonedHost": {}, "errorMessage": null, "taskId": null, "createdAt": "2020-02-06T15:27:19.060Z", "updatedAt": "2019-02-28T19:48:16.376Z", "dataLastUpdated": null, "metadata": [{"id": "59d7cac18d5c5b00121db632", "type": "metadata", "attributes": {"dataset": "05b7c688-09ba-4f33-90ea-185a1039df43", "application": "rw", "resource": {"id": "05b7c688-09ba-4f33-90ea-185a1039df43", "type": "dataset"}, "language": "en", "name": "Certified Forest", "description": "The Food and Agriculture Organization of the United Nations includes global country-level statistics for areas of forest under Forest Stewardship Council (FSC) certification for each year from 2000 through 201, areas of forest under Programme for Endorsement of Forest Certification (PEFC) for each year 2000-2014, and areas of forest under domestic forest certification schemes in each year 2000-2012 in its 2015 Global Forest Resources Assessment. Certification programs such as the FSC and PEFC developed in the late 1990s as voluntary tools to promote sustainable forest management and include criteria for best practices to achieve sustainable forest management from environmental, social, and economic perspectives. The data on forests under FSC and PEFC certification were obtained directly from the organizations themselves, while the data on domestic forest certification schemes were collected from individual countries through a survey disseminated to 168 officially nominated national correspondents. Resource Watch shows only a subset of the data set. For access to the full data set and additional information, see the Learn More link.", "source": "FAO", "info": {"rwId": "for.021", "data_type": "Tabular", "name": "Certified Forest", "sources": [{"source-name": "Food and Agriculture Organization of the United Nations (FAO)", "id": 0, "source-description": ""}], "technical_title": "Area of Forest Under an Independently Verified Forest Certification Scheme", "functions": "Area of forest under independently verified forest certification schemes", "cautions": "Forest certification programs, while they include guidelines for best practices in forest management, are not a perfect tool for sustainable forest management and may not provide a complete picture of the effectiveness of the forest management schemes in the areas under certification programs.", "citation": "Food and Agriculture Organization of the United Nations. 2015. \"Global Forest Resources Assessment 2015 Desk Reference.\" Rome: Food and Agriculture Organization of the United Nations. http://www.fao.org/forest-resources-assessment/en/. Accessed through Resource Watch, (date). [www.resourcewatch.org](www.resourcewatch.org).", "license": "Restrictions apply", "license_link": "http://www.fao.org/3/a-i4808e.pdf", "geographic_coverage": "Global", "spatial_resolution": null, "date_of_content": "2000-2014", "frequency_of_updates": "5 Years", "learn_more_link": "http://www.fao.org/3/a-i4808e.pdf", "data_download_link": "https://wri-public-data.s3.amazonaws.com/resourcewatch/for_021_certified_forest.zip", "data_download_original_link": "http://www.fao.org/3/a-i4808e.pdf"}, "columns": {"iso": {"alias": "ISO Code", "description": "International Standards Organization 3-letter code"}, "name": {"alias": "Name"}, "total_area_certified_ha": {"alias": "Total Area Certified (ha)", "description": "Total area in hectares"}}, "createdAt": "2017-10-06T18:26:09.177Z", "updatedAt": "2020-02-04T19:46:30.922Z", "status": "published"}}], "widget": [{"id": "db885f7c-d183-471b-8d58-2c250a10719d", "type": "widget", "attributes": {"name": "11% of global forests were part of a certification program in 2014", "dataset": "05b7c688-09ba-4f33-90ea-185a1039df43", "slug": "2014-Total-Area-of-Certified-Forest-Country-Ranking", "userId": "58fa22c54eecd907310778cd", "description": "Countries with the largest total area (ha, millions) of forests under independently verified forest certification schemes in 2014.", "source": "", "authors": "", "application": ["rw"], "verified": false, "default": false, "protected": false, "defaultEditableWidget": true, "published": true, "freeze": false, "env": "production", "queryUrl": "", "widgetConfig": {"paramsConfig": {"visualizationType": "chart", "caption": null, "limit": 10, "value": {"tableName": "for_021_certified_forest_edit", "datasetID": "05b7c688-09ba-4f33-90ea-185a1039df43", "type": "number", "alias": "Total Area Certified (ha)", "name": "total_area_certified_ha"}, "category": {"tableName": "for_021_certified_forest_edit", "datasetID": "05b7c688-09ba-4f33-90ea-185a1039df43", "type": "string", "alias": "Name", "name": "name"}, "color": null, "size": null, "orderBy": {"orderType": "desc", "tableName": "for_021_certified_forest_edit", "datasetID": "05b7c688-09ba-4f33-90ea-185a1039df43", "type": "number", "alias": "Total Area Certified (ha)", "name": "total_area_certified_ha"}, "aggregateFunction": null, "chartType": "bar", "filters": [], "areaIntersection": null, "band": null, "layer": null}, "data": [{"name": "table", "transform": [{"type": "identifier", "as": "id"}], "url": "https://api.resourcewatch.org/v1/query/05b7c688-09ba-4f33-90ea-185a1039df43?sql=SELECT name as x, total_area_certified_ha as y FROM for_021_certified_forest_edit   ORDER BY total_area_certified_ha desc LIMIT 10", "format": {"type": "json", "property": "data"}}, {"name": "stats", "source": "table", "transform": [{"type": "extent", "field": "x", "signal": "extent"}]}], "scales": [{"name": "x", "type": "band", "range": "width", "padding": 0.05, "domain": {"data": "table", "field": "id"}}, {"name": "y", "type": "linear", "range": "height", "nice": true, "zero": true, "domain": {"data": "table", "field": "y"}}], "axes": [{"orient": "bottom", "scale": "x", "labelOverlap": "parity", "ticks": false, "encode": {"labels": {"update": {"text": {"signal": "data('table')[datum.value - 1].x"}, "align": {"signal": "width < 300 || extent[1] > 10 ? 'right' : 'center'"}, "baseline": {"signal": "width < 300 || extent[1] > 10 ? 'middle' : 'top'"}, "angle": {"signal": "width < 300 || extent[1] > 10 ? -90 :0 "}}}}}, {"orient": "left", "scale": "y", "labelOverlap": "parity", "encode": {"labels": {"update": {"align": {"value": "right"}, "baseline": {"value": "bottom"}}}}}], "marks": [{"type": "rect", "from": {"data": "table"}, "encode": {"update": {"opacity": {"value": 1}, "x": {"scale": "x", "field": "id"}, "width": {"scale": "x", "band": 1}, "y": {"scale": "y", "field": "y"}, "y2": {"scale": "y", "value": 0}}, "hover": {"opacity": {"value": 0.8}}}}], "interaction_config": [{"name": "tooltip", "config": {"fields": [{"column": "y", "property": "Total Area Certified (ha)", "type": "number", "format": ".2s"}, {"column": "x", "property": "Name", "type": "string", "format": ".2f"}]}}]}, "template": false, "createdAt": "2017-10-02T20:25:44.742Z", "updatedAt": "2017-10-02T20:25:44.742Z"}}, {"id": "1fd01fff-e1fe-4009-b214-385a7112e394", "type": "widget", "attributes": {"name": "Percent of Global Tree Cover that are Certified", "dataset": "05b7c688-09ba-4f33-90ea-185a1039df43", "slug": "Certified-Forest", "userId": "57a0aa1071e394dd32ffe137", "description": "This chart identifies percent global forest (2000 tree cover at 30% canopy density) that are part of a certification program 2014. These programs include Forest Stewardship Council (FSC), Programme for the Endorsement of Forest Certification (PEFC), and other international forest management certification schemes with published standards and independently verified by a third-party, excluding FSC and PEFC.", "source": "", "authors": "", "application": ["rw"], "verified": false, "default": false, "protected": false, "defaultEditableWidget": false, "published": true, "freeze": false, "env": "production", "queryUrl": "", "widgetConfig": {"legends": [{"properties": {"legend": {"y": {"mult": 0.47, "field": {"group": "height"}}, "x": {"mult": 0.42, "field": {"group": "width"}}}, "symbols": {"stroke": {"value": "transparent"}, "fillOpacity": {"value": 1}, "shape": {"value": "square"}}, "labels": {"fontSize": {"value": 10}}}, "offset": 15, "title": "", "fill": "color"}], "signals": [{"streams": [{"expr": "{ x: iscale('x', eventX()), item: eventItem()}", "type": "mousemove"}], "name": "onMousemove"}], "padding": "strict", "height": 400, "width": 400, "marks": [{"properties": {"enter": {"fill": {"field": "x", "scale": "c"}, "outerRadius": [{"value": 150, "test": "datum.maxRadius > 150"}, {"field": "maxRadius"}], "innerRadius": [{"value": 100, "test": "datum.maxRadius > 120"}, {"value": 50}], "endAngle": {"field": "layout_end"}, "startAngle": {"field": "layout_start"}, "y": {"mult": 0.5, "field": {"group": "height"}}, "x": {"mult": 0.5, "field": {"group": "width"}}}}, "from": {"data": "slices"}, "type": "arc"}], "axes": [{"name": "Iso 3", "real": false, "properties": {"axis": {"strokeWidth": {"value": 0}}, "labels": {"text": {"template": ""}}}, "tickSize": 0, "ticks": 0, "scale": "r", "type": "x"}, {"name": "Total co2 emmissions", "real": false, "properties": {"axis": {"strokeWidth": {"value": 0}}, "labels": {"text": {"template": ""}}}, "tickSize": 0, "ticks": 0, "scale": "r", "type": "y"}], "scales": [{"range": [20, 100], "domain": {"field": "y", "data": "slices"}, "type": "sqrt", "name": "r"}, {"range": "category20", "domain": {"field": "x", "data": "slices"}, "type": "ordinal", "name": "c"}, {"domain": ["Not certified", "Certified"], "range": "category20", "type": "ordinal", "name": "color"}], "data": [{"format": {"property": "data", "type": "json"}, "url": "https://api.resourcewatch.org/v1/query/5e87d53c-10d9-419e-a0e6-122e26b064ca?sql=SELECT sum(total_area_certified_ha) FROM for_021_certified_forest_edit", "name": "t1"}, {"transform": [{"summarize": {"extent": "sum"}, "type": "aggregate"}, {"diagonal": false, "with": "t1", "type": "cross"}, {"output": {"value": "y", "key": "xs"}, "fields": ["a.sum_extent", "b.sum"], "type": "fold"}, {"by": ["-y"], "type": "sort"}, {"expr": "datum.xs == 'b.sum' ? 'Certified' : 'Not certified'", "field": "x", "type": "formula"}, {"field": "y", "type": "rank"}], "format": {"property": "rows", "type": "json"}, "url": "https://wri-01.cartodb.com/api/v2/sql?q=SELECT iso, country as x, max(extent_2000) as extent FROM   umd_nat_staging   WHERE  thresh = 30 and extent_2000>0 group by x, iso", "name": "table"}, {"transform": [{"summarize": {"y": "count"}, "type": "aggregate"}], "source": "table", "name": "count"}, {"transform": [{"with": "count", "type": "cross"}, {"test": "datum.b.count_y < 10 || datum.a.rank >= 10", "type": "filter"}, {"summarize": [{"as": ["sum"], "ops": ["sum"], "field": "a.y"}], "type": "aggregate"}], "source": "table", "name": "others"}, {"transform": [{"test": "datum.rank <= 10", "type": "filter"}, {"with": "others", "type": "cross"}, {"expr": "datum.a.rank < 10 ? datum.a.x : 'Others'", "field": "x", "type": "formula"}, {"expr": "datum.a.y + (datum.a.rank === 10 ? datum.b.sum : 0)", "field": "y", "type": "formula"}, {"field": "y", "type": "pie"}, {"expr": "(height > width ? width : height) / 2", "field": "maxRadius", "type": "formula"}], "source": "table", "name": "slices"}], "name": "pie", "interaction_config": [{"name": "tooltip", "config": {"fields": [{"key": "x", "label": "Type", "format": "f"}, {"key": "y", "label": "Value: ", "format": ".2s"}]}}]}, "template": false, "createdAt": "2017-10-11T10:35:51.564Z", "updatedAt": "2017-10-11T10:35:51.564Z"}}, {"id": "4624a61a-7719-4077-ab71-44782364b84e", "type": "widget", "attributes": {"name": "Certified Forest by Country", "dataset": "05b7c688-09ba-4f33-90ea-185a1039df43", "slug": "Certified-Forest-by-Country", "userId": "58fa22c54eecd907310778cd", "description": "There are about 11% global forest (2000 tree cover at 30% canopy density) that are part of a certification program 2014. These programs include Forest Stewardship Council (FSC), Programme for the Endorsement of Forest Certification (PEFC), and other international forest management certification schemes with published standards and independently verified by a third-party, excluding FSC and PEFC.", "source": "", "authors": "", "application": ["rw"], "verified": false, "default": false, "protected": false, "defaultEditableWidget": false, "published": true, "freeze": false, "env": "production", "queryUrl": "", "widgetConfig": {"paramsConfig": {"layer": "3d67aa98-a16c-47aa-a247-a53cbca35d57", "band": null, "areaIntersection": null, "filters": [], "chartType": null, "aggregateFunction": null, "orderBy": null, "size": null, "color": null, "category": null, "value": null, "limit": 500, "visualizationType": "map"}, "layer_id": "3d67aa98-a16c-47aa-a247-a53cbca35d57", "type": "map"}, "template": false, "createdAt": "2017-10-11T20:58:47.368Z", "updatedAt": "2017-10-11T20:58:47.368Z"}}, {"id": "a1cfed65-e176-461e-9949-96a334ebd6ec", "type": "widget", "attributes": {"name": "11% of global forests were part of a certification program in 2014 - 1566261133094", "dataset": "05b7c688-09ba-4f33-90ea-185a1039df43", "slug": "11-of-global-forests-were-part-of-a-certification-program-in-2014-1566261133094", "userId": "5c12c957eb3361930a97cc9d", "description": "Countries with the largest total area (ha, millions) of forests under independently verified forest certification schemes in 2014.", "source": "", "authors": "", "application": ["rw"], "verified": false, "default": false, "protected": false, "defaultEditableWidget": true, "published": true, "freeze": false, "env": "production", "queryUrl": "", "widgetConfig": {"interaction_config": [{"config": {"fields": [{"format": ".2s", "type": "number", "property": "Total Area Certified (ha)", "column": "y"}, {"format": ".2f", "type": "string", "property": "Name", "column": "x"}]}, "name": "tooltip"}], "marks": [{"encode": {"hover": {"opacity": {"value": 0.8}}, "update": {"y2": {"value": 0, "scale": "y"}, "y": {"field": "y", "scale": "y"}, "width": {"band": 1, "scale": "x"}, "x": {"field": "id", "scale": "x"}, "opacity": {"value": 1}}}, "from": {"data": "table"}, "type": "rect"}], "axes": [{"encode": {"labels": {"update": {"angle": {"signal": "width < 300 || extent[1] > 10 ? -90 :0 "}, "baseline": {"signal": "width < 300 || extent[1] > 10 ? 'middle' : 'top'"}, "align": {"signal": "width < 300 || extent[1] > 10 ? 'right' : 'center'"}, "text": {"signal": "data('table')[datum.value - 1].x"}}}}, "ticks": false, "labelOverlap": "parity", "scale": "x", "orient": "bottom"}, {"encode": {"labels": {"update": {"baseline": {"value": "bottom"}, "align": {"value": "right"}}}}, "labelOverlap": "parity", "scale": "y", "orient": "left"}], "scales": [{"domain": {"field": "id", "data": "table"}, "padding": 0.05, "range": "width", "type": "band", "name": "x"}, {"domain": {"field": "y", "data": "table"}, "zero": true, "nice": true, "range": "height", "type": "linear", "name": "y"}], "data": [{"format": {"property": "data", "type": "json"}, "url": "https://api.resourcewatch.org/v1/query/05b7c688-09ba-4f33-90ea-185a1039df43?sql=SELECT name as x, total_area_certified_ha as y FROM for_021_certified_forest_edit   ORDER BY total_area_certified_ha desc LIMIT 10", "transform": [{"as": "id", "type": "identifier"}], "name": "table"}, {"transform": [{"signal": "extent", "field": "x", "type": "extent"}], "source": "table", "name": "stats"}], "paramsConfig": {"layer": null, "band": null, "areaIntersection": null, "filters": [], "chartType": "bar", "aggregateFunction": null, "orderBy": {"name": "total_area_certified_ha", "alias": "Total Area Certified (ha)", "type": "number", "datasetID": "05b7c688-09ba-4f33-90ea-185a1039df43", "tableName": "for_021_certified_forest_edit", "orderType": "desc"}, "size": null, "color": null, "category": {"name": "name", "alias": "Name", "type": "string", "datasetID": "05b7c688-09ba-4f33-90ea-185a1039df43", "tableName": "for_021_certified_forest_edit"}, "value": {"name": "total_area_certified_ha", "alias": "Total Area Certified (ha)", "type": "number", "datasetID": "05b7c688-09ba-4f33-90ea-185a1039df43", "tableName": "for_021_certified_forest_edit"}, "limit": 10, "caption": null, "visualizationType": "chart"}}, "template": false, "createdAt": "2019-08-20T00:32:13.096Z", "updatedAt": "2019-08-20T00:32:13.096Z"}}, {"id": "d4a2814f-02ce-4b28-8949-0d3a14d05eb7", "type": "widget", "attributes": {"name": "11% of global forests were part of a certification program in 2014 - 1568297971450", "dataset": "05b7c688-09ba-4f33-90ea-185a1039df43", "slug": "11-of-global-forests-were-part-of-a-certification-program-in-2014-1568297971450", "userId": "5d7a2121757879001109472c", "description": "Countries with the largest total area (ha, millions) of forests under independently verified forest certification schemes in 2014.", "source": "", "authors": "", "application": ["rw"], "verified": false, "default": false, "protected": false, "defaultEditableWidget": true, "published": true, "freeze": false, "env": "production", "queryUrl": "", "widgetConfig": {"interaction_config": [{"config": {"fields": [{"format": ".2s", "type": "number", "property": "Total Area Certified (ha)", "column": "y"}, {"format": ".2f", "type": "string", "property": "Name", "column": "x"}]}, "name": "tooltip"}], "marks": [{"encode": {"hover": {"opacity": {"value": 0.8}}, "update": {"y2": {"value": 0, "scale": "y"}, "y": {"field": "y", "scale": "y"}, "width": {"band": 1, "scale": "x"}, "x": {"field": "id", "scale": "x"}, "opacity": {"value": 1}}}, "from": {"data": "table"}, "type": "rect"}], "axes": [{"encode": {"labels": {"update": {"angle": {"signal": "width < 300 || extent[1] > 10 ? -90 :0 "}, "baseline": {"signal": "width < 300 || extent[1] > 10 ? 'middle' : 'top'"}, "align": {"signal": "width < 300 || extent[1] > 10 ? 'right' : 'center'"}, "text": {"signal": "data('table')[datum.value - 1].x"}}}}, "ticks": false, "labelOverlap": "parity", "scale": "x", "orient": "bottom"}, {"encode": {"labels": {"update": {"baseline": {"value": "bottom"}, "align": {"value": "right"}}}}, "labelOverlap": "parity", "scale": "y", "orient": "left"}], "scales": [{"domain": {"field": "id", "data": "table"}, "padding": 0.05, "range": "width", "type": "band", "name": "x"}, {"domain": {"field": "y", "data": "table"}, "zero": true, "nice": true, "range": "height", "type": "linear", "name": "y"}], "data": [{"format": {"property": "data", "type": "json"}, "url": "https://api.resourcewatch.org/v1/query/05b7c688-09ba-4f33-90ea-185a1039df43?sql=SELECT name as x, total_area_certified_ha as y FROM for_021_certified_forest_edit   ORDER BY total_area_certified_ha desc LIMIT 10", "transform": [{"as": "id", "type": "identifier"}], "name": "table"}, {"transform": [{"signal": "extent", "field": "x", "type": "extent"}], "source": "table", "name": "stats"}], "paramsConfig": {"layer": null, "band": null, "areaIntersection": null, "filters": [], "chartType": "bar", "aggregateFunction": null, "orderBy": {"name": "total_area_certified_ha", "alias": "Total Area Certified (ha)", "type": "number", "datasetID": "05b7c688-09ba-4f33-90ea-185a1039df43", "tableName": "for_021_certified_forest_edit", "orderType": "desc"}, "size": null, "color": null, "category": {"name": "name", "alias": "Name", "type": "string", "datasetID": "05b7c688-09ba-4f33-90ea-185a1039df43", "tableName": "for_021_certified_forest_edit"}, "value": {"name": "total_area_certified_ha", "alias": "Total Area Certified (ha)", "type": "number", "datasetID": "05b7c688-09ba-4f33-90ea-185a1039df43", "tableName": "for_021_certified_forest_edit"}, "limit": 10, "caption": null, "visualizationType": "chart"}}, "template": false, "createdAt": "2019-09-12T14:19:31.451Z", "updatedAt": "2019-09-12T14:19:31.451Z"}}, {"id": "8225af46-0817-4a68-a27a-6447f898ceb5", "type": "widget", "attributes": {"name": "11% of global forests were part of a certification program in 2014 - 1580387784695", "dataset": "05b7c688-09ba-4f33-90ea-185a1039df43", "slug": "11-of-global-forests-were-part-of-a-certification-program-in-2014-1580387784695", "userId": "594a8b5b3b0f7f271d303321", "description": "Countries with the largest total area (ha, millions) of forests under independently verified forest certification schemes in 2014.", "source": "", "authors": "", "application": ["rw"], "verified": false, "default": false, "protected": false, "defaultEditableWidget": true, "published": true, "thumbnailUrl": "", "freeze": false, "env": "production", "queryUrl": "", "widgetConfig": {"paramsConfig": {"visualizationType": "chart", "caption": null, "limit": 10, "value": {"tableName": "for_021_certified_forest_edit", "datasetID": "05b7c688-09ba-4f33-90ea-185a1039df43", "type": "number", "alias": "Total Area Certified (ha)", "name": "total_area_certified_ha"}, "category": {"tableName": "for_021_certified_forest_edit", "datasetID": "05b7c688-09ba-4f33-90ea-185a1039df43", "type": "string", "alias": "Name", "name": "name"}, "color": null, "size": null, "orderBy": {"orderType": "desc", "tableName": "for_021_certified_forest_edit", "datasetID": "05b7c688-09ba-4f33-90ea-185a1039df43", "type": "number", "alias": "Total Area Certified (ha)", "name": "total_area_certified_ha"}, "aggregateFunction": null, "chartType": "bar", "filters": [], "areaIntersection": null, "band": null, "layer": null}, "data": [{"name": "table", "transform": [{"type": "identifier", "as": "id"}], "url": "https://api.resourcewatch.org/v1/query/05b7c688-09ba-4f33-90ea-185a1039df43?sql=SELECT name as x, total_area_certified_ha as y FROM for_021_certified_forest_edit   ORDER BY total_area_certified_ha desc LIMIT 10", "format": {"type": "json", "property": "data"}}, {"name": "stats", "source": "table", "transform": [{"type": "extent", "field": "x", "signal": "extent"}]}], "scales": [{"name": "x", "type": "band", "range": "width", "padding": 0.05, "domain": {"data": "table", "field": "id"}}, {"name": "y", "type": "linear", "range": "height", "nice": true, "zero": true, "domain": {"data": "table", "field": "y"}}], "axes": [{"orient": "bottom", "scale": "x", "labelOverlap": "parity", "ticks": false, "encode": {"labels": {"update": {"text": {"signal": "data('table')[datum.value - 1].x"}, "align": {"signal": "width < 300 || extent[1] > 10 ? 'right' : 'center'"}, "baseline": {"signal": "width < 300 || extent[1] > 10 ? 'middle' : 'top'"}, "angle": {"signal": "width < 300 || extent[1] > 10 ? -90 :0 "}}}}}, {"orient": "left", "scale": "y", "labelOverlap": "parity", "encode": {"labels": {"update": {"align": {"value": "right"}, "baseline": {"value": "bottom"}}}}}], "marks": [{"type": "rect", "from": {"data": "table"}, "encode": {"update": {"opacity": {"value": 1}, "x": {"scale": "x", "field": "id"}, "width": {"scale": "x", "band": 1}, "y": {"scale": "y", "field": "y"}, "y2": {"scale": "y", "value": 0}}, "hover": {"opacity": {"value": 0.8}}}}], "interaction_config": [{"name": "tooltip", "config": {"fields": [{"column": "y", "property": "Total Area Certified (ha)", "type": "number", "format": ".2s"}, {"column": "x", "property": "Name", "type": "string", "format": ".2f"}]}}]}, "template": false, "createdAt": "2020-01-30T12:36:24.697Z", "updatedAt": "2020-01-30T12:36:24.697Z"}}], "layer": [{"id": "3d67aa98-a16c-47aa-a247-a53cbca35d57", "type": "layer", "attributes": {"name": "2014 Total Area of Certified Forest (ha, millions)", "slug": "2014-Total-Area-of-Certified-Forest-ha", "dataset": "05b7c688-09ba-4f33-90ea-185a1039df43", "description": "Area of forests under independently verified forest certification schemes in 2014.", "application": ["rw"], "iso": [], "provider": "cartodb", "userId": "58fa22c54eecd907310778cd", "default": true, "protected": false, "published": true, "env": "production", "layerConfig": {"body": {"layers": [{"options": {"cartocss_version": "2.3.0", "cartocss": "#for_021_certified_forest_edit {polygon-opacity:1; line-width:0.5; line-color:#bdbdbd; line-opacity:1;} [total_area_certified_ha>=100000000]{polygon-fill:#006d2c;} [total_area_certified_ha>=10000000][total_area_certified_ha<100000000]{polygon-fill:#31a354;} [total_area_certified_ha>=1000000][total_area_certified_ha<10000000]{polygon-fill:#74c476;} [total_area_certified_ha>=100000][total_area_certified_ha<1000000]{polygon-fill:#bae4b3;} [total_area_certified_ha<100000]{polygon-fill:#edf8e9;}", "sql": "SELECT wri.cartodb_id, wri.the_geom_webmercator, data.rw_country_name, data.total_area_certified_ha FROM for_021_certified_forest_edit data LEFT OUTER JOIN wri_countries_a wri ON wri.iso_a3=data.rw_country_code WHERE data.total_area_certified_ha IS NOT NULL"}, "type": "mapnik"}], "minzoom": 3, "maxzoom": 18, "vectorLayers": [{"paint": {"line-width": 0.5, "line-color": "#bdbdbd", "line-opacity": 1}, "source-layer": "layer0", "type": "line", "filter": ["all"]}, {"paint": {"fill-opacity": 1}, "source-layer": "layer0", "type": "fill", "filter": ["all"]}, {"paint": {"fill-color": "#006d2c"}, "source-layer": "layer0", "type": "fill", "filter": ["all", [">=", "total_area_certified_ha", 100000000]]}, {"paint": {"fill-color": "#31a354"}, "source-layer": "layer0", "type": "fill", "filter": ["all", [">=", "total_area_certified_ha", 10000000], ["<", "total_area_certified_ha", 100000000]]}, {"paint": {"fill-color": "#74c476"}, "source-layer": "layer0", "type": "fill", "filter": ["all", [">=", "total_area_certified_ha", 1000000], ["<", "total_area_certified_ha", 10000000]]}, {"paint": {"fill-color": "#bae4b3"}, "source-layer": "layer0", "type": "fill", "filter": ["all", [">=", "total_area_certified_ha", 100000], ["<", "total_area_certified_ha", 1000000]]}, {"paint": {"fill-color": "#edf8e9"}, "source-layer": "layer0", "type": "fill", "filter": ["all", ["<", "total_area_certified_ha", 100000]]}]}, "account": "wri-rw"}, "legendConfig": {"items": [{"color": "#edf8e9", "name": "<0.1"}, {"color": "#bae4b3", "name": "<1"}, {"color": "#74c476", "name": "<10"}, {"color": "#31a354", "name": "<100"}, {"color": "#006d2c", "name": "<172"}], "type": "choropleth"}, "interactionConfig": {"output": [{"column": "rw_country_name", "format": null, "prefix": "", "property": "Country", "suffix": "", "type": "string"}, {"column": "total_area_certified_ha", "format": "0,0", "prefix": "", "property": "Certified Forest Area", "suffix": " ha", "type": "number"}]}, "applicationConfig": {}, "staticImageConfig": {}, "createdAt": "2020-02-06T15:27:19.113Z", "updatedAt": "2019-07-23T14:06:13.977Z"}}], "vocabulary": [{"type": "vocabulary", "attributes": {"resource": {"id": "05b7c688-09ba-4f33-90ea-185a1039df43", "type": "dataset"}, "tags": ["geospatial", "table", "global", "forest", "governance", "historical", "vector", "annual"], "name": "knowledge_graph", "application": "rw"}}], "widgetRelevantProps": ["name", "total_area_certified_ha"], "layerRelevantProps": ["iso", "name", "total_area_certified_ha"]}}