{"id": "065ffeb1-c0b8-49c4-80b7-bd168e17568c", "type": "dataset", "server": "https://api.resourcewatch.org", "attributes": {"name": "bio.047b Temperature Suitability for Disease-Carrying Mosquitoe Aedes albopictus", "slug": "bio047b-Temperature-Suitability-for-Disease-Carrying-Mosquitoe-Aedes-albopictus", "type": "raster", "subtitle": "", "application": ["rw"], "dataPath": "", "attributesPath": null, "connectorType": "rest", "provider": "gee", "userId": "5d0901197aabc0001072e40c", "connectorUrl": "", "sources": [], "tableName": "projects/resource-watch-gee/bio_047_dengue_transmission", "status": "saved", "published": true, "overwrite": false, "verified": false, "blockchain": {}, "subscribable": {}, "mainDateField": "", "env": "production", "applicationConfig": {"rw": {"layerOrder": ["5231dc9a-dce2-4fe3-b434-5e9c1ac15c43", "987bd443-7b46-4375-860a-7f42ef9adc15", "4560ed31-9a91-423b-96a5-34e3cb3b40ae"]}}, "geoInfo": true, "protected": false, "legend": {"date": [], "region": [], "country": [], "nested": [], "integer": [], "short": [], "byte": [], "double": [], "float": [], "half_float": [], "scaled_float": [], "boolean": [], "binary": [], "text": [], "keyword": []}, "clonedHost": {}, "errorMessage": "", "taskId": null, "createdAt": "2019-11-12T17:11:44.385Z", "updatedAt": "2019-12-05T14:27:18.060Z", "dataLastUpdated": null, "metadata": [{"id": "5dd56a4012b7e7001041a5e5", "type": "metadata", "attributes": {"dataset": "065ffeb1-c0b8-49c4-80b7-bd168e17568c", "application": "rw", "resource": {"id": "065ffeb1-c0b8-49c4-80b7-bd168e17568c", "type": "dataset"}, "language": "en", "name": "Temperature Suitability for Disease-Carrying Mosquito Aedes albopictus", "description": "### Overview  \n  \nThis dataset shows the number of months per year when disease transmission by one of the most common disease-carrying mosquitoes is possible under baseline conditions, as well as in the years 2050 and 2080. The mosquito is *Aedes albopictus*, and it transmits diseases to humans such as zika, dengue, chikungunya, and yellow fever. The baseline data used to represent current conditions is calculated using climate data from the years 1960-1990. In addition to the baseline temperature suitability for disease-carrying mosquitoes, the researchers used four climate change  scenarios to predict where temperatures will be suitable for mosquitoes to thrive in the years 2050 and 2080. On Resource Watch, we display the RCP 8.5 \u201cbusiness as usual\u201d scenario, which represents how the climate is predicted to change if we continue our current emissions trends.\r\n\r\n  \n  \nAccording to the [World Health Organization](https://www.who.int/neglected_diseases/vector_ecology/mosquito-borne-diseases/en/), millions of people die each year from mosquito-borne diseases. Temperature is the main factor in mosquito survival and disease transmission. This dataset is crucial because governments and health organizations can use it to prevent and prepare for the viruses. \r\n\r\n\r\n  \n  \nThe dataset was published by researchers from the University of Florida, Georgetown University, the University of Maryland, Stanford University, and Virginia Polytechnic and State University. The dataset has global coverage with a 5 arc minute resolution. \r\n\r\n  \n  \nResource Watch also shows temperature suitability data for one of the other most common-disease-carrying mosquitoes, [*Aedes aegypti*](https://resourcewatch.org/data/explore/bio047a-Temperature-Suitability-for-Disease-Carrying-Mosquitoe-Aedes-aegypti).   \n  \n### Methodology  \n  \nResearchers used a model to predict disease transmission by fitting the thermal responses of mosquitoes as results of several parameters. The parameters included temperature, mosquito traits such as biting rate per mosquito and mosquito mortality rate,  human population size, and human recovery rate. This model of disease transmission was based on experiments and validated with empirical data.\r\n\r\n  \n  \nAs for temperature, current mean monthly temperature data was derived from the WorldClim dataset. To predict future temperatures, researchers used four general circulation models (GCMs) that are most commonly used by studies forecasting species distributional shifts. Each of the four models can respectively be forecasted for four representative concentration pathways (RCPs): RCP 2.6, RCP 4.5, RCP 6.0, and RCP 8.5. These RCPs are standardized scenarios in predicting how future climate will respond to emission output. RCP 8.5 represents the worst-case, business-as-usual fossil fuel emissions scenario. For the full documentation, please click on the \u201cLearn more\u201d button.\r  \n  \n### Data shown on Resource Watch Map  \n  \n- **[1960-1990 Baseline Temperature Suitability for Disease-Carrying Mosquito *Aedes albopictus*  (months)](https://.resourcewatch.org/data/explore?zoom=3&lat=0&lng=0&basemap=dark&labels=light&layers=%255B%257B%2522dataset%2522%253A%2522065ffeb1-c0b8-49c4-80b7-bd168e17568c%2522%252C%2522opacity%2522%253A1%252C%2522layer%2522%253A%25225231dc9a-dce2-4fe3-b434-5e9c1ac15c43%2522%257D%255D&page=1&sort=relevance&sortDirection=-1&search=bio.047b)**: *The current number of months suitable for disease transmission by Aedes albopictus mosquitoes, based on climate data representing 1960-1990.*\r\n\r\n  \n  \n- **[2050 Temperature Suitability for Disease-Carrying Mosquito *Aedes albopictus*  (months)](https://resourcewatch.org/data/explore?zoom=3&lat=0&lng=0&basemap=dark&labels=light&layers=%255B%257B%2522dataset%2522%253A%2522065ffeb1-c0b8-49c4-80b7-bd168e17568c%2522%252C%2522opacity%2522%253A1%252C%2522layer%2522%253A%2522987bd443-7b46-4375-860a-7f42ef9adc15%2522%257D%255D&page=1&sort=relevance&sortDirection=-1&search=bio.047b)**: *The predicted number of months suitable for disease transmission by Aedes albopictus mosquitoes, under business-as-usual fossil fuel emissions scenario (RCP 8.5), in the year 2050.*\r\n\r\n  \n  \n- **[2080 Temperature Suitability for Disease-Carrying Mosquito *Aedes albopictus*  (months)](https://resourcewatch.org/data/explore?zoom=3&lat=0&lng=0&basemap=dark&labels=light&layers=%255B%257B%2522dataset%2522%253A%2522065ffeb1-c0b8-49c4-80b7-bd168e17568c%2522%252C%2522opacity%2522%253A1%252C%2522layer%2522%253A%25224560ed31-9a91-423b-96a5-34e3cb3b40ae%2522%257D%255D&page=1&sort=relevance&sortDirection=-1&search=bio.047b)**: *The predicted number of months suitable for disease transmission by Aedes albopictus mosquitoes, under business-as-usual fossil fuel emissions scenario (RCP 8.5), in the year 2080.*\r\n\r\n\r\n  \n  \n Additional data for three other climate change scenarios (RCP 2.6, RCP 4.5, and RCP 6.0), as well as results produced by different climate models,  is available from the data provider. Please click on the \u201cLearn more\u201d button to find this data on the source website.\r\n  \n  \n### Disclaimer  \n  \nExcerpts of this description page were taken from the source metadata. Resource Watch shows only a subset of the dataset. For access to the full dataset and additional information, click on the \u201cLearn more\u201d button.", "source": "UF/GU/UMD/Stanford/VT", "info": {"rwId": "bio.047b", "data_type": "Raster", "name": "Temperature Suitability for Disease-Carrying Mosquito Aedes albopictus", "sources": [{"source-name": "University of Florida (UF)", "id": 0, "source-description": ""}, {"source-name": "Georgetown University (GU), University of Maryland (UMD)", "id": 1, "source-description": ""}, {"source-name": "Stanford University (Stanford)", "id": 2, "source-description": ""}, {"source-name": "Virginia Polytechnic and State University (VT)", "id": 3, "source-description": ""}], "technical_title": "Global expansion and redistribution of Aedes-borne\r\nvirus transmission risk with climate change\r\n", "functions": "The number of months per year the temperature is suitable for disease-carrying mosquito Aedes albopictus", "cautions": "No models can precisely predict the global climate suitability for transmission risk. Models used in this dataset only set an outer spatiotemporal bound on where transmission is thermally plausible, given climate projections. Other environmental, biological, and social factors can also impact disease transmission by mosquitoes. In addition, the relationship between climate change and burdens of diseases carried by mosquitoes is a complex process. Climate change is likely to change the relationship between transmission risk and disease burden at fine scales within those zones of transmission nonlinearly, such that areas with shorter seasons of transmission could still experience increased overall disease burdens, or vice versa.", "citation": "Ryan, S.J., C.J. Carlson, E.A. Mordecai, L.R. Johnson. 2019. \u201cGlobal Expansion and Redistribution of Aedes-Borne Virus Transmission Risk with Climate Change.\u201d PLoS Neglected Tropical Diseases 13 (3): e0007213. Accessed through Resource Watch, (date). [www.resourcewatch.org](www.resourcewatch.org).", "license": "Creative Commons Attribution 4.0 IGO license\n\n", "license_link": "https://datacatalog.worldbank.org/public-licenses#cc-by", "geographic_coverage": "Global", "spatial_resolution": "5 arc minutes ", "date_of_content": "Baseline (1960-1990), 2050, and 2080 ", "frequency_of_updates": "Irregular", "learn_more_link": "https://journals.plos.org/plosntds/article?id=10.1371/journal.pntd.0007213", "data_download_link": null, "data_download_original_link": "https://dataverse.harvard.edu/dataverse/Aedesmaps"}, "createdAt": "2019-11-20T16:30:56.744Z", "updatedAt": "2020-02-04T19:45:33.233Z", "status": "published"}}], "widget": [{"id": "992849ed-c80a-4b9d-b0fc-31bc0ab42d80", "type": "widget", "attributes": {"name": "In 2080, Year-round Transmission is Mostly Confined to High Elevations", "dataset": "065ffeb1-c0b8-49c4-80b7-bd168e17568c", "slug": "In-2080-Year-round-Transmission-is-Mostly-Confined-to-High-Elevations", "userId": "5ba001878e311b7e3718740f", "description": "According to the analysis done by the authors of this dataset, \"by 2080, year-round temperature suitability for transmission by Ae. albopictus is mostly confined to high elevation regions, southern Africa, and the Atlantic coast of Brazil,\"", "source": "", "authors": "", "application": ["rw"], "verified": false, "default": false, "protected": false, "defaultEditableWidget": true, "published": true, "thumbnailUrl": "http://wri-api-backups.s3.amazonaws.com/resourcewatch/prod/thumbnails/992849ed-c80a-4b9d-b0fc-31bc0ab42d80-1575506294640.png", "freeze": false, "env": "production", "queryUrl": "", "widgetConfig": {"type": "map", "layer_id": "4560ed31-9a91-423b-96a5-34e3cb3b40ae", "zoom": 3, "lat": 0, "lng": 0, "basemapLayers": {"basemap": "dark", "labels": null, "boundaries": false}, "paramsConfig": {"visualizationType": "map", "limit": 50, "value": null, "category": null, "color": null, "size": null, "orderBy": null, "aggregateFunction": null, "chartType": null, "filters": [], "areaIntersection": null, "band": null, "layer": "4560ed31-9a91-423b-96a5-34e3cb3b40ae"}, "config": {"range": {"dotSize": [20, 250], "category20": ["#3BB2D0", "#2C75B0", "#FAB72E", "#EF4848", "#65B60D", "#C32D7B", "#F577B9", "#5FD2B8", "#F1800F", "#9F1C00", "#A5E9E3", "#B9D765", "#393F44", "#CACCD0", "#717171"], "ordinal": {"scheme": "greens"}, "ramp": {"scheme": "purples"}}, "axis": {"labelFontSize": 13, "labelFont": "Lato", "labelColor": "#717171", "labelPadding": 10, "ticks": true, "tickSize": 8, "tickColor": "#A9ABAD", "tickOpacity": 0.5, "tickExtra": false}, "axisX": {"bandPosition": 0.5, "domainWidth": 1.2, "domainColor": "#A9ABAD", "labelAlign": "center", "labelBaseline": "top"}, "axisY": {"domain": false, "labelAlign": "left", "labelBaseline": "bottom", "tickOpacity": 0.5, "grid": true, "ticks": false, "gridColor": "#A9ABAD", "gridOpacity": 0.5}, "mark": {"fill": "#3BB2D0"}, "symbol": {"fill": "#3BB2D0", "stroke": "#fff"}, "rect": {"fill": "#3BB2D0"}, "line": {"interpolate": "linear", "stroke": "#3BB2D0", "fillOpacity": 0}}}, "template": false, "createdAt": "2019-12-05T00:38:14.594Z", "updatedAt": "2019-12-05T00:38:14.594Z"}}], "layer": [{"id": "5231dc9a-dce2-4fe3-b434-5e9c1ac15c43", "type": "layer", "attributes": {"name": "1960-1990 Baseline Temperature Suitability for Disease-Carrying Mosquito Aedes albopictus (months)", "slug": "Baseline-Temperature-Suitability-for-Disease-Carrying-Mosquito-Aedes-albopictus-months", "dataset": "065ffeb1-c0b8-49c4-80b7-bd168e17568c", "description": "The current number of months suitable for disease transmission by Aedes albopictus mosquitoes, based on climate data representing 1960-1990.", "application": ["rw"], "iso": [], "provider": "gee", "userId": "5d0901197aabc0001072e40c", "default": true, "protected": false, "published": true, "env": "production", "layerConfig": {"body": {"sldValue": "<RasterSymbolizer> +  '<ColorMap type=\"values\" extended=\"false\" >' + '<ColorMapEntry color=\"#0C0786\" quantity=\"0\"  opacity=\"0\" />' + '<ColorMapEntry color=\"#0C0786\" quantity=\"1\"  />' + <ColorMapEntry color=\"#40039C\" quantity=\"2\" />' + '<ColorMapEntry color=\"#6A00A7\" quantity=\"3\"  />' +'<ColorMapEntry color=\"#8F0DA3\" quantity=\"4\"  />' +'<ColorMapEntry color=\"#9B179E\" quantity=\"5\"  />' +'<ColorMapEntry color=\"#B02A8F\" quantity=\"6\"  />' +'<ColorMapEntry color=\"#CA4678\" quantity=\"7\"  />'+'<ColorMapEntry color=\"#E06461\" quantity=\"8\"  />' +'<ColorMapEntry color=\"#F1824C\" quantity=\"9\"  />' +'<ColorMapEntry color=\"#FCA635\" quantity=\"10\"  />' +'<ColorMapEntry color=\"#FCCC25\" quantity=\"11\"  />' +'<ColorMapEntry color=\"#EFF821\" quantity=\"12\"  />' + </ColorMap>' + </RasterSymbolizer>", "styleType": "sld"}, "assetId": "projects/resource-watch-gee/bio_047_dengue_transmission/TCurMean30Sum_97al", "type": "gee", "timelineLabel": "1990", "order": 1990, "timeline": true}, "legendConfig": {"type": "choropleth", "items": [{"name": "1", "color": "#0C0786", "id": 1}, {"name": "2", "color": "#40039C", "id": 2}, {"name": "3", "color": "#6A00A7", "id": 3}, {"name": "4", "color": "#8F0DA3", "id": 4}, {"name": "5", "color": "#9B179E", "id": 5}, {"name": "6", "color": "#B02A8F", "id": 6}, {"name": "7", "color": "#CA4678", "id": 7}, {"name": "8", "color": "#E06461", "id": 8}, {"name": "9", "color": "#F1824C", "id": 9}, {"name": "10", "color": "#FCA635", "id": 10}, {"name": "11", "color": "#FCCC25", "id": 11}, {"name": "12", "color": "#EFF821", "id": 12}]}, "interactionConfig": {"type": "intersection", "config": {"url": "https://api.resourcewatch.org/v1/query/065ffeb1-c0b8-49c4-80b7-bd168e17568c?sql=select st_summarystats(rast, 'b1', false) as x from 'projects/resource-watch-gee/bio_047_dengue_transmission/TCurMean30Sum_97al' where ST_INTERSECTS(ST_SetSRID(ST_GeomFromGeoJSON('{\"type\":\"Point\",\"coordinates\":[{{lng}},{{lat}}]}'),4326),the_geom)"}, "output": [{"column": "x.b1.mean", "property": "Baseline number of months when disease transmission by Aedes albopictus is possible", "type": "number", "format": "0", "suffix": " months/year"}]}, "applicationConfig": {}, "staticImageConfig": {}, "createdAt": "2019-11-12T17:14:47.218Z", "updatedAt": "2019-12-09T22:22:17.783Z"}}, {"id": "987bd443-7b46-4375-860a-7f42ef9adc15", "type": "layer", "attributes": {"name": "2050 Temperature Suitability for Disease-Carrying Mosquito Aedes albopictus (months)", "slug": "2050-Temperature-Suitability-for-Disease-Carrying-Mosquito-Aedes-albopictus-RCP-85-months", "dataset": "065ffeb1-c0b8-49c4-80b7-bd168e17568c", "description": "The predicted number of months suitable for disease transmission by Aedes albopictus mosquitoes, under business-as-usual fossil fuel emissions scenario (RCP 8.5), in the year 2050.", "application": ["rw"], "iso": [], "provider": "gee", "userId": "5d0901197aabc0001072e40c", "default": false, "protected": false, "published": true, "env": "production", "layerConfig": {"type": "gee", "assetId": "projects/resource-watch-gee/bio_047_dengue_transmission/rcp85_2050_HE_sum_97al", "body": {"styleType": "sld", "sldValue": "<RasterSymbolizer> +  '<ColorMap type=\"values\" extended=\"false\" >' + '<ColorMapEntry color=\"#0C0786\" quantity=\"0\"  opacity=\"0\" />' + '<ColorMapEntry color=\"#0C0786\" quantity=\"1\"  />' + <ColorMapEntry color=\"#40039C\" quantity=\"2\" />' + '<ColorMapEntry color=\"#6A00A7\" quantity=\"3\"  />' +'<ColorMapEntry color=\"#8F0DA3\" quantity=\"4\"  />' +'<ColorMapEntry color=\"#9B179E\" quantity=\"5\"  />' +'<ColorMapEntry color=\"#B02A8F\" quantity=\"6\"  />' +'<ColorMapEntry color=\"#CA4678\" quantity=\"7\"  />'+'<ColorMapEntry color=\"#E06461\" quantity=\"8\"  />' +'<ColorMapEntry color=\"#F1824C\" quantity=\"9\"  />' +'<ColorMapEntry color=\"#FCA635\" quantity=\"10\"  />' +'<ColorMapEntry color=\"#FCCC25\" quantity=\"11\"  />' +'<ColorMapEntry color=\"#EFF821\" quantity=\"12\"  />' + </ColorMap>' + </RasterSymbolizer>"}, "timelineLabel": "2050", "order": 2050, "timeline": true}, "legendConfig": {"items": [{"id": 1, "color": "#0C0786", "name": "1"}, {"id": 2, "color": "#40039C", "name": "2"}, {"id": 3, "color": "#6A00A7", "name": "3"}, {"id": 4, "color": "#8F0DA3", "name": "4"}, {"id": 5, "color": "#9B179E", "name": "5"}, {"id": 6, "color": "#B02A8F", "name": "6"}, {"id": 7, "color": "#CA4678", "name": "7"}, {"id": 8, "color": "#E06461", "name": "8"}, {"id": 9, "color": "#F1824C", "name": "9"}, {"id": 10, "color": "#FCA635", "name": "10"}, {"id": 11, "color": "#FCCC25", "name": "11"}, {"id": 12, "color": "#EFF821", "name": "12"}], "type": "choropleth"}, "interactionConfig": {"type": "intersection", "config": {"url": "https://api.resourcewatch.org/v1/query/065ffeb1-c0b8-49c4-80b7-bd168e17568c?sql=select st_summarystats(rast, 'b1', false) as x from 'projects/resource-watch-gee/bio_047_dengue_transmission/rcp85_2050_HE_sum_97al' where ST_INTERSECTS(ST_SetSRID(ST_GeomFromGeoJSON('{\"type\":\"Point\",\"coordinates\":[{{lng}},{{lat}}]}'),4326),the_geom)"}, "output": [{"column": "x.b1.mean", "property": "2050 Number of months when disease transmission by Aedes albopictus is possible (RCP 8.5)", "type": "number", "format": "0", "suffix": " months/year"}]}, "applicationConfig": {}, "staticImageConfig": {}, "createdAt": "2019-11-12T17:15:44.741Z", "updatedAt": "2019-12-09T22:22:29.317Z"}}, {"id": "4560ed31-9a91-423b-96a5-34e3cb3b40ae", "type": "layer", "attributes": {"name": "2080 Temperature Suitability for Disease-Carrying Mosquito Aedes albopictus (months)", "slug": "2080-Temperature-Suitability-for-Disease-Carrying-Mosquito-Aedes-albopictus-RCP-85-months", "dataset": "065ffeb1-c0b8-49c4-80b7-bd168e17568c", "description": "The predicted number of months suitable for disease transmission by Aedes albopictus mosquitoes, under business-as-usual fossil fuel emissions scenario (RCP 8.5), in the year 2080.", "application": ["rw"], "iso": [], "provider": "gee", "userId": "5d0901197aabc0001072e40c", "default": false, "protected": false, "published": true, "env": "production", "layerConfig": {"body": {"sldValue": "<RasterSymbolizer> +  '<ColorMap type=\"values\" extended=\"false\" >' + '<ColorMapEntry color=\"#0C0786\" quantity=\"0\"  opacity=\"0\" />' + '<ColorMapEntry color=\"#0C0786\" quantity=\"1\"  />' + <ColorMapEntry color=\"#40039C\" quantity=\"2\" />' + '<ColorMapEntry color=\"#6A00A7\" quantity=\"3\"  />' +'<ColorMapEntry color=\"#8F0DA3\" quantity=\"4\"  />' +'<ColorMapEntry color=\"#9B179E\" quantity=\"5\"  />' +'<ColorMapEntry color=\"#B02A8F\" quantity=\"6\"  />' +'<ColorMapEntry color=\"#CA4678\" quantity=\"7\"  />'+'<ColorMapEntry color=\"#E06461\" quantity=\"8\"  />' +'<ColorMapEntry color=\"#F1824C\" quantity=\"9\"  />' +'<ColorMapEntry color=\"#FCA635\" quantity=\"10\"  />' +'<ColorMapEntry color=\"#FCCC25\" quantity=\"11\"  />' +'<ColorMapEntry color=\"#EFF821\" quantity=\"12\"  />' + </ColorMap>' + </RasterSymbolizer>", "styleType": "sld"}, "assetId": "projects/resource-watch-gee/bio_047_dengue_transmission/rcp85_2080_HE_sum_97al", "type": "gee", "timelineLabel": "2080", "order": 2080, "timeline": true}, "legendConfig": {"type": "choropleth", "items": [{"name": "1", "color": "#0C0786", "id": 1}, {"name": "2", "color": "#40039C", "id": 2}, {"name": "3", "color": "#6A00A7", "id": 3}, {"name": "4", "color": "#8F0DA3", "id": 4}, {"name": "5", "color": "#9B179E", "id": 5}, {"name": "6", "color": "#B02A8F", "id": 6}, {"name": "7", "color": "#CA4678", "id": 7}, {"name": "8", "color": "#E06461", "id": 8}, {"name": "9", "color": "#F1824C", "id": 9}, {"name": "10", "color": "#FCA635", "id": 10}, {"name": "11", "color": "#FCCC25", "id": 11}, {"name": "12", "color": "#EFF821", "id": 12}]}, "interactionConfig": {"type": "intersection", "config": {"url": "https://api.resourcewatch.org/v1/query/065ffeb1-c0b8-49c4-80b7-bd168e17568c?sql=select st_summarystats(rast, 'b1', false) as x from 'projects/resource-watch-gee/bio_047_dengue_transmission/rcp85_2080_HE_sum_97al' where ST_INTERSECTS(ST_SetSRID(ST_GeomFromGeoJSON('{\"type\":\"Point\",\"coordinates\":[{{lng}},{{lat}}]}'),4326),the_geom)"}, "output": [{"column": "x.b1.mean", "property": "2080 Number of months when disease transmission by Aedes albopictus is possible (RCP 8.5)", "type": "number", "format": "0", "suffix": " months/year"}]}, "applicationConfig": {}, "staticImageConfig": {}, "createdAt": "2019-11-12T17:16:41.677Z", "updatedAt": "2019-12-09T22:22:41.187Z"}}], "vocabulary": [{"type": "vocabulary", "attributes": {"resource": {"id": "065ffeb1-c0b8-49c4-80b7-bd168e17568c", "type": "dataset"}, "tags": ["geospatial", "raster", "disease", "SDG_3_Good_Health_and_Well-being", "SDG_target_3.6", "temperature", "health", "historical", "future", "global"], "name": "knowledge_graph", "application": "rw"}}], "widgetRelevantProps": [], "layerRelevantProps": []}}