{"id": "082e2262-c58e-46a0-b6b7-56083cfcbd34", "type": "dataset", "server": "https://api.resourcewatch.org", "attributes": {"name": "com.009 Material Extraction, Trade, and Use", "slug": "Material-Extraction-Trade-and-Use", "type": "tabular", "subtitle": null, "application": ["rw"], "dataPath": null, "attributesPath": null, "connectorType": "rest", "provider": "cartodb", "userId": "58f66f96733af88e4f563967", "connectorUrl": "https://wri-rw.carto.com/tables/com_009_materials_flow/public", "sources": [], "tableName": "com_009_materials_flow", "status": "saved", "published": true, "overwrite": false, "verified": false, "blockchain": {}, "subscribable": {}, "mainDateField": null, "env": "production", "geoInfo": false, "protected": false, "legend": {"date": [], "region": [], "country": [], "nested": [], "integer": [], "short": [], "byte": [], "double": [], "float": [], "half_float": [], "scaled_float": [], "boolean": [], "binary": [], "text": [], "keyword": []}, "clonedHost": {}, "errorMessage": "", "taskId": null, "createdAt": "2020-02-06T15:27:36.441Z", "updatedAt": "2019-05-02T14:24:54.164Z", "dataLastUpdated": null, "metadata": [{"id": "5ab45f25619c7d0013bfd3fe", "type": "metadata", "attributes": {"dataset": "082e2262-c58e-46a0-b6b7-56083cfcbd34", "application": "rw", "resource": {"id": "082e2262-c58e-46a0-b6b7-56083cfcbd34", "type": "dataset"}, "language": "en", "name": "Global Material Flows Database", "description": "The most comprehensive database on global material extraction currently available, covering nearly 300 different raw materials for the time period of 1970 to 2015, made available in a detail of 13 aggregated material categories.\nData from this database are used by academics around the world, integrated into several multi-regional input-output databases such as EXIOBASE and WIOD and regularly featured in reports by international organisations, such as UNEP, OECD and the EEA.\n\nDatabase on national raw material extraction, provided by the UN Environment International Resource Panel (IRP) and developed as part of a collaborative effort by the Commonwealth Scientific and Industrial Research Organisation (CSIRO), Australia, the research group Sustainable Resource Use of the Vienna University of Economics and Business (WU), Austria, the Institute of Social Ecology Vienna (SEC), Austria, the University of Nagoya, Japan, and University of Sydney\u2019s Integrated Sustainability Analysis (ISA), Australia.\n\nIncluded in Resource Watch are data reflecting the Domestic Extraction (DE) and Domestic Material Consumption (DMC) of global countries. Domestic Extraction measures the total amount of raw materials extracted (e.g. mined, harvested, drilled) within a country, measured in mass units; and Domestic Material Consumption measures the sum of Domestic Extraction and direct imports of raw materials minus the direct exports. DMC measures the total amount of material directly used in an economy.\n\nThe included data on indicators Raw Material Consumption, Raw Material Consumption per capita, Raw Material Inputs, Raw Material Equivalents of imports, Raw Material Equivalents of exports are not part of the official dataset, but additionally provided from own calculations by WU Vienna.", "source": "UN-IRP", "info": {"rwId": "com.009", "data_type": "Vector", "name": "Global Material Flows Database", "sources": [{"source-name": "United Nations Environment - International Resource Panel", "id": 0, "source-description": ""}], "technical_title": "UN Environment International Resource Panel Global Material Flows Database", "functions": "The global reference database for natural resource extraction for all countries and all primary raw materials world-wide", "cautions": "Data on metal ore extraction: As primary sources mainly report the majority of the different metal types in metal content contained in the extracted ore, factors are applied to calculate the corresponding extraction of gross ore (run of mine). Most of these factors are national, regional or global averages and not time-specific, wherefore in some cases incosistencies with reported gross ore values might exist.\n\nFurthermore all data on grazing of livestock and fodder production as well as parts of the data on extraction of minerals for construction purposes are estimated.\n \nMore information on these issues can be found in the technical report:\nwww.csiro.au/~/media/LWF/Files/CES-Material-Flows_db/Technical-annex-for-Global-Material-Flows-Database.pdf", "citation": "UN Environment, 2018. Global Material Flows Database. Accessed through Resource Watch, (date). [www.resourcewatch.org](www.resourcewatch.org).", "license": "Restrictions apply", "license_link": "http://www.resourcepanel.org/global-material-flows-database", "geographic_coverage": "Global", "spatial_resolution": "National", "date_of_content": "1970-2015", "frequency_of_updates": "Annual", "learn_more_link": "http://www.resourcepanel.org/global-material-flows-database", "data_download_link": null, "data_download_original_link": "http://www.resourcepanel.org/global-material-flows-database"}, "columns": {"rw_country_name": {"alias": "Country"}, "value": {"description": "Value; raw materials are reported in metric tons (MT) ; GDP is reported in 2005 USD", "alias": "Value"}, "flow": {"description": "Trade, extraction, consumption, productivity", "alias": "Flow"}, "mfa13": {"description": "Raw materials by category", "alias": "Material Subgroup"}, "mfa4": {"alias": "Material Category", "description": "Biomass, fossil fuels, non-metallic minerals, metallic ores"}, "time": {"alias": "Year"}, "isoalpha3": {"description": "", "alias": "ISO Code"}, "name": {"alias": "Country"}, "metric_tons": {"description": "Value; raw materials are reported in metric tons (MT) ; GDP is reported in 2005 USD", "alias": "Value"}}, "createdAt": "2018-03-23T01:57:57.949Z", "updatedAt": "2020-02-04T19:46:00.206Z", "status": "published"}}], "widget": [{"id": "233f9a38-dfdd-4a4d-97cd-215c42f3a55f", "type": "widget", "attributes": {"name": "Global Material Extraction by Type", "dataset": "082e2262-c58e-46a0-b6b7-56083cfcbd34", "slug": "Global-Material-Extraction-by-Type_2", "userId": "58f66f96733af88e4f563967", "description": "Global extraction of raw materials more than tripled in the past 45 years, from 27 billion tonnes in 1970 to 86 billion tonnes in 2015, an overall growth of 222%. Two distinct phases of material extraction can be identified. A period of modest growth between 1970 and 2002, with only two short periods of stagnation, caused by the 1979 energy crisis and the collapse of the former Soviet Union in 1991. From 2003 onwards, growth of global material extraction increased significantly, mainly driven by the rise of emerging economies such as China and India. \n\nGrowth rates were unevenly distributed among the main material categories. Particularly the extraction of industrial and construction minerals increased significantly (by more than 350%), indicating the continued importance of this resource category for industrial development, in particular for building up housing, energy and transport infrastructure in emerging economies, such as China. Global extraction of metal ores increased by 229% and fossil fuels by 132% in the 45-years period. Increases in biomass extraction amounted to 147%. Hence, the share of renewable resources in total global resource extraction is constantly decreasing (from around 33% in 1970 to around 25% in 2015).", "source": "", "authors": "", "application": ["rw"], "verified": false, "default": false, "protected": false, "defaultEditableWidget": false, "published": true, "freeze": false, "env": "production", "queryUrl": "", "widgetConfig": {"interaction_config": [{"config": {"fields": [{"format": ".2s", "type": "number", "property": "value", "column": "y"}, {"type": "string", "property": "type", "column": "c"}, {"type": "string", "property": "Year:", "column": "x"}]}, "name": "tooltip"}], "legends": [{"orient": "right", "fill": "color", "title": "Year of Extent:"}], "marks": [{"encode": {"hover": {"fillOpacity": {"value": 0.5}}, "update": {"fillOpacity": {"value": 1}}, "enter": {"fill": {"field": "c", "scale": "color"}, "y2": {"field": "y1", "scale": "y"}, "y": {"field": "y0", "scale": "y"}, "width": {"offset": -1, "band": 1, "scale": "x"}, "x": {"field": "x", "scale": "x"}}}, "from": {"data": "table"}, "type": "rect"}], "axes": [{"encode": {"labels": {"update": {"baseline": {"value": "middle"}, "align": {"value": "left"}, "angle": {"value": 90}}}}, "labelPadding": 6, "labelOverlap": "parity", "zindex": 1, "scale": "x", "orient": "bottom", "title": "years"}, {"labelOverlap": "parity", "zindex": 0, "scale": "y", "orient": "left", "title": "Extracted Material, Billions of Tonnes"}], "scales": [{"domain": {"field": "x", "data": "table"}, "range": "width", "type": "band", "name": "x"}, {"domain": {"field": "y1", "data": "table"}, "zero": true, "nice": true, "range": "height", "type": "linear", "name": "y"}, {"domain": {"field": "c", "data": "table"}, "range": "category", "type": "ordinal", "name": "color"}], "data": [{"transform": [{"fields": ["a_metal_ores", "b_fossil_fuels", "c_non_metallic_minerals", "d_biomass"], "as": ["c", "y"], "type": "fold"}, {"field": "y", "sort": {"field": "c"}, "groupby": ["x"], "type": "stack"}, {"expr": "replace(upper(slice(datum.c,0,1))+slice(datum.c,1),/_/g,' ')", "as": "c", "type": "formula"}], "format": {"property": "data", "type": "json"}, "url": "https://api.resourcewatch.org/v1/query/573bbe7b-6282-4ea5-80c4-6561a543401f?sql=SELECT year as x, metal_ores/1000000.0 AS a_metal_ores, fossil_fuels/1000000.0 AS b_fossil_fuels, non_metallic_minerals/1000000.0 AS c_non_metallic_minerals, biomass/1000000.0 AS d_biomass FROM dash_0078_global_raw_material_extraction", "name": "table"}], "autosize": {"contains": "padding", "resize": true, "type": "pad"}}, "template": false, "createdAt": "2018-03-23T01:57:58.297Z", "updatedAt": "2018-03-23T01:57:58.297Z"}}, {"id": "2b623301-7c93-4f93-951a-0cec127d2004", "type": "widget", "attributes": {"name": "Global Material Extraction by Region", "dataset": "082e2262-c58e-46a0-b6b7-56083cfcbd34", "slug": "Global-Material-Extraction-by-Region_2", "userId": "58f66f96733af88e4f563967", "description": "The analysis of regional trends in material extraction illustrates that Asia's share in global material extraction has increased remarkably in the past 45 years (from 25% to 57%), and particularly since the early 2000s (from 43% to 57%). This is the consequence of rapid industrialisation in countries such as China and India. In China, for example, between 1970 and 2015, extraction of minerals increased by more than 3,500%, as a consequence of huge increases in demand in particular for construction materials, such as sand and gravel or limestone for cement production. Also extraction of metal ores, fossil fuels, and biomass grew by 3,910%, 765% and 261%, respectively. The overall increase in extraction was 1,350%, as compared to an increase of around 635% in the Asia & Pacific region and, for example, around 328% in India. In the latter, fossil fuels (instead of non-metallic minerals) were the material category of which extraction increased the most (by 821%).\nIn comparison, overall material extraction grew only marginally within Europe (+33%), thus reducing the share of Europe in worldwide material extraction massively (from 29% in 1970 to 9% in 2015). This trend was mainly driven by the reduction of fossils fuel extraction, mostly coal, in Europe. At the same time, extraction of biomass within Europe increased by 54%. Also the shares of North America and Africa in absolute global material extraction declined - from 23% to 9%, and from 8% to 7%, respectively.\nNote: from 1992 on, the ex-USSR countries Latvia, Estonia, and Lithuania, formerly part of the region \"Asia\", are part of the region \"Europe\".", "source": "", "authors": "", "application": ["rw"], "verified": false, "default": false, "protected": false, "defaultEditableWidget": false, "published": true, "freeze": false, "env": "production", "queryUrl": "", "widgetConfig": {"interaction_config": [{"config": {"fields": [{"format": ".2s", "type": "number", "property": "value", "column": "y"}, {"type": "string", "property": "type", "column": "c"}, {"type": "string", "property": "Year:", "column": "x"}]}, "name": "tooltip"}], "legends": [{"orient": "right", "fill": "color", "title": "Region"}], "marks": [{"encode": {"hover": {"fillOpacity": {"value": 0.5}}, "update": {"fillOpacity": {"value": 1}}, "enter": {"fill": {"field": "c", "scale": "color"}, "y2": {"field": "y1", "scale": "y"}, "y": {"field": "y0", "scale": "y"}, "width": {"offset": -1, "band": 1, "scale": "x"}, "x": {"field": "x", "scale": "x"}}}, "from": {"data": "table"}, "type": "rect"}], "axes": [{"encode": {"labels": {"update": {"baseline": {"value": "middle"}, "align": {"value": "left"}, "angle": {"value": 90}}}}, "labelPadding": 6, "labelOverlap": "parity", "zindex": 1, "scale": "x", "orient": "bottom", "title": "years"}, {"labelOverlap": "parity", "zindex": 0, "scale": "y", "orient": "left", "title": "Extracted Material, Billions of Tonnes"}], "scales": [{"domain": {"field": "x", "data": "table"}, "range": "width", "type": "band", "name": "x"}, {"domain": {"field": "y1", "data": "table"}, "zero": true, "nice": true, "range": "height", "type": "linear", "name": "y"}, {"domain": {"field": "c", "data": "table"}, "range": "category20", "type": "ordinal", "name": "color"}], "data": [{"transform": [{"fields": ["a_africa", "b_asia_pacific", "c_eecca", "d_europe", "e_latin_america_caribbean", "f_north_america", "g_west_asia"], "as": ["c", "y"], "type": "fold"}, {"field": "y", "sort": {"field": "c"}, "groupby": ["x"], "type": "stack"}], "format": {"property": "data", "type": "json"}, "url": "https://api.resourcewatch.org/v1/query/ca586f45-01d6-496d-811a-f36a10f583aa?sql=SELECT year as x, africa/1000000 AS a_africa, asia_pacific/1000000 AS b_asia_pacific, eecca/1000000 AS c_eecca, europe/1000000 AS d_europe, latin_america_caribbean/1000000 AS e_latin_america_caribbean, north_america/1000000 AS f_north_america, west_asia/1000000 AS g_west_asia FROM dash_0080_global_raw_material_extraction_region ORDER BY year ASC", "name": "table"}], "autosize": {"contains": "padding", "resize": true, "type": "pad"}}, "template": false, "createdAt": "2018-03-23T01:57:58.658Z", "updatedAt": "2018-03-23T01:57:58.658Z"}}, {"id": "ff471289-75b5-4f3a-9678-3b7e3fdaca67", "type": "widget", "attributes": {"name": "1970-2017 Domestic Biomass Extraction (metric tons)", "dataset": "082e2262-c58e-46a0-b6b7-56083cfcbd34", "slug": "Domestic-Extraction-Biomass-tonnes-millions_3", "userId": "58f66f96733af88e4f563967", "description": "", "source": "", "authors": "", "application": ["rw"], "verified": false, "default": false, "protected": false, "defaultEditableWidget": true, "published": true, "thumbnailUrl": "http://wri-api-backups.s3.amazonaws.com/resourcewatch/prod/thumbnails/ff471289-75b5-4f3a-9678-3b7e3fdaca67-1556807210880.png", "freeze": false, "env": "production", "queryUrl": "", "widgetConfig": {"paramsConfig": {"visualizationType": "chart", "limit": 500, "value": {"name": "metric_tons", "type": "number"}, "category": {"name": "time", "alias": "Year", "type": "number", "datasetID": "082e2262-c58e-46a0-b6b7-56083cfcbd34", "tableName": "com_009_flowmfa"}, "color": null, "size": null, "orderBy": {"name": "time", "alias": "Year", "type": "number", "datasetID": "082e2262-c58e-46a0-b6b7-56083cfcbd34", "tableName": "com_009_flowmfa", "orderType": "asc"}, "aggregateFunction": "sum", "chartType": "bar", "filters": [{"name": "mfa4", "alias": "Material Category", "type": "string", "datasetID": "082e2262-c58e-46a0-b6b7-56083cfcbd34", "tableName": "com_009_flowmfa", "value": ["BM"], "notNull": true}, {"name": "flow", "alias": "Flow", "type": "string", "datasetID": "082e2262-c58e-46a0-b6b7-56083cfcbd34", "tableName": "com_009_flowmfa", "value": ["DE"], "notNull": true}], "areaIntersection": null, "band": null, "layer": "a64f3cad-1e30-4289-83dd-d606e602ee1c"}, "data": [{"name": "table", "transform": [{"type": "identifier", "as": "id"}, {"type": "joinaggregate", "as": ["count"]}], "url": "https://api.resourcewatch.org/v1/query/082e2262-c58e-46a0-b6b7-56083cfcbd34?sql=SELECT%20time%20as%20x%2C%20SUM(metric_tons)%20as%20y%20FROM%20com_009_materials_flow%20WHERE%20mfa4%20IN%20('BM')%20AND%20mfa4%20IS%20NOT%20NULL%20AND%20flow%20IN%20('DE')%20AND%20flow%20IS%20NOT%20NULL%20GROUP%20BY%20%20x%20ORDER%20BY%20time%20asc LIMIT 500", "format": {"type": "json", "property": "data"}}], "scales": [{"name": "x", "type": "band", "range": "width", "padding": 0.05, "domain": {"data": "table", "field": "id"}}, {"name": "y", "type": "linear", "range": "height", "nice": true, "zero": true, "domain": {"data": "table", "field": "y"}}], "axes": [{"orient": "bottom", "scale": "x", "labelOverlap": "parity", "ticks": false, "encode": {"labels": {"update": {"text": {"signal": "format(data('table')[datum.value - 1].x, 'd')"}, "align": {"signal": "width < 300 || data('table')[0].count > 10 ? 'right' : 'center'"}, "baseline": {"signal": "width < 300 || data('table')[0].count > 10 ? 'middle' : 'top'"}, "angle": {"signal": "width < 300 || data('table')[0].count > 10 ? -90 : 0"}}}}}, {"orient": "left", "scale": "y", "labelOverlap": "parity", "format": "s", "encode": {"labels": {"update": {"align": {"value": "right"}, "baseline": {"value": "bottom"}}}}}], "marks": [{"type": "rect", "from": {"data": "table"}, "encode": {"update": {"opacity": {"value": 1}, "x": {"scale": "x", "field": "id"}, "width": {"scale": "x", "band": 1}, "y": {"scale": "y", "field": "y"}, "y2": {"scale": "y", "value": 0}}, "hover": {"opacity": {"value": 0.8}}}}], "interaction_config": [{"name": "tooltip", "config": {"fields": [{"column": "y", "property": "Total (MT)", "type": "number", "format": ".2s"}, {"column": "x", "property": "Year", "type": "number", "format": "d"}]}}], "config": {"range": {"dotSize": [20, 250], "category20": ["#3BB2D0", "#2C75B0", "#FAB72E", "#EF4848", "#65B60D", "#C32D7B", "#F577B9", "#5FD2B8", "#F1800F", "#9F1C00", "#A5E9E3", "#B9D765", "#393F44", "#CACCD0", "#717171"], "ordinal": {"scheme": "greens"}, "ramp": {"scheme": "purples"}}, "axis": {"labelFontSize": 13, "labelFont": "Lato", "labelColor": "#717171", "labelPadding": 10, "ticks": true, "tickSize": 8, "tickColor": "#A9ABAD", "tickOpacity": 0.5, "tickExtra": false}, "axisX": {"bandPosition": 0.5, "domainWidth": 1.2, "domainColor": "#A9ABAD", "labelAlign": "center", "labelBaseline": "top"}, "axisY": {"domain": false, "labelAlign": "left", "labelBaseline": "bottom", "tickOpacity": 0.5, "grid": true, "ticks": false, "gridColor": "#A9ABAD", "gridOpacity": 0.5}, "mark": {"fill": "#3BB2D0"}, "symbol": {"fill": "#3BB2D0", "stroke": "#fff"}, "rect": {"fill": "#3BB2D0"}, "line": {"interpolate": "linear", "stroke": "#3BB2D0", "fillOpacity": 0}}}, "template": false, "createdAt": "2018-03-23T01:57:58.971Z", "updatedAt": "2019-05-02T14:26:50.784Z"}}, {"id": "6d5df3ba-ab7a-4c67-9585-7a3bd78405b8", "type": "widget", "attributes": {"name": "dash_global material extraction", "dataset": "082e2262-c58e-46a0-b6b7-56083cfcbd34", "slug": "dash_global-material-extraction_3", "userId": "58f66f96733af88e4f563967", "application": ["rw"], "verified": false, "default": false, "protected": false, "defaultEditableWidget": false, "published": false, "freeze": false, "env": "production", "widgetConfig": {"interaction_config": [{"config": {"fields": [{"format": ".2s", "type": "number", "property": "value", "column": "y"}, {"type": "string", "property": "type", "column": "c"}, {"type": "string", "property": "Year:", "column": "x"}]}, "name": "tooltip"}], "legends": [{"orient": "right", "fill": "color", "title": "Year of Extent:"}], "marks": [{"encode": {"hover": {"fillOpacity": {"value": 0.5}}, "update": {"fillOpacity": {"value": 1}}, "enter": {"fill": {"field": "c", "scale": "color"}, "y2": {"field": "y1", "scale": "y"}, "y": {"field": "y0", "scale": "y"}, "width": {"offset": -1, "band": 1, "scale": "x"}, "x": {"field": "x", "scale": "x"}}}, "from": {"data": "table"}, "type": "rect"}], "axes": [{"encode": {"labels": {"update": {"baseline": {"value": "middle"}, "align": {"value": "left"}, "angle": {"value": 90}}}}, "labelPadding": 6, "labelOverlap": "parity", "zindex": 1, "scale": "x", "orient": "bottom", "title": "years"}, {"labelOverlap": "parity", "zindex": 0, "scale": "y", "orient": "left", "title": "Extracted Material, Billions of Tonnes"}], "scales": [{"domain": {"field": "x", "data": "table"}, "range": "width", "type": "band", "name": "x"}, {"domain": {"field": "y1", "data": "table"}, "zero": true, "nice": true, "range": "height", "type": "linear", "name": "y"}, {"domain": {"field": "c", "data": "table"}, "range": "category", "type": "ordinal", "name": "color"}], "data": [{"transform": [{"fields": ["a_metal_ores", "b_fossil_fuels", "c_non_metallic_minerals", "d_biomass"], "as": ["c", "y"], "type": "fold"}, {"field": "y", "sort": {"field": "c"}, "groupby": ["x"], "type": "stack"}, {"expr": "replace(upper(slice(datum.c,0,1))+slice(datum.c,1),/_/g,' ')", "as": "c", "type": "formula"}], "format": {"property": "data", "type": "json"}, "url": "https://api.resourcewatch.org/v1/query/573bbe7b-6282-4ea5-80c4-6561a543401f?sql=SELECT year as x, metal_ores/1000000.0 AS a_metal_ores, fossil_fuels/1000000.0 AS b_fossil_fuels, non_metallic_minerals/1000000.0 AS c_non_metallic_minerals, biomass/1000000.0 AS d_biomass FROM dash_0078_global_raw_material_extraction", "name": "table"}], "autosize": {"contains": "padding", "resize": true, "type": "pad"}}, "template": false, "createdAt": "2018-03-23T01:57:59.890Z", "updatedAt": "2018-03-23T01:57:59.890Z"}}, {"id": "74abb3e5-1eb1-424b-bc8b-560e89dea9ce", "type": "widget", "attributes": {"name": "Domestic Material Consumption will more than double by 2050", "dataset": "082e2262-c58e-46a0-b6b7-56083cfcbd34", "slug": "Domestic-Material-Consumption-will-more-than-double-by-2050", "userId": "5981e73b0c069f3c93dc5e2a", "description": "", "source": "", "authors": "", "application": ["rw"], "verified": false, "default": false, "protected": false, "defaultEditableWidget": false, "published": true, "freeze": false, "env": "production", "queryUrl": "", "widgetConfig": {"interaction_config": [{"config": {"fields": [{"format": ".2s", "type": "number", "property": "Weight (Tonnes, Millions)", "column": "y"}, {"type": "string", "property": "Material Type", "column": "c"}, {"type": "string", "property": "Year", "column": "x"}]}, "name": "tooltip"}], "legends": [{"orient": "right", "fill": "color", "title": "Material Type"}], "marks": [{"encode": {"hover": {"fillOpacity": {"value": 0.5}}, "update": {"fillOpacity": {"value": 1}}, "enter": {"fill": {"field": "c", "scale": "color"}, "y2": {"field": "y1", "scale": "y"}, "y": {"field": "y0", "scale": "y"}, "width": {"offset": -1, "band": 1, "scale": "x"}, "x": {"field": "x", "scale": "x"}}}, "from": {"data": "table"}, "type": "rect"}], "axes": [{"encode": {"labels": {"update": {"baseline": {"value": "middle"}, "align": {"value": "left"}, "angle": {"value": 90}}}}, "labelPadding": 6, "labelOverlap": "parity", "zindex": 1, "scale": "x", "orient": "bottom"}, {"labelOverlap": "parity", "zindex": 0, "scale": "y", "orient": "left", "title": "Domestic Material Consumption (Mt)"}], "scales": [{"domain": {"field": "x", "data": "table"}, "range": "width", "type": "band", "name": "x"}, {"domain": {"field": "y1", "data": "table"}, "zero": true, "nice": true, "range": "height", "type": "linear", "name": "y"}, {"domain": {"field": "c", "data": "table"}, "range": "category", "type": "ordinal", "name": "color"}], "data": [{"transform": [{"field": "y", "sort": {"field": "c"}, "groupby": ["x"], "type": "stack"}], "format": {"property": "data", "type": "json"}, "url": "https://api.resourcewatch.org/v1/query/082e2262-c58e-46a0-b6b7-56083cfcbd34?sql=SELECT mfa4, CASE WHEN mfa4='BM' THEN 'Biomass' WHEN mfa4='FF' THEN 'Fossil Fuels' WHEN mfa4='MO' THEN 'Metal Ores' WHEN mfa4='NM' THEN 'Non-Metallic Minerals' END AS c, time AS x, SUM(value)/1000000 as y FROM com_009_flowmfa WHERE flow ILIKE 'DMC' GROUP BY mfa4, time ORDER BY mfa4 ASC, time ASC", "name": "table"}], "autosize": {"contains": "padding", "resize": true, "type": "pad"}}, "template": false, "createdAt": "2018-03-28T16:52:42.682Z", "updatedAt": "2018-03-28T16:52:42.682Z"}}, {"id": "a214576d-3c0d-4c49-8e45-f4ced764aef0", "type": "widget", "attributes": {"name": "Global extraction of raw materials more than tripled in the past 45 years", "dataset": "082e2262-c58e-46a0-b6b7-56083cfcbd34", "slug": "Global-extraction-of-raw-materials-more-than-tripled-in-the-past-45-years", "userId": "5a689d78fb357b0001e35c61", "description": "Data derived from a database on global material extraction, covering nearly 300 different raw materials for the time period 1970-2015, and aggregated into 13 material categories.", "source": "", "authors": "", "application": ["rw"], "verified": false, "default": false, "protected": false, "defaultEditableWidget": false, "published": true, "freeze": false, "env": "production", "queryUrl": "", "widgetConfig": {"interaction_config": [{"config": {"fields": [{"format": ".2s", "type": "number", "property": "value", "column": "y"}, {"type": "string", "property": "type", "column": "c"}, {"type": "string", "property": "Year:", "column": "x"}]}, "name": "tooltip"}], "legends": [{"orient": "right", "fill": "color", "title": "Year of Extent:"}], "marks": [{"encode": {"hover": {"fillOpacity": {"value": 0.5}}, "update": {"fillOpacity": {"value": 1}}, "enter": {"fill": {"field": "c", "scale": "color"}, "y2": {"field": "y1", "scale": "y"}, "y": {"field": "y0", "scale": "y"}, "width": {"offset": -1, "band": 1, "scale": "x"}, "x": {"field": "x", "scale": "x"}}}, "from": {"data": "table"}, "type": "rect"}], "axes": [{"encode": {"labels": {"update": {"baseline": {"value": "middle"}, "align": {"value": "left"}, "angle": {"value": 90}}}}, "labelPadding": 6, "labelOverlap": "parity", "zindex": 1, "scale": "x", "orient": "bottom", "title": "years"}, {"labelOverlap": "parity", "zindex": 0, "scale": "y", "orient": "left", "title": "Extracted Material, Billions of Tonnes"}], "scales": [{"domain": {"field": "x", "data": "table"}, "range": "width", "type": "band", "name": "x"}, {"domain": {"field": "y1", "data": "table"}, "zero": true, "nice": true, "range": "height", "type": "linear", "name": "y"}, {"domain": {"field": "c", "data": "table"}, "range": "category", "type": "ordinal", "name": "color"}], "data": [{"transform": [{"fields": ["a_metal_ores", "b_fossil_fuels", "c_non_metallic_minerals", "d_biomass"], "as": ["c", "y"], "type": "fold"}, {"field": "y", "sort": {"field": "c"}, "groupby": ["x"], "type": "stack"}, {"expr": "replace(upper(slice(datum.c,0,1))+slice(datum.c,1),/_/g,' ')", "as": "c", "type": "formula"}], "format": {"property": "data", "type": "json"}, "url": "https://api.resourcewatch.org/v1/query/082e2262-c58e-46a0-b6b7-56083cfcbd34?sql=SELECT year as x, metal_ores/1000000.0 AS a_metal_ores, fossil_fuels/1000000.0 AS b_fossil_fuels, non_metallic_minerals/1000000.0 AS c_non_metallic_minerals, biomass/1000000.0 AS d_biomass FROM dash_0078_global_raw_material_extraction", "name": "table"}], "autosize": {"contains": "padding", "resize": true, "type": "pad"}}, "template": false, "createdAt": "2018-04-05T13:23:26.878Z", "updatedAt": "2018-04-05T13:23:26.878Z"}}, {"id": "ad0617b1-8fb9-4386-a068-fdb14aa76bed", "type": "widget", "attributes": {"name": "The world has witnessed enormous growth in agricultural productivity across the last 50 years", "dataset": "082e2262-c58e-46a0-b6b7-56083cfcbd34", "slug": "The-world-has-witnessed-enormous-growth-in-agricultural-productivity-across-the-last-50-years", "userId": "5a689d78fb357b0001e35c61", "description": "Summed domestic extraction of crop materials by year, measured in million tonnes. Raw Material Equivalents of exports are not part of the official dataset, but additionally provided from own calculations by WU Vienna.", "source": "", "authors": "", "application": ["rw"], "verified": false, "default": false, "protected": false, "defaultEditableWidget": false, "published": true, "freeze": false, "env": "production", "queryUrl": "", "widgetConfig": {"interaction_config": [{"config": {"fields": [{"format": ".2s", "type": "number", "property": "Total Extraction (tonnes, millions)", "column": "y"}, {"format": "d", "type": "number", "property": "Year", "column": "x"}]}, "name": "tooltip"}], "marks": [{"encode": {"hover": {"opacity": {"value": 0.8}}, "update": {"y2": {"value": 0, "scale": "y"}, "y": {"field": "y", "scale": "y"}, "width": {"band": 1, "scale": "x"}, "x": {"field": "id", "scale": "x"}, "opacity": {"value": 1}}}, "from": {"data": "table"}, "type": "rect"}], "axes": [{"encode": {"labels": {"update": {"angle": {"signal": "width < 300 || extent[1] > 10 ? -90 :0 "}, "baseline": {"signal": "width < 300 || extent[1] > 10 ? 'middle' : 'top'"}, "align": {"signal": "width < 300 || extent[1] > 10 ? 'right' : 'center'"}, "text": {"signal": "format(data('table')[datum.value - 1].x, 'd')"}}}}, "ticks": false, "labelOverlap": "parity", "scale": "x", "orient": "bottom"}, {"encode": {"labels": {"update": {"baseline": {"value": "bottom"}, "align": {"value": "right"}}}}, "labelOverlap": "parity", "scale": "y", "orient": "left"}], "scales": [{"domain": {"field": "id", "data": "table"}, "padding": 0.05, "range": "width", "type": "band", "name": "x"}, {"domain": {"field": "y", "data": "table"}, "zero": true, "nice": true, "range": "height", "type": "linear", "name": "y"}], "data": [{"format": {"property": "data", "type": "json"}, "url": "https://api.resourcewatch.org/v1/query/082e2262-c58e-46a0-b6b7-56083cfcbd34?sql=SELECT time as x, SUM(value) as y FROM com_009_flowmfa WHERE mfa13 IN ('CRO') AND flow IN ('DE') AND flow IS NOT NULL AND time >= 1970 AND time <= 2017 AND time IS NOT NULL GROUP BY  x ORDER BY time asc LIMIT 50", "transform": [{"as": "id", "type": "identifier"}], "name": "table"}, {"transform": [{"signal": "extent", "field": "x", "type": "extent"}], "source": "table", "name": "stats"}], "paramsConfig": {"layer": null, "band": null, "areaIntersection": null, "filters": [{"value": ["CRO"], "tableName": "com_009_flowmfa", "datasetID": "082e2262-c58e-46a0-b6b7-56083cfcbd34", "type": "string", "alias": "Material", "name": "mfa13"}, {"notNull": true, "value": ["DE"], "tableName": "com_009_flowmfa", "datasetID": "082e2262-c58e-46a0-b6b7-56083cfcbd34", "type": "string", "alias": "Flow", "name": "flow"}, {"notNull": true, "value": [1970, 2017], "tableName": "com_009_flowmfa", "datasetID": "082e2262-c58e-46a0-b6b7-56083cfcbd34", "type": "number", "alias": "Year", "name": "time"}], "chartType": "bar", "aggregateFunction": "sum", "orderBy": {"orderType": "asc", "tableName": "com_009_flowmfa", "datasetID": "082e2262-c58e-46a0-b6b7-56083cfcbd34", "type": "number", "alias": "Year", "name": "time"}, "size": null, "color": null, "category": {"tableName": "com_009_flowmfa", "datasetID": "082e2262-c58e-46a0-b6b7-56083cfcbd34", "type": "number", "alias": "Year", "name": "time"}, "value": {"tableName": "com_009_flowmfa", "datasetID": "082e2262-c58e-46a0-b6b7-56083cfcbd34", "type": "number", "alias": "Total Extraction (tonnes, millions)", "name": "value"}, "limit": 50, "caption": null, "visualizationType": "chart"}}, "template": false, "createdAt": "2018-04-05T13:26:04.192Z", "updatedAt": "2018-04-05T13:26:04.192Z"}}, {"id": "c55209c5-8e8b-4128-a14d-d3eb6172212c", "type": "widget", "attributes": {"name": "1992-2017 North Macedonia Domestic Biomass Extraction (metric tons)", "dataset": "082e2262-c58e-46a0-b6b7-56083cfcbd34", "slug": "1992-2017-Macedonia-Domestic-Biomass-Extraction-metric-tons", "userId": "58f63c81bd32c60206ed6b12", "application": ["rw"], "verified": false, "default": false, "protected": false, "defaultEditableWidget": false, "published": false, "freeze": false, "env": "production", "widgetConfig": {"config": null, "interaction_config": [{"config": {"fields": [{"format": ".2s", "type": "number", "property": "Total (mt)", "column": "y"}, {"format": "d", "type": "number", "property": "Year", "column": "x"}]}, "name": "tooltip"}], "marks": [{"encode": {"hover": {"opacity": {"value": 0.8}}, "update": {"y2": {"value": 0, "scale": "y"}, "y": {"field": "y", "scale": "y"}, "width": {"band": 1, "scale": "x"}, "x": {"field": "id", "scale": "x"}, "opacity": {"value": 1}}}, "from": {"data": "table"}, "type": "rect"}], "axes": [{"encode": {"labels": {"update": {"angle": {"signal": "width < 300 || data('table')[0].count > 10 ? -90 :0 "}, "baseline": {"signal": "width < 300 || data('table')[0].count > 10 ? 'middle' : 'top'"}, "align": {"signal": "width < 300 || data('table')[0].count > 10 ? 'right' : 'center'"}, "text": {"signal": "format(data('table')[datum.value - 1].x, 'd')"}}}}, "ticks": false, "labelOverlap": "parity", "scale": "x", "orient": "bottom"}, {"encode": {"labels": {"update": {"baseline": {"value": "bottom"}, "align": {"value": "right"}}}}, "format": "s", "labelOverlap": "parity", "scale": "y", "orient": "left"}], "scales": [{"domain": {"field": "id", "data": "table"}, "padding": 0.05, "range": "width", "type": "band", "name": "x"}, {"domain": {"field": "y", "data": "table"}, "zero": true, "nice": true, "range": "height", "type": "linear", "name": "y"}], "data": [{"format": {"property": "data", "type": "json"}, "url": "https://api.resourcewatch.org/v1/query/082e2262-c58e-46a0-b6b7-56083cfcbd34?sql=SELECT time as x, SUM(value) as y FROM com_009_flowmfa WHERE mfa4 IN ('BM') AND mfa4 IS NOT NULL AND flow IN ('DE') AND flow IS NOT NULL AND isoalpha3 IN ('MKD') GROUP BY  x ORDER BY time asc LIMIT 500", "transform": [{"as": "id", "type": "identifier"}, {"as": ["count"], "type": "joinaggregate"}], "name": "table"}], "paramsConfig": {"layer": "a64f3cad-1e30-4289-83dd-d606e602ee1c", "band": null, "areaIntersection": null, "filters": [{"notNull": true, "value": ["BM"], "tableName": "com_009_flowmfa", "datasetID": "082e2262-c58e-46a0-b6b7-56083cfcbd34", "type": "string", "alias": "Material Category", "name": "mfa4"}, {"notNull": true, "value": ["DE"], "tableName": "com_009_flowmfa", "datasetID": "082e2262-c58e-46a0-b6b7-56083cfcbd34", "type": "string", "alias": "Flow", "name": "flow"}, {"value": ["MKD"], "tableName": "com_009_flowmfa", "datasetID": "082e2262-c58e-46a0-b6b7-56083cfcbd34", "type": "string", "alias": "ISO Code", "name": "isoalpha3"}], "chartType": "bar", "aggregateFunction": "sum", "orderBy": {"orderType": "asc", "tableName": "com_009_flowmfa", "datasetID": "082e2262-c58e-46a0-b6b7-56083cfcbd34", "type": "number", "alias": "Year", "name": "time"}, "size": null, "color": null, "category": {"tableName": "com_009_flowmfa", "datasetID": "082e2262-c58e-46a0-b6b7-56083cfcbd34", "type": "number", "alias": "Year", "name": "time"}, "value": {"tableName": "com_009_flowmfa", "datasetID": "082e2262-c58e-46a0-b6b7-56083cfcbd34", "type": "number", "alias": "Total (mt)", "name": "value"}, "limit": 500, "visualizationType": "chart"}}, "template": false, "createdAt": "2019-02-21T15:51:55.413Z", "updatedAt": "2019-02-21T15:51:55.413Z"}}, {"id": "1aee805f-7c03-408a-bae9-ac34fee78605", "type": "widget", "attributes": {"name": "1992-2017 North Macedonia Domestic Biomass Consumption (metric tons)", "dataset": "082e2262-c58e-46a0-b6b7-56083cfcbd34", "slug": "1992-2017-Macedonia-Domestic-Biomass-Consumption-metric-tons", "userId": "58f63c81bd32c60206ed6b12", "description": "", "source": "", "authors": "", "application": ["rw"], "verified": false, "default": false, "protected": false, "defaultEditableWidget": false, "published": true, "freeze": false, "env": "production", "queryUrl": "", "widgetConfig": {"config": null, "interaction_config": [{"config": {"fields": [{"format": ".2s", "type": "number", "property": "Total (mt)", "column": "y"}, {"format": "d", "type": "number", "property": "Year", "column": "x"}]}, "name": "tooltip"}], "marks": [{"encode": {"hover": {"opacity": {"value": 0.8}}, "update": {"y2": {"value": 0, "scale": "y"}, "y": {"field": "y", "scale": "y"}, "width": {"band": 1, "scale": "x"}, "x": {"field": "id", "scale": "x"}, "opacity": {"value": 1}}}, "from": {"data": "table"}, "type": "rect"}], "axes": [{"encode": {"labels": {"update": {"angle": {"signal": "width < 300 || data('table')[0].count > 10 ? -90 :0 "}, "baseline": {"signal": "width < 300 || data('table')[0].count > 10 ? 'middle' : 'top'"}, "align": {"signal": "width < 300 || data('table')[0].count > 10 ? 'right' : 'center'"}, "text": {"signal": "format(data('table')[datum.value - 1].x, 'd')"}}}}, "ticks": false, "labelOverlap": "parity", "scale": "x", "orient": "bottom"}, {"encode": {"labels": {"update": {"baseline": {"value": "bottom"}, "align": {"value": "right"}}}}, "format": "s", "labelOverlap": "parity", "scale": "y", "orient": "left"}], "scales": [{"domain": {"field": "id", "data": "table"}, "padding": 0.05, "range": "width", "type": "band", "name": "x"}, {"domain": {"field": "y", "data": "table"}, "zero": true, "nice": true, "range": "height", "type": "linear", "name": "y"}], "data": [{"format": {"property": "data", "type": "json"}, "url": "https://api.resourcewatch.org/v1/query/082e2262-c58e-46a0-b6b7-56083cfcbd34?sql=SELECT time as x, SUM(value) as y FROM com_009_flowmfa WHERE flow IN ('DMC') AND isoalpha3 IN ('MKD') GROUP BY  x ORDER BY time asc LIMIT 50", "transform": [{"as": "id", "type": "identifier"}, {"as": ["count"], "type": "joinaggregate"}], "name": "table"}], "paramsConfig": {"layer": null, "band": null, "areaIntersection": null, "filters": [{"value": ["DMC"], "tableName": "com_009_flowmfa", "datasetID": "082e2262-c58e-46a0-b6b7-56083cfcbd34", "type": "string", "alias": "Flow", "name": "flow"}, {"value": ["MKD"], "tableName": "com_009_flowmfa", "datasetID": "082e2262-c58e-46a0-b6b7-56083cfcbd34", "type": "string", "alias": "ISO Code", "name": "isoalpha3"}], "chartType": "bar", "aggregateFunction": "sum", "orderBy": {"orderType": "asc", "tableName": "com_009_flowmfa", "datasetID": "082e2262-c58e-46a0-b6b7-56083cfcbd34", "type": "number", "alias": "Year", "name": "time"}, "size": null, "color": null, "category": {"tableName": "com_009_flowmfa", "datasetID": "082e2262-c58e-46a0-b6b7-56083cfcbd34", "type": "number", "alias": "Year", "name": "time"}, "value": {"tableName": "com_009_flowmfa", "datasetID": "082e2262-c58e-46a0-b6b7-56083cfcbd34", "type": "number", "alias": "Total (mt)", "name": "value"}, "limit": 50, "visualizationType": "chart"}}, "template": false, "createdAt": "2019-02-21T16:59:34.058Z", "updatedAt": "2019-02-21T16:59:34.058Z"}}, {"id": "86fccd8d-141a-4ff8-8be3-3038603f0f4e", "type": "widget", "attributes": {"name": "1970-2017 Domestic Biomass Extraction (metric tons)", "dataset": "082e2262-c58e-46a0-b6b7-56083cfcbd34", "slug": "1970-2017-Domestic-Biomass-Extraction-metric-tons_2", "userId": "58f63c81bd32c60206ed6b12", "application": ["rw"], "verified": false, "default": false, "protected": false, "defaultEditableWidget": false, "published": false, "thumbnailUrl": "http://wri-api-backups.s3.amazonaws.com/resourcewatch/prod/thumbnails/86fccd8d-141a-4ff8-8be3-3038603f0f4e-1556732084700.png", "freeze": false, "env": "production", "widgetConfig": {"config": null, "legend": [{"values": [{"type": "string", "value": "#3BB2D0", "label": "FF"}, {"type": "string", "value": "#2C75B0", "label": "NM"}, {"type": "string", "value": "#FAB72E", "label": "MO"}, {"type": "string", "value": "#EF4848", "label": "BM"}], "shape": "square", "label": null, "type": "color"}], "interaction_config": [{"config": {"fields": [{"format": ".2s", "type": "number", "property": "Total (mt)", "column": "value"}, {"type": "string", "property": "Material Category", "column": "category"}]}, "name": "tooltip"}], "marks": [{"encode": {"hover": {"opacity": {"value": 0.8}}, "update": {"outerRadius": {"signal": "width > height ? height / 2 : width / 2"}, "innerRadius": {"signal": "width > height ? height / 3 : width / 3"}, "endAngle": {"field": "endAngle"}, "startAngle": {"field": "startAngle"}, "opacity": {"value": 1}}, "enter": {"y": {"signal": "height / 2"}, "x": {"signal": "width / 2"}, "fill": {"field": "category", "scale": "c"}}}, "from": {"data": "table"}, "type": "arc"}], "scales": [{"domain": {"field": "category", "data": "table"}, "range": "category20", "type": "ordinal", "name": "c"}], "data": [{"format": {"property": "data", "type": "json"}, "url": "https://api.resourcewatch.org/v1/query/082e2262-c58e-46a0-b6b7-56083cfcbd34?sql=SELECT mfa4 as x, SUM(value) as y FROM com_009_flowmfa WHERE flow IN ('DE') AND flow IS NOT NULL AND isoalpha3 IN ('MKD') GROUP BY  x ORDER BY y desc LIMIT 500", "transform": [{"as": ["rank"], "ops": ["row_number"], "type": "window"}, {"expr": "datum.rank < 6 ? datum.x : 'Others'", "as": "category", "type": "formula"}, {"as": ["value"], "fields": ["y"], "ops": ["sum"], "groupby": ["category"], "type": "aggregate"}, {"endAngle": 6.29, "startAngle": 0, "field": "value", "type": "pie"}], "name": "table"}], "paramsConfig": {"layer": "a64f3cad-1e30-4289-83dd-d606e602ee1c", "band": null, "areaIntersection": null, "filters": [{"notNull": true, "value": ["DE"], "tableName": "com_009_flowmfa", "datasetID": "082e2262-c58e-46a0-b6b7-56083cfcbd34", "type": "string", "alias": "Flow", "name": "flow"}, {"value": ["MKD"], "tableName": "com_009_flowmfa", "datasetID": "082e2262-c58e-46a0-b6b7-56083cfcbd34", "type": "string", "alias": "ISO Code", "name": "isoalpha3"}], "chartType": "pie", "aggregateFunction": "sum", "orderBy": null, "size": null, "color": null, "category": {"tableName": "com_009_flowmfa", "datasetID": "082e2262-c58e-46a0-b6b7-56083cfcbd34", "type": "string", "alias": "Material Category", "name": "mfa4"}, "value": {"tableName": "com_009_flowmfa", "datasetID": "082e2262-c58e-46a0-b6b7-56083cfcbd34", "type": "number", "alias": "Total (mt)", "name": "value"}, "limit": 500, "visualizationType": "chart"}}, "template": false, "createdAt": "2019-02-21T22:33:54.510Z", "updatedAt": "2019-05-01T17:42:52.634Z"}}, {"id": "ffcc5eab-e5e8-4886-bc87-9902e9ebc242", "type": "widget", "attributes": {"name": "2017 North Macedonia Domestic Extraction by Category (metric tons)", "dataset": "082e2262-c58e-46a0-b6b7-56083cfcbd34", "slug": "2017-Macedonia-Domestic-Biomass-Extraction-by-Category-metric-tons", "userId": "58f63c81bd32c60206ed6b12", "application": ["rw"], "verified": false, "default": false, "protected": false, "defaultEditableWidget": false, "published": false, "thumbnailUrl": "http://wri-api-backups.s3.amazonaws.com/resourcewatch/prod/thumbnails/ffcc5eab-e5e8-4886-bc87-9902e9ebc242-1556732085323.png", "freeze": false, "env": "production", "widgetConfig": {"config": null, "legend": [{"values": [{"type": "string", "value": "#3BB2D0", "label": "NM"}, {"type": "string", "value": "#2C75B0", "label": "FF"}, {"type": "string", "value": "#FAB72E", "label": "MO"}, {"type": "string", "value": "#EF4848", "label": "BM"}], "shape": "square", "label": null, "type": "color"}], "interaction_config": [{"config": {"fields": [{"format": ".2s", "type": "number", "property": "Total (mt)", "column": "value"}, {"type": "string", "property": "Material Category", "column": "category"}]}, "name": "tooltip"}], "marks": [{"encode": {"hover": {"opacity": {"value": 0.8}}, "update": {"outerRadius": {"signal": "width > height ? height / 2 : width / 2"}, "innerRadius": {"signal": "width > height ? height / 3 : width / 3"}, "endAngle": {"field": "endAngle"}, "startAngle": {"field": "startAngle"}, "opacity": {"value": 1}}, "enter": {"y": {"signal": "height / 2"}, "x": {"signal": "width / 2"}, "fill": {"field": "category", "scale": "c"}}}, "from": {"data": "table"}, "type": "arc"}], "scales": [{"domain": {"field": "category", "data": "table"}, "range": "category20", "type": "ordinal", "name": "c"}], "data": [{"format": {"property": "data", "type": "json"}, "url": "https://api.resourcewatch.org/v1/query/082e2262-c58e-46a0-b6b7-56083cfcbd34?sql=SELECT mfa4 as x, SUM(value) as y FROM com_009_flowmfa WHERE flow IN ('DE') AND flow IS NOT NULL AND isoalpha3 IN ('MKD') AND time >= 2017 AND time <= 2017 GROUP BY  x ORDER BY y desc LIMIT 500", "transform": [{"as": ["rank"], "ops": ["row_number"], "type": "window"}, {"expr": "datum.rank < 6 ? datum.x : 'Others'", "as": "category", "type": "formula"}, {"as": ["value"], "fields": ["y"], "ops": ["sum"], "groupby": ["category"], "type": "aggregate"}, {"endAngle": 6.29, "startAngle": 0, "field": "value", "type": "pie"}], "name": "table"}], "paramsConfig": {"layer": "a64f3cad-1e30-4289-83dd-d606e602ee1c", "band": null, "areaIntersection": null, "filters": [{"notNull": true, "value": ["DE"], "tableName": "com_009_flowmfa", "datasetID": "082e2262-c58e-46a0-b6b7-56083cfcbd34", "type": "string", "alias": "Flow", "name": "flow"}, {"value": ["MKD"], "tableName": "com_009_flowmfa", "datasetID": "082e2262-c58e-46a0-b6b7-56083cfcbd34", "type": "string", "alias": "ISO Code", "name": "isoalpha3"}, {"value": [2017, 2017], "tableName": "com_009_flowmfa", "datasetID": "082e2262-c58e-46a0-b6b7-56083cfcbd34", "type": "number", "alias": "Year", "name": "time"}], "chartType": "pie", "aggregateFunction": "sum", "orderBy": null, "size": null, "color": null, "category": {"tableName": "com_009_flowmfa", "datasetID": "082e2262-c58e-46a0-b6b7-56083cfcbd34", "type": "string", "alias": "Material Category", "name": "mfa4"}, "value": {"tableName": "com_009_flowmfa", "datasetID": "082e2262-c58e-46a0-b6b7-56083cfcbd34", "type": "number", "alias": "Total (mt)", "name": "value"}, "limit": 500, "visualizationType": "chart"}}, "template": false, "createdAt": "2019-02-21T22:34:53.068Z", "updatedAt": "2019-05-01T17:42:53.911Z"}}, {"id": "33c56329-e892-4722-bf75-20bad7788847", "type": "widget", "attributes": {"name": "2015 Fossil Fuel Extraction by Country", "dataset": "082e2262-c58e-46a0-b6b7-56083cfcbd34", "slug": "2015-Fossil-Fuel-Extraction-by-Country", "userId": "5ba001878e311b7e3718740f", "application": ["rw"], "verified": false, "default": false, "protected": false, "defaultEditableWidget": false, "published": false, "thumbnailUrl": "http://wri-api-backups.s3.amazonaws.com/resourcewatch/prod/thumbnails/33c56329-e892-4722-bf75-20bad7788847-1556807470573.png", "freeze": false, "env": "production", "widgetConfig": {"paramsConfig": {"visualizationType": "chart", "limit": 20, "value": {"type": "number", "name": "metric_tons", "alias": "Total (MT)"}, "category": {"type": "string", "name": "name", "alias": "Country"}, "color": null, "size": null, "orderBy": null, "aggregateFunction": null, "chartType": "bar", "filters": [{"operation": null, "notNull": true, "value": ["FF"], "tableName": "com_009_flowmfa", "datasetID": "082e2262-c58e-46a0-b6b7-56083cfcbd34", "type": "string", "alias": "Material Category", "name": "mfa4"}, {"notNull": true, "value": ["DE"], "tableName": "com_009_flowmfa", "datasetID": "082e2262-c58e-46a0-b6b7-56083cfcbd34", "type": "string", "alias": "Flow", "name": "flow"}, {"notNull": false, "value": 2015, "operation": "=", "type": "number", "name": "time", "alias": "Year"}], "areaIntersection": null, "band": null, "layer": "a64f3cad-1e30-4289-83dd-d606e602ee1c"}, "data": [{"name": "table", "transform": [{"type": "identifier", "as": "id"}, {"type": "joinaggregate", "as": ["count"]}], "url": "https://api.resourcewatch.org/v1/query/082e2262-c58e-46a0-b6b7-56083cfcbd34?sql=SELECT%20name%20as%20x%2C%20metric_tons%20as%20y%20FROM%20com_009_materials_flow%20WHERE%20mfa4%20IN%20('FF')%20AND%20mfa4%20IS%20NOT%20NULL%20AND%20flow%20IN%20('DE')%20AND%20flow%20IS%20NOT%20NULL%20AND%20time%20%3D%202015%20%20ORDER%20BY%20metric_tons%20desc LIMIT 20", "format": {"type": "json", "property": "data"}}], "scales": [{"name": "x", "type": "band", "range": "width", "padding": 0.05, "domain": {"data": "table", "field": "id"}}, {"name": "y", "type": "linear", "range": "height", "nice": true, "zero": true, "domain": {"data": "table", "field": "y"}}], "axes": [{"orient": "bottom", "scale": "x", "labelOverlap": "parity", "ticks": false, "encode": {"labels": {"update": {"text": {"signal": "width < 300 || data('table')[0].count > 10 ? truncate(data('table')[datum.value - 1].x, 12) : data('table')[datum.value - 1].x"}, "align": {"signal": "width < 300 || data('table')[0].count > 10 ? 'right' : 'center'"}, "baseline": {"signal": "width < 300 || data('table')[0].count > 10 ? 'middle' : 'top'"}, "angle": {"signal": "width < 300 || data('table')[0].count > 10 ? -90 : 0"}}}}, "title": "Country"}, {"orient": "left", "scale": "y", "labelOverlap": "parity", "format": "s", "encode": {"labels": {"update": {"align": {"value": "right"}, "baseline": {"value": "bottom"}}}}, "title": "Fossil Fuel Extraction (metric tons)"}], "marks": [{"type": "rect", "from": {"data": "table"}, "encode": {"update": {"opacity": {"value": 1}, "x": {"scale": "x", "field": "id"}, "width": {"scale": "x", "band": 1}, "y": {"scale": "y", "field": "y"}, "y2": {"scale": "y", "value": 0}}, "hover": {"opacity": {"value": 0.8}}}}], "interaction_config": [{"name": "tooltip", "config": {"fields": [{"column": "y", "property": "Total (MT)", "type": "number", "format": ".2s"}, {"column": "x", "property": "Country", "type": "string", "format": ".2f"}]}}], "config": {"line": {"fillOpacity": 0, "stroke": "#3BB2D0", "interpolate": "linear"}, "rect": {"fill": "#3BB2D0"}, "symbol": {"stroke": "#fff", "fill": "#3BB2D0"}, "mark": {"fill": "#3BB2D0"}, "axisY": {"gridOpacity": 0.5, "gridColor": "#A9ABAD", "ticks": false, "grid": true, "tickOpacity": 0.5, "labelBaseline": "bottom", "labelAlign": "left", "domain": false}, "axisX": {"labelBaseline": "top", "labelAlign": "center", "domainColor": "#A9ABAD", "domainWidth": 1.2, "bandPosition": 0.5}, "axis": {"tickExtra": false, "tickOpacity": 0.5, "tickColor": "#A9ABAD", "tickSize": 8, "ticks": true, "labelPadding": 10, "labelColor": "#717171", "labelFont": "Lato", "labelFontSize": 13}, "range": {"ramp": {"scheme": "purples"}, "ordinal": {"scheme": "greens"}, "category20": ["#3BB2D0", "#2C75B0", "#FAB72E", "#EF4848", "#65B60D", "#C32D7B", "#F577B9", "#5FD2B8", "#F1800F", "#9F1C00", "#A5E9E3", "#B9D765", "#393F44", "#CACCD0", "#717171"], "dotSize": [20, 250]}}}, "template": false, "createdAt": "2019-05-02T14:29:20.529Z", "updatedAt": "2019-05-02T14:31:10.416Z"}}, {"id": "6116d7ab-2a13-4ffe-b663-f4136ff74f17", "type": "widget", "attributes": {"name": "Fossil Fuel Use by Country, 2017", "dataset": "082e2262-c58e-46a0-b6b7-56083cfcbd34", "slug": "Fossil-Fuel-Use-by-Country-2017", "userId": "5bc5ee328e311b99991f4434", "application": ["rw"], "verified": false, "default": false, "protected": false, "defaultEditableWidget": false, "published": false, "thumbnailUrl": "http://wri-api-backups.s3.amazonaws.com/resourcewatch/prod/thumbnails/6116d7ab-2a13-4ffe-b663-f4136ff74f17-1556813824303.png", "freeze": false, "env": "production", "widgetConfig": {"paramsConfig": {"visualizationType": "chart", "limit": 20, "value": {"type": "number", "name": "metric_tons", "alias": "Total (MT)"}, "category": {"type": "string", "name": "name", "alias": "Country"}, "color": null, "size": null, "orderBy": null, "aggregateFunction": "sum", "chartType": "bar", "filters": [{"operation": null, "notNull": true, "value": ["FF"], "tableName": "com_009_flowmfa", "datasetID": "082e2262-c58e-46a0-b6b7-56083cfcbd34", "type": "string", "alias": "Material Category", "name": "mfa4"}, {"notNull": true, "value": ["DMC"], "tableName": "com_009_flowmfa", "datasetID": "082e2262-c58e-46a0-b6b7-56083cfcbd34", "type": "string", "alias": "Flow", "name": "flow", "operation": null}, {"notNull": false, "value": 2017, "operation": "=", "type": "number", "name": "time", "alias": "Year"}], "areaIntersection": null, "band": null, "layer": "a64f3cad-1e30-4289-83dd-d606e602ee1c"}, "data": [{"name": "table", "transform": [{"type": "identifier", "as": "id"}, {"type": "joinaggregate", "as": ["count"]}], "url": "https://api.resourcewatch.org/v1/query/082e2262-c58e-46a0-b6b7-56083cfcbd34?sql=SELECT%20name%20as%20x%2C%20SUM(metric_tons)%20as%20y%20FROM%20com_009_materials_flow%20WHERE%20mfa4%20IN%20('FF')%20AND%20mfa4%20IS%20NOT%20NULL%20AND%20flow%20IN%20('DMC')%20AND%20flow%20IS%20NOT%20NULL%20AND%20time%20%3D%202017%20GROUP%20BY%20%20x%20ORDER%20BY%20y%20desc LIMIT 20", "format": {"type": "json", "property": "data"}}], "scales": [{"name": "x", "type": "band", "range": "width", "padding": 0.05, "domain": {"data": "table", "field": "id"}}, {"name": "y", "type": "linear", "range": "height", "nice": true, "zero": true, "domain": {"data": "table", "field": "y"}}], "axes": [{"orient": "bottom", "scale": "x", "labelOverlap": "parity", "ticks": false, "encode": {"labels": {"update": {"text": {"signal": "width < 300 || data('table')[0].count > 10 ? truncate(data('table')[datum.value - 1].x, 12) : data('table')[datum.value - 1].x"}, "align": {"signal": "width < 300 || data('table')[0].count > 10 ? 'right' : 'center'"}, "baseline": {"signal": "width < 300 || data('table')[0].count > 10 ? 'middle' : 'top'"}, "angle": {"signal": "width < 300 || data('table')[0].count > 10 ? -90 : 0"}}}}, "title": "Country"}, {"orient": "left", "scale": "y", "labelOverlap": "parity", "format": "s", "encode": {"labels": {"update": {"align": {"value": "right"}, "baseline": {"value": "bottom"}}}}, "title": "Metric tons"}], "marks": [{"type": "rect", "from": {"data": "table"}, "encode": {"update": {"opacity": {"value": 1}, "x": {"scale": "x", "field": "id"}, "width": {"scale": "x", "band": 1}, "y": {"scale": "y", "field": "y"}, "y2": {"scale": "y", "value": 0}}, "hover": {"opacity": {"value": 0.8}}}}], "interaction_config": [{"name": "tooltip", "config": {"fields": [{"column": "y", "property": "Total (MT)", "type": "number", "format": ".2s"}, {"column": "x", "property": "Country", "type": "string", "format": ".2f"}]}}], "config": {"line": {"fillOpacity": 0, "stroke": "#3BB2D0", "interpolate": "linear"}, "rect": {"fill": "#3BB2D0"}, "symbol": {"stroke": "#fff", "fill": "#3BB2D0"}, "mark": {"fill": "#3BB2D0"}, "axisY": {"gridOpacity": 0.5, "gridColor": "#A9ABAD", "ticks": false, "grid": true, "tickOpacity": 0.5, "labelBaseline": "bottom", "labelAlign": "left", "domain": false}, "axisX": {"labelBaseline": "top", "labelAlign": "center", "domainColor": "#A9ABAD", "domainWidth": 1.2, "bandPosition": 0.5}, "axis": {"tickExtra": false, "tickOpacity": 0.5, "tickColor": "#A9ABAD", "tickSize": 8, "ticks": true, "labelPadding": 10, "labelColor": "#717171", "labelFont": "Lato", "labelFontSize": 13}, "range": {"ramp": {"scheme": "purples"}, "ordinal": {"scheme": "greens"}, "category20": ["#3BB2D0", "#2C75B0", "#FAB72E", "#EF4848", "#65B60D", "#C32D7B", "#F577B9", "#5FD2B8", "#F1800F", "#9F1C00", "#A5E9E3", "#B9D765", "#393F44", "#CACCD0", "#717171"], "dotSize": [20, 250]}}}, "template": false, "createdAt": "2019-05-02T15:06:56.380Z", "updatedAt": "2019-05-02T16:17:04.257Z"}}, {"id": "28ac9a75-3074-45d9-a617-474d5cca3423", "type": "widget", "attributes": {"name": "National-level patterns of material consumption and extraction hide important urban-rural differences.", "dataset": "082e2262-c58e-46a0-b6b7-56083cfcbd34", "slug": "Cities-impact-far-away-places-through-global-markets-and-trade-Consumption-is-more-intense-in-richer-and-more-urban-countries-while-extraction-of-resources-often-happens-in-poorer-more-rural-places", "userId": "5c2f894a8464fa99d87f3bbb", "description": "2015 Total Domestic Material Extraction per Capita (metric tons): The total amount of materials extracted within a country per capita in 2015.\n2015 Total Domestic Material Consumption per Capita (metric tons): The total amount of materials consumed within a country per capita in 2015, including imports and domestic extraction.", "source": "", "authors": "", "application": ["rw"], "verified": false, "default": false, "protected": false, "defaultEditableWidget": false, "published": true, "freeze": false, "env": "production", "queryUrl": "", "widgetConfig": {"url": "https://resourcewatch.org/embed/map-swipe?zoom=0&lat=0&lng=0&layers=54fdab50-c044-4814-b2ca-08f89b83b4cd,e6f8212c-a179-455d-8bb2-fca9a297e6c2", "type": "embed"}, "template": false, "createdAt": "2019-06-12T19:48:18.394Z", "updatedAt": "2019-11-13T19:43:13.029Z"}}, {"id": "67d29bf1-83a9-4a6e-94ea-d8deb2fa9e22", "type": "widget", "attributes": {"name": "2015 Total Domestic Material Extraction per Capita (metric tons)", "dataset": "082e2262-c58e-46a0-b6b7-56083cfcbd34", "slug": "2015-Total-Domestic-Material-Extraction-per-Capita-metric-tons", "userId": "5ddc2f52a3f6820010c6f54b", "application": ["rw"], "verified": false, "default": false, "protected": false, "defaultEditableWidget": false, "published": false, "freeze": false, "env": "production", "widgetConfig": {"type": "map", "layer_id": "e6f8212c-a179-455d-8bb2-fca9a297e6c2", "zoom": 3, "lat": 0, "lng": 0, "basemapLayers": {"basemap": "dark", "labels": null, "boundaries": false}, "paramsConfig": {"visualizationType": "map", "limit": 500, "value": {"name": "metric_tons", "type": "number", "alias": "Value"}, "category": {"name": "time", "alias": "Year", "type": "number", "datasetID": "082e2262-c58e-46a0-b6b7-56083cfcbd34", "tableName": "com_009_flowmfa"}, "color": null, "size": null, "orderBy": {"name": "time", "alias": "Year", "type": "number", "datasetID": "082e2262-c58e-46a0-b6b7-56083cfcbd34", "tableName": "com_009_flowmfa", "orderType": "asc"}, "aggregateFunction": "sum", "chartType": "bar", "filters": [{"name": "mfa4", "alias": "Material Category", "type": "string", "datasetID": "082e2262-c58e-46a0-b6b7-56083cfcbd34", "tableName": "com_009_flowmfa", "value": ["BM"], "notNull": true}, {"name": "flow", "alias": "Flow", "type": "string", "datasetID": "082e2262-c58e-46a0-b6b7-56083cfcbd34", "tableName": "com_009_flowmfa", "value": ["DE"], "notNull": true}], "areaIntersection": null, "band": null, "layer": "e6f8212c-a179-455d-8bb2-fca9a297e6c2"}, "config": {"range": {"dotSize": [20, 250], "category20": ["#3BB2D0", "#2C75B0", "#FAB72E", "#EF4848", "#65B60D", "#C32D7B", "#F577B9", "#5FD2B8", "#F1800F", "#9F1C00", "#A5E9E3", "#B9D765", "#393F44", "#CACCD0", "#717171"], "ordinal": {"scheme": "greens"}, "ramp": {"scheme": "purples"}}, "axis": {"labelFontSize": 13, "labelFont": "Lato", "labelColor": "#717171", "labelPadding": 10, "ticks": true, "tickSize": 8, "tickColor": "#A9ABAD", "tickOpacity": 0.5, "tickExtra": false}, "axisX": {"bandPosition": 0.5, "domainWidth": 1.2, "domainColor": "#A9ABAD", "labelAlign": "center", "labelBaseline": "top"}, "axisY": {"domain": false, "labelAlign": "left", "labelBaseline": "bottom", "tickOpacity": 0.5, "grid": true, "ticks": false, "gridColor": "#A9ABAD", "gridOpacity": 0.5}, "mark": {"fill": "#3BB2D0"}, "symbol": {"fill": "#3BB2D0", "stroke": "#fff"}, "rect": {"fill": "#3BB2D0"}, "line": {"interpolate": "linear", "stroke": "#3BB2D0", "fillOpacity": 0}}}, "template": false, "createdAt": "2019-11-25T19:47:13.816Z", "updatedAt": "2019-11-25T19:47:13.816Z"}}, {"id": "b8516880-9609-423b-b99c-1bf73e2035fd", "type": "widget", "attributes": {"name": "billede 1", "dataset": "082e2262-c58e-46a0-b6b7-56083cfcbd34", "slug": "billede-1", "userId": "5ddc2f52a3f6820010c6f54b", "application": ["rw"], "verified": false, "default": false, "protected": false, "defaultEditableWidget": false, "published": false, "freeze": false, "env": "production", "widgetConfig": {"type": "map", "layer_id": "e6f8212c-a179-455d-8bb2-fca9a297e6c2", "zoom": 3, "lat": 0, "lng": 0, "basemapLayers": {"basemap": "dark", "labels": null, "boundaries": false}, "paramsConfig": {"visualizationType": "map", "limit": 500, "value": {"name": "metric_tons", "type": "number", "alias": "Value"}, "category": {"name": "time", "alias": "Year", "type": "number", "datasetID": "082e2262-c58e-46a0-b6b7-56083cfcbd34", "tableName": "com_009_flowmfa"}, "color": null, "size": null, "orderBy": {"name": "time", "alias": "Year", "type": "number", "datasetID": "082e2262-c58e-46a0-b6b7-56083cfcbd34", "tableName": "com_009_flowmfa", "orderType": "asc"}, "aggregateFunction": "sum", "chartType": "bar", "filters": [{"name": "mfa4", "alias": "Material Category", "type": "string", "datasetID": "082e2262-c58e-46a0-b6b7-56083cfcbd34", "tableName": "com_009_flowmfa", "value": ["BM"], "notNull": true}, {"name": "flow", "alias": "Flow", "type": "string", "datasetID": "082e2262-c58e-46a0-b6b7-56083cfcbd34", "tableName": "com_009_flowmfa", "value": ["DE"], "notNull": true}], "areaIntersection": null, "band": null, "layer": "e6f8212c-a179-455d-8bb2-fca9a297e6c2"}, "config": {"range": {"dotSize": [20, 250], "category20": ["#3BB2D0", "#2C75B0", "#FAB72E", "#EF4848", "#65B60D", "#C32D7B", "#F577B9", "#5FD2B8", "#F1800F", "#9F1C00", "#A5E9E3", "#B9D765", "#393F44", "#CACCD0", "#717171"], "ordinal": {"scheme": "greens"}, "ramp": {"scheme": "purples"}}, "axis": {"labelFontSize": 13, "labelFont": "Lato", "labelColor": "#717171", "labelPadding": 10, "ticks": true, "tickSize": 8, "tickColor": "#A9ABAD", "tickOpacity": 0.5, "tickExtra": false}, "axisX": {"bandPosition": 0.5, "domainWidth": 1.2, "domainColor": "#A9ABAD", "labelAlign": "center", "labelBaseline": "top"}, "axisY": {"domain": false, "labelAlign": "left", "labelBaseline": "bottom", "tickOpacity": 0.5, "grid": true, "ticks": false, "gridColor": "#A9ABAD", "gridOpacity": 0.5}, "mark": {"fill": "#3BB2D0"}, "symbol": {"fill": "#3BB2D0", "stroke": "#fff"}, "rect": {"fill": "#3BB2D0"}, "line": {"interpolate": "linear", "stroke": "#3BB2D0", "fillOpacity": 0}}}, "template": false, "createdAt": "2019-11-25T19:47:35.963Z", "updatedAt": "2019-11-25T19:47:35.963Z"}}, {"id": "d392e57d-79a1-40d3-bff2-129941547f32", "type": "widget", "attributes": {"name": "bla", "dataset": "082e2262-c58e-46a0-b6b7-56083cfcbd34", "slug": "bla", "userId": "5ddc2f52a3f6820010c6f54b", "application": ["rw"], "verified": false, "default": false, "protected": false, "defaultEditableWidget": false, "published": false, "thumbnailUrl": "http://wri-api-backups.s3.amazonaws.com/resourcewatch/prod/thumbnails/d392e57d-79a1-40d3-bff2-129941547f32-1574711418017.png", "freeze": false, "env": "production", "widgetConfig": {"type": "map", "layer_id": "0f999279-2bcd-4d53-98e3-6e417099d65b", "zoom": 2, "lat": 51.7406361640977, "lng": -3.330230712890625, "bbox": [-161.18179321289065, -47.14489748555397, 154.5213317871094, 84.59336741141344], "basemapLayers": {"basemap": "dark", "labels": null, "boundaries": false}, "paramsConfig": {"visualizationType": "map", "limit": 500, "value": {"name": "metric_tons", "type": "number", "alias": "Value"}, "category": {"name": "time", "alias": "Year", "type": "number", "datasetID": "082e2262-c58e-46a0-b6b7-56083cfcbd34", "tableName": "com_009_flowmfa"}, "color": null, "size": null, "orderBy": {"name": "time", "alias": "Year", "type": "number", "datasetID": "082e2262-c58e-46a0-b6b7-56083cfcbd34", "tableName": "com_009_flowmfa", "orderType": "asc"}, "aggregateFunction": "sum", "chartType": "bar", "filters": [{"name": "mfa4", "alias": "Material Category", "type": "string", "datasetID": "082e2262-c58e-46a0-b6b7-56083cfcbd34", "tableName": "com_009_flowmfa", "value": ["BM"], "notNull": true}, {"name": "flow", "alias": "Flow", "type": "string", "datasetID": "082e2262-c58e-46a0-b6b7-56083cfcbd34", "tableName": "com_009_flowmfa", "value": ["DE"], "notNull": true}], "areaIntersection": null, "band": null, "layer": "0f999279-2bcd-4d53-98e3-6e417099d65b"}, "config": {"range": {"dotSize": [20, 250], "category20": ["#3BB2D0", "#2C75B0", "#FAB72E", "#EF4848", "#65B60D", "#C32D7B", "#F577B9", "#5FD2B8", "#F1800F", "#9F1C00", "#A5E9E3", "#B9D765", "#393F44", "#CACCD0", "#717171"], "ordinal": {"scheme": "greens"}, "ramp": {"scheme": "purples"}}, "axis": {"labelFontSize": 13, "labelFont": "Lato", "labelColor": "#717171", "labelPadding": 10, "ticks": true, "tickSize": 8, "tickColor": "#A9ABAD", "tickOpacity": 0.5, "tickExtra": false}, "axisX": {"bandPosition": 0.5, "domainWidth": 1.2, "domainColor": "#A9ABAD", "labelAlign": "center", "labelBaseline": "top"}, "axisY": {"domain": false, "labelAlign": "left", "labelBaseline": "bottom", "tickOpacity": 0.5, "grid": true, "ticks": false, "gridColor": "#A9ABAD", "gridOpacity": 0.5}, "mark": {"fill": "#3BB2D0"}, "symbol": {"fill": "#3BB2D0", "stroke": "#fff"}, "rect": {"fill": "#3BB2D0"}, "line": {"interpolate": "linear", "stroke": "#3BB2D0", "fillOpacity": 0}}}, "template": false, "createdAt": "2019-11-25T19:50:17.966Z", "updatedAt": "2019-11-25T19:50:17.966Z"}}, {"id": "8435af9e-f263-481e-b2b0-7c8c239ef0a9", "type": "widget", "attributes": {"name": "2", "dataset": "082e2262-c58e-46a0-b6b7-56083cfcbd34", "slug": "2_5", "userId": "5ddc2f52a3f6820010c6f54b", "application": ["rw"], "verified": false, "default": false, "protected": false, "defaultEditableWidget": false, "published": false, "freeze": false, "env": "production", "widgetConfig": {"type": "map", "layer_id": "6badec3c-edcb-4593-b81e-337d361bf6fc", "zoom": 2, "lat": 23.918481109336835, "lng": 25.29739379882813, "bbox": [-132.5541687011719, -66.35844067085803, 183.14895629882815, 79.88057233826918], "basemapLayers": {"basemap": "dark", "labels": null, "boundaries": false}, "paramsConfig": {"visualizationType": "map", "limit": 500, "value": {"name": "metric_tons", "type": "number", "alias": "Value"}, "category": {"name": "time", "alias": "Year", "type": "number", "datasetID": "082e2262-c58e-46a0-b6b7-56083cfcbd34", "tableName": "com_009_flowmfa"}, "color": null, "size": null, "orderBy": {"name": "time", "alias": "Year", "type": "number", "datasetID": "082e2262-c58e-46a0-b6b7-56083cfcbd34", "tableName": "com_009_flowmfa", "orderType": "asc"}, "aggregateFunction": "sum", "chartType": "bar", "filters": [{"name": "mfa4", "alias": "Material Category", "type": "string", "datasetID": "082e2262-c58e-46a0-b6b7-56083cfcbd34", "tableName": "com_009_flowmfa", "value": ["BM"], "notNull": true}, {"name": "flow", "alias": "Flow", "type": "string", "datasetID": "082e2262-c58e-46a0-b6b7-56083cfcbd34", "tableName": "com_009_flowmfa", "value": ["DE"], "notNull": true}], "areaIntersection": null, "band": null, "layer": "6badec3c-edcb-4593-b81e-337d361bf6fc"}, "config": {"range": {"dotSize": [20, 250], "category20": ["#3BB2D0", "#2C75B0", "#FAB72E", "#EF4848", "#65B60D", "#C32D7B", "#F577B9", "#5FD2B8", "#F1800F", "#9F1C00", "#A5E9E3", "#B9D765", "#393F44", "#CACCD0", "#717171"], "ordinal": {"scheme": "greens"}, "ramp": {"scheme": "purples"}}, "axis": {"labelFontSize": 13, "labelFont": "Lato", "labelColor": "#717171", "labelPadding": 10, "ticks": true, "tickSize": 8, "tickColor": "#A9ABAD", "tickOpacity": 0.5, "tickExtra": false}, "axisX": {"bandPosition": 0.5, "domainWidth": 1.2, "domainColor": "#A9ABAD", "labelAlign": "center", "labelBaseline": "top"}, "axisY": {"domain": false, "labelAlign": "left", "labelBaseline": "bottom", "tickOpacity": 0.5, "grid": true, "ticks": false, "gridColor": "#A9ABAD", "gridOpacity": 0.5}, "mark": {"fill": "#3BB2D0"}, "symbol": {"fill": "#3BB2D0", "stroke": "#fff"}, "rect": {"fill": "#3BB2D0"}, "line": {"interpolate": "linear", "stroke": "#3BB2D0", "fillOpacity": 0}}}, "template": false, "createdAt": "2019-11-26T09:34:26.595Z", "updatedAt": "2019-11-26T09:34:26.595Z"}}], "layer": [{"id": "5cd95491-98de-463c-8c69-aa1af0988556", "type": "layer", "attributes": {"name": "2017 Domestic Nonmetallic Minerals Extraction (metric tons, millions)", "slug": "2017-Domestic-ExtractionNonmetallic-Minerals-tonnes-millions", "dataset": "082e2262-c58e-46a0-b6b7-56083cfcbd34", "description": "The total amount of nonmetallic minerals extracted in 2017 by country.", "application": ["rw"], "iso": [], "provider": "cartodb", "userId": "5a689d78fb357b0001e35c61", "default": false, "protected": false, "published": true, "env": "production", "layerConfig": {"account": "wri-rw", "body": {"maxzoom": 18, "minzoom": 3, "layers": [{"type": "mapnik", "options": {"sql": "SELECT geo.the_geom_webmercator, geo.cartodb_id, geo.name, d.* FROM (SELECT isoalpha3, flow, mfa4, time, SUM(metric_tons) as value FROM com_009_materials_flow WHERE flow ILIKE 'DE' AND mfa4 ILIKE 'NM' AND time = 2017 GROUP BY mfa4, isoalpha3, flow, time) d LEFT OUTER JOIN wri_countries_a geo ON geo.iso_a3 = d.isoalpha3 ORDER BY d.isoalpha3", "cartocss": "#com_009_materials_flow {polygon-opacity: 1; line-width: 0.5; line-color: #FFF; line-opacity: 1;} [value<100000000]{polygon-fill:#dadaeb ;} [value>=100000000][value<500000000]{polygon-fill:#bcbddc ;} [value>=500000000][value<1000000000]{polygon-fill:#9e9ac8 ;} [value>=1000000000][value<3000000000]{polygon-fill:#756bb1 ;} [value>=3000000000][value<25000000000]{polygon-fill:#54278f ;}", "cartocss_version": "2.3.0"}}], "vectorLayers": [{"paint": {"line-width": 0.5, "line-color": " #FFF", "line-opacity": 1}, "source-layer": "layer0", "type": "line", "filter": ["all"]}, {"paint": {"fill-opacity": 1}, "source-layer": "layer0", "type": "fill", "filter": ["all"]}, {"paint": {"fill-color": "#dadaeb "}, "source-layer": "layer0", "type": "fill", "filter": ["all", ["<", "value", 100000000]]}, {"paint": {"fill-color": "#bcbddc "}, "source-layer": "layer0", "type": "fill", "filter": ["all", [">=", "value", 100000000], ["<", "value", 500000000]]}, {"paint": {"fill-color": "#9e9ac8 "}, "source-layer": "layer0", "type": "fill", "filter": ["all", [">=", "value", 500000000], ["<", "value", 1000000000]]}, {"paint": {"fill-color": "#756bb1 "}, "source-layer": "layer0", "type": "fill", "filter": ["all", [">=", "value", 1000000000], ["<", "value", 3000000000]]}, {"paint": {"fill-color": "#54278f "}, "source-layer": "layer0", "type": "fill", "filter": ["all", [">=", "value", 3000000000], ["<", "value", 25000000000]]}]}}, "legendConfig": {"items": [{"color": "#dadaeb", "name": "<100", "id": 0}, {"color": "#bcbddc", "name": "<500", "id": 1}, {"color": "#9e9ac8", "name": "<1,000", "id": 2}, {"color": "#756bb1", "name": "<3,000", "id": 3}, {"color": "#54278f", "name": "<25,000", "id": 4}], "type": "choropleth"}, "interactionConfig": {"output": [{"column": "name", "format": null, "prefix": "", "property": "Country", "suffix": "", "type": "string"}, {"column": "value", "format": "0,0", "prefix": "", "property": "Domestic Nonmetallic Minerals Extraction", "suffix": " MT", "type": "number"}]}, "applicationConfig": {}, "staticImageConfig": {}, "createdAt": "2020-02-06T15:27:36.484Z", "updatedAt": "2019-07-23T14:05:23.253Z"}}, {"id": "f85e31f7-2c42-4274-8bbd-1e9c7e6e132a", "type": "layer", "attributes": {"name": "2017 Domestic Biomass Extraction (metric tons, millions)", "slug": "2017-Domestic-ExtractionBiomass-tonnes-thousands", "dataset": "082e2262-c58e-46a0-b6b7-56083cfcbd34", "description": "The total amount of biomass extracted in 2017 by country.", "application": ["rw"], "iso": [], "provider": "cartodb", "userId": "5a689d78fb357b0001e35c61", "default": true, "protected": false, "published": true, "env": "production", "layerConfig": {"body": {"layers": [{"options": {"cartocss_version": "2.3.0", "cartocss": "#com_009_materials_flow {polygon-opacity: 1; line-width: 0.5; line-color: #FFF; line-opacity: 1;} [value<60000000]{polygon-fill:#e5f5e0 ;} [value>=60000000][value<400000000]{polygon-fill:#a1d99b ;} [value>=400000000][value<1000000000]{polygon-fill:#74c476 ;} [value>=1000000000][value<3000000000]{polygon-fill:#31a354 ;} [value>=3000000000][value<4100000000]{polygon-fill:#006d2c ;}", "sql": "SELECT geo.the_geom_webmercator, geo.cartodb_id, geo.name, d.* FROM (SELECT isoalpha3, flow, mfa4, time, SUM(metric_tons) as value FROM com_009_materials_flow WHERE flow ILIKE 'DE' AND mfa4 ILIKE 'BM' AND time = 2017 GROUP BY mfa4, isoalpha3, flow, time) d LEFT OUTER JOIN wri_countries_a geo ON geo.iso_a3 = d.isoalpha3 ORDER BY d.isoalpha3"}, "type": "mapnik"}], "minzoom": 3, "maxzoom": 18, "vectorLayers": [{"paint": {"line-width": 0.5, "line-color": " #FFF", "line-opacity": 1}, "source-layer": "layer0", "type": "line", "filter": ["all"]}, {"paint": {"fill-opacity": 1}, "source-layer": "layer0", "type": "fill", "filter": ["all"]}, {"paint": {"fill-color": "#e5f5e0 "}, "source-layer": "layer0", "type": "fill", "filter": ["all", ["<", "value", 60000000]]}, {"paint": {"fill-color": "#a1d99b "}, "source-layer": "layer0", "type": "fill", "filter": ["all", [">=", "value", 60000000], ["<", "value", 400000000]]}, {"paint": {"fill-color": "#74c476 "}, "source-layer": "layer0", "type": "fill", "filter": ["all", [">=", "value", 400000000], ["<", "value", 1000000000]]}, {"paint": {"fill-color": "#31a354 "}, "source-layer": "layer0", "type": "fill", "filter": ["all", [">=", "value", 1000000000], ["<", "value", 3000000000]]}, {"paint": {"fill-color": "#006d2c "}, "source-layer": "layer0", "type": "fill", "filter": ["all", [">=", "value", 3000000000], ["<", "value", 4100000000]]}]}, "account": "wri-rw"}, "legendConfig": {"type": "choropleth", "items": [{"name": "<60", "color": "#e5f5e0", "id": 0}, {"name": "<400", "color": "#a1d99b", "id": 1}, {"name": "<1,000", "color": "#74c476", "id": 2}, {"name": "<3,000", "color": "#31a354", "id": 3}, {"name": "<4,500", "color": "#006d2c", "id": 4}]}, "interactionConfig": {"output": [{"column": "name", "format": null, "prefix": "", "property": "Country", "suffix": "", "type": "string"}, {"column": "value", "format": "0,0", "prefix": "", "property": "Domestic Biomass Extraction", "suffix": " MT", "type": "number"}]}, "applicationConfig": {}, "staticImageConfig": {}, "createdAt": "2020-02-06T15:27:36.484Z", "updatedAt": "2019-07-23T14:02:36.108Z"}}, {"id": "6badec3c-edcb-4593-b81e-337d361bf6fc", "type": "layer", "attributes": {"name": "2017 Domestic Fossil Fuels Extraction (metric tons, millions)", "slug": "2017-Domestic-ExtractionFossil-Fuels-tonnes-thousands", "dataset": "082e2262-c58e-46a0-b6b7-56083cfcbd34", "description": "Total amount of fossil fuels extracted in 2017 by country.", "application": ["rw"], "iso": [], "provider": "cartodb", "userId": "5a689d78fb357b0001e35c61", "default": false, "protected": false, "published": true, "env": "production", "layerConfig": {"body": {"layers": [{"options": {"cartocss_version": "2.3.0", "cartocss": "#com_009_materials_flow {polygon-opacity: 1; line-width: 0.5; line-color: #FFF; line-opacity: 1;} [value<100000000]{polygon-fill:#feedde ;} [value>=100000000][value<400000000]{polygon-fill:#fdd0a2 ;} [value>=400000000][value<1000000000]{polygon-fill:#fdae6b ;} [value>=1000000000][value<2000000000]{polygon-fill:#e6550d ;} [value>=2000000000][value<4500000000]{polygon-fill:#a63603 ;}", "sql": "SELECT geo.the_geom_webmercator, geo.cartodb_id, geo.name, d.* FROM (SELECT isoalpha3, flow, mfa4, time, SUM(metric_tons) as value FROM com_009_materials_flow WHERE flow ILIKE 'DE' AND mfa4 ILIKE 'FF' AND time = 2017 GROUP BY mfa4, isoalpha3, flow, time) d LEFT OUTER JOIN wri_countries_a geo ON geo.iso_a3 = d.isoalpha3"}, "type": "mapnik"}], "minzoom": 3, "maxzoom": 18, "vectorLayers": [{"paint": {"line-width": 0.5, "line-color": " #FFF", "line-opacity": 1}, "source-layer": "layer0", "type": "line", "filter": ["all"]}, {"paint": {"fill-opacity": 1}, "source-layer": "layer0", "type": "fill", "filter": ["all"]}, {"paint": {"fill-color": "#feedde "}, "source-layer": "layer0", "type": "fill", "filter": ["all", ["<", "value", 100000000]]}, {"paint": {"fill-color": "#fdd0a2 "}, "source-layer": "layer0", "type": "fill", "filter": ["all", [">=", "value", 100000000], ["<", "value", 400000000]]}, {"paint": {"fill-color": "#fdae6b "}, "source-layer": "layer0", "type": "fill", "filter": ["all", [">=", "value", 400000000], ["<", "value", 1000000000]]}, {"paint": {"fill-color": "#e6550d "}, "source-layer": "layer0", "type": "fill", "filter": ["all", [">=", "value", 1000000000], ["<", "value", 2000000000]]}, {"paint": {"fill-color": "#a63603 "}, "source-layer": "layer0", "type": "fill", "filter": ["all", [">=", "value", 2000000000], ["<", "value", 4500000000]]}]}, "account": "wri-rw"}, "legendConfig": {"type": "choropleth", "items": [{"name": "<100", "color": "#feedde", "id": 0}, {"name": "<400", "color": "#fdd0a2", "id": 1}, {"name": "<1,000", "color": "#fdae6b", "id": 2}, {"name": "<2,000", "color": "#e6550d", "id": 3}, {"name": "<4,500", "color": "#a63603", "id": 4}]}, "interactionConfig": {"output": [{"column": "name", "format": null, "prefix": "", "property": "Country", "suffix": "", "type": "string"}, {"column": "value", "format": "0,0", "prefix": "", "property": "Domestic Fossil Fuels Extraction", "suffix": " MT", "type": "number"}]}, "applicationConfig": {}, "staticImageConfig": {}, "createdAt": "2020-02-06T15:27:36.484Z", "updatedAt": "2019-07-23T14:13:07.514Z"}}, {"id": "0f999279-2bcd-4d53-98e3-6e417099d65b", "type": "layer", "attributes": {"name": "2017 Domestic Metal Ores Extraction (metric tons, millions)", "slug": "2017-Domestic-ExtractionMetal-Ores-tonnes-thousands", "dataset": "082e2262-c58e-46a0-b6b7-56083cfcbd34", "description": "The total amount of metal ores extracted in 2017 by country.", "application": ["rw"], "iso": [], "provider": "cartodb", "userId": "5a689d78fb357b0001e35c61", "default": false, "protected": false, "published": true, "env": "production", "layerConfig": {"body": {"layers": [{"options": {"cartocss_version": "2.3.0", "cartocss": "#com_009_materials_flow {polygon-opacity: 1; line-width: 0.5; line-color: #FFF; line-opacity: 1;} [value<25000000]{polygon-fill:#eff3ff ;} [value>=25000000][value<200000000]{polygon-fill:#c6dbef ;} [value>=200000000][value<350000000]{polygon-fill:#6baed6 ;} [value>=350000000][value<1000000000]{polygon-fill:#3182bd ;} [value>=1000000000][value<2500000000]{polygon-fill:#08519c ;}", "sql": "SELECT geo.the_geom_webmercator, geo.cartodb_id, geo.name, d.* FROM (SELECT isoalpha3, flow, mfa4, time, SUM(metric_tons) as value FROM com_009_materials_flow WHERE flow ILIKE 'DE' AND mfa4 ILIKE 'MO' AND time = 2017 GROUP BY mfa4, isoalpha3, flow, time) d LEFT OUTER JOIN wri_countries_a geo ON geo.iso_a3 = d.isoalpha3"}, "type": "mapnik"}], "minzoom": 3, "maxzoom": 18, "vectorLayers": [{"paint": {"line-width": 0.5, "line-color": " #FFF", "line-opacity": 1}, "source-layer": "layer0", "type": "line", "filter": ["all"]}, {"paint": {"fill-opacity": 1}, "source-layer": "layer0", "type": "fill", "filter": ["all"]}, {"paint": {"fill-color": "#eff3ff "}, "source-layer": "layer0", "type": "fill", "filter": ["all", ["<", "value", 25000000]]}, {"paint": {"fill-color": "#c6dbef "}, "source-layer": "layer0", "type": "fill", "filter": ["all", [">=", "value", 25000000], ["<", "value", 200000000]]}, {"paint": {"fill-color": "#6baed6 "}, "source-layer": "layer0", "type": "fill", "filter": ["all", [">=", "value", 200000000], ["<", "value", 350000000]]}, {"paint": {"fill-color": "#3182bd "}, "source-layer": "layer0", "type": "fill", "filter": ["all", [">=", "value", 350000000], ["<", "value", 1000000000]]}, {"paint": {"fill-color": "#08519c "}, "source-layer": "layer0", "type": "fill", "filter": ["all", [">=", "value", 1000000000], ["<", "value", 2500000000]]}]}, "account": "wri-rw"}, "legendConfig": {"type": "choropleth", "items": [{"name": "<25", "color": "#eff3ff", "id": 0}, {"name": "<200", "color": "#c6dbef", "id": 1}, {"name": "<350", "color": "#6baed6", "id": 2}, {"name": "<1,000", "color": "#3182bd", "id": 3}, {"name": "<2,500", "color": "#08519c", "id": 4}]}, "interactionConfig": {"output": [{"column": "name", "format": null, "prefix": "", "property": "Country", "suffix": "", "type": "string"}, {"column": "value", "format": "0,0", "prefix": "", "property": "Domestic Metal Ores Extraction", "suffix": " MT", "type": "number"}]}, "applicationConfig": {}, "staticImageConfig": {}, "createdAt": "2020-02-06T15:27:36.484Z", "updatedAt": "2019-07-23T14:07:55.370Z"}}, {"id": "39566051-1afa-4d49-9e7f-1af3c2ade07f", "type": "layer", "attributes": {"name": "2017 Domestic Metal Ores Consumption (metric tons, millions)", "slug": "Domestic-Material-ConsumptionMetal-Ores-tonnes-thousands", "dataset": "082e2262-c58e-46a0-b6b7-56083cfcbd34", "description": "The total amount of metal ores consumed within a country in 2017, including imports and domestic extraction.", "application": ["rw"], "iso": [], "provider": "cartodb", "userId": "5a689d78fb357b0001e35c61", "default": false, "protected": false, "published": true, "env": "production", "layerConfig": {"account": "wri-rw", "body": {"maxzoom": 18, "minzoom": 3, "layers": [{"type": "mapnik", "options": {"sql": "SELECT geo.the_geom_webmercator, geo.cartodb_id, geo.name, d.* FROM (SELECT isoalpha3, flow, mfa4, time, SUM(metric_tons) as value FROM com_009_materials_flow WHERE flow ILIKE 'DMC' AND mfa4 ILIKE 'MO' AND time = 2017 GROUP BY mfa4, isoalpha3, flow, time) d LEFT OUTER JOIN wri_countries_a geo ON geo.iso_a3 = d.isoalpha3", "cartocss": "#com_009_materials_flow {polygon-opacity: 1; line-width: 0.5; line-color: #FFF; line-opacity: 1;} [value<1000000]{polygon-fill:#eff3ff ;} [value>=1000000][value<25000000]{polygon-fill:#c6dbef ;} [value>=25000000][value<100000000]{polygon-fill:#6baed6 ;} [value>=100000000][value<750000000]{polygon-fill:#3182bd ;} [value>=750000000][value<4000000000]{polygon-fill:#08519c ;}", "cartocss_version": "2.3.0"}}], "vectorLayers": [{"paint": {"line-width": 0.5, "line-color": " #FFF", "line-opacity": 1}, "source-layer": "layer0", "type": "line", "filter": ["all"]}, {"paint": {"fill-opacity": 1}, "source-layer": "layer0", "type": "fill", "filter": ["all"]}, {"paint": {"fill-color": "#eff3ff "}, "source-layer": "layer0", "type": "fill", "filter": ["all", ["<", "value", 1000000]]}, {"paint": {"fill-color": "#c6dbef "}, "source-layer": "layer0", "type": "fill", "filter": ["all", [">=", "value", 1000000], ["<", "value", 25000000]]}, {"paint": {"fill-color": "#6baed6 "}, "source-layer": "layer0", "type": "fill", "filter": ["all", [">=", "value", 25000000], ["<", "value", 100000000]]}, {"paint": {"fill-color": "#3182bd "}, "source-layer": "layer0", "type": "fill", "filter": ["all", [">=", "value", 100000000], ["<", "value", 750000000]]}, {"paint": {"fill-color": "#08519c "}, "source-layer": "layer0", "type": "fill", "filter": ["all", [">=", "value", 750000000], ["<", "value", 4000000000]]}]}}, "legendConfig": {"items": [{"color": "#eff3ff", "name": "<1", "id": 0}, {"color": "#c6dbef", "name": "<25", "id": 1}, {"color": "#6baed6", "name": "<100", "id": 2}, {"color": "#3182bd", "name": "<750", "id": 3}, {"color": "#08519c", "name": "<4,000", "id": 4}], "type": "choropleth"}, "interactionConfig": {"output": [{"column": "name", "format": null, "prefix": "", "property": "Country", "suffix": "", "type": "string"}, {"type": "number", "suffix": " MT", "property": "Domestic Metal Ores Consumption", "prefix": "", "format": "0,0", "column": "value"}]}, "applicationConfig": {}, "staticImageConfig": {}, "createdAt": "2020-02-06T15:27:36.484Z", "updatedAt": "2019-07-23T13:58:24.608Z"}}, {"id": "45054eb5-f958-45a1-baf1-5971238462ae", "type": "layer", "attributes": {"name": "2017 Domestic Fossil Fuels Consumption (metric tons, millions)", "slug": "2017-Domestic-Material-ConsumptionFossil-Fuels-tonnes-thousands", "dataset": "082e2262-c58e-46a0-b6b7-56083cfcbd34", "description": "The total amount of fossil fuels consumed within a country in 2017, including imports and domestic extraction.", "application": ["rw"], "iso": [], "provider": "cartodb", "userId": "5a689d78fb357b0001e35c61", "default": false, "protected": false, "published": true, "env": "production", "layerConfig": {"account": "wri-rw", "body": {"maxzoom": 18, "minzoom": 3, "layers": [{"type": "mapnik", "options": {"sql": "SELECT geo.the_geom_webmercator, geo.cartodb_id, geo.name, d.* FROM (SELECT isoalpha3, flow, mfa4, time, SUM(metric_tons) as value FROM com_009_materials_flow WHERE flow ILIKE 'DMC' AND mfa4 ILIKE 'FF' AND time = 2017 GROUP BY mfa4, isoalpha3, flow, time) d LEFT OUTER JOIN wri_countries_a geo ON geo.iso_a3 = d.isoalpha3", "cartocss": "#com_009_materials_flow {polygon-opacity: 1; line-width: 0.5; line-color: #FFF; line-opacity: 1;} [value<2000000]{polygon-fill:#feedde ;} [value>=2000000][value<20000000]{polygon-fill:#fdd0a2 ;} [value>=20000000][value<200000000]{polygon-fill:#fdae6b ;} [value>=200000000][value<1000000000]{polygon-fill:#e6550d ;} [value>=1000000000][value<5000000000]{polygon-fill:#a63603 ;}", "cartocss_version": "2.3.0"}}], "vectorLayers": [{"paint": {"line-width": 0.5, "line-color": " #FFF", "line-opacity": 1}, "source-layer": "layer0", "type": "line", "filter": ["all"]}, {"paint": {"fill-opacity": 1}, "source-layer": "layer0", "type": "fill", "filter": ["all"]}, {"paint": {"fill-color": "#feedde "}, "source-layer": "layer0", "type": "fill", "filter": ["all", ["<", "value", 2000000]]}, {"paint": {"fill-color": "#fdd0a2 "}, "source-layer": "layer0", "type": "fill", "filter": ["all", [">=", "value", 2000000], ["<", "value", 20000000]]}, {"paint": {"fill-color": "#fdae6b "}, "source-layer": "layer0", "type": "fill", "filter": ["all", [">=", "value", 20000000], ["<", "value", 200000000]]}, {"paint": {"fill-color": "#e6550d "}, "source-layer": "layer0", "type": "fill", "filter": ["all", [">=", "value", 200000000], ["<", "value", 1000000000]]}, {"paint": {"fill-color": "#a63603 "}, "source-layer": "layer0", "type": "fill", "filter": ["all", [">=", "value", 1000000000], ["<", "value", 5000000000]]}]}}, "legendConfig": {"items": [{"color": "#feedde", "name": "<2", "id": 0}, {"color": "#fdd0a2", "name": "<20", "id": 1}, {"color": "#fdae6b", "name": "<200", "id": 2}, {"color": "#e6550d", "name": "<1,000", "id": 3}, {"color": "#a63603", "name": "<5,000", "id": 4}], "type": "choropleth"}, "interactionConfig": {"output": [{"column": "name", "format": null, "prefix": "", "property": "Country", "suffix": "", "type": "string"}, {"type": "number", "suffix": " MT", "property": "Domestic Fossil Fuels Consumption", "prefix": "", "format": "0,0", "column": "value"}]}, "applicationConfig": {}, "staticImageConfig": {}, "createdAt": "2020-02-06T15:27:36.485Z", "updatedAt": "2019-07-23T14:05:13.916Z"}}, {"id": "bb04db71-319b-4053-b6a1-f092b3297c6e", "type": "layer", "attributes": {"name": "2017 Domestic Biomass Consumption (metric tons, millions)", "slug": "2017-Domestic-Material-ConsumptionBiomass-tonnes-thousands", "dataset": "082e2262-c58e-46a0-b6b7-56083cfcbd34", "description": "The total amount of biomass consumed within a country in 2017, including imports and domestic extraction.", "application": ["rw"], "iso": [], "provider": "cartodb", "userId": "5a689d78fb357b0001e35c61", "default": false, "protected": false, "published": true, "env": "production", "layerConfig": {"account": "wri-rw", "body": {"maxzoom": 18, "minzoom": 3, "layers": [{"type": "mapnik", "options": {"sql": "SELECT geo.the_geom_webmercator, geo.cartodb_id, geo.name, d.* FROM (SELECT isoalpha3, flow, mfa4, time, SUM(metric_tons) as value FROM com_009_materials_flow WHERE flow ILIKE 'DMC' AND mfa4 ILIKE 'BM' AND time = 2017 GROUP BY mfa4, isoalpha3, flow, time) d LEFT OUTER JOIN wri_countries_a geo ON geo.iso_a3 = d.isoalpha3", "cartocss": "#com_009_materials_flow {polygon-opacity: 1; line-width: 0.5; line-color: #FFF; line-opacity: 1;} [value<20000000]{polygon-fill:#e5f5e0 ;} [value>=20000000][value<100000000]{polygon-fill:#a1d99b ;} [value>=100000000][value<200000000]{polygon-fill:#74c476 ;} [value>=200000000][value<1000000000]{polygon-fill:#31a354 ;} [value>=1000000000][value<4500000000]{polygon-fill:#006d2c ;}", "cartocss_version": "2.3.0"}}], "vectorLayers": [{"paint": {"line-width": 0.5, "line-color": " #FFF", "line-opacity": 1}, "source-layer": "layer0", "type": "line", "filter": ["all"]}, {"paint": {"fill-opacity": 1}, "source-layer": "layer0", "type": "fill", "filter": ["all"]}, {"paint": {"fill-color": "#e5f5e0 "}, "source-layer": "layer0", "type": "fill", "filter": ["all", ["<", "value", 20000000]]}, {"paint": {"fill-color": "#a1d99b "}, "source-layer": "layer0", "type": "fill", "filter": ["all", [">=", "value", 20000000], ["<", "value", 100000000]]}, {"paint": {"fill-color": "#74c476 "}, "source-layer": "layer0", "type": "fill", "filter": ["all", [">=", "value", 100000000], ["<", "value", 200000000]]}, {"paint": {"fill-color": "#31a354 "}, "source-layer": "layer0", "type": "fill", "filter": ["all", [">=", "value", 200000000], ["<", "value", 1000000000]]}, {"paint": {"fill-color": "#006d2c "}, "source-layer": "layer0", "type": "fill", "filter": ["all", [">=", "value", 1000000000], ["<", "value", 4500000000]]}]}}, "legendConfig": {"items": [{"color": "#e5f5e0", "name": "<20", "id": 0}, {"color": "#a1d99b", "name": "<100", "id": 1}, {"color": "#74c476", "name": "<200", "id": 2}, {"color": "#31a354", "name": "<1,000", "id": 3}, {"color": "#006d2c", "name": "<4,500", "id": 4}], "type": "choropleth"}, "interactionConfig": {"output": [{"column": "name", "format": null, "prefix": "", "property": "Country", "suffix": "", "type": "string"}, {"type": "number", "suffix": " MT", "property": "Domestic Biomass Consumption", "prefix": "", "format": "0,0", "column": "value"}]}, "applicationConfig": {}, "staticImageConfig": {}, "createdAt": "2020-02-06T15:27:36.485Z", "updatedAt": "2019-07-23T13:59:42.438Z"}}, {"id": "82533a3c-5772-49dc-92ab-4ec25c06a635", "type": "layer", "attributes": {"name": "2017 Domestic Nonmetallic Minerals Consumption (metric tons, millions)", "slug": "2017-Domestic-Material-ConsumptionNonmetallic-Minerals-tonnes-thousands", "dataset": "082e2262-c58e-46a0-b6b7-56083cfcbd34", "description": "The total amount of nonmetallic minerals consumed within a country in 2017, including imports and domestic extraction.", "application": ["rw"], "iso": [], "provider": "cartodb", "userId": "5a689d78fb357b0001e35c61", "default": false, "protected": false, "published": true, "env": "production", "layerConfig": {"body": {"layers": [{"options": {"cartocss_version": "2.3.0", "cartocss": "#com_009_materials_flow {polygon-opacity: 1; line-width: 0.5; line-color: #FFF; line-opacity: 1;} [value<20000000]{polygon-fill:#dadaeb ;} [value>=20000000][value<100000000]{polygon-fill:#bcbddc ;} [value>=100000000][value<250000000]{polygon-fill:#9e9ac8 ;} [value>=250000000][value<1000000000]{polygon-fill:#756bb1 ;} [value>=1000000000][value<25000000000]{polygon-fill:#54278f ;}", "sql": "SELECT geo.the_geom_webmercator, geo.cartodb_id, geo.name, d.* FROM (SELECT isoalpha3, flow, mfa4, time, SUM(metric_tons) as value FROM com_009_materials_flow WHERE flow ILIKE 'DMC' AND mfa4 ILIKE 'NM' AND time = 2017 GROUP BY mfa4, isoalpha3, flow, time) d LEFT OUTER JOIN wri_countries_a geo ON geo.iso_a3 = d.isoalpha3"}, "type": "mapnik"}], "minzoom": 3, "maxzoom": 18, "vectorLayers": [{"paint": {"line-width": 0.5, "line-color": " #FFF", "line-opacity": 1}, "source-layer": "layer0", "type": "line", "filter": ["all"]}, {"paint": {"fill-opacity": 1}, "source-layer": "layer0", "type": "fill", "filter": ["all"]}, {"paint": {"fill-color": "#dadaeb "}, "source-layer": "layer0", "type": "fill", "filter": ["all", ["<", "value", 20000000]]}, {"paint": {"fill-color": "#bcbddc "}, "source-layer": "layer0", "type": "fill", "filter": ["all", [">=", "value", 20000000], ["<", "value", 100000000]]}, {"paint": {"fill-color": "#9e9ac8 "}, "source-layer": "layer0", "type": "fill", "filter": ["all", [">=", "value", 100000000], ["<", "value", 250000000]]}, {"paint": {"fill-color": "#756bb1 "}, "source-layer": "layer0", "type": "fill", "filter": ["all", [">=", "value", 250000000], ["<", "value", 1000000000]]}, {"paint": {"fill-color": "#54278f "}, "source-layer": "layer0", "type": "fill", "filter": ["all", [">=", "value", 1000000000], ["<", "value", 25000000000]]}]}, "account": "wri-rw"}, "legendConfig": {"type": "choropleth", "items": [{"name": "<20", "color": "#dadaeb", "id": 0}, {"name": "<100", "color": "#bcbddc", "id": 1}, {"name": "<250", "color": "#9e9ac8", "id": 2}, {"name": "<1,000", "color": "#756bb1", "id": 3}, {"name": "<25,000", "color": "#54278f", "id": 4}]}, "interactionConfig": {"output": [{"column": "name", "format": null, "prefix": "", "property": "Country", "suffix": "", "type": "string"}, {"type": "number", "suffix": " MT", "property": "Domestic Nonmetallic Minerals Consumption", "prefix": "", "format": "0,0", "column": "value"}]}, "applicationConfig": {}, "staticImageConfig": {}, "createdAt": "2020-02-06T15:27:36.485Z", "updatedAt": "2019-07-23T14:00:09.122Z"}}, {"id": "54fdab50-c044-4814-b2ca-08f89b83b4cd", "type": "layer", "attributes": {"name": "2015 Total Domestic Material Consumption per Capita (metric tons)", "slug": "2015-Domestic-Material-Consumption-per-Capita-metric-tons", "dataset": "082e2262-c58e-46a0-b6b7-56083cfcbd34", "description": "The total amount of materials consumed within a country per capita in 2015, including imports and domestic extraction.", "application": ["rw"], "iso": [], "provider": "cartodb", "userId": "5c2f894a8464fa99d87f3bbb", "default": false, "protected": false, "published": true, "env": "production", "layerConfig": {"body": {"layers": [{"options": {"cartocss_version": "2.3.0", "cartocss": "#com_009_materials_flow {polygon-opacity: 1; line-width: 0.5; line-color: #FFF; line-opacity: 1;} [value<55]{polygon-fill:#eff3ff ;} [value>=21][value<33]{polygon-fill:#c6dbef ;} [value>=13][value<21]{polygon-fill:#6baed6 ;} [value>=7][value<13]{polygon-fill:#3182bd ;} [value>=0][value<7]{polygon-fill:#08519c ;}", "sql": "SELECT wri.cartodb_id, ST_Transform(wri.the_geom, 3857) AS the_geom_webmercator, wri.name, data.isoalpha3, data.time, data.value, data.mfa13, data.flow FROM com_009_materials_flow data LEFT OUTER JOIN wri_countries_a wri ON data.isoalpha3 = wri.iso_a3 WHERE data.flow = 'DMC/cap' AND data.mfa13 = 'Total'AND wri.name IS NOT NULL"}, "type": "mapnik"}], "minzoom": 3, "maxzoom": 18, "vectorLayers": [{"paint": {"line-width": 0.5, "line-color": " #FFF", "line-opacity": 1}, "source-layer": "layer0", "type": "line", "filter": ["all"]}, {"paint": {"fill-opacity": 1}, "source-layer": "layer0", "type": "fill", "filter": ["all"]}, {"paint": {"fill-color": "#eff3ff "}, "source-layer": "layer0", "type": "fill", "filter": ["all", ["<", "value", 55]]}, {"paint": {"fill-color": "#c6dbef "}, "source-layer": "layer0", "type": "fill", "filter": ["all", [">=", "value", 21], ["<", "value", 33]]}, {"paint": {"fill-color": "#6baed6 "}, "source-layer": "layer0", "type": "fill", "filter": ["all", [">=", "value", 13], ["<", "value", 21]]}, {"paint": {"fill-color": "#3182bd "}, "source-layer": "layer0", "type": "fill", "filter": ["all", [">=", "value", 7], ["<", "value", 13]]}, {"paint": {"fill-color": "#08519c "}, "source-layer": "layer0", "type": "fill", "filter": ["all", [">=", "value", 0], ["<", "value", 7]]}]}, "account": "wri-rw"}, "legendConfig": {"type": "choropleth", "items": [{"id": 0, "name": "<7", "color": "#08519c"}, {"id": 1, "name": "<13", "color": "#3182bd"}, {"id": 2, "name": "<21", "color": "#6baed6"}, {"id": 3, "name": "<33", "color": "#c6dbef"}, {"id": 4, "name": "<55", "color": "#eff3ff"}]}, "interactionConfig": {"output": [{"type": "string", "suffix": "", "property": "Country", "prefix": "", "format": null, "column": "name"}, {"column": "value", "format": "0,0", "prefix": "", "property": "Domestic Metal Ores Consumption", "suffix": " MT", "type": "number"}]}, "applicationConfig": {}, "staticImageConfig": {}, "createdAt": "2020-02-06T15:27:36.485Z", "updatedAt": "2019-07-23T14:09:14.442Z"}}, {"id": "e6f8212c-a179-455d-8bb2-fca9a297e6c2", "type": "layer", "attributes": {"name": "2015 Total Domestic Material Extraction per Capita (metric tons)", "slug": "2013-Total-Raw-Material-Consumption-per-Capita-metric-tons", "dataset": "082e2262-c58e-46a0-b6b7-56083cfcbd34", "description": "The total amount of materials extracted within a country per capita in 2015.", "application": ["rw"], "iso": [], "provider": "cartodb", "userId": "5c2f894a8464fa99d87f3bbb", "default": false, "protected": false, "published": true, "env": "production", "layerConfig": {"account": "wri-rw", "body": {"maxzoom": 18, "minzoom": 3, "layers": [{"type": "mapnik", "options": {"sql": "SELECT wri.cartodb_id, ST_Transform(wri.the_geom, 3857) AS the_geom_webmercator, wri.name, data.isoalpha3, data.time, data.value, data.mfa13, data.flow FROM com_009_materials_flow data LEFT OUTER JOIN wri_countries_a wri ON data.isoalpha3 = wri.iso_a3 WHERE data.flow = 'DE/cap' AND data.mfa13 = 'Total'AND wri.name IS NOT NULL", "cartocss": "#com_009_materials_flow {polygon-opacity: 1; line-width: 0.5; line-color: #FFF; line-opacity: 1;} [value<109]{polygon-fill:#f2f0f7 ;} [value>=30][value<56]{polygon-fill:#cbc9e2 ;} [value>=17][value<30]{polygon-fill:#9e9ac8 ;} [value>=8][value<17]{polygon-fill:#756bb1 ;} [value>=0][value<8]{polygon-fill:#54278f ;}", "cartocss_version": "2.3.0"}}], "vectorLayers": [{"paint": {"line-width": 0.5, "line-color": " #FFF", "line-opacity": 1}, "source-layer": "layer0", "type": "line", "filter": ["all"]}, {"paint": {"fill-opacity": 1}, "source-layer": "layer0", "type": "fill", "filter": ["all"]}, {"paint": {"fill-color": "#f2f0f7 "}, "source-layer": "layer0", "type": "fill", "filter": ["all", ["<", "value", 109]]}, {"paint": {"fill-color": "#cbc9e2 "}, "source-layer": "layer0", "type": "fill", "filter": ["all", [">=", "value", 30], ["<", "value", 56]]}, {"paint": {"fill-color": "#9e9ac8 "}, "source-layer": "layer0", "type": "fill", "filter": ["all", [">=", "value", 17], ["<", "value", 30]]}, {"paint": {"fill-color": "#756bb1 "}, "source-layer": "layer0", "type": "fill", "filter": ["all", [">=", "value", 8], ["<", "value", 17]]}, {"paint": {"fill-color": "#54278f "}, "source-layer": "layer0", "type": "fill", "filter": ["all", [">=", "value", 0], ["<", "value", 8]]}]}}, "legendConfig": {"items": [{"color": "#54278f", "name": "<8", "id": 0}, {"color": "#756bb1", "name": "<17", "id": 1}, {"color": "#9e9ac8", "name": "<30", "id": 2}, {"color": "#cbc9e2", "name": "<56", "id": 3}, {"color": "#f2f0f7", "name": "<109", "id": 4}], "type": "choropleth"}, "interactionConfig": {"output": [{"column": "name", "format": null, "prefix": "", "property": "Country", "suffix": "", "type": "string"}, {"type": "number", "suffix": " MT", "property": "Domestic Metal Ores Consumption", "prefix": "", "format": "0,0", "column": "value"}]}, "applicationConfig": {}, "staticImageConfig": {}, "createdAt": "2020-02-06T15:27:36.485Z", "updatedAt": "2019-07-23T14:08:40.626Z"}}], "vocabulary": [{"type": "vocabulary", "attributes": {"resource": {"id": "082e2262-c58e-46a0-b6b7-56083cfcbd34", "type": "dataset"}, "tags": ["geospatial", "table", "natural_resource", "mining", "transportation", "historical", "commerce", "commercial_activity", "annual", "biomass", "fossil_fuel", "mineral", "global"], "name": "knowledge_graph", "application": "rw"}}], "widgetRelevantProps": ["isoalpha3", "flow", "mfa13", "mfa4", "time", "name", "metric_tons"], "layerRelevantProps": []}}