{"id": "0a8ef813-9049-4cc4-97bc-d0375b489645", "type": "dataset", "server": "https://api.resourcewatch.org", "attributes": {"name": "req.009b Annual Rate of Change for Energy Intensity", "slug": "req009b-Annual-Rate-of-Change-for-Energy-Intensity", "type": "tabular", "subtitle": "", "application": ["rw"], "dataPath": "", "attributesPath": null, "connectorType": "rest", "provider": "cartodb", "userId": "5ba001878e311b7e3718740f", "connectorUrl": "https://WRI-RW.carto.com/tables/req_009b_annual_rate_of_change_for_energy_intensity/public", "sources": [], "tableName": "req_009b_annual_rate_of_change_for_energy_intensity", "status": "saved", "published": false, "overwrite": false, "verified": false, "blockchain": {}, "mainDateField": "", "env": "production", "geoInfo": true, "protected": false, "legend": {"date": [], "region": [], "country": [], "nested": [], "integer": [], "short": [], "byte": [], "double": [], "float": [], "half_float": [], "scaled_float": [], "boolean": [], "binary": [], "text": [], "keyword": []}, "clonedHost": {}, "errorMessage": "", "taskId": null, "createdAt": "2020-01-13T21:25:46.021Z", "updatedAt": "2020-01-13T21:25:46.417Z", "dataLastUpdated": null, "metadata": [{"id": "5e29bfc7ebc000001115cc9e", "type": "metadata", "attributes": {"dataset": "0a8ef813-9049-4cc4-97bc-d0375b489645", "application": "rw", "resource": {"id": "0a8ef813-9049-4cc4-97bc-d0375b489645", "type": "dataset"}, "language": "en", "name": "Annual Rate of Change in Energy Intensity", "description": "This analysis shows the annual rate of change in energy intensity. Energy intensity indicates how much primary energy is needed to produce one unit of gross domestic product (GDP). Having a low energy intensity indicates that a country can increase its economic growth without having to rely as heavily on energy consumption. A negative percentage for the annual rate of change in energy intensity means that the energy intensity had decreased since the previous year.\n\n  \n  \nThe Resource Watch data team calculated the annual rate of change in energy intensity using the [Energy Intensity](https://resourcewatch.org/data/explore/2c444596-2be3-4786-bdfc-24010f99b21e) dataset on Resource Watch. See the documentation on how Resource Watch analyzed the data on [Github](https://github.com/resource-watch/blog-analysis/tree/master/req_009_energy_decarbonization_leaders).", "source": "", "info": {"rwId": "req.009b", "data_type": null, "name": "Annual Rate of Change in Energy Intensity", "sources": null, "technical_title": "Annual Rate of Change in Energy Intensity", "functions": null, "cautions": null, "citation": null, "license": null, "license_link": null, "geographic_coverage": null, "spatial_resolution": null, "date_of_content": null, "frequency_of_updates": null, "learn_more_link": null, "data_download_link": null, "data_download_original_link": null}, "columns": {"country_name": {"alias": "Country"}, "energy_intensity_annual_rate_of_change_percent": {"alias": "Annual Rate of Change in Energy Intensity (%)"}}, "createdAt": "2020-01-23T15:46:15.103Z", "updatedAt": "2020-02-04T19:45:24.883Z", "status": "published"}}], "widget": [], "layer": [{"id": "5e549d16-521a-4b4e-8b54-60c9588e1c9f", "type": "layer", "attributes": {"name": "1991 Annual Rate of Change in Energy Intensity (%)", "slug": "Annual-Rate-of-Change-in-Energy-Intensity", "dataset": "0a8ef813-9049-4cc4-97bc-d0375b489645", "description": "Annual rate of change (%) in energy intensity for 1991. Energy intensity indicates how much primary energy is needed to produce one unit of gross domestic product (GDP). Having a low energy intensity indicates that a country can increase its economic growth without having to rely as heavily on energy consumption. A negative percentage for the annual rate of change in energy intensity means that the energy intensity had decreased since the previous year.", "application": ["rw"], "iso": [], "provider": "cartodb", "userId": "5ba001878e311b7e3718740f", "default": false, "protected": false, "published": true, "env": "production", "layerConfig": {"account": "wri-rw", "timelineLabel": "1991", "order": 1991, "timeline": true, "body": {"maxzoom": 18, "minzoom": 3, "layers": [{"type": "mapnik", "options": {"sql": "SELECT wri.cartodb_id, ST_Transform(wri.the_geom, 3857) AS the_geom_webmercator, wri.name, wri.iso_a3, data.country_code, data.year, data.energy_intensity_annual_rate_of_change_percent FROM req_009b_annual_rate_of_change_for_energy_intensity data LEFT OUTER JOIN wri_countries_a wri ON wri.iso_a3 =data.country_code WHERE data.year = 1991 AND data.energy_intensity_annual_rate_of_change_percent IS NOT NULL", "cartocss": "#req_009b_annual_rate_of_change_for_energy_intensity {polygon-opacity:1; line-width:0.5; line-color:#FFF; line-opacity:1;} [energy_intensity_annual_rate_of_change_percent>5]{polygon-fill:#a50026;} [energy_intensity_annual_rate_of_change_percent<=5][energy_intensity_annual_rate_of_change_percent>2]{polygon-fill:#f46d43;}[energy_intensity_annual_rate_of_change_percent<=2][energy_intensity_annual_rate_of_change_percent>0]{polygon-fill:#fdae61;}[energy_intensity_annual_rate_of_change_percent=0]{polygon-fill:#ffffbf;} [energy_intensity_annual_rate_of_change_percent<0][energy_intensity_annual_rate_of_change_percent>=-2]{polygon-fill:#abd9e9;} [energy_intensity_annual_rate_of_change_percent>=-5][energy_intensity_annual_rate_of_change_percent<-2]{polygon-fill:#4575b4;} [energy_intensity_annual_rate_of_change_percent<-5]{polygon-fill:#313695;}", "cartocss_version": "2.3.0"}}]}}, "legendConfig": {"type": "choropleth", "items": [{"name": "<-5", "color": "#313695", "id": 0}, {"name": "<-2", "color": "#4575b4", "id": 1}, {"name": "<0", "color": "#abd9e9", "id": 2}, {"name": "0", "color": "#ffffbf", "id": 3}, {"name": ">0", "color": "#fdae61", "id": 4}, {"name": ">2", "color": "#f46d43", "id": 5}, {"name": ">5", "color": "#a50026", "id": 5}]}, "interactionConfig": {"output": [{"column": "name", "format": null, "prefix": "", "property": "Country", "suffix": ""}, {"column": "year", "format": null, "prefix": "", "property": "Year", "suffix": ""}, {"column": "energy_intensity_annual_rate_of_change_percent", "format": null, "prefix": "", "property": "Annual Rate of Change in Energy Intensity", "suffix": " %"}]}, "applicationConfig": {}, "staticImageConfig": {}, "createdAt": "2020-01-13T21:39:57.657Z", "updatedAt": "2020-01-23T15:50:39.951Z"}}, {"id": "2c432e77-1bb3-413f-9c22-e0ec8bfd7b3d", "type": "layer", "attributes": {"name": "1992 Annual Rate of Change in Energy Intensity (%)", "slug": "1992-Annual-Rate-of-Change-in-Energy-Intensity", "dataset": "0a8ef813-9049-4cc4-97bc-d0375b489645", "description": "Annual rate of change (%) in energy intensity for 1992. Energy intensity indicates how much primary energy is needed to produce one unit of gross domestic product (GDP). Having a low energy intensity indicates that a country can increase its economic growth without having to rely as heavily on energy consumption. A negative percentage for the annual rate of change in energy intensity means that the energy intensity had decreased since the previous year.", "application": ["rw"], "iso": [], "provider": "cartodb", "userId": "5ba001878e311b7e3718740f", "default": false, "protected": false, "published": true, "env": "production", "layerConfig": {"account": "wri-rw", "timelineLabel": "1992", "order": 1992, "timeline": true, "body": {"maxzoom": 18, "minzoom": 3, "layers": [{"type": "mapnik", "options": {"sql": "SELECT wri.cartodb_id, ST_Transform(wri.the_geom, 3857) AS the_geom_webmercator, wri.name, wri.iso_a3, data.country_code, data.year, data.energy_intensity_annual_rate_of_change_percent FROM req_009b_annual_rate_of_change_for_energy_intensity data LEFT OUTER JOIN wri_countries_a wri ON wri.iso_a3 =data.country_code WHERE data.year = 1992 AND data.energy_intensity_annual_rate_of_change_percent IS NOT NULL", "cartocss": "#req_009b_annual_rate_of_change_for_energy_intensity {polygon-opacity:1; line-width:0.5; line-color:#FFF; line-opacity:1;} [energy_intensity_annual_rate_of_change_percent>5]{polygon-fill:#a50026;} [energy_intensity_annual_rate_of_change_percent<=5][energy_intensity_annual_rate_of_change_percent>2]{polygon-fill:#f46d43;}[energy_intensity_annual_rate_of_change_percent<=2][energy_intensity_annual_rate_of_change_percent>0]{polygon-fill:#fdae61;}[energy_intensity_annual_rate_of_change_percent=0]{polygon-fill:#ffffbf;} [energy_intensity_annual_rate_of_change_percent<0][energy_intensity_annual_rate_of_change_percent>=-2]{polygon-fill:#abd9e9;} [energy_intensity_annual_rate_of_change_percent>=-5][energy_intensity_annual_rate_of_change_percent<-2]{polygon-fill:#4575b4;} [energy_intensity_annual_rate_of_change_percent<-5]{polygon-fill:#313695;}", "cartocss_version": "2.3.0"}}]}}, "legendConfig": {"type": "choropleth", "items": [{"name": "<-5", "color": "#313695", "id": 0}, {"name": "<-2", "color": "#4575b4", "id": 1}, {"name": "<0", "color": "#abd9e9", "id": 2}, {"name": "0", "color": "#ffffbf", "id": 3}, {"name": ">0", "color": "#fdae61", "id": 4}, {"name": ">2", "color": "#f46d43", "id": 5}, {"name": ">5", "color": "#a50026", "id": 5}]}, "interactionConfig": {"output": [{"column": "name", "format": null, "prefix": "", "property": "Country", "suffix": ""}, {"column": "year", "format": null, "prefix": "", "property": "Year", "suffix": ""}, {"column": "energy_intensity_annual_rate_of_change_percent", "format": null, "prefix": "", "property": "Annual Rate of Change in Energy Intensity", "suffix": " %"}]}, "applicationConfig": {}, "staticImageConfig": {}, "createdAt": "2020-01-15T14:26:05.169Z", "updatedAt": "2020-01-23T15:50:51.723Z"}}, {"id": "1448eb77-c1c5-4b2f-a9fd-23032ad9fa79", "type": "layer", "attributes": {"name": "1993 Annual Rate of Change in Energy Intensity (%)", "slug": "1993-Annual-Rate-of-Change-in-Energy-Intensity", "dataset": "0a8ef813-9049-4cc4-97bc-d0375b489645", "description": "Annual rate of change (%) in energy intensity for 1993. Energy intensity indicates how much primary energy is needed to produce one unit of gross domestic product (GDP). Having a low energy intensity indicates that a country can increase its economic growth without having to rely as heavily on energy consumption. A negative percentage for the annual rate of change in energy intensity means that the energy intensity had decreased since the previous year.", "application": ["rw"], "iso": [], "provider": "cartodb", "userId": "5ba001878e311b7e3718740f", "default": false, "protected": false, "published": true, "env": "production", "layerConfig": {"account": "wri-rw", "timelineLabel": "1993", "order": 1993, "timeline": true, "body": {"maxzoom": 18, "minzoom": 3, "layers": [{"type": "mapnik", "options": {"sql": "SELECT wri.cartodb_id, ST_Transform(wri.the_geom, 3857) AS the_geom_webmercator, wri.name, wri.iso_a3, data.country_code, data.year, data.energy_intensity_annual_rate_of_change_percent FROM req_009b_annual_rate_of_change_for_energy_intensity data LEFT OUTER JOIN wri_countries_a wri ON wri.iso_a3 =data.country_code WHERE data.year = 1993 AND data.energy_intensity_annual_rate_of_change_percent IS NOT NULL", "cartocss": "#req_009b_annual_rate_of_change_for_energy_intensity {polygon-opacity:1; line-width:0.5; line-color:#FFF; line-opacity:1;} [energy_intensity_annual_rate_of_change_percent>5]{polygon-fill:#a50026;} [energy_intensity_annual_rate_of_change_percent<=5][energy_intensity_annual_rate_of_change_percent>2]{polygon-fill:#f46d43;}[energy_intensity_annual_rate_of_change_percent<=2][energy_intensity_annual_rate_of_change_percent>0]{polygon-fill:#fdae61;}[energy_intensity_annual_rate_of_change_percent=0]{polygon-fill:#ffffbf;} [energy_intensity_annual_rate_of_change_percent<0][energy_intensity_annual_rate_of_change_percent>=-2]{polygon-fill:#abd9e9;} [energy_intensity_annual_rate_of_change_percent>=-5][energy_intensity_annual_rate_of_change_percent<-2]{polygon-fill:#4575b4;} [energy_intensity_annual_rate_of_change_percent<-5]{polygon-fill:#313695;}", "cartocss_version": "2.3.0"}}]}}, "legendConfig": {"type": "choropleth", "items": [{"name": "<-5", "color": "#313695", "id": 0}, {"name": "<-2", "color": "#4575b4", "id": 1}, {"name": "<0", "color": "#abd9e9", "id": 2}, {"name": "0", "color": "#ffffbf", "id": 3}, {"name": ">0", "color": "#fdae61", "id": 4}, {"name": ">2", "color": "#f46d43", "id": 5}, {"name": ">5", "color": "#a50026", "id": 5}]}, "interactionConfig": {"output": [{"column": "name", "format": null, "prefix": "", "property": "Country", "suffix": ""}, {"column": "year", "format": null, "prefix": "", "property": "Year", "suffix": ""}, {"column": "energy_intensity_annual_rate_of_change_percent", "format": null, "prefix": "", "property": "Annual Rate of Change in Energy Intensity", "suffix": " %"}]}, "applicationConfig": {}, "staticImageConfig": {}, "createdAt": "2020-01-15T14:26:08.167Z", "updatedAt": "2020-01-23T15:50:59.365Z"}}, {"id": "d4d24b65-308f-4d51-a076-54663c1265b9", "type": "layer", "attributes": {"name": "1994 Annual Rate of Change in Energy Intensity (%)", "slug": "1994-Annual-Rate-of-Change-in-Energy-Intensity", "dataset": "0a8ef813-9049-4cc4-97bc-d0375b489645", "description": "Annual rate of change (%) in energy intensity for 1994. Energy intensity indicates how much primary energy is needed to produce one unit of gross domestic product (GDP). Having a low energy intensity indicates that a country can increase its economic growth without having to rely as heavily on energy consumption. A negative percentage for the annual rate of change in energy intensity means that the energy intensity had decreased since the previous year.", "application": ["rw"], "iso": [], "provider": "cartodb", "userId": "5ba001878e311b7e3718740f", "default": false, "protected": false, "published": true, "env": "production", "layerConfig": {"account": "wri-rw", "timelineLabel": "1994", "order": 1994, "timeline": true, "body": {"maxzoom": 18, "minzoom": 3, "layers": [{"type": "mapnik", "options": {"sql": "SELECT wri.cartodb_id, ST_Transform(wri.the_geom, 3857) AS the_geom_webmercator, wri.name, wri.iso_a3, data.country_code, data.year, data.energy_intensity_annual_rate_of_change_percent FROM req_009b_annual_rate_of_change_for_energy_intensity data LEFT OUTER JOIN wri_countries_a wri ON wri.iso_a3 =data.country_code WHERE data.year = 1994 AND data.energy_intensity_annual_rate_of_change_percent IS NOT NULL", "cartocss": "#req_009b_annual_rate_of_change_for_energy_intensity {polygon-opacity:1; line-width:0.5; line-color:#FFF; line-opacity:1;} [energy_intensity_annual_rate_of_change_percent>5]{polygon-fill:#a50026;} [energy_intensity_annual_rate_of_change_percent<=5][energy_intensity_annual_rate_of_change_percent>2]{polygon-fill:#f46d43;}[energy_intensity_annual_rate_of_change_percent<=2][energy_intensity_annual_rate_of_change_percent>0]{polygon-fill:#fdae61;}[energy_intensity_annual_rate_of_change_percent=0]{polygon-fill:#ffffbf;} [energy_intensity_annual_rate_of_change_percent<0][energy_intensity_annual_rate_of_change_percent>=-2]{polygon-fill:#abd9e9;} [energy_intensity_annual_rate_of_change_percent>=-5][energy_intensity_annual_rate_of_change_percent<-2]{polygon-fill:#4575b4;} [energy_intensity_annual_rate_of_change_percent<-5]{polygon-fill:#313695;}", "cartocss_version": "2.3.0"}}]}}, "legendConfig": {"type": "choropleth", "items": [{"name": "<-5", "color": "#313695", "id": 0}, {"name": "<-2", "color": "#4575b4", "id": 1}, {"name": "<0", "color": "#abd9e9", "id": 2}, {"name": "0", "color": "#ffffbf", "id": 3}, {"name": ">0", "color": "#fdae61", "id": 4}, {"name": ">2", "color": "#f46d43", "id": 5}, {"name": ">5", "color": "#a50026", "id": 5}]}, "interactionConfig": {"output": [{"column": "name", "format": null, "prefix": "", "property": "Country", "suffix": ""}, {"column": "year", "format": null, "prefix": "", "property": "Year", "suffix": ""}, {"column": "energy_intensity_annual_rate_of_change_percent", "format": null, "prefix": "", "property": "Annual Rate of Change in Energy Intensity", "suffix": " %"}]}, "applicationConfig": {}, "staticImageConfig": {}, "createdAt": "2020-01-15T14:26:11.234Z", "updatedAt": "2020-01-23T15:51:07.056Z"}}, {"id": "6c50303f-ac92-4f2a-abdc-d9e58a6cbd6f", "type": "layer", "attributes": {"name": "1995 Annual Rate of Change in Energy Intensity (%)", "slug": "1995-Annual-Rate-of-Change-in-Energy-Intensity", "dataset": "0a8ef813-9049-4cc4-97bc-d0375b489645", "description": "Annual rate of change (%) in energy intensity for 1995. Energy intensity indicates how much primary energy is needed to produce one unit of gross domestic product (GDP). Having a low energy intensity indicates that a country can increase its economic growth without having to rely as heavily on energy consumption. A negative percentage for the annual rate of change in energy intensity means that the energy intensity had decreased since the previous year.", "application": ["rw"], "iso": [], "provider": "cartodb", "userId": "5ba001878e311b7e3718740f", "default": false, "protected": false, "published": true, "env": "production", "layerConfig": {"account": "wri-rw", "timelineLabel": "1995", "order": 1995, "timeline": true, "body": {"maxzoom": 18, "minzoom": 3, "layers": [{"type": "mapnik", "options": {"sql": "SELECT wri.cartodb_id, ST_Transform(wri.the_geom, 3857) AS the_geom_webmercator, wri.name, wri.iso_a3, data.country_code, data.year, data.energy_intensity_annual_rate_of_change_percent FROM req_009b_annual_rate_of_change_for_energy_intensity data LEFT OUTER JOIN wri_countries_a wri ON wri.iso_a3 =data.country_code WHERE data.year = 1995 AND data.energy_intensity_annual_rate_of_change_percent IS NOT NULL", "cartocss": "#req_009b_annual_rate_of_change_for_energy_intensity {polygon-opacity:1; line-width:0.5; line-color:#FFF; line-opacity:1;} [energy_intensity_annual_rate_of_change_percent>5]{polygon-fill:#a50026;} [energy_intensity_annual_rate_of_change_percent<=5][energy_intensity_annual_rate_of_change_percent>2]{polygon-fill:#f46d43;}[energy_intensity_annual_rate_of_change_percent<=2][energy_intensity_annual_rate_of_change_percent>0]{polygon-fill:#fdae61;}[energy_intensity_annual_rate_of_change_percent=0]{polygon-fill:#ffffbf;} [energy_intensity_annual_rate_of_change_percent<0][energy_intensity_annual_rate_of_change_percent>=-2]{polygon-fill:#abd9e9;} [energy_intensity_annual_rate_of_change_percent>=-5][energy_intensity_annual_rate_of_change_percent<-2]{polygon-fill:#4575b4;} [energy_intensity_annual_rate_of_change_percent<-5]{polygon-fill:#313695;}", "cartocss_version": "2.3.0"}}]}}, "legendConfig": {"type": "choropleth", "items": [{"name": "<-5", "color": "#313695", "id": 0}, {"name": "<-2", "color": "#4575b4", "id": 1}, {"name": "<0", "color": "#abd9e9", "id": 2}, {"name": "0", "color": "#ffffbf", "id": 3}, {"name": ">0", "color": "#fdae61", "id": 4}, {"name": ">2", "color": "#f46d43", "id": 5}, {"name": ">5", "color": "#a50026", "id": 5}]}, "interactionConfig": {"output": [{"column": "name", "format": null, "prefix": "", "property": "Country", "suffix": ""}, {"column": "year", "format": null, "prefix": "", "property": "Year", "suffix": ""}, {"column": "energy_intensity_annual_rate_of_change_percent", "format": null, "prefix": "", "property": "Annual Rate of Change in Energy Intensity", "suffix": " %"}]}, "applicationConfig": {}, "staticImageConfig": {}, "createdAt": "2020-01-15T14:26:15.409Z", "updatedAt": "2020-01-23T15:51:21.600Z"}}, {"id": "9c858f83-177c-443d-a0cc-7f2f899606ae", "type": "layer", "attributes": {"name": "1996 Annual Rate of Change in Energy Intensity (%)", "slug": "1996-Annual-Rate-of-Change-in-Energy-Intensity", "dataset": "0a8ef813-9049-4cc4-97bc-d0375b489645", "description": "Annual rate of change (%) in energy intensity for 1996. Energy intensity indicates how much primary energy is needed to produce one unit of gross domestic product (GDP). Having a low energy intensity indicates that a country can increase its economic growth without having to rely as heavily on energy consumption. A negative percentage for the annual rate of change in energy intensity means that the energy intensity had decreased since the previous year.", "application": ["rw"], "iso": [], "provider": "cartodb", "userId": "5ba001878e311b7e3718740f", "default": false, "protected": false, "published": true, "env": "production", "layerConfig": {"account": "wri-rw", "timelineLabel": "1996", "order": 1996, "timeline": true, "body": {"maxzoom": 18, "minzoom": 3, "layers": [{"type": "mapnik", "options": {"sql": "SELECT wri.cartodb_id, ST_Transform(wri.the_geom, 3857) AS the_geom_webmercator, wri.name, wri.iso_a3, data.country_code, data.year, data.energy_intensity_annual_rate_of_change_percent FROM req_009b_annual_rate_of_change_for_energy_intensity data LEFT OUTER JOIN wri_countries_a wri ON wri.iso_a3 =data.country_code WHERE data.year = 1996 AND data.energy_intensity_annual_rate_of_change_percent IS NOT NULL", "cartocss": "#req_009b_annual_rate_of_change_for_energy_intensity {polygon-opacity:1; line-width:0.5; line-color:#FFF; line-opacity:1;} [energy_intensity_annual_rate_of_change_percent>5]{polygon-fill:#a50026;} [energy_intensity_annual_rate_of_change_percent<=5][energy_intensity_annual_rate_of_change_percent>2]{polygon-fill:#f46d43;}[energy_intensity_annual_rate_of_change_percent<=2][energy_intensity_annual_rate_of_change_percent>0]{polygon-fill:#fdae61;}[energy_intensity_annual_rate_of_change_percent=0]{polygon-fill:#ffffbf;} [energy_intensity_annual_rate_of_change_percent<0][energy_intensity_annual_rate_of_change_percent>=-2]{polygon-fill:#abd9e9;} [energy_intensity_annual_rate_of_change_percent>=-5][energy_intensity_annual_rate_of_change_percent<-2]{polygon-fill:#4575b4;} [energy_intensity_annual_rate_of_change_percent<-5]{polygon-fill:#313695;}", "cartocss_version": "2.3.0"}}]}}, "legendConfig": {"type": "choropleth", "items": [{"name": "<-5", "color": "#313695", "id": 0}, {"name": "<-2", "color": "#4575b4", "id": 1}, {"name": "<0", "color": "#abd9e9", "id": 2}, {"name": "0", "color": "#ffffbf", "id": 3}, {"name": ">0", "color": "#fdae61", "id": 4}, {"name": ">2", "color": "#f46d43", "id": 5}, {"name": ">5", "color": "#a50026", "id": 5}]}, "interactionConfig": {"output": [{"column": "name", "format": null, "prefix": "", "property": "Country", "suffix": ""}, {"column": "year", "format": null, "prefix": "", "property": "Year", "suffix": ""}, {"column": "energy_intensity_annual_rate_of_change_percent", "format": null, "prefix": "", "property": "Annual Rate of Change in Energy Intensity", "suffix": " %"}]}, "applicationConfig": {}, "staticImageConfig": {}, "createdAt": "2020-01-15T14:26:18.609Z", "updatedAt": "2020-01-23T15:51:27.682Z"}}, {"id": "6b92ca19-f9d9-4490-8e6b-721c5e03c364", "type": "layer", "attributes": {"name": "1997 Annual Rate of Change in Energy Intensity (%)", "slug": "1997-Annual-Rate-of-Change-in-Energy-Intensity", "dataset": "0a8ef813-9049-4cc4-97bc-d0375b489645", "description": "Annual rate of change (%) in energy intensity for 1997. Energy intensity indicates how much primary energy is needed to produce one unit of gross domestic product (GDP). Having a low energy intensity indicates that a country can increase its economic growth without having to rely as heavily on energy consumption. A negative percentage for the annual rate of change in energy intensity means that the energy intensity had decreased since the previous year.", "application": ["rw"], "iso": [], "provider": "cartodb", "userId": "5ba001878e311b7e3718740f", "default": false, "protected": false, "published": true, "env": "production", "layerConfig": {"account": "wri-rw", "timelineLabel": "1997", "order": 1997, "timeline": true, "body": {"maxzoom": 18, "minzoom": 3, "layers": [{"type": "mapnik", "options": {"sql": "SELECT wri.cartodb_id, ST_Transform(wri.the_geom, 3857) AS the_geom_webmercator, wri.name, wri.iso_a3, data.country_code, data.year, data.energy_intensity_annual_rate_of_change_percent FROM req_009b_annual_rate_of_change_for_energy_intensity data LEFT OUTER JOIN wri_countries_a wri ON wri.iso_a3 =data.country_code WHERE data.year = 1997 AND data.energy_intensity_annual_rate_of_change_percent IS NOT NULL", "cartocss": "#req_009b_annual_rate_of_change_for_energy_intensity {polygon-opacity:1; line-width:0.5; line-color:#FFF; line-opacity:1;} [energy_intensity_annual_rate_of_change_percent>5]{polygon-fill:#a50026;} [energy_intensity_annual_rate_of_change_percent<=5][energy_intensity_annual_rate_of_change_percent>2]{polygon-fill:#f46d43;}[energy_intensity_annual_rate_of_change_percent<=2][energy_intensity_annual_rate_of_change_percent>0]{polygon-fill:#fdae61;}[energy_intensity_annual_rate_of_change_percent=0]{polygon-fill:#ffffbf;} [energy_intensity_annual_rate_of_change_percent<0][energy_intensity_annual_rate_of_change_percent>=-2]{polygon-fill:#abd9e9;} [energy_intensity_annual_rate_of_change_percent>=-5][energy_intensity_annual_rate_of_change_percent<-2]{polygon-fill:#4575b4;} [energy_intensity_annual_rate_of_change_percent<-5]{polygon-fill:#313695;}", "cartocss_version": "2.3.0"}}]}}, "legendConfig": {"type": "choropleth", "items": [{"name": "<-5", "color": "#313695", "id": 0}, {"name": "<-2", "color": "#4575b4", "id": 1}, {"name": "<0", "color": "#abd9e9", "id": 2}, {"name": "0", "color": "#ffffbf", "id": 3}, {"name": ">0", "color": "#fdae61", "id": 4}, {"name": ">2", "color": "#f46d43", "id": 5}, {"name": ">5", "color": "#a50026", "id": 5}]}, "interactionConfig": {"output": [{"column": "name", "format": null, "prefix": "", "property": "Country", "suffix": ""}, {"column": "year", "format": null, "prefix": "", "property": "Year", "suffix": ""}, {"column": "energy_intensity_annual_rate_of_change_percent", "format": null, "prefix": "", "property": "Annual Rate of Change in Energy Intensity", "suffix": " %"}]}, "applicationConfig": {}, "staticImageConfig": {}, "createdAt": "2020-01-15T14:26:23.008Z", "updatedAt": "2020-01-23T15:52:29.271Z"}}, {"id": "1183e0a9-443a-418e-840d-9d5a68daad3d", "type": "layer", "attributes": {"name": "1998 Annual Rate of Change in Energy Intensity (%)", "slug": "1998-Annual-Rate-of-Change-in-Energy-Intensity", "dataset": "0a8ef813-9049-4cc4-97bc-d0375b489645", "description": "Annual rate of change (%) in energy intensity for 1998. Energy intensity indicates how much primary energy is needed to produce one unit of gross domestic product (GDP). Having a low energy intensity indicates that a country can increase its economic growth without having to rely as heavily on energy consumption. A negative percentage for the annual rate of change in energy intensity means that the energy intensity had decreased since the previous year.", "application": ["rw"], "iso": [], "provider": "cartodb", "userId": "5ba001878e311b7e3718740f", "default": false, "protected": false, "published": true, "env": "production", "layerConfig": {"account": "wri-rw", "timelineLabel": "1998", "order": 1998, "timeline": true, "body": {"maxzoom": 18, "minzoom": 3, "layers": [{"type": "mapnik", "options": {"sql": "SELECT wri.cartodb_id, ST_Transform(wri.the_geom, 3857) AS the_geom_webmercator, wri.name, wri.iso_a3, data.country_code, data.year, data.energy_intensity_annual_rate_of_change_percent FROM req_009b_annual_rate_of_change_for_energy_intensity data LEFT OUTER JOIN wri_countries_a wri ON wri.iso_a3 =data.country_code WHERE data.year = 1998 AND data.energy_intensity_annual_rate_of_change_percent IS NOT NULL", "cartocss": "#req_009b_annual_rate_of_change_for_energy_intensity {polygon-opacity:1; line-width:0.5; line-color:#FFF; line-opacity:1;} [energy_intensity_annual_rate_of_change_percent>5]{polygon-fill:#a50026;} [energy_intensity_annual_rate_of_change_percent<=5][energy_intensity_annual_rate_of_change_percent>2]{polygon-fill:#f46d43;}[energy_intensity_annual_rate_of_change_percent<=2][energy_intensity_annual_rate_of_change_percent>0]{polygon-fill:#fdae61;}[energy_intensity_annual_rate_of_change_percent=0]{polygon-fill:#ffffbf;} [energy_intensity_annual_rate_of_change_percent<0][energy_intensity_annual_rate_of_change_percent>=-2]{polygon-fill:#abd9e9;} [energy_intensity_annual_rate_of_change_percent>=-5][energy_intensity_annual_rate_of_change_percent<-2]{polygon-fill:#4575b4;} [energy_intensity_annual_rate_of_change_percent<-5]{polygon-fill:#313695;}", "cartocss_version": "2.3.0"}}]}}, "legendConfig": {"type": "choropleth", "items": [{"name": "<-5", "color": "#313695", "id": 0}, {"name": "<-2", "color": "#4575b4", "id": 1}, {"name": "<0", "color": "#abd9e9", "id": 2}, {"name": "0", "color": "#ffffbf", "id": 3}, {"name": ">0", "color": "#fdae61", "id": 4}, {"name": ">2", "color": "#f46d43", "id": 5}, {"name": ">5", "color": "#a50026", "id": 5}]}, "interactionConfig": {"output": [{"column": "name", "format": null, "prefix": "", "property": "Country", "suffix": ""}, {"column": "year", "format": null, "prefix": "", "property": "Year", "suffix": ""}, {"column": "energy_intensity_annual_rate_of_change_percent", "format": null, "prefix": "", "property": "Annual Rate of Change in Energy Intensity", "suffix": " %"}]}, "applicationConfig": {}, "staticImageConfig": {}, "createdAt": "2020-01-15T14:26:27.422Z", "updatedAt": "2020-01-23T15:52:35.529Z"}}, {"id": "8992a7b8-9f46-46b9-a89c-b1080665a664", "type": "layer", "attributes": {"name": "1999 Annual Rate of Change in Energy Intensity (%)", "slug": "1999-Annual-Rate-of-Change-in-Energy-Intensity", "dataset": "0a8ef813-9049-4cc4-97bc-d0375b489645", "description": "Annual rate of change (%) in energy intensity for 1999. Energy intensity indicates how much primary energy is needed to produce one unit of gross domestic product (GDP). Having a low energy intensity indicates that a country can increase its economic growth without having to rely as heavily on energy consumption. A negative percentage for the annual rate of change in energy intensity means that the energy intensity had decreased since the previous year.", "application": ["rw"], "iso": [], "provider": "cartodb", "userId": "5ba001878e311b7e3718740f", "default": false, "protected": false, "published": true, "env": "production", "layerConfig": {"account": "wri-rw", "timelineLabel": "1999", "order": 1999, "timeline": true, "body": {"maxzoom": 18, "minzoom": 3, "layers": [{"type": "mapnik", "options": {"sql": "SELECT wri.cartodb_id, ST_Transform(wri.the_geom, 3857) AS the_geom_webmercator, wri.name, wri.iso_a3, data.country_code, data.year, data.energy_intensity_annual_rate_of_change_percent FROM req_009b_annual_rate_of_change_for_energy_intensity data LEFT OUTER JOIN wri_countries_a wri ON wri.iso_a3 =data.country_code WHERE data.year = 1999 AND data.energy_intensity_annual_rate_of_change_percent IS NOT NULL", "cartocss": "#req_009b_annual_rate_of_change_for_energy_intensity {polygon-opacity:1; line-width:0.5; line-color:#FFF; line-opacity:1;} [energy_intensity_annual_rate_of_change_percent>5]{polygon-fill:#a50026;} [energy_intensity_annual_rate_of_change_percent<=5][energy_intensity_annual_rate_of_change_percent>2]{polygon-fill:#f46d43;}[energy_intensity_annual_rate_of_change_percent<=2][energy_intensity_annual_rate_of_change_percent>0]{polygon-fill:#fdae61;}[energy_intensity_annual_rate_of_change_percent=0]{polygon-fill:#ffffbf;} [energy_intensity_annual_rate_of_change_percent<0][energy_intensity_annual_rate_of_change_percent>=-2]{polygon-fill:#abd9e9;} [energy_intensity_annual_rate_of_change_percent>=-5][energy_intensity_annual_rate_of_change_percent<-2]{polygon-fill:#4575b4;} [energy_intensity_annual_rate_of_change_percent<-5]{polygon-fill:#313695;}", "cartocss_version": "2.3.0"}}]}}, "legendConfig": {"type": "choropleth", "items": [{"name": "<-5", "color": "#313695", "id": 0}, {"name": "<-2", "color": "#4575b4", "id": 1}, {"name": "<0", "color": "#abd9e9", "id": 2}, {"name": "0", "color": "#ffffbf", "id": 3}, {"name": ">0", "color": "#fdae61", "id": 4}, {"name": ">2", "color": "#f46d43", "id": 5}, {"name": ">5", "color": "#a50026", "id": 5}]}, "interactionConfig": {"output": [{"column": "name", "format": null, "prefix": "", "property": "Country", "suffix": ""}, {"column": "year", "format": null, "prefix": "", "property": "Year", "suffix": ""}, {"column": "energy_intensity_annual_rate_of_change_percent", "format": null, "prefix": "", "property": "Annual Rate of Change in Energy Intensity", "suffix": " %"}]}, "applicationConfig": {}, "staticImageConfig": {}, "createdAt": "2020-01-15T14:26:31.004Z", "updatedAt": "2020-01-23T15:52:43.001Z"}}, {"id": "1983455f-026c-4eab-a07d-85b2bb511448", "type": "layer", "attributes": {"name": "2000 Annual Rate of Change in Energy Intensity (%)", "slug": "2000-Annual-Rate-of-Change-in-Energy-Intensity", "dataset": "0a8ef813-9049-4cc4-97bc-d0375b489645", "description": "Annual rate of change (%) in energy intensity for 2000. Energy intensity indicates how much primary energy is needed to produce one unit of gross domestic product (GDP). Having a low energy intensity indicates that a country can increase its economic growth without having to rely as heavily on energy consumption. A negative percentage for the annual rate of change in energy intensity means that the energy intensity had decreased since the previous year.", "application": ["rw"], "iso": [], "provider": "cartodb", "userId": "5ba001878e311b7e3718740f", "default": false, "protected": false, "published": true, "env": "production", "layerConfig": {"account": "wri-rw", "timelineLabel": "2000", "order": 2000, "timeline": true, "body": {"maxzoom": 18, "minzoom": 3, "layers": [{"type": "mapnik", "options": {"sql": "SELECT wri.cartodb_id, ST_Transform(wri.the_geom, 3857) AS the_geom_webmercator, wri.name, wri.iso_a3, data.country_code, data.year, data.energy_intensity_annual_rate_of_change_percent FROM req_009b_annual_rate_of_change_for_energy_intensity data LEFT OUTER JOIN wri_countries_a wri ON wri.iso_a3 =data.country_code WHERE data.year = 2000 AND data.energy_intensity_annual_rate_of_change_percent IS NOT NULL", "cartocss": "#req_009b_annual_rate_of_change_for_energy_intensity {polygon-opacity:1; line-width:0.5; line-color:#FFF; line-opacity:1;} [energy_intensity_annual_rate_of_change_percent>5]{polygon-fill:#a50026;} [energy_intensity_annual_rate_of_change_percent<=5][energy_intensity_annual_rate_of_change_percent>2]{polygon-fill:#f46d43;}[energy_intensity_annual_rate_of_change_percent<=2][energy_intensity_annual_rate_of_change_percent>0]{polygon-fill:#fdae61;}[energy_intensity_annual_rate_of_change_percent=0]{polygon-fill:#ffffbf;} [energy_intensity_annual_rate_of_change_percent<0][energy_intensity_annual_rate_of_change_percent>=-2]{polygon-fill:#abd9e9;} [energy_intensity_annual_rate_of_change_percent>=-5][energy_intensity_annual_rate_of_change_percent<-2]{polygon-fill:#4575b4;} [energy_intensity_annual_rate_of_change_percent<-5]{polygon-fill:#313695;}", "cartocss_version": "2.3.0"}}]}}, "legendConfig": {"type": "choropleth", "items": [{"name": "<-5", "color": "#313695", "id": 0}, {"name": "<-2", "color": "#4575b4", "id": 1}, {"name": "<0", "color": "#abd9e9", "id": 2}, {"name": "0", "color": "#ffffbf", "id": 3}, {"name": ">0", "color": "#fdae61", "id": 4}, {"name": ">2", "color": "#f46d43", "id": 5}, {"name": ">5", "color": "#a50026", "id": 5}]}, "interactionConfig": {"output": [{"column": "name", "format": null, "prefix": "", "property": "Country", "suffix": ""}, {"column": "year", "format": null, "prefix": "", "property": "Year", "suffix": ""}, {"column": "energy_intensity_annual_rate_of_change_percent", "format": null, "prefix": "", "property": "Annual Rate of Change in Energy Intensity", "suffix": " %"}]}, "applicationConfig": {}, "staticImageConfig": {}, "createdAt": "2020-01-15T14:26:35.818Z", "updatedAt": "2020-01-23T15:52:50.071Z"}}, {"id": "60a857f2-8b54-473c-abc9-0e6c61672ea3", "type": "layer", "attributes": {"name": "2001 Annual Rate of Change in Energy Intensity (%)", "slug": "2001-Annual-Rate-of-Change-in-Energy-Intensity", "dataset": "0a8ef813-9049-4cc4-97bc-d0375b489645", "description": "Annual rate of change (%) in energy intensity for 2001. Energy intensity indicates how much primary energy is needed to produce one unit of gross domestic product (GDP). Having a low energy intensity indicates that a country can increase its economic growth without having to rely as heavily on energy consumption. A negative percentage for the annual rate of change in energy intensity means that the energy intensity had decreased since the previous year.", "application": ["rw"], "iso": [], "provider": "cartodb", "userId": "5ba001878e311b7e3718740f", "default": false, "protected": false, "published": true, "env": "production", "layerConfig": {"account": "wri-rw", "timelineLabel": "2001", "order": 2001, "timeline": true, "body": {"maxzoom": 18, "minzoom": 3, "layers": [{"type": "mapnik", "options": {"sql": "SELECT wri.cartodb_id, ST_Transform(wri.the_geom, 3857) AS the_geom_webmercator, wri.name, wri.iso_a3, data.country_code, data.year, data.energy_intensity_annual_rate_of_change_percent FROM req_009b_annual_rate_of_change_for_energy_intensity data LEFT OUTER JOIN wri_countries_a wri ON wri.iso_a3 =data.country_code WHERE data.year = 2001 AND data.energy_intensity_annual_rate_of_change_percent IS NOT NULL", "cartocss": "#req_009b_annual_rate_of_change_for_energy_intensity {polygon-opacity:1; line-width:0.5; line-color:#FFF; line-opacity:1;} [energy_intensity_annual_rate_of_change_percent>5]{polygon-fill:#a50026;} [energy_intensity_annual_rate_of_change_percent<=5][energy_intensity_annual_rate_of_change_percent>2]{polygon-fill:#f46d43;}[energy_intensity_annual_rate_of_change_percent<=2][energy_intensity_annual_rate_of_change_percent>0]{polygon-fill:#fdae61;}[energy_intensity_annual_rate_of_change_percent=0]{polygon-fill:#ffffbf;} [energy_intensity_annual_rate_of_change_percent<0][energy_intensity_annual_rate_of_change_percent>=-2]{polygon-fill:#abd9e9;} [energy_intensity_annual_rate_of_change_percent>=-5][energy_intensity_annual_rate_of_change_percent<-2]{polygon-fill:#4575b4;} [energy_intensity_annual_rate_of_change_percent<-5]{polygon-fill:#313695;}", "cartocss_version": "2.3.0"}}]}}, "legendConfig": {"type": "choropleth", "items": [{"name": "<-5", "color": "#313695", "id": 0}, {"name": "<-2", "color": "#4575b4", "id": 1}, {"name": "<0", "color": "#abd9e9", "id": 2}, {"name": "0", "color": "#ffffbf", "id": 3}, {"name": ">0", "color": "#fdae61", "id": 4}, {"name": ">2", "color": "#f46d43", "id": 5}, {"name": ">5", "color": "#a50026", "id": 5}]}, "interactionConfig": {"output": [{"column": "name", "format": null, "prefix": "", "property": "Country", "suffix": ""}, {"column": "year", "format": null, "prefix": "", "property": "Year", "suffix": ""}, {"column": "energy_intensity_annual_rate_of_change_percent", "format": null, "prefix": "", "property": "Annual Rate of Change in Energy Intensity", "suffix": " %"}]}, "applicationConfig": {}, "staticImageConfig": {}, "createdAt": "2020-01-15T14:26:40.499Z", "updatedAt": "2020-01-23T15:52:57.448Z"}}, {"id": "fd26be0d-4796-4d70-a318-a0a4ec641f61", "type": "layer", "attributes": {"name": "2002 Annual Rate of Change in Energy Intensity (%)", "slug": "2002-Annual-Rate-of-Change-in-Energy-Intensity", "dataset": "0a8ef813-9049-4cc4-97bc-d0375b489645", "description": "Annual rate of change (%) in energy intensity for 2002. Energy intensity indicates how much primary energy is needed to produce one unit of gross domestic product (GDP). Having a low energy intensity indicates that a country can increase its economic growth without having to rely as heavily on energy consumption. A negative percentage for the annual rate of change in energy intensity means that the energy intensity had decreased since the previous year.", "application": ["rw"], "iso": [], "provider": "cartodb", "userId": "5ba001878e311b7e3718740f", "default": false, "protected": false, "published": true, "env": "production", "layerConfig": {"account": "wri-rw", "timelineLabel": "2002", "order": 2002, "timeline": true, "body": {"maxzoom": 18, "minzoom": 3, "layers": [{"type": "mapnik", "options": {"sql": "SELECT wri.cartodb_id, ST_Transform(wri.the_geom, 3857) AS the_geom_webmercator, wri.name, wri.iso_a3, data.country_code, data.year, data.energy_intensity_annual_rate_of_change_percent FROM req_009b_annual_rate_of_change_for_energy_intensity data LEFT OUTER JOIN wri_countries_a wri ON wri.iso_a3 =data.country_code WHERE data.year = 2002 AND data.energy_intensity_annual_rate_of_change_percent IS NOT NULL", "cartocss": "#req_009b_annual_rate_of_change_for_energy_intensity {polygon-opacity:1; line-width:0.5; line-color:#FFF; line-opacity:1;} [energy_intensity_annual_rate_of_change_percent>5]{polygon-fill:#a50026;} [energy_intensity_annual_rate_of_change_percent<=5][energy_intensity_annual_rate_of_change_percent>2]{polygon-fill:#f46d43;}[energy_intensity_annual_rate_of_change_percent<=2][energy_intensity_annual_rate_of_change_percent>0]{polygon-fill:#fdae61;}[energy_intensity_annual_rate_of_change_percent=0]{polygon-fill:#ffffbf;} [energy_intensity_annual_rate_of_change_percent<0][energy_intensity_annual_rate_of_change_percent>=-2]{polygon-fill:#abd9e9;} [energy_intensity_annual_rate_of_change_percent>=-5][energy_intensity_annual_rate_of_change_percent<-2]{polygon-fill:#4575b4;} [energy_intensity_annual_rate_of_change_percent<-5]{polygon-fill:#313695;}", "cartocss_version": "2.3.0"}}]}}, "legendConfig": {"type": "choropleth", "items": [{"name": "<-5", "color": "#313695", "id": 0}, {"name": "<-2", "color": "#4575b4", "id": 1}, {"name": "<0", "color": "#abd9e9", "id": 2}, {"name": "0", "color": "#ffffbf", "id": 3}, {"name": ">0", "color": "#fdae61", "id": 4}, {"name": ">2", "color": "#f46d43", "id": 5}, {"name": ">5", "color": "#a50026", "id": 5}]}, "interactionConfig": {"output": [{"column": "name", "format": null, "prefix": "", "property": "Country", "suffix": ""}, {"column": "year", "format": null, "prefix": "", "property": "Year", "suffix": ""}, {"column": "energy_intensity_annual_rate_of_change_percent", "format": null, "prefix": "", "property": "Annual Rate of Change in Energy Intensity", "suffix": " %"}]}, "applicationConfig": {}, "staticImageConfig": {}, "createdAt": "2020-01-15T14:26:45.351Z", "updatedAt": "2020-01-23T15:53:03.971Z"}}, {"id": "03211f5e-c839-4707-87c8-724c0090753a", "type": "layer", "attributes": {"name": "2003 Annual Rate of Change in Energy Intensity (%)", "slug": "2003-Annual-Rate-of-Change-in-Energy-Intensity", "dataset": "0a8ef813-9049-4cc4-97bc-d0375b489645", "description": "Annual rate of change (%) in energy intensity for 2003. Energy intensity indicates how much primary energy is needed to produce one unit of gross domestic product (GDP). Having a low energy intensity indicates that a country can increase its economic growth without having to rely as heavily on energy consumption. A negative percentage for the annual rate of change in energy intensity means that the energy intensity had decreased since the previous year.", "application": ["rw"], "iso": [], "provider": "cartodb", "userId": "5ba001878e311b7e3718740f", "default": false, "protected": false, "published": true, "env": "production", "layerConfig": {"account": "wri-rw", "timelineLabel": "2003", "order": 2003, "timeline": true, "body": {"maxzoom": 18, "minzoom": 3, "layers": [{"type": "mapnik", "options": {"sql": "SELECT wri.cartodb_id, ST_Transform(wri.the_geom, 3857) AS the_geom_webmercator, wri.name, wri.iso_a3, data.country_code, data.year, data.energy_intensity_annual_rate_of_change_percent FROM req_009b_annual_rate_of_change_for_energy_intensity data LEFT OUTER JOIN wri_countries_a wri ON wri.iso_a3 =data.country_code WHERE data.year = 2003 AND data.energy_intensity_annual_rate_of_change_percent IS NOT NULL", "cartocss": "#req_009b_annual_rate_of_change_for_energy_intensity {polygon-opacity:1; line-width:0.5; line-color:#FFF; line-opacity:1;} [energy_intensity_annual_rate_of_change_percent>5]{polygon-fill:#a50026;} [energy_intensity_annual_rate_of_change_percent<=5][energy_intensity_annual_rate_of_change_percent>2]{polygon-fill:#f46d43;}[energy_intensity_annual_rate_of_change_percent<=2][energy_intensity_annual_rate_of_change_percent>0]{polygon-fill:#fdae61;}[energy_intensity_annual_rate_of_change_percent=0]{polygon-fill:#ffffbf;} [energy_intensity_annual_rate_of_change_percent<0][energy_intensity_annual_rate_of_change_percent>=-2]{polygon-fill:#abd9e9;} [energy_intensity_annual_rate_of_change_percent>=-5][energy_intensity_annual_rate_of_change_percent<-2]{polygon-fill:#4575b4;} [energy_intensity_annual_rate_of_change_percent<-5]{polygon-fill:#313695;}", "cartocss_version": "2.3.0"}}]}}, "legendConfig": {"type": "choropleth", "items": [{"name": "<-5", "color": "#313695", "id": 0}, {"name": "<-2", "color": "#4575b4", "id": 1}, {"name": "<0", "color": "#abd9e9", "id": 2}, {"name": "0", "color": "#ffffbf", "id": 3}, {"name": ">0", "color": "#fdae61", "id": 4}, {"name": ">2", "color": "#f46d43", "id": 5}, {"name": ">5", "color": "#a50026", "id": 5}]}, "interactionConfig": {"output": [{"column": "name", "format": null, "prefix": "", "property": "Country", "suffix": ""}, {"column": "year", "format": null, "prefix": "", "property": "Year", "suffix": ""}, {"column": "energy_intensity_annual_rate_of_change_percent", "format": null, "prefix": "", "property": "Annual Rate of Change in Energy Intensity", "suffix": " %"}]}, "applicationConfig": {}, "staticImageConfig": {}, "createdAt": "2020-01-15T14:26:50.746Z", "updatedAt": "2020-01-23T15:53:10.375Z"}}, {"id": "87b40f1e-c2ad-437b-bcef-dd2a99869ce5", "type": "layer", "attributes": {"name": "2004 Annual Rate of Change in Energy Intensity (%)", "slug": "2004-Annual-Rate-of-Change-in-Energy-Intensity", "dataset": "0a8ef813-9049-4cc4-97bc-d0375b489645", "description": "Annual rate of change (%) in energy intensity for 2004. Energy intensity indicates how much primary energy is needed to produce one unit of gross domestic product (GDP). Having a low energy intensity indicates that a country can increase its economic growth without having to rely as heavily on energy consumption. A negative percentage for the annual rate of change in energy intensity means that the energy intensity had decreased since the previous year.", "application": ["rw"], "iso": [], "provider": "cartodb", "userId": "5ba001878e311b7e3718740f", "default": false, "protected": false, "published": true, "env": "production", "layerConfig": {"account": "wri-rw", "timelineLabel": "2004", "order": 2004, "timeline": true, "body": {"maxzoom": 18, "minzoom": 3, "layers": [{"type": "mapnik", "options": {"sql": "SELECT wri.cartodb_id, ST_Transform(wri.the_geom, 3857) AS the_geom_webmercator, wri.name, wri.iso_a3, data.country_code, data.year, data.energy_intensity_annual_rate_of_change_percent FROM req_009b_annual_rate_of_change_for_energy_intensity data LEFT OUTER JOIN wri_countries_a wri ON wri.iso_a3 =data.country_code WHERE data.year = 2004 AND data.energy_intensity_annual_rate_of_change_percent IS NOT NULL", "cartocss": "#req_009b_annual_rate_of_change_for_energy_intensity {polygon-opacity:1; line-width:0.5; line-color:#FFF; line-opacity:1;} [energy_intensity_annual_rate_of_change_percent>5]{polygon-fill:#a50026;} [energy_intensity_annual_rate_of_change_percent<=5][energy_intensity_annual_rate_of_change_percent>2]{polygon-fill:#f46d43;}[energy_intensity_annual_rate_of_change_percent<=2][energy_intensity_annual_rate_of_change_percent>0]{polygon-fill:#fdae61;}[energy_intensity_annual_rate_of_change_percent=0]{polygon-fill:#ffffbf;} [energy_intensity_annual_rate_of_change_percent<0][energy_intensity_annual_rate_of_change_percent>=-2]{polygon-fill:#abd9e9;} [energy_intensity_annual_rate_of_change_percent>=-5][energy_intensity_annual_rate_of_change_percent<-2]{polygon-fill:#4575b4;} [energy_intensity_annual_rate_of_change_percent<-5]{polygon-fill:#313695;}", "cartocss_version": "2.3.0"}}]}}, "legendConfig": {"type": "choropleth", "items": [{"name": "<-5", "color": "#313695", "id": 0}, {"name": "<-2", "color": "#4575b4", "id": 1}, {"name": "<0", "color": "#abd9e9", "id": 2}, {"name": "0", "color": "#ffffbf", "id": 3}, {"name": ">0", "color": "#fdae61", "id": 4}, {"name": ">2", "color": "#f46d43", "id": 5}, {"name": ">5", "color": "#a50026", "id": 5}]}, "interactionConfig": {"output": [{"column": "name", "format": null, "prefix": "", "property": "Country", "suffix": ""}, {"column": "year", "format": null, "prefix": "", "property": "Year", "suffix": ""}, {"column": "energy_intensity_annual_rate_of_change_percent", "format": null, "prefix": "", "property": "Annual Rate of Change in Energy Intensity", "suffix": " %"}]}, "applicationConfig": {}, "staticImageConfig": {}, "createdAt": "2020-01-15T14:26:56.928Z", "updatedAt": "2020-01-23T15:53:17.818Z"}}, {"id": "6e1446ad-9f85-42d3-be26-c2fa782fd3ef", "type": "layer", "attributes": {"name": "2005 Annual Rate of Change in Energy Intensity (%)", "slug": "2005-Annual-Rate-of-Change-in-Energy-Intensity", "dataset": "0a8ef813-9049-4cc4-97bc-d0375b489645", "description": "Annual rate of change (%) in energy intensity for 2005. Energy intensity indicates how much primary energy is needed to produce one unit of gross domestic product (GDP). Having a low energy intensity indicates that a country can increase its economic growth without having to rely as heavily on energy consumption. A negative percentage for the annual rate of change in energy intensity means that the energy intensity had decreased since the previous year.", "application": ["rw"], "iso": [], "provider": "cartodb", "userId": "5ba001878e311b7e3718740f", "default": false, "protected": false, "published": true, "env": "production", "layerConfig": {"account": "wri-rw", "timelineLabel": "2005", "order": 2005, "timeline": true, "body": {"maxzoom": 18, "minzoom": 3, "layers": [{"type": "mapnik", "options": {"sql": "SELECT wri.cartodb_id, ST_Transform(wri.the_geom, 3857) AS the_geom_webmercator, wri.name, wri.iso_a3, data.country_code, data.year, data.energy_intensity_annual_rate_of_change_percent FROM req_009b_annual_rate_of_change_for_energy_intensity data LEFT OUTER JOIN wri_countries_a wri ON wri.iso_a3 =data.country_code WHERE data.year = 2005 AND data.energy_intensity_annual_rate_of_change_percent IS NOT NULL", "cartocss": "#req_009b_annual_rate_of_change_for_energy_intensity {polygon-opacity:1; line-width:0.5; line-color:#FFF; line-opacity:1;} [energy_intensity_annual_rate_of_change_percent>5]{polygon-fill:#a50026;} [energy_intensity_annual_rate_of_change_percent<=5][energy_intensity_annual_rate_of_change_percent>2]{polygon-fill:#f46d43;}[energy_intensity_annual_rate_of_change_percent<=2][energy_intensity_annual_rate_of_change_percent>0]{polygon-fill:#fdae61;}[energy_intensity_annual_rate_of_change_percent=0]{polygon-fill:#ffffbf;} [energy_intensity_annual_rate_of_change_percent<0][energy_intensity_annual_rate_of_change_percent>=-2]{polygon-fill:#abd9e9;} [energy_intensity_annual_rate_of_change_percent>=-5][energy_intensity_annual_rate_of_change_percent<-2]{polygon-fill:#4575b4;} [energy_intensity_annual_rate_of_change_percent<-5]{polygon-fill:#313695;}", "cartocss_version": "2.3.0"}}]}}, "legendConfig": {"type": "choropleth", "items": [{"name": "<-5", "color": "#313695", "id": 0}, {"name": "<-2", "color": "#4575b4", "id": 1}, {"name": "<0", "color": "#abd9e9", "id": 2}, {"name": "0", "color": "#ffffbf", "id": 3}, {"name": ">0", "color": "#fdae61", "id": 4}, {"name": ">2", "color": "#f46d43", "id": 5}, {"name": ">5", "color": "#a50026", "id": 5}]}, "interactionConfig": {"output": [{"column": "name", "format": null, "prefix": "", "property": "Country", "suffix": ""}, {"column": "year", "format": null, "prefix": "", "property": "Year", "suffix": ""}, {"column": "energy_intensity_annual_rate_of_change_percent", "format": null, "prefix": "", "property": "Annual Rate of Change in Energy Intensity", "suffix": " %"}]}, "applicationConfig": {}, "staticImageConfig": {}, "createdAt": "2020-01-15T14:27:02.778Z", "updatedAt": "2020-01-23T15:53:24.305Z"}}, {"id": "c0ab0483-67cc-44a3-8c07-4026648ea3e0", "type": "layer", "attributes": {"name": "2006 Annual Rate of Change in Energy Intensity (%)", "slug": "2006-Annual-Rate-of-Change-in-Energy-Intensity", "dataset": "0a8ef813-9049-4cc4-97bc-d0375b489645", "description": "Annual rate of change (%) in energy intensity for 2006. Energy intensity indicates how much primary energy is needed to produce one unit of gross domestic product (GDP). Having a low energy intensity indicates that a country can increase its economic growth without having to rely as heavily on energy consumption. A negative percentage for the annual rate of change in energy intensity means that the energy intensity had decreased since the previous year.", "application": ["rw"], "iso": [], "provider": "cartodb", "userId": "5ba001878e311b7e3718740f", "default": false, "protected": false, "published": true, "env": "production", "layerConfig": {"account": "wri-rw", "timelineLabel": "2006", "order": 2006, "timeline": true, "body": {"maxzoom": 18, "minzoom": 3, "layers": [{"type": "mapnik", "options": {"sql": "SELECT wri.cartodb_id, ST_Transform(wri.the_geom, 3857) AS the_geom_webmercator, wri.name, wri.iso_a3, data.country_code, data.year, data.energy_intensity_annual_rate_of_change_percent FROM req_009b_annual_rate_of_change_for_energy_intensity data LEFT OUTER JOIN wri_countries_a wri ON wri.iso_a3 =data.country_code WHERE data.year = 2006 AND data.energy_intensity_annual_rate_of_change_percent IS NOT NULL", "cartocss": "#req_009b_annual_rate_of_change_for_energy_intensity {polygon-opacity:1; line-width:0.5; line-color:#FFF; line-opacity:1;} [energy_intensity_annual_rate_of_change_percent>5]{polygon-fill:#a50026;} [energy_intensity_annual_rate_of_change_percent<=5][energy_intensity_annual_rate_of_change_percent>2]{polygon-fill:#f46d43;}[energy_intensity_annual_rate_of_change_percent<=2][energy_intensity_annual_rate_of_change_percent>0]{polygon-fill:#fdae61;}[energy_intensity_annual_rate_of_change_percent=0]{polygon-fill:#ffffbf;} [energy_intensity_annual_rate_of_change_percent<0][energy_intensity_annual_rate_of_change_percent>=-2]{polygon-fill:#abd9e9;} [energy_intensity_annual_rate_of_change_percent>=-5][energy_intensity_annual_rate_of_change_percent<-2]{polygon-fill:#4575b4;} [energy_intensity_annual_rate_of_change_percent<-5]{polygon-fill:#313695;}", "cartocss_version": "2.3.0"}}]}}, "legendConfig": {"type": "choropleth", "items": [{"name": "<-5", "color": "#313695", "id": 0}, {"name": "<-2", "color": "#4575b4", "id": 1}, {"name": "<0", "color": "#abd9e9", "id": 2}, {"name": "0", "color": "#ffffbf", "id": 3}, {"name": ">0", "color": "#fdae61", "id": 4}, {"name": ">2", "color": "#f46d43", "id": 5}, {"name": ">5", "color": "#a50026", "id": 5}]}, "interactionConfig": {"output": [{"column": "name", "format": null, "prefix": "", "property": "Country", "suffix": ""}, {"column": "year", "format": null, "prefix": "", "property": "Year", "suffix": ""}, {"column": "energy_intensity_annual_rate_of_change_percent", "format": null, "prefix": "", "property": "Annual Rate of Change in Energy Intensity", "suffix": " %"}]}, "applicationConfig": {}, "staticImageConfig": {}, "createdAt": "2020-01-15T14:27:09.466Z", "updatedAt": "2020-01-23T15:53:31.010Z"}}, {"id": "70581cb2-d6b0-4049-98d4-d9565d8cd2ef", "type": "layer", "attributes": {"name": "2007 Annual Rate of Change in Energy Intensity (%)", "slug": "2007-Annual-Rate-of-Change-in-Energy-Intensity", "dataset": "0a8ef813-9049-4cc4-97bc-d0375b489645", "description": "Annual rate of change (%) in energy intensity for 2007. Energy intensity indicates how much primary energy is needed to produce one unit of gross domestic product (GDP). Having a low energy intensity indicates that a country can increase its economic growth without having to rely as heavily on energy consumption. A negative percentage for the annual rate of change in energy intensity means that the energy intensity had decreased since the previous year.", "application": ["rw"], "iso": [], "provider": "cartodb", "userId": "5ba001878e311b7e3718740f", "default": false, "protected": false, "published": true, "env": "production", "layerConfig": {"account": "wri-rw", "timelineLabel": "2007", "order": 2007, "timeline": true, "body": {"maxzoom": 18, "minzoom": 3, "layers": [{"type": "mapnik", "options": {"sql": "SELECT wri.cartodb_id, ST_Transform(wri.the_geom, 3857) AS the_geom_webmercator, wri.name, wri.iso_a3, data.country_code, data.year, data.energy_intensity_annual_rate_of_change_percent FROM req_009b_annual_rate_of_change_for_energy_intensity data LEFT OUTER JOIN wri_countries_a wri ON wri.iso_a3 =data.country_code WHERE data.year = 2007 AND data.energy_intensity_annual_rate_of_change_percent IS NOT NULL", "cartocss": "#req_009b_annual_rate_of_change_for_energy_intensity {polygon-opacity:1; line-width:0.5; line-color:#FFF; line-opacity:1;} [energy_intensity_annual_rate_of_change_percent>5]{polygon-fill:#a50026;} [energy_intensity_annual_rate_of_change_percent<=5][energy_intensity_annual_rate_of_change_percent>2]{polygon-fill:#f46d43;}[energy_intensity_annual_rate_of_change_percent<=2][energy_intensity_annual_rate_of_change_percent>0]{polygon-fill:#fdae61;}[energy_intensity_annual_rate_of_change_percent=0]{polygon-fill:#ffffbf;} [energy_intensity_annual_rate_of_change_percent<0][energy_intensity_annual_rate_of_change_percent>=-2]{polygon-fill:#abd9e9;} [energy_intensity_annual_rate_of_change_percent>=-5][energy_intensity_annual_rate_of_change_percent<-2]{polygon-fill:#4575b4;} [energy_intensity_annual_rate_of_change_percent<-5]{polygon-fill:#313695;}", "cartocss_version": "2.3.0"}}]}}, "legendConfig": {"type": "choropleth", "items": [{"name": "<-5", "color": "#313695", "id": 0}, {"name": "<-2", "color": "#4575b4", "id": 1}, {"name": "<0", "color": "#abd9e9", "id": 2}, {"name": "0", "color": "#ffffbf", "id": 3}, {"name": ">0", "color": "#fdae61", "id": 4}, {"name": ">2", "color": "#f46d43", "id": 5}, {"name": ">5", "color": "#a50026", "id": 5}]}, "interactionConfig": {"output": [{"column": "name", "format": null, "prefix": "", "property": "Country", "suffix": ""}, {"column": "year", "format": null, "prefix": "", "property": "Year", "suffix": ""}, {"column": "energy_intensity_annual_rate_of_change_percent", "format": null, "prefix": "", "property": "Annual Rate of Change in Energy Intensity", "suffix": " %"}]}, "applicationConfig": {}, "staticImageConfig": {}, "createdAt": "2020-01-15T14:27:15.217Z", "updatedAt": "2020-01-23T15:53:38.302Z"}}, {"id": "e7366ab6-2fbb-48e1-8a3f-16144a8b1efa", "type": "layer", "attributes": {"name": "2008 Annual Rate of Change in Energy Intensity (%)", "slug": "2008-Annual-Rate-of-Change-in-Energy-Intensity", "dataset": "0a8ef813-9049-4cc4-97bc-d0375b489645", "description": "Annual rate of change (%) in energy intensity for 2008. Energy intensity indicates how much primary energy is needed to produce one unit of gross domestic product (GDP). Having a low energy intensity indicates that a country can increase its economic growth without having to rely as heavily on energy consumption. A negative percentage for the annual rate of change in energy intensity means that the energy intensity had decreased since the previous year.", "application": ["rw"], "iso": [], "provider": "cartodb", "userId": "5ba001878e311b7e3718740f", "default": false, "protected": false, "published": true, "env": "production", "layerConfig": {"account": "wri-rw", "timelineLabel": "2008", "order": 2008, "timeline": true, "body": {"maxzoom": 18, "minzoom": 3, "layers": [{"type": "mapnik", "options": {"sql": "SELECT wri.cartodb_id, ST_Transform(wri.the_geom, 3857) AS the_geom_webmercator, wri.name, wri.iso_a3, data.country_code, data.year, data.energy_intensity_annual_rate_of_change_percent FROM req_009b_annual_rate_of_change_for_energy_intensity data LEFT OUTER JOIN wri_countries_a wri ON wri.iso_a3 =data.country_code WHERE data.year = 2008 AND data.energy_intensity_annual_rate_of_change_percent IS NOT NULL", "cartocss": "#req_009b_annual_rate_of_change_for_energy_intensity {polygon-opacity:1; line-width:0.5; line-color:#FFF; line-opacity:1;} [energy_intensity_annual_rate_of_change_percent>5]{polygon-fill:#a50026;} [energy_intensity_annual_rate_of_change_percent<=5][energy_intensity_annual_rate_of_change_percent>2]{polygon-fill:#f46d43;}[energy_intensity_annual_rate_of_change_percent<=2][energy_intensity_annual_rate_of_change_percent>0]{polygon-fill:#fdae61;}[energy_intensity_annual_rate_of_change_percent=0]{polygon-fill:#ffffbf;} [energy_intensity_annual_rate_of_change_percent<0][energy_intensity_annual_rate_of_change_percent>=-2]{polygon-fill:#abd9e9;} [energy_intensity_annual_rate_of_change_percent>=-5][energy_intensity_annual_rate_of_change_percent<-2]{polygon-fill:#4575b4;} [energy_intensity_annual_rate_of_change_percent<-5]{polygon-fill:#313695;}", "cartocss_version": "2.3.0"}}]}}, "legendConfig": {"type": "choropleth", "items": [{"name": "<-5", "color": "#313695", "id": 0}, {"name": "<-2", "color": "#4575b4", "id": 1}, {"name": "<0", "color": "#abd9e9", "id": 2}, {"name": "0", "color": "#ffffbf", "id": 3}, {"name": ">0", "color": "#fdae61", "id": 4}, {"name": ">2", "color": "#f46d43", "id": 5}, {"name": ">5", "color": "#a50026", "id": 5}]}, "interactionConfig": {"output": [{"column": "name", "format": null, "prefix": "", "property": "Country", "suffix": ""}, {"column": "year", "format": null, "prefix": "", "property": "Year", "suffix": ""}, {"column": "energy_intensity_annual_rate_of_change_percent", "format": null, "prefix": "", "property": "Annual Rate of Change in Energy Intensity", "suffix": " %"}]}, "applicationConfig": {}, "staticImageConfig": {}, "createdAt": "2020-01-15T14:27:21.717Z", "updatedAt": "2020-01-23T15:53:45.378Z"}}, {"id": "6b160d0a-0d0d-49e3-95c9-f808ef525a22", "type": "layer", "attributes": {"name": "2009 Annual Rate of Change in Energy Intensity (%)", "slug": "2009-Annual-Rate-of-Change-in-Energy-Intensity", "dataset": "0a8ef813-9049-4cc4-97bc-d0375b489645", "description": "Annual rate of change (%) in energy intensity for 2009. Energy intensity indicates how much primary energy is needed to produce one unit of gross domestic product (GDP). Having a low energy intensity indicates that a country can increase its economic growth without having to rely as heavily on energy consumption. A negative percentage for the annual rate of change in energy intensity means that the energy intensity had decreased since the previous year.", "application": ["rw"], "iso": [], "provider": "cartodb", "userId": "5ba001878e311b7e3718740f", "default": false, "protected": false, "published": true, "env": "production", "layerConfig": {"account": "wri-rw", "timelineLabel": "2009", "order": 2009, "timeline": true, "body": {"maxzoom": 18, "minzoom": 3, "layers": [{"type": "mapnik", "options": {"sql": "SELECT wri.cartodb_id, ST_Transform(wri.the_geom, 3857) AS the_geom_webmercator, wri.name, wri.iso_a3, data.country_code, data.year, data.energy_intensity_annual_rate_of_change_percent FROM req_009b_annual_rate_of_change_for_energy_intensity data LEFT OUTER JOIN wri_countries_a wri ON wri.iso_a3 =data.country_code WHERE data.year = 2009 AND data.energy_intensity_annual_rate_of_change_percent IS NOT NULL", "cartocss": "#req_009b_annual_rate_of_change_for_energy_intensity {polygon-opacity:1; line-width:0.5; line-color:#FFF; line-opacity:1;} [energy_intensity_annual_rate_of_change_percent>5]{polygon-fill:#a50026;} [energy_intensity_annual_rate_of_change_percent<=5][energy_intensity_annual_rate_of_change_percent>2]{polygon-fill:#f46d43;}[energy_intensity_annual_rate_of_change_percent<=2][energy_intensity_annual_rate_of_change_percent>0]{polygon-fill:#fdae61;}[energy_intensity_annual_rate_of_change_percent=0]{polygon-fill:#ffffbf;} [energy_intensity_annual_rate_of_change_percent<0][energy_intensity_annual_rate_of_change_percent>=-2]{polygon-fill:#abd9e9;} [energy_intensity_annual_rate_of_change_percent>=-5][energy_intensity_annual_rate_of_change_percent<-2]{polygon-fill:#4575b4;} [energy_intensity_annual_rate_of_change_percent<-5]{polygon-fill:#313695;}", "cartocss_version": "2.3.0"}}]}}, "legendConfig": {"type": "choropleth", "items": [{"name": "<-5", "color": "#313695", "id": 0}, {"name": "<-2", "color": "#4575b4", "id": 1}, {"name": "<0", "color": "#abd9e9", "id": 2}, {"name": "0", "color": "#ffffbf", "id": 3}, {"name": ">0", "color": "#fdae61", "id": 4}, {"name": ">2", "color": "#f46d43", "id": 5}, {"name": ">5", "color": "#a50026", "id": 5}]}, "interactionConfig": {"output": [{"column": "name", "format": null, "prefix": "", "property": "Country", "suffix": ""}, {"column": "year", "format": null, "prefix": "", "property": "Year", "suffix": ""}, {"column": "energy_intensity_annual_rate_of_change_percent", "format": null, "prefix": "", "property": "Annual Rate of Change in Energy Intensity", "suffix": " %"}]}, "applicationConfig": {}, "staticImageConfig": {}, "createdAt": "2020-01-15T14:27:28.654Z", "updatedAt": "2020-01-23T15:53:52.241Z"}}, {"id": "09a2a230-e03b-419b-82a8-ea78bfa7b4e0", "type": "layer", "attributes": {"name": "2010 Annual Rate of Change in Energy Intensity (%)", "slug": "2010-Annual-Rate-of-Change-in-Energy-Intensity", "dataset": "0a8ef813-9049-4cc4-97bc-d0375b489645", "description": "Annual rate of change (%) in energy intensity for 2010. Energy intensity indicates how much primary energy is needed to produce one unit of gross domestic product (GDP). Having a low energy intensity indicates that a country can increase its economic growth without having to rely as heavily on energy consumption. A negative percentage for the annual rate of change in energy intensity means that the energy intensity had decreased since the previous year.", "application": ["rw"], "iso": [], "provider": "cartodb", "userId": "5ba001878e311b7e3718740f", "default": false, "protected": false, "published": true, "env": "production", "layerConfig": {"account": "wri-rw", "timelineLabel": "2010", "order": 2010, "timeline": true, "body": {"maxzoom": 18, "minzoom": 3, "layers": [{"type": "mapnik", "options": {"sql": "SELECT wri.cartodb_id, ST_Transform(wri.the_geom, 3857) AS the_geom_webmercator, wri.name, wri.iso_a3, data.country_code, data.year, data.energy_intensity_annual_rate_of_change_percent FROM req_009b_annual_rate_of_change_for_energy_intensity data LEFT OUTER JOIN wri_countries_a wri ON wri.iso_a3 =data.country_code WHERE data.year = 2010 AND data.energy_intensity_annual_rate_of_change_percent IS NOT NULL", "cartocss": "#req_009b_annual_rate_of_change_for_energy_intensity {polygon-opacity:1; line-width:0.5; line-color:#FFF; line-opacity:1;} [energy_intensity_annual_rate_of_change_percent>5]{polygon-fill:#a50026;} [energy_intensity_annual_rate_of_change_percent<=5][energy_intensity_annual_rate_of_change_percent>2]{polygon-fill:#f46d43;}[energy_intensity_annual_rate_of_change_percent<=2][energy_intensity_annual_rate_of_change_percent>0]{polygon-fill:#fdae61;}[energy_intensity_annual_rate_of_change_percent=0]{polygon-fill:#ffffbf;} [energy_intensity_annual_rate_of_change_percent<0][energy_intensity_annual_rate_of_change_percent>=-2]{polygon-fill:#abd9e9;} [energy_intensity_annual_rate_of_change_percent>=-5][energy_intensity_annual_rate_of_change_percent<-2]{polygon-fill:#4575b4;} [energy_intensity_annual_rate_of_change_percent<-5]{polygon-fill:#313695;}", "cartocss_version": "2.3.0"}}]}}, "legendConfig": {"type": "choropleth", "items": [{"name": "<-5", "color": "#313695", "id": 0}, {"name": "<-2", "color": "#4575b4", "id": 1}, {"name": "<0", "color": "#abd9e9", "id": 2}, {"name": "0", "color": "#ffffbf", "id": 3}, {"name": ">0", "color": "#fdae61", "id": 4}, {"name": ">2", "color": "#f46d43", "id": 5}, {"name": ">5", "color": "#a50026", "id": 5}]}, "interactionConfig": {"output": [{"column": "name", "format": null, "prefix": "", "property": "Country", "suffix": ""}, {"column": "year", "format": null, "prefix": "", "property": "Year", "suffix": ""}, {"column": "energy_intensity_annual_rate_of_change_percent", "format": null, "prefix": "", "property": "Annual Rate of Change in Energy Intensity", "suffix": " %"}]}, "applicationConfig": {}, "staticImageConfig": {}, "createdAt": "2020-01-15T14:27:35.870Z", "updatedAt": "2020-01-23T15:53:59.644Z"}}, {"id": "8950ee07-8427-4a5c-8545-843feed0e3a3", "type": "layer", "attributes": {"name": "2011 Annual Rate of Change in Energy Intensity (%)", "slug": "2011-Annual-Rate-of-Change-in-Energy-Intensity", "dataset": "0a8ef813-9049-4cc4-97bc-d0375b489645", "description": "Annual rate of change (%) in energy intensity for 2011. Energy intensity indicates how much primary energy is needed to produce one unit of gross domestic product (GDP). Having a low energy intensity indicates that a country can increase its economic growth without having to rely as heavily on energy consumption. A negative percentage for the annual rate of change in energy intensity means that the energy intensity had decreased since the previous year.", "application": ["rw"], "iso": [], "provider": "cartodb", "userId": "5ba001878e311b7e3718740f", "default": false, "protected": false, "published": true, "env": "production", "layerConfig": {"account": "wri-rw", "timelineLabel": "2011", "order": 2011, "timeline": true, "body": {"maxzoom": 18, "minzoom": 3, "layers": [{"type": "mapnik", "options": {"sql": "SELECT wri.cartodb_id, ST_Transform(wri.the_geom, 3857) AS the_geom_webmercator, wri.name, wri.iso_a3, data.country_code, data.year, data.energy_intensity_annual_rate_of_change_percent FROM req_009b_annual_rate_of_change_for_energy_intensity data LEFT OUTER JOIN wri_countries_a wri ON wri.iso_a3 =data.country_code WHERE data.year = 2011 AND data.energy_intensity_annual_rate_of_change_percent IS NOT NULL", "cartocss": "#req_009b_annual_rate_of_change_for_energy_intensity {polygon-opacity:1; line-width:0.5; line-color:#FFF; line-opacity:1;} [energy_intensity_annual_rate_of_change_percent>5]{polygon-fill:#a50026;} [energy_intensity_annual_rate_of_change_percent<=5][energy_intensity_annual_rate_of_change_percent>2]{polygon-fill:#f46d43;}[energy_intensity_annual_rate_of_change_percent<=2][energy_intensity_annual_rate_of_change_percent>0]{polygon-fill:#fdae61;}[energy_intensity_annual_rate_of_change_percent=0]{polygon-fill:#ffffbf;} [energy_intensity_annual_rate_of_change_percent<0][energy_intensity_annual_rate_of_change_percent>=-2]{polygon-fill:#abd9e9;} [energy_intensity_annual_rate_of_change_percent>=-5][energy_intensity_annual_rate_of_change_percent<-2]{polygon-fill:#4575b4;} [energy_intensity_annual_rate_of_change_percent<-5]{polygon-fill:#313695;}", "cartocss_version": "2.3.0"}}]}}, "legendConfig": {"type": "choropleth", "items": [{"name": "<-5", "color": "#313695", "id": 0}, {"name": "<-2", "color": "#4575b4", "id": 1}, {"name": "<0", "color": "#abd9e9", "id": 2}, {"name": "0", "color": "#ffffbf", "id": 3}, {"name": ">0", "color": "#fdae61", "id": 4}, {"name": ">2", "color": "#f46d43", "id": 5}, {"name": ">5", "color": "#a50026", "id": 5}]}, "interactionConfig": {"output": [{"column": "name", "format": null, "prefix": "", "property": "Country", "suffix": ""}, {"column": "year", "format": null, "prefix": "", "property": "Year", "suffix": ""}, {"column": "energy_intensity_annual_rate_of_change_percent", "format": null, "prefix": "", "property": "Annual Rate of Change in Energy Intensity", "suffix": " %"}]}, "applicationConfig": {}, "staticImageConfig": {}, "createdAt": "2020-01-15T14:27:43.151Z", "updatedAt": "2020-01-23T15:54:16.495Z"}}, {"id": "b1a200f8-37f2-4673-bf26-2444476b3d67", "type": "layer", "attributes": {"name": "2012 Annual Rate of Change in Energy Intensity (%)", "slug": "2012-Annual-Rate-of-Change-in-Energy-Intensity", "dataset": "0a8ef813-9049-4cc4-97bc-d0375b489645", "description": "Annual rate of change (%) in energy intensity for 2012. Energy intensity indicates how much primary energy is needed to produce one unit of gross domestic product (GDP). Having a low energy intensity indicates that a country can increase its economic growth without having to rely as heavily on energy consumption. A negative percentage for the annual rate of change in energy intensity means that the energy intensity had decreased since the previous year.", "application": ["rw"], "iso": [], "provider": "cartodb", "userId": "5ba001878e311b7e3718740f", "default": false, "protected": false, "published": true, "env": "production", "layerConfig": {"account": "wri-rw", "timelineLabel": "2012", "order": 2012, "timeline": true, "body": {"maxzoom": 18, "minzoom": 3, "layers": [{"type": "mapnik", "options": {"sql": "SELECT wri.cartodb_id, ST_Transform(wri.the_geom, 3857) AS the_geom_webmercator, wri.name, wri.iso_a3, data.country_code, data.year, data.energy_intensity_annual_rate_of_change_percent FROM req_009b_annual_rate_of_change_for_energy_intensity data LEFT OUTER JOIN wri_countries_a wri ON wri.iso_a3 =data.country_code WHERE data.year = 2012 AND data.energy_intensity_annual_rate_of_change_percent IS NOT NULL", "cartocss": "#req_009b_annual_rate_of_change_for_energy_intensity {polygon-opacity:1; line-width:0.5; line-color:#FFF; line-opacity:1;} [energy_intensity_annual_rate_of_change_percent>5]{polygon-fill:#a50026;} [energy_intensity_annual_rate_of_change_percent<=5][energy_intensity_annual_rate_of_change_percent>2]{polygon-fill:#f46d43;}[energy_intensity_annual_rate_of_change_percent<=2][energy_intensity_annual_rate_of_change_percent>0]{polygon-fill:#fdae61;}[energy_intensity_annual_rate_of_change_percent=0]{polygon-fill:#ffffbf;} [energy_intensity_annual_rate_of_change_percent<0][energy_intensity_annual_rate_of_change_percent>=-2]{polygon-fill:#abd9e9;} [energy_intensity_annual_rate_of_change_percent>=-5][energy_intensity_annual_rate_of_change_percent<-2]{polygon-fill:#4575b4;} [energy_intensity_annual_rate_of_change_percent<-5]{polygon-fill:#313695;}", "cartocss_version": "2.3.0"}}]}}, "legendConfig": {"type": "choropleth", "items": [{"name": "<-5", "color": "#313695", "id": 0}, {"name": "<-2", "color": "#4575b4", "id": 1}, {"name": "<0", "color": "#abd9e9", "id": 2}, {"name": "0", "color": "#ffffbf", "id": 3}, {"name": ">0", "color": "#fdae61", "id": 4}, {"name": ">2", "color": "#f46d43", "id": 5}, {"name": ">5", "color": "#a50026", "id": 5}]}, "interactionConfig": {"output": [{"column": "name", "format": null, "prefix": "", "property": "Country", "suffix": ""}, {"column": "year", "format": null, "prefix": "", "property": "Year", "suffix": ""}, {"column": "energy_intensity_annual_rate_of_change_percent", "format": null, "prefix": "", "property": "Annual Rate of Change in Energy Intensity", "suffix": " %"}]}, "applicationConfig": {}, "staticImageConfig": {}, "createdAt": "2020-01-15T14:27:50.481Z", "updatedAt": "2020-01-23T15:54:23.765Z"}}, {"id": "60d153cc-18e6-469f-a0d2-db8fd2a71246", "type": "layer", "attributes": {"name": "2013 Annual Rate of Change in Energy Intensity (%)", "slug": "2013-Annual-Rate-of-Change-in-Energy-Intensity", "dataset": "0a8ef813-9049-4cc4-97bc-d0375b489645", "description": "Annual rate of change (%) in energy intensity for 2013. Energy intensity indicates how much primary energy is needed to produce one unit of gross domestic product (GDP). Having a low energy intensity indicates that a country can increase its economic growth without having to rely as heavily on energy consumption. A negative percentage for the annual rate of change in energy intensity means that the energy intensity had decreased since the previous year.", "application": ["rw"], "iso": [], "provider": "cartodb", "userId": "5ba001878e311b7e3718740f", "default": false, "protected": false, "published": true, "env": "production", "layerConfig": {"account": "wri-rw", "timelineLabel": "2013", "order": 2013, "timeline": true, "body": {"maxzoom": 18, "minzoom": 3, "layers": [{"type": "mapnik", "options": {"sql": "SELECT wri.cartodb_id, ST_Transform(wri.the_geom, 3857) AS the_geom_webmercator, wri.name, wri.iso_a3, data.country_code, data.year, data.energy_intensity_annual_rate_of_change_percent FROM req_009b_annual_rate_of_change_for_energy_intensity data LEFT OUTER JOIN wri_countries_a wri ON wri.iso_a3 =data.country_code WHERE data.year = 2013 AND data.energy_intensity_annual_rate_of_change_percent IS NOT NULL", "cartocss": "#req_009b_annual_rate_of_change_for_energy_intensity {polygon-opacity:1; line-width:0.5; line-color:#FFF; line-opacity:1;} [energy_intensity_annual_rate_of_change_percent>5]{polygon-fill:#a50026;} [energy_intensity_annual_rate_of_change_percent<=5][energy_intensity_annual_rate_of_change_percent>2]{polygon-fill:#f46d43;}[energy_intensity_annual_rate_of_change_percent<=2][energy_intensity_annual_rate_of_change_percent>0]{polygon-fill:#fdae61;}[energy_intensity_annual_rate_of_change_percent=0]{polygon-fill:#ffffbf;} [energy_intensity_annual_rate_of_change_percent<0][energy_intensity_annual_rate_of_change_percent>=-2]{polygon-fill:#abd9e9;} [energy_intensity_annual_rate_of_change_percent>=-5][energy_intensity_annual_rate_of_change_percent<-2]{polygon-fill:#4575b4;} [energy_intensity_annual_rate_of_change_percent<-5]{polygon-fill:#313695;}", "cartocss_version": "2.3.0"}}]}}, "legendConfig": {"type": "choropleth", "items": [{"name": "<-5", "color": "#313695", "id": 0}, {"name": "<-2", "color": "#4575b4", "id": 1}, {"name": "<0", "color": "#abd9e9", "id": 2}, {"name": "0", "color": "#ffffbf", "id": 3}, {"name": ">0", "color": "#fdae61", "id": 4}, {"name": ">2", "color": "#f46d43", "id": 5}, {"name": ">5", "color": "#a50026", "id": 5}]}, "interactionConfig": {"output": [{"column": "name", "format": null, "prefix": "", "property": "Country", "suffix": ""}, {"column": "year", "format": null, "prefix": "", "property": "Year", "suffix": ""}, {"column": "energy_intensity_annual_rate_of_change_percent", "format": null, "prefix": "", "property": "Annual Rate of Change in Energy Intensity", "suffix": " %"}]}, "applicationConfig": {}, "staticImageConfig": {}, "createdAt": "2020-01-15T14:27:57.721Z", "updatedAt": "2020-01-23T15:54:31.067Z"}}, {"id": "357da661-0fdc-46c6-8a1a-160e3b01eec8", "type": "layer", "attributes": {"name": "2014 Annual Rate of Change in Energy Intensity (%)", "slug": "2014-Annual-Rate-of-Change-in-Energy-Intensity", "dataset": "0a8ef813-9049-4cc4-97bc-d0375b489645", "description": "Annual rate of change (%) in energy intensity for 2014. Energy intensity indicates how much primary energy is needed to produce one unit of gross domestic product (GDP). Having a low energy intensity indicates that a country can increase its economic growth without having to rely as heavily on energy consumption. A negative percentage for the annual rate of change in energy intensity means that the energy intensity had decreased since the previous year.", "application": ["rw"], "iso": [], "provider": "cartodb", "userId": "5ba001878e311b7e3718740f", "default": false, "protected": false, "published": true, "env": "production", "layerConfig": {"account": "wri-rw", "timelineLabel": "2014", "order": 2014, "timeline": true, "body": {"maxzoom": 18, "minzoom": 3, "layers": [{"type": "mapnik", "options": {"sql": "SELECT wri.cartodb_id, ST_Transform(wri.the_geom, 3857) AS the_geom_webmercator, wri.name, wri.iso_a3, data.country_code, data.year, data.energy_intensity_annual_rate_of_change_percent FROM req_009b_annual_rate_of_change_for_energy_intensity data LEFT OUTER JOIN wri_countries_a wri ON wri.iso_a3 =data.country_code WHERE data.year = 2014 AND data.energy_intensity_annual_rate_of_change_percent IS NOT NULL", "cartocss": "#req_009b_annual_rate_of_change_for_energy_intensity {polygon-opacity:1; line-width:0.5; line-color:#FFF; line-opacity:1;} [energy_intensity_annual_rate_of_change_percent>5]{polygon-fill:#a50026;} [energy_intensity_annual_rate_of_change_percent<=5][energy_intensity_annual_rate_of_change_percent>2]{polygon-fill:#f46d43;}[energy_intensity_annual_rate_of_change_percent<=2][energy_intensity_annual_rate_of_change_percent>0]{polygon-fill:#fdae61;}[energy_intensity_annual_rate_of_change_percent=0]{polygon-fill:#ffffbf;} [energy_intensity_annual_rate_of_change_percent<0][energy_intensity_annual_rate_of_change_percent>=-2]{polygon-fill:#abd9e9;} [energy_intensity_annual_rate_of_change_percent>=-5][energy_intensity_annual_rate_of_change_percent<-2]{polygon-fill:#4575b4;} [energy_intensity_annual_rate_of_change_percent<-5]{polygon-fill:#313695;}", "cartocss_version": "2.3.0"}}]}}, "legendConfig": {"type": "choropleth", "items": [{"name": "<-5", "color": "#313695", "id": 0}, {"name": "<-2", "color": "#4575b4", "id": 1}, {"name": "<0", "color": "#abd9e9", "id": 2}, {"name": "0", "color": "#ffffbf", "id": 3}, {"name": ">0", "color": "#fdae61", "id": 4}, {"name": ">2", "color": "#f46d43", "id": 5}, {"name": ">5", "color": "#a50026", "id": 5}]}, "interactionConfig": {"output": [{"column": "name", "format": null, "prefix": "", "property": "Country", "suffix": ""}, {"column": "year", "format": null, "prefix": "", "property": "Year", "suffix": ""}, {"column": "energy_intensity_annual_rate_of_change_percent", "format": null, "prefix": "", "property": "Annual Rate of Change in Energy Intensity", "suffix": " %"}]}, "applicationConfig": {}, "staticImageConfig": {}, "createdAt": "2020-01-15T14:28:05.388Z", "updatedAt": "2020-01-23T15:54:38.745Z"}}, {"id": "570cb01b-58f9-439f-9e1c-fada9112d174", "type": "layer", "attributes": {"name": "2015 Annual Rate of Change in Energy Intensity (%)", "slug": "2015-Annual-Rate-of-Change-in-Energy-Intensity", "dataset": "0a8ef813-9049-4cc4-97bc-d0375b489645", "description": "Annual rate of change (%) in energy intensity for 2015. Energy intensity indicates how much primary energy is needed to produce one unit of gross domestic product (GDP). Having a low energy intensity indicates that a country can increase its economic growth without having to rely as heavily on energy consumption. A negative percentage for the annual rate of change in energy intensity means that the energy intensity had decreased since the previous year.", "application": ["rw"], "iso": [], "provider": "cartodb", "userId": "5ba001878e311b7e3718740f", "default": false, "protected": false, "published": true, "env": "production", "layerConfig": {"account": "wri-rw", "timelineLabel": "2015", "order": 2015, "timeline": true, "body": {"maxzoom": 18, "minzoom": 3, "layers": [{"type": "mapnik", "options": {"sql": "SELECT wri.cartodb_id, ST_Transform(wri.the_geom, 3857) AS the_geom_webmercator, wri.name, wri.iso_a3, data.country_code, data.year, data.energy_intensity_annual_rate_of_change_percent FROM req_009b_annual_rate_of_change_for_energy_intensity data LEFT OUTER JOIN wri_countries_a wri ON wri.iso_a3 =data.country_code WHERE data.year = 2015 AND data.energy_intensity_annual_rate_of_change_percent IS NOT NULL", "cartocss": "#req_009b_annual_rate_of_change_for_energy_intensity {polygon-opacity:1; line-width:0.5; line-color:#FFF; line-opacity:1;} [energy_intensity_annual_rate_of_change_percent>5]{polygon-fill:#a50026;} [energy_intensity_annual_rate_of_change_percent<=5][energy_intensity_annual_rate_of_change_percent>2]{polygon-fill:#f46d43;}[energy_intensity_annual_rate_of_change_percent<=2][energy_intensity_annual_rate_of_change_percent>0]{polygon-fill:#fdae61;}[energy_intensity_annual_rate_of_change_percent=0]{polygon-fill:#ffffbf;} [energy_intensity_annual_rate_of_change_percent<0][energy_intensity_annual_rate_of_change_percent>=-2]{polygon-fill:#abd9e9;} [energy_intensity_annual_rate_of_change_percent>=-5][energy_intensity_annual_rate_of_change_percent<-2]{polygon-fill:#4575b4;} [energy_intensity_annual_rate_of_change_percent<-5]{polygon-fill:#313695;}", "cartocss_version": "2.3.0"}}]}}, "legendConfig": {"type": "choropleth", "items": [{"name": "<-5", "color": "#313695", "id": 0}, {"name": "<-2", "color": "#4575b4", "id": 1}, {"name": "<0", "color": "#abd9e9", "id": 2}, {"name": "0", "color": "#ffffbf", "id": 3}, {"name": ">0", "color": "#fdae61", "id": 4}, {"name": ">2", "color": "#f46d43", "id": 5}, {"name": ">5", "color": "#a50026", "id": 5}]}, "interactionConfig": {"output": [{"column": "name", "format": null, "prefix": "", "property": "Country", "suffix": ""}, {"column": "year", "format": null, "prefix": "", "property": "Year", "suffix": ""}, {"column": "energy_intensity_annual_rate_of_change_percent", "format": null, "prefix": "", "property": "Annual Rate of Change in Energy Intensity", "suffix": " %"}]}, "applicationConfig": {}, "staticImageConfig": {}, "createdAt": "2020-01-15T14:28:11.668Z", "updatedAt": "2020-01-23T15:54:45.352Z"}}], "vocabulary": [], "widgetRelevantProps": [], "layerRelevantProps": []}}