{"id": "11f43558-d703-4b9d-aff0-f2354a11b359", "type": "dataset", "server": "https://api.resourcewatch.org", "attributes": {"name": "wat.034 Annual Precipitation", "slug": "wat034-Annual-Precipitation", "type": "raster", "subtitle": "UC Berkeley", "application": ["rw"], "dataPath": "", "attributesPath": null, "connectorType": "rest", "provider": "gee", "userId": "58fa22c54eecd907310778cd", "connectorUrl": "", "sources": [], "tableName": "WORLDCLIM/V1/BIO", "status": "saved", "published": true, "overwrite": false, "verified": false, "blockchain": {}, "mainDateField": null, "env": "production", "geoInfo": true, "protected": false, "legend": {"date": [], "region": [], "country": [], "nested": [], "integer": [], "short": [], "byte": [], "double": [], "float": [], "half_float": [], "scaled_float": [], "boolean": [], "binary": [], "text": [], "keyword": []}, "clonedHost": {}, "errorMessage": "[Automatic Validation] ConnectorFailed -> Invalid Dataset", "taskId": null, "createdAt": "2020-02-06T15:27:28.781Z", "updatedAt": "2017-10-25T17:10:48.608Z", "dataLastUpdated": null, "metadata": [{"id": "59dcf5cf322a6300127d4999", "type": "metadata", "attributes": {"dataset": "11f43558-d703-4b9d-aff0-f2354a11b359", "application": "rw", "resource": {"id": "11f43558-d703-4b9d-aff0-f2354a11b359", "type": "dataset"}, "language": "en", "name": "Annual Precipitation", "description": "The Annual Precipitation data set was adapted from the University of California, Berkeley's WorldClim V1 Bioclim, which produces bioclimatic variables derived from the monthly temperature and rainfall in order to generate more biologically meaningful values. The data product covers the period January 1, 1960, to December 31, 1990, and has global coverage at 1 km resolution. The bioclimatic variables represent annual trends (e.g., mean annual temperature, annual precipitation), seasonality (e.g., annual range in temperature and precipitation), and extreme or limiting environmental factors (e.g., temperature of the coldest and warmest month, and precipitation of the wettest and driest quarters). Climate data sets were created based on data from various sources, including the Global Historical Climate Network data set, the World Meteorological Organization's Climatological Normals (CLINO), the FAOCLIM 2.0 global climate database, the International Center for Tropical Agriculture, and various regional climate databases. The data set contains the following bands: Annual Mean Temperature; Mean Diurnal Range; Isothermality; Temperature Seasonality; Max Temperature of Warmest Month; Min Temperature of Coldest Month; Temperature Annual Range; Mean Temperature of Wettest Quarter; Mean Temperature of Driest Quarter; Mean Temperature of Warmest Quarter; Mean Temperature of Coldest Quarter; Annual Precipitation; Precipitation of Wettest Month (mm); Precipitation of Driest Month (mm); Precipitation Seasonality; Precipitation of Wettest Quarter (mm); Precipitation of Driest Quarter (mm); Precipitation of Warmest Quarter (mm); and Precipitation of Coldest Quarter (mm). This scheme follows that of ANUCLIM, except that for temperature seasonality the standard deviation was used because a coefficient of variation does not make sense with temperatures between -1 and 1. Resource Watch shows only a subset of the data set. For access to the full data set and additional information, see the Learn More link.", "source": "UC Berkeley", "info": {"rwId": "wat.034", "data_type": "Raster", "name": "Annual Precipitation", "sources": [{"source-name": "University of California, Berkeley (UC Berkeley)", "id": 0, "source-description": ""}], "technical_title": "WorldClim BIO Variables V1", "functions": "Annual rainfall data for 1960-1990", "cautions": "The data on temperature and precipitation are obtained from weather stations around the world, but the accuracy and abundance of such weather stations are variable based on location. For example, there are few stations in areas with low population density such as the Arctic and Antarctica. The distribution of stations is related to a country\u2019s levels of economic development, investments in meteorological observation networks, and national data access policies (e.g., climate data from the United States are generally more accessible than those from many other countries). Elevation bias in weather stations is related to latitude and the presence of mountains. In the tropics, stations tend to be biased toward higher elevations; elsewhere they are biased toward low elevations (particularly in the Himalayas and in parts of the northwestern United States and Canada).", "citation": "Hijmans, R.J., S.E. Cameron, J.L. Parra, P.G. Jones and A. Jarvis, 2005. \"Very High Resolution Interpolated Climate Surfaces for Global Land Areas.\" International Journal of Climatology 25: 1965-1978. http://onlinelibrary.wiley.com/doi/10.1002/joc.1276/pdf Accessed through Resource Watch, (date). [www.resourcewatch.org](www.resourcewatch.org).", "license": "Creative Commons Attribution 4.0 International", "license_link": "https://creativecommons.org/licenses/by/4.0/", "geographic_coverage": "Global", "spatial_resolution": "1 km", "date_of_content": "1960-1990", "frequency_of_updates": null, "learn_more_link": "https://explorer.earthengine.google.com/#detail/WORLDCLIM%2FV1%2FBIO", "data_download_link": null, "data_download_original_link": "https://explorer.earthengine.google.com/#detail/WORLDCLIM%2FV1%2FBIO"}, "createdAt": "2017-10-10T16:31:11.592Z", "updatedAt": "2020-02-04T19:46:57.296Z", "status": "published"}}], "widget": [{"id": "e30839ff-288d-47bc-8168-9c2e19769d23", "type": "widget", "attributes": {"name": "1960-1990 Average Annual Precipitation (mm)", "dataset": "11f43558-d703-4b9d-aff0-f2354a11b359", "slug": "1960-1990-Average-Annual-Precipitation-mm", "userId": "5980838ae24e6a1dae3dd446", "description": "", "source": "", "authors": "", "application": ["rw"], "verified": false, "default": false, "protected": false, "defaultEditableWidget": true, "published": true, "thumbnailUrl": "http://wri-api-backups.s3.amazonaws.com/resourcewatch/prod/thumbnails/e30839ff-288d-47bc-8168-9c2e19769d23-1553525332850.png", "freeze": false, "env": "production", "queryUrl": "", "widgetConfig": {"type": "map", "layer_id": "e1c771af-d38c-439e-ae6d-76270f6d3078", "zoom": 2, "lat": -21.690609384638257, "lng": -55.18707275390626, "bbox": [-122.51129150390626, -79.44696843366667, 12.137145996093752, 67.30915450824497], "basemapLayers": {"basemap": "dark", "labels": null, "boundaries": false}, "paramsConfig": {"visualizationType": "map", "limit": 500, "value": null, "category": null, "color": null, "size": null, "orderBy": null, "aggregateFunction": null, "chartType": null, "filters": [], "areaIntersection": null, "band": null, "layer": "e1c771af-d38c-439e-ae6d-76270f6d3078"}, "config": null}, "template": false, "createdAt": "2018-01-11T15:40:37.011Z", "updatedAt": "2019-03-25T14:48:52.781Z"}}, {"id": "3ae73ffd-af10-4123-9090-fc55782c0af3", "type": "widget", "attributes": {"name": "Temperate Rainforest Precipitation", "dataset": "11f43558-d703-4b9d-aff0-f2354a11b359", "slug": "Temperate-Rainforest-Precipitation", "userId": "5dd692d56ffcd5001035272c", "application": ["rw"], "verified": false, "default": false, "protected": false, "defaultEditableWidget": false, "published": false, "freeze": false, "env": "production", "widgetConfig": {"type": "map", "layer_id": "e1c771af-d38c-439e-ae6d-76270f6d3078", "zoom": 2, "lat": 38.6897975322717, "lng": -150.29846191406253, "bbox": [-390.41564941406256, -58.35274828236215, 89.81872558593751, 82.51846381131537], "basemapLayers": {"basemap": "dark", "labels": null, "boundaries": false}, "paramsConfig": {"visualizationType": "map", "limit": 500, "value": null, "category": null, "color": null, "size": null, "orderBy": null, "aggregateFunction": null, "chartType": null, "filters": [], "areaIntersection": null, "band": null, "layer": "e1c771af-d38c-439e-ae6d-76270f6d3078"}, "config": {"range": {"dotSize": [20, 250], "category20": ["#3BB2D0", "#2C75B0", "#FAB72E", "#EF4848", "#65B60D", "#C32D7B", "#F577B9", "#5FD2B8", "#F1800F", "#9F1C00", "#A5E9E3", "#B9D765", "#393F44", "#CACCD0", "#717171"], "ordinal": {"scheme": "greens"}, "ramp": {"scheme": "purples"}}, "axis": {"labelFontSize": 13, "labelFont": "Lato", "labelColor": "#717171", "labelPadding": 10, "ticks": true, "tickSize": 8, "tickColor": "#A9ABAD", "tickOpacity": 0.5, "tickExtra": false}, "axisX": {"bandPosition": 0.5, "domainWidth": 1.2, "domainColor": "#A9ABAD", "labelAlign": "center", "labelBaseline": "top"}, "axisY": {"domain": false, "labelAlign": "left", "labelBaseline": "bottom", "tickOpacity": 0.5, "grid": true, "ticks": false, "gridColor": "#A9ABAD", "gridOpacity": 0.5}, "mark": {"fill": "#3BB2D0"}, "symbol": {"fill": "#3BB2D0", "stroke": "#fff"}, "rect": {"fill": "#3BB2D0"}, "line": {"interpolate": "linear", "stroke": "#3BB2D0", "fillOpacity": 0}}}, "template": false, "createdAt": "2019-11-21T13:40:36.478Z", "updatedAt": "2019-11-21T13:40:36.478Z"}}], "layer": [{"id": "e1c771af-d38c-439e-ae6d-76270f6d3078", "type": "layer", "attributes": {"name": "1960-1990 Average Annual Precipitation (mm)", "slug": "Average-Annual-Precipitation-1960-1990-mm", "dataset": "11f43558-d703-4b9d-aff0-f2354a11b359", "description": "Average annual precipitation in milimeters (mm) from January 1, 1960, to December 31, 1990.", "application": ["rw"], "iso": [], "provider": "gee", "userId": "58fa22c54eecd907310778cd", "default": true, "protected": false, "published": true, "env": "production", "layerConfig": {"type": "gee", "assetId": "WORLDCLIM/V1/BIO", "body": {"styleType": "sld", "sldValue": "<RasterSymbolizer>  <ChannelSelection>   <GrayChannel>   <SourceChannelName>bio12</SourceChannelName>        </GrayChannel>        </ChannelSelection>    <ColorMap  type=\"ramp\" extended=\"false\" >        <ColorMapEntry color=\"#FDE724\" quantity=\"10\" label=\"\" />     <ColorMapEntry color=\"#9DD93A\" quantity=\"50\" label=\"\" />  <ColorMapEntry color=\"#49C16D\" quantity=\"100\" label=\"\" />  <ColorMapEntry color=\"#1EA087\" quantity=\"200\" label=\"\" />  <ColorMapEntry color=\"#277E8E\" quantity=\"500\" label=\"\" />  <ColorMapEntry color=\"#365A8C\" quantity=\"1000\" label=\"\" />  <ColorMapEntry color=\"#46317E\" quantity=\"2000\" label=\"\" />  <ColorMapEntry color=\"#440154\" quantity=\"11401\" label=\"\" />    </ColorMap></RasterSymbolizer>"}}, "legendConfig": {"items": [{"color": "#FDE724", "name": "\u226410"}, {"color": "#9DD93A", "name": "\u226450"}, {"color": "#49C16D", "name": "\u2264100"}, {"color": "#1EA087", "name": "\u2264200"}, {"color": "#277E8E", "name": "\u2264500"}, {"color": "#365A8C", "name": "\u22641,000"}, {"color": "#46317E", "name": "\u22642,000"}, {"color": "#440154", "name": "\u226411,405"}], "type": "choropleth"}, "interactionConfig": {"type": "intersection", "config": {"url": "https://api.resourcewatch.org/v1/query/11f43558-d703-4b9d-aff0-f2354a11b359?sql=select last(bio12) as x from 'WORLDCLIM/V1/BIO' where system:time_start >= 1533448800000 and ST_INTERSECTS(ST_SetSRID(ST_GeomFromGeoJSON('{\"type\":\"Point\",\"coordinates\":[{{lng}},{{lat}}]}'),4326),the_geom)"}, "pulseConfig": {"url": "https://api.resourcewatch.org/v1/query/11f43558-d703-4b9d-aff0-f2354a11b359?sql=select last(bio12) as x from 'WORLDCLIM/V1/BIO' where system:time_start >= 1533448800000 and ST_INTERSECTS(ST_SetSRID(ST_GeomFromGeoJSON('{\"type\":\"Point\",\"coordinates\":{{point}}}'),4326),the_geom)"}, "output": [{"column": "x", "property": "Annual Precipitation", "type": "number", "format": "0.00", "suffix": " mm"}]}, "applicationConfig": {}, "staticImageConfig": {}, "createdAt": "2020-02-06T15:27:28.823Z", "updatedAt": "2019-06-11T22:24:20.937Z"}}], "vocabulary": [{"type": "vocabulary", "attributes": {"resource": {"id": "11f43558-d703-4b9d-aff0-f2354a11b359", "type": "dataset"}, "tags": ["annual", "geospatial", "raster", "global", "precipitation"], "name": "knowledge_graph", "application": "rw"}}], "widgetRelevantProps": [], "layerRelevantProps": []}}