{"id": "15a0b176-8313-4859-af90-5c198e50a605", "type": "dataset", "server": "https://api.resourcewatch.org", "attributes": {"name": "cli.005c Historical Maximum Arctic Sea Ice", "slug": "cli005c-Historical-Maximum-Arctic-Sea-Ice", "type": "raster", "subtitle": "", "application": ["rw"], "dataPath": "", "attributesPath": null, "connectorType": "rest", "provider": "gee", "userId": "5ba001878e311b7e3718740f", "connectorUrl": "", "sources": [], "tableName": "projects/resource-watch-gee/cli_005_historical_sea_ice_extent/cli_005_arctic_sea_ice_extent_reproj_month03_hist", "status": "saved", "published": true, "overwrite": false, "verified": false, "blockchain": {}, "subscribable": {}, "mainDateField": "", "env": "production", "geoInfo": true, "protected": false, "legend": {"date": [], "region": [], "country": [], "nested": [], "integer": [], "short": [], "byte": [], "double": [], "float": [], "half_float": [], "scaled_float": [], "boolean": [], "binary": [], "text": [], "keyword": []}, "clonedHost": {}, "errorMessage": "", "taskId": null, "createdAt": "2019-07-02T02:54:34.529Z", "updatedAt": "2020-01-28T02:50:11.145Z", "dataLastUpdated": "2019-03-01T00:00:00.000Z", "metadata": [{"id": "5c4a27964ea096001441e7ba", "type": "metadata", "attributes": {"dataset": "15a0b176-8313-4859-af90-5c198e50a605", "application": "rw", "resource": {"id": "15a0b176-8313-4859-af90-5c198e50a605", "type": "dataset"}, "language": "en", "name": "Maximum Arctic Sea Ice", "description": "The monthly sea ice extent data produced by the National Snow and Ice Data Center (NSIDC) show monthly averages of sea ice extent in the Arctic and Antarctic. Sea Ice Index products are derived from 2 data sets: the Near-Real-Time DMSP SSMIS Daily Polar Gridded Sea Ice Concentrations and the Sea Ice Concentrations from Nimbus-7 SMMR and DMSP SSM/I-SSMIS Passive Microwave Data. These satellite passive microwave-derived data sets are used to generate the monthly images and numbers that comprise the Sea Ice Index record of sea ice extent and concentration from November 1978 to present.   \n  \n Median extents are calculated using a 30-year reference period of 1981 through 2010. The data are produced in a consistent way that makes the monthly index time-series appropriate for use when looking at long-term trends in sea ice cover. For more information, please see https://nsidc.org/data/docs/noaa/g02135_seaice_index/#text_summary. Resource Watch shows only a subset of the dataset. For access to the full dataset and additional information, see the Learn More link.", "source": "NSIDC", "info": {"rwId": "cli.005c", "data_type": "Raster", "name": "Maximum Arctic Sea Ice", "sources": [{"source-name": "National Snow and Ice Data Center (NSIDC)", "id": 0, "source-description": ""}], "technical_title": "Sea Ice Index, Version 3", "functions": "Annual maximum Arctic sea ice extent, which usually occurs in March, from 1980-present", "cautions": "On Resource Watch, monthly data are shown although both monthly and daily products are available. Monthly products are better to use for long-term trend analysis because errors in the daily product tend to be averaged out in the monthly product and because day-to-day variations are often the result of short-term weather. Additionally, there are no data for the area not imaged by the sensor at the North Pole, named the Arctic pole hole, therefore it is assumed to be entirely covered by grid cells showing more than 15 percent concentration for that month, so the area is considered to be ice-covered.", "citation": "Fetterer, F., K. Knowles, W. Meier, and M. Savoie. 2016, updated daily. \"Sea Ice Index, Version 3.\" Boulder, CO: NSIDC. Retrieved from http://dx.doi.org/10.7265/N5736NV7. Accessed through Resource Watch, (date). [www.resourcewatch.org](www.resourcewatch.org).", "license": "Restrictions apply", "license_link": "http://nsidc.org/about/use_copyright.html", "geographic_coverage": "Arctic ", "spatial_resolution": "25 km", "date_of_content": "1978-present", "frequency_of_updates": "Annual", "learn_more_link": "http://nsidc.org/data/g02135", "data_download_link": null, "data_download_original_link": "ftp://sidads.colorado.edu/DATASETS/NOAA/G02135/"}, "createdAt": "2019-01-24T21:01:10.379Z", "updatedAt": "2020-02-04T19:45:47.633Z", "status": "published"}}], "widget": [{"id": "c11cc751-2ff2-463e-8b87-24ffe46c5621", "type": "widget", "attributes": {"name": "Maximum Arctic Sea Ice", "dataset": "15a0b176-8313-4859-af90-5c198e50a605", "slug": "Maximum-Arctic-Sea-Ice", "userId": "5ba001878e311b7e3718740f", "description": "Maximum Arctic sea ice extent of 2018, which occurs in March.", "source": "", "authors": "", "application": ["rw"], "verified": false, "default": false, "protected": false, "defaultEditableWidget": true, "published": true, "thumbnailUrl": "http://wri-api-backups.s3.amazonaws.com/resourcewatch/prod/thumbnails/c11cc751-2ff2-463e-8b87-24ffe46c5621-1556657030321.png", "freeze": false, "env": "production", "queryUrl": "", "widgetConfig": {"type": "map", "layer_id": "c1acb63a-830d-4a9c-8295-2042cfe78bb2", "zoom": 3, "lat": 0, "lng": 0, "basemapLayers": {"basemap": "dark", "labels": null, "boundaries": false}, "paramsConfig": {"visualizationType": "map", "limit": 50, "value": null, "category": null, "color": null, "size": null, "orderBy": null, "aggregateFunction": null, "chartType": null, "filters": [], "areaIntersection": null, "band": null, "layer": "c1acb63a-830d-4a9c-8295-2042cfe78bb2"}, "config": {"range": {"dotSize": [20, 250], "category20": ["#3BB2D0", "#2C75B0", "#FAB72E", "#EF4848", "#65B60D", "#C32D7B", "#F577B9", "#5FD2B8", "#F1800F", "#9F1C00", "#A5E9E3", "#B9D765", "#393F44", "#CACCD0", "#717171"], "ordinal": {"scheme": "greens"}, "ramp": {"scheme": "purples"}}, "axis": {"labelFontSize": 13, "labelFont": "Lato", "labelColor": "#717171", "labelPadding": 10, "ticks": true, "tickSize": 8, "tickColor": "#A9ABAD", "tickOpacity": 0.5, "tickExtra": false}, "axisX": {"bandPosition": 0.5, "domainWidth": 1.2, "domainColor": "#A9ABAD", "labelAlign": "center", "labelBaseline": "top"}, "axisY": {"domain": false, "labelAlign": "left", "labelBaseline": "bottom", "tickOpacity": 0.5, "grid": true, "ticks": false, "gridColor": "#A9ABAD", "gridOpacity": 0.5}, "mark": {"fill": "#3BB2D0"}, "symbol": {"fill": "#3BB2D0", "stroke": "#fff"}, "rect": {"fill": "#3BB2D0"}, "line": {"interpolate": "linear", "stroke": "#3BB2D0", "fillOpacity": 0}}}, "template": false, "createdAt": "2019-01-24T20:38:56.665Z", "updatedAt": "2019-04-30T20:43:50.278Z"}}], "layer": [{"id": "219848cf-cf6c-4386-abd5-ac453bc217b6", "type": "layer", "attributes": {"name": "1980 Maximum Arctic Sea Ice", "slug": "1980-Maximum-Arctic-Sea-Ice", "dataset": "15a0b176-8313-4859-af90-5c198e50a605", "description": "Maximum Arctic sea ice extent of 1980, which occurs in March.", "application": ["rw"], "iso": [], "provider": "gee", "userId": "5ba001878e311b7e3718740f", "default": false, "protected": false, "published": true, "env": "production", "layerConfig": {"timelineLabel": "1980", "order": 1980, "timeline": true, "body": {"sldValue": "<RasterSymbolizer>     <ColorMap type=\"intervals\" extended=\"false\" >       <ColorMapEntry color=\"#D8FFFA\" quantity=\"0\" opacity=\"0\" />       <ColorMapEntry color=\"#D8FFFA\" quantity=\"1\" opacity=\"1\" /> <ColorMapEntry color=\"#D8FFFA\" quantity=\"253\" opacity=\"0\" />     </ColorMap>   </RasterSymbolizer>", "styleType": "sld"}, "assetId": "projects/resource-watch-gee/cli_005_historical_sea_ice_extent/cli_005_arctic_sea_ice_extent_reproj_month03_hist/cli_005_arctic_sea_ice_198003", "type": "gee"}, "legendConfig": {"items": [{"color": "#D8FFFA", "name": "Sea Ice"}], "type": "basic"}, "interactionConfig": {}, "applicationConfig": {}, "staticImageConfig": {}, "createdAt": "2020-02-06T15:27:51.009Z", "updatedAt": "2019-01-24T21:14:45.973Z"}}, {"id": "9b65cdcb-1be1-42f0-aaed-fd74ba25140b", "type": "layer", "attributes": {"name": "1985 Maximum Arctic Sea Ice", "slug": "1985-Maximum-Arctic-Sea-Ice", "dataset": "15a0b176-8313-4859-af90-5c198e50a605", "description": "Maximum Arctic sea ice extent of 1985, which occurs in March.", "application": ["rw"], "iso": [], "provider": "gee", "userId": "5ba001878e311b7e3718740f", "default": false, "protected": false, "published": true, "env": "production", "layerConfig": {"type": "gee", "assetId": "projects/resource-watch-gee/cli_005_historical_sea_ice_extent/cli_005_arctic_sea_ice_extent_reproj_month03_hist/cli_005_arctic_sea_ice_198503", "body": {"styleType": "sld", "sldValue": "<RasterSymbolizer>     <ColorMap type=\"intervals\" extended=\"false\" >       <ColorMapEntry color=\"#D8FFFA\" quantity=\"0\" opacity=\"0\" />       <ColorMapEntry color=\"#D8FFFA\" quantity=\"1\" opacity=\"1\" /> <ColorMapEntry color=\"#D8FFFA\" quantity=\"253\" opacity=\"0\" />     </ColorMap>   </RasterSymbolizer>"}, "timeline": true, "order": 1985, "timelineLabel": "1985"}, "legendConfig": {"type": "basic", "items": [{"name": "Sea Ice", "color": "#D8FFFA"}]}, "interactionConfig": {}, "applicationConfig": {}, "staticImageConfig": {}, "createdAt": "2020-02-06T15:27:51.010Z", "updatedAt": "2019-01-24T21:12:33.701Z"}}, {"id": "8eeccdee-70b5-4c50-a531-1adfcbc831f7", "type": "layer", "attributes": {"name": "1990 Maximum Arctic Sea Ice", "slug": "1990-Maximum-Arctic-Sea-Ice", "dataset": "15a0b176-8313-4859-af90-5c198e50a605", "description": "Maximum Arctic sea ice extent of 1990, which occurs in March.", "application": ["rw"], "iso": [], "provider": "gee", "userId": "5ba001878e311b7e3718740f", "default": false, "protected": false, "published": true, "env": "production", "layerConfig": {"type": "gee", "assetId": "projects/resource-watch-gee/cli_005_historical_sea_ice_extent/cli_005_arctic_sea_ice_extent_reproj_month03_hist/cli_005_arctic_sea_ice_199003", "body": {"styleType": "sld", "sldValue": "<RasterSymbolizer>     <ColorMap type=\"intervals\" extended=\"false\" >       <ColorMapEntry color=\"#D8FFFA\" quantity=\"0\" opacity=\"0\" />       <ColorMapEntry color=\"#D8FFFA\" quantity=\"1\" opacity=\"1\" /> <ColorMapEntry color=\"#D8FFFA\" quantity=\"253\" opacity=\"0\" />     </ColorMap>   </RasterSymbolizer>"}, "timeline": true, "order": 1990, "timelineLabel": "1990"}, "legendConfig": {"type": "basic", "items": [{"name": "Sea Ice", "color": "#D8FFFA"}]}, "interactionConfig": {}, "applicationConfig": {}, "staticImageConfig": {}, "createdAt": "2020-02-06T15:27:51.010Z", "updatedAt": "2019-01-24T21:12:22.609Z"}}, {"id": "3881bd7b-13f6-459a-8583-fac43078c89c", "type": "layer", "attributes": {"name": "1995 Maximum Arctic Sea Ice", "slug": "1995-Maximum-Arctic-Sea-Ice", "dataset": "15a0b176-8313-4859-af90-5c198e50a605", "description": "Maximum Arctic sea ice extent of 1995, which occurs in March.", "application": ["rw"], "iso": [], "provider": "gee", "userId": "5ba001878e311b7e3718740f", "default": false, "protected": false, "published": true, "env": "production", "layerConfig": {"type": "gee", "assetId": "projects/resource-watch-gee/cli_005_historical_sea_ice_extent/cli_005_arctic_sea_ice_extent_reproj_month03_hist/cli_005_arctic_sea_ice_199503", "body": {"styleType": "sld", "sldValue": "<RasterSymbolizer>     <ColorMap type=\"intervals\" extended=\"false\" >       <ColorMapEntry color=\"#D8FFFA\" quantity=\"0\" opacity=\"0\" />       <ColorMapEntry color=\"#D8FFFA\" quantity=\"1\" opacity=\"1\" /> <ColorMapEntry color=\"#D8FFFA\" quantity=\"253\" opacity=\"0\" />     </ColorMap>   </RasterSymbolizer>"}, "timeline": true, "order": 1995, "timelineLabel": "1995"}, "legendConfig": {"type": "basic", "items": [{"name": "Sea Ice", "color": "#D8FFFA"}]}, "interactionConfig": {}, "applicationConfig": {}, "staticImageConfig": {}, "createdAt": "2020-02-06T15:27:51.010Z", "updatedAt": "2019-01-24T21:12:10.132Z"}}, {"id": "159c19e6-20fd-4d53-8a49-78c67ab6913a", "type": "layer", "attributes": {"name": "2000 Maximum Arctic Sea Ice", "slug": "2000-Maximum-Arctic-Sea-Ice", "dataset": "15a0b176-8313-4859-af90-5c198e50a605", "description": "Maximum Arctic sea ice extent of 2000, which occurs in March.", "application": ["rw"], "iso": [], "provider": "gee", "userId": "5ba001878e311b7e3718740f", "default": false, "protected": false, "published": true, "env": "production", "layerConfig": {"type": "gee", "assetId": "projects/resource-watch-gee/cli_005_historical_sea_ice_extent/cli_005_arctic_sea_ice_extent_reproj_month03_hist/cli_005_arctic_sea_ice_200003", "body": {"styleType": "sld", "sldValue": "<RasterSymbolizer>     <ColorMap type=\"intervals\" extended=\"false\" >       <ColorMapEntry color=\"#D8FFFA\" quantity=\"0\" opacity=\"0\" />       <ColorMapEntry color=\"#D8FFFA\" quantity=\"1\" opacity=\"1\" /> <ColorMapEntry color=\"#D8FFFA\" quantity=\"253\" opacity=\"0\" />     </ColorMap>   </RasterSymbolizer>"}, "timeline": true, "order": 2000, "timelineLabel": "2000"}, "legendConfig": {"type": "basic", "items": [{"name": "Sea Ice", "color": "#D8FFFA"}]}, "interactionConfig": {}, "applicationConfig": {}, "staticImageConfig": {}, "createdAt": "2020-02-06T15:27:51.010Z", "updatedAt": "2019-01-24T21:11:57.487Z"}}, {"id": "d4bb05bf-797d-4c27-af3b-dc3c3cc10b64", "type": "layer", "attributes": {"name": "2005 Maximum Arctic Sea Ice", "slug": "2005-Maximum-Arctic-Sea-Ice", "dataset": "15a0b176-8313-4859-af90-5c198e50a605", "description": "Maximum Arctic sea ice extent of 2005, which occurs in March.", "application": ["rw"], "iso": [], "provider": "gee", "userId": "5ba001878e311b7e3718740f", "default": false, "protected": false, "published": true, "env": "production", "layerConfig": {"type": "gee", "assetId": "projects/resource-watch-gee/cli_005_historical_sea_ice_extent/cli_005_arctic_sea_ice_extent_reproj_month03_hist/cli_005_arctic_sea_ice_200503", "body": {"styleType": "sld", "sldValue": "<RasterSymbolizer>     <ColorMap type=\"intervals\" extended=\"false\" >       <ColorMapEntry color=\"#D8FFFA\" quantity=\"0\" opacity=\"0\" />       <ColorMapEntry color=\"#D8FFFA\" quantity=\"1\" opacity=\"1\" /> <ColorMapEntry color=\"#D8FFFA\" quantity=\"253\" opacity=\"0\" />     </ColorMap>   </RasterSymbolizer>"}, "timeline": true, "order": 2005, "timelineLabel": "2005"}, "legendConfig": {"type": "basic", "items": [{"name": "Sea Ice", "color": "#D8FFFA"}]}, "interactionConfig": {}, "applicationConfig": {}, "staticImageConfig": {}, "createdAt": "2020-02-06T15:27:51.010Z", "updatedAt": "2019-01-24T21:11:45.338Z"}}, {"id": "340fdee7-6d0f-42de-9b15-ba83dd908bad", "type": "layer", "attributes": {"name": "2010 Maximum Arctic Sea Ice", "slug": "2010-Maximum-Arctic-Sea-Ice", "dataset": "15a0b176-8313-4859-af90-5c198e50a605", "description": "Maximum Arctic sea ice extent of 2010, which occurs in March.", "application": ["rw"], "iso": [], "provider": "gee", "userId": "5ba001878e311b7e3718740f", "default": false, "protected": false, "published": true, "env": "production", "layerConfig": {"type": "gee", "assetId": "projects/resource-watch-gee/cli_005_historical_sea_ice_extent/cli_005_arctic_sea_ice_extent_reproj_month03_hist/cli_005_arctic_sea_ice_201003", "body": {"styleType": "sld", "sldValue": "<RasterSymbolizer>     <ColorMap type=\"intervals\" extended=\"false\" >       <ColorMapEntry color=\"#D8FFFA\" quantity=\"0\" opacity=\"0\" />       <ColorMapEntry color=\"#D8FFFA\" quantity=\"1\" opacity=\"1\" /> <ColorMapEntry color=\"#D8FFFA\" quantity=\"253\" opacity=\"0\" />     </ColorMap>   </RasterSymbolizer>"}, "timeline": true, "order": 2010, "timelineLabel": "2010"}, "legendConfig": {"type": "basic", "items": [{"name": "Sea Ice", "color": "#D8FFFA"}]}, "interactionConfig": {}, "applicationConfig": {}, "staticImageConfig": {}, "createdAt": "2020-02-06T15:27:51.010Z", "updatedAt": "2019-01-24T21:11:33.413Z"}}, {"id": "e75a5202-d541-49f3-87c2-669743460a97", "type": "layer", "attributes": {"name": "2015 Maximum Arctic Sea Ice", "slug": "2015-Maximum-Arctic-Sea-Ice", "dataset": "15a0b176-8313-4859-af90-5c198e50a605", "description": "Maximum Arctic sea ice extent of 2015, which occurs in March.", "application": ["rw"], "iso": [], "provider": "gee", "userId": "5ba001878e311b7e3718740f", "default": false, "protected": false, "published": true, "env": "production", "layerConfig": {"type": "gee", "assetId": "projects/resource-watch-gee/cli_005_historical_sea_ice_extent/cli_005_arctic_sea_ice_extent_reproj_month03_hist/cli_005_arctic_sea_ice_201503", "body": {"styleType": "sld", "sldValue": "<RasterSymbolizer>     <ColorMap type=\"intervals\" extended=\"false\" >       <ColorMapEntry color=\"#D8FFFA\" quantity=\"0\" opacity=\"0\" />       <ColorMapEntry color=\"#D8FFFA\" quantity=\"1\" opacity=\"1\" /> <ColorMapEntry color=\"#D8FFFA\" quantity=\"253\" opacity=\"0\" />     </ColorMap>   </RasterSymbolizer>"}, "timeline": true, "order": 2015, "timelineLabel": "2015"}, "legendConfig": {"type": "basic", "items": [{"name": "Sea Ice", "color": "#D8FFFA"}]}, "interactionConfig": {}, "applicationConfig": {}, "staticImageConfig": {}, "createdAt": "2020-02-06T15:27:51.010Z", "updatedAt": "2019-01-25T17:45:59.730Z"}}, {"id": "054707c5-1b45-4cbe-b940-55321fa483f9", "type": "layer", "attributes": {"name": "2016 Maximum Arctic Sea Ice", "slug": "2016-Maximum-Antarctic-Sea-Ice", "dataset": "15a0b176-8313-4859-af90-5c198e50a605", "description": "Maximum Arctic sea ice extent of 2015, which occurs in March.", "application": ["rw"], "iso": [], "provider": "gee", "userId": "5ba001878e311b7e3718740f", "default": false, "protected": false, "published": true, "env": "preproduction", "layerConfig": {"type": "gee", "assetId": "projects/resource-watch-gee/cli_005_historical_sea_ice_extent/cli_005_arctic_sea_ice_extent_reproj_month03_hist/cli_005_arctic_sea_ice_201603", "body": {"styleType": "sld", "sldValue": "<RasterSymbolizer>     <ColorMap type=\"intervals\" extended=\"false\" >       <ColorMapEntry color=\"#D8FFFA\" quantity=\"0\" opacity=\"0\" />       <ColorMapEntry color=\"#D8FFFA\" quantity=\"1\" opacity=\"1\" /> <ColorMapEntry color=\"#D8FFFA\" quantity=\"253\" opacity=\"0\" />     </ColorMap>   </RasterSymbolizer>"}, "timeline": true, "order": 2016, "timelineLabel": "2016"}, "legendConfig": {"type": "basic", "items": [{"name": "Sea Ice", "color": "#D8FFFA"}]}, "interactionConfig": {}, "applicationConfig": {}, "staticImageConfig": {}, "createdAt": "2020-02-06T15:27:51.010Z", "updatedAt": "2019-01-25T17:44:50.507Z"}}, {"id": "d0187547-9f8a-4670-a149-45c36a35d6d5", "type": "layer", "attributes": {"name": "2017 Maximum Arctic Sea Ice", "slug": "2017-Maximum-Antarctic-Sea-Ice", "dataset": "15a0b176-8313-4859-af90-5c198e50a605", "description": "Maximum Arctic sea ice extent of 2017, which occurs in March.", "application": ["rw"], "iso": [], "provider": "gee", "userId": "5ba001878e311b7e3718740f", "default": false, "protected": false, "published": true, "env": "preproduction", "layerConfig": {"type": "gee", "assetId": "projects/resource-watch-gee/cli_005_historical_sea_ice_extent/cli_005_arctic_sea_ice_extent_reproj_month03_hist/cli_005_arctic_sea_ice_201703", "body": {"styleType": "sld", "sldValue": "<RasterSymbolizer>     <ColorMap type=\"intervals\" extended=\"false\" >       <ColorMapEntry color=\"#D8FFFA\" quantity=\"0\" opacity=\"0\" />       <ColorMapEntry color=\"#D8FFFA\" quantity=\"1\" opacity=\"1\" /> <ColorMapEntry color=\"#D8FFFA\" quantity=\"253\" opacity=\"0\" />     </ColorMap>   </RasterSymbolizer>"}, "timeline": true, "order": 2017, "timelineLabel": "2017"}, "legendConfig": {"type": "basic", "items": [{"name": "Sea Ice", "color": "#D8FFFA"}]}, "interactionConfig": {}, "applicationConfig": {}, "staticImageConfig": {}, "createdAt": "2020-02-06T15:27:51.010Z", "updatedAt": "2019-01-25T17:45:37.490Z"}}, {"id": "c1acb63a-830d-4a9c-8295-2042cfe78bb2", "type": "layer", "attributes": {"name": "2018 Maximum Arctic Sea Ice", "slug": "2018-Maximum-Antarctic-Sea-Ice", "dataset": "15a0b176-8313-4859-af90-5c198e50a605", "description": "Maximum Arctic sea ice extent of 2018, which occurs in March.", "application": ["rw"], "iso": [], "provider": "gee", "userId": "5ba001878e311b7e3718740f", "default": true, "protected": false, "published": true, "env": "preproduction", "layerConfig": {"type": "gee", "assetId": "projects/resource-watch-gee/cli_005_historical_sea_ice_extent/cli_005_arctic_sea_ice_extent_reproj_month03_hist/cli_005_arctic_sea_ice_201803", "body": {"styleType": "sld", "sldValue": "<RasterSymbolizer>     <ColorMap type=\"intervals\" extended=\"false\" >       <ColorMapEntry color=\"#D8FFFA\" quantity=\"0\" opacity=\"0\" />       <ColorMapEntry color=\"#D8FFFA\" quantity=\"1\" opacity=\"1\" /> <ColorMapEntry color=\"#D8FFFA\" quantity=\"253\" opacity=\"0\" />     </ColorMap>   </RasterSymbolizer>"}, "timeline": true, "order": 2018, "timelineLabel": "2018"}, "legendConfig": {"type": "basic", "items": [{"name": "Sea Ice", "color": "#D8FFFA"}]}, "interactionConfig": {}, "applicationConfig": {}, "staticImageConfig": {}, "createdAt": "2020-02-06T15:27:51.011Z", "updatedAt": "2019-01-25T17:47:22.823Z"}}], "vocabulary": [{"type": "vocabulary", "attributes": {"resource": {"id": "15a0b176-8313-4859-af90-5c198e50a605", "type": "dataset"}, "tags": ["geospatial", "raster", "sea_ice", "climate_change", "historical", "annual", "snow_and _ice", "ice", "climate"], "name": "knowledge_graph", "application": "rw"}}], "widgetRelevantProps": [], "layerRelevantProps": []}}