{"id": "1a3428a4-58ff-4054-aa2f-974db83b25b7", "type": "dataset", "server": "https://api.resourcewatch.org", "attributes": {"name": "cli.054a Cooling Degree Days (Decadal)", "slug": "cli054a-Cooling-Degree-Days-Decadal", "type": "raster", "subtitle": "", "application": ["rw"], "dataPath": "", "attributesPath": null, "connectorType": "rest", "provider": "nexgddp", "userId": "594a8b5b3b0f7f271d303321", "connectorUrl": "", "sources": [], "tableName": "cdds/rcp85_decadal", "status": "saved", "published": true, "overwrite": false, "verified": false, "blockchain": {}, "subscribable": {}, "mainDateField": "", "env": "production", "geoInfo": true, "protected": false, "legend": {"date": [], "region": [], "country": [], "nested": [], "integer": [], "short": [], "byte": [], "double": [], "float": [], "half_float": [], "scaled_float": [], "boolean": [], "binary": [], "text": [], "keyword": []}, "clonedHost": {}, "errorMessage": "", "taskId": null, "createdAt": "2020-02-06T15:27:38.053Z", "updatedAt": "2019-01-22T17:36:45.318Z", "dataLastUpdated": null, "metadata": [{"id": "5c12bbef71db5b0017673dac", "type": "metadata", "attributes": {"dataset": "1a3428a4-58ff-4054-aa2f-974db83b25b7", "application": "rw", "resource": {"id": "1a3428a4-58ff-4054-aa2f-974db83b25b7", "type": "dataset"}, "language": "en", "name": "Cooling Degree Days (Decadal)", "description": "A cooling degree day (CDD) is defined as the number of degrees that a day's mean temperature is above 65\u00b0F. For example, if a day's average temperature is 80\u00b0F, the CDD would be 15. If a second day's average temperature were the same, the combined CDD for those two days would be 30. CDDs are often used as a proxy to estimate heating and cooling needs in buildings. While degree days can be calculated using any reference temperature, this data set uses 65\u00b0F (18.3\u00b0C), a common threshold for climate indicators, and a temperature at which people are generally comfortable. \n\nThis indicator is useful in determining energy demands resulting from cooling in different regions and assessing projected climate change impacts.\n\nThis Cooling Degree Days data set shows CDDs for decades between 1971-2090 under RCP 8.5, as derived from the NASA Earth Exchange Global Daily Downscaled Projections (NEX-GDDP).\n\nThe NEX-GDDP data set is comprised of downscaled climate scenarios for the globe that are derived from the General Circulation Model (GCM) runs conducted under the Coupled Model Intercomparison Project Phase 5 (CMIP5) and across two of the four greenhouse gas emissions scenarios known as Representative Concentration Pathways (RCPs). The CMIP5 GCM runs were developed in support of the Fifth Assessment Report of the Intergovernmental Panel on Climate Change (IPCC AR5). The NEX-GDDP data set includes downscaled projections for RCP 4.5 and RCP 8.5 from the 21 models and scenarios for which daily scenarios were produced and distributed under CMIP5. The two RCPs correspond to different levels of radiative forcing due to greenhouse gas emissions. RCP 4.5 refers to a future scenario where emissions peak at 2040 and then decline, while RCP 8.5 refers to a future scenario where emissions continue to rise through 2100. \n\nThe NEX GDDP data set contains daily maximum temperature, minimum temperature, and precipitation for the periods from 1950 through 2100. The spatial resolution of the data set is 0.25 degrees (~25 km x 25 km). The NEX-GDDP data set is provided to assist the science community in conducting studies of climate change impacts at local to regional scales, and to enhance public understanding of possible future global climate patterns at the spatial scale of individual towns, cities, and watersheds. Each of the climate projections includes monthly averaged maximum temperature, minimum temperature, and precipitation for the periods from 1950 through 2005 (Retrospective Run) and from 2006 to 2099 (Prospective Run). \n\nThe NEX-GDDP data was processed for inclusion on Resource Watch. This processing included deriving climate indicators from the raw temperature and precipitation data and then using those indicators to create an ensemble measure of the 21 climate models, as well as their 25th and 75th percentiles. The data is presented at two different temporal resolutions: decadal averages and 30-year period averages. A detailed explanation of the data processing can be found here: https://colab.research.google.com/drive/15_fPbKvuRsBKUWlrOWXurUDllzRJmMVd#scrollTo=mPL4beQdNjDm. \n\nResource Watch shows the processed data derived from the NEX GDDP data set. For access to the original NEX GDDP data set and additional information, see the Learn More link. For access to the processed data set, please contact the PREPdata team at https://www.prepdata.org/.", "source": "Derived from NEX", "info": {"rwId": "cli.054a", "data_type": "Raster", "name": "Cooling Degree Days (Decadal)", "sources": [{"source-name": "Vizzuality (processed data set) and National Aeronautics and Space Administration Earth Exchange (NEX) (original data set)", "id": 0, "source-description": ""}], "technical_title": "Cooling Degree Days (NEX-GDDP)", "functions": "Cooling degree days by decade under a higher emissions scenario (RCP 8.5). Cooling degree days represents the annual average daily sum of degrees above 65\u00b0F (18.3\u00b0C).", "cautions": "The Bias-Correction Spatial Disaggregation (BCSD) approach used in generating this downscaled dataset inherently assumes that the relative spatial patterns in temperature and precipitation observed from 1950 through 2005 will remain constant under future climate change. Other than the higher spatial resolution and bias correction, this dataset does not add information beyond what is contained in the original  Coupled Model Intercomparison Project Phase 5 (CMIP5) scenarios, and preserves the frequency of periods of anomalously high and low temperature or precipitation (i.e., extreme events) within each individual CMIP5 scenario.", "citation": "(1) Vizzuality. 2018. \u201cCooling Degree Days, derived from NASA Earth Exchange Global Daily Downscaled Projections (NEX-GDDP).\u201d https://www.prepdata.org/dataset/cdds_rcp45_decadal. Accessed through Resource Watch, (date). [www.resourcewatch.org](www.resourcewatch.org).  \n  \n(2) National Aeronautics and Space Administration Earth Exchange (NEX). 2015. \"NASA Earth Exchange Global Daily Downscaled Projections (NEX- GDDP).\" http://dx.doi.org/10.7292/W0MW2F2G. Accessed through Resource Watch, (date). [www.resourcewatch.org](www.resourcewatch.org).  \n  \n(3) Thrasher, B., Maurer, E. P., McKellar, C., & Duffy, P. B., 2012: Technical Note: Bias correcting climate model simulated daily temperature extremes with quantile mapping. Hydrology and Earth System Sciences, 16(9), 3309-3314. Accessed through Resource Watch, (date). [www.resourcewatch.org](www.resourcewatch.org).  \n  \n(4) Climate scenarios used were from the NEX-GDDP dataset, prepared by the Climate Analytics Group and NASA Ames Research Center using the NASA Earth Exchange, and distributed by the NASA Center for Climate Simulation (NCCS). Accessed through Resource Watch, (date). [www.resourcewatch.org](www.resourcewatch.org). (NOTE) To cite the processed data set, use citation (1).", "license": "Original NEX GDDP data set licensed under U.S. Government Works", "license_link": "https://www.usa.gov/government-works", "geographic_coverage": "Global", "spatial_resolution": "0.25\u00b0", "date_of_content": "Decadal values from 1971-2090", "frequency_of_updates": null, "learn_more_link": "https://cds.nccs.nasa.gov/nex-gddp/", "data_download_link": null, "data_download_original_link": "https://cds.nccs.nasa.gov/nex-gddp/"}, "createdAt": "2018-12-13T20:07:11.818Z", "updatedAt": "2020-02-04T19:45:56.633Z", "status": "published"}}], "widget": [], "layer": [{"id": "a070d22c-d58e-479c-a34b-4f411d3309a2", "type": "layer", "attributes": {"name": "1971-1980 Cooling Degree Days, RCP 8.5 (Degrees)", "slug": "1971-1980-Cooling-Degree-Days-RCP-85-Degrees", "dataset": "1a3428a4-58ff-4054-aa2f-974db83b25b7", "description": "Cooling degree days in 1971-1980 under a higher emissions scenario (RCP 8.5). A cooling degree day (CDD) is defined as the number of degrees that a day's mean temperature is above 65\u00b0F. For example, if a day's average temperature is 80\u00b0F, the CDD would be 15. If a second day's average temperature were the same, the combined CDD for those two days would be 30. These CDD values were summed over a year, and then averaged for the decade. CDDs are often used as a proxy to estimate heating and cooling needs in buildings.", "application": ["rw"], "iso": [], "provider": "leaflet", "userId": "594a8b5b3b0f7f271d303321", "default": true, "protected": false, "published": true, "env": "production", "layerConfig": {"timelineLabel": "1971-1980", "order": 1971, "timeline": true, "type": "tileLayer", "service": "leaflet", "url": "https://api.resourcewatch.org/v1/layer/534ceedb-084d-4bf8-8aad-4dedf35fafd8/tile/nexgddp/{z}/{x}/{y}?year=1971-01-01T00:00:00.000Z", "body": {"format": "image/png", "maxZoom": 13}}, "legendConfig": {"items": [{"color": "transparent", "value": "No Data"}, {"value": 0, "color": "#FFFDCB"}, {"value": 300, "color": "#FFC784"}, {"value": 500, "color": "#FF934C"}, {"value": 1000, "color": "#FF5E1E"}, {"value": 1500, "color": "#FD3004"}, {"value": 2000, "color": "#D02403"}, {"value": 2500, "color": "#A21802"}, {"value": 3000, "color": "#770C00"}], "unit": "Degrees", "type": "gradient"}, "interactionConfig": {"output": []}, "applicationConfig": {}, "staticImageConfig": {}, "createdAt": "2020-02-06T15:27:38.115Z", "updatedAt": "2019-01-22T20:32:55.817Z"}}, {"id": "39b24766-884e-44da-b96a-195da5113b43", "type": "layer", "attributes": {"name": "1981-1990 Cooling Degree Days, RCP 8.5 (Degrees)", "slug": "1981-1990-Cooling-Degree-Days-RCP-85-Degrees", "dataset": "1a3428a4-58ff-4054-aa2f-974db83b25b7", "description": "Cooling degree days in 1981-1990 under a higher emissions scenario (RCP 8.5). A cooling degree day (CDD) is defined as the number of degrees that a day's mean temperature is above 65\u00b0F. For example, if a day's average temperature is 80\u00b0F, the CDD would be 15. If a second day's average temperature were the same, the combined CDD for those two days would be 30. These CDD values were summed over a year, and then averaged for the decade. CDDs are often used as a proxy to estimate heating and cooling needs in buildings.", "application": ["rw"], "iso": [], "provider": "leaflet", "userId": "594a8b5b3b0f7f271d303321", "default": false, "protected": false, "published": true, "env": "production", "layerConfig": {"timelineLabel": "1981-1990", "order": 1981, "timeline": true, "type": "tileLayer", "service": "leaflet", "url": "https://api.resourcewatch.org/v1/layer/534ceedb-084d-4bf8-8aad-4dedf35fafd8/tile/nexgddp/{z}/{x}/{y}?year=1981-01-01T00:00:00.000Z", "body": {"format": "image/png", "maxZoom": 13}}, "legendConfig": {"items": [{"color": "transparent", "value": "No Data"}, {"value": 0, "color": "#FFFDCB"}, {"value": 300, "color": "#FFC784"}, {"value": 500, "color": "#FF934C"}, {"value": 1000, "color": "#FF5E1E"}, {"value": 1500, "color": "#FD3004"}, {"value": 2000, "color": "#D02403"}, {"value": 2500, "color": "#A21802"}, {"value": 3000, "color": "#770C00"}], "unit": "Degrees", "type": "gradient"}, "interactionConfig": {"output": []}, "applicationConfig": {}, "staticImageConfig": {}, "createdAt": "2020-02-06T15:27:38.115Z", "updatedAt": "2019-01-22T20:39:26.334Z"}}, {"id": "c15ac1af-bc47-435f-962c-d14fd38c70d1", "type": "layer", "attributes": {"name": "1991-2000 Cooling Degree Days, RCP 8.5 (Degrees)", "slug": "1991-2000-Cooling-Degree-Days-RCP-85-Degrees", "dataset": "1a3428a4-58ff-4054-aa2f-974db83b25b7", "description": "Cooling degree days in 1991-2000 under a higher emissions scenario (RCP 8.5). A cooling degree day (CDD) is defined as the number of degrees that a day's mean temperature is above 65\u00b0F. For example, if a day's average temperature is 80\u00b0F, the CDD would be 15. If a second day's average temperature were the same, the combined CDD for those two days would be 30. These CDD values were summed over a year, and then averaged for the decade. CDDs are often used as a proxy to estimate heating and cooling needs in buildings.", "application": ["rw"], "iso": [], "provider": "leaflet", "userId": "594a8b5b3b0f7f271d303321", "default": false, "protected": false, "published": true, "env": "production", "layerConfig": {"timelineLabel": "1991-2000", "order": 1991, "timeline": true, "type": "tileLayer", "service": "leaflet", "url": "https://api.resourcewatch.org/v1/layer/534ceedb-084d-4bf8-8aad-4dedf35fafd8/tile/nexgddp/{z}/{x}/{y}?year=1991-01-01T00:00:00.000Z", "body": {"format": "image/png", "maxZoom": 13}}, "legendConfig": {"items": [{"color": "transparent", "value": "No Data"}, {"value": 0, "color": "#FFFDCB"}, {"value": 300, "color": "#FFC784"}, {"value": 500, "color": "#FF934C"}, {"value": 1000, "color": "#FF5E1E"}, {"value": 1500, "color": "#FD3004"}, {"value": 2000, "color": "#D02403"}, {"value": 2500, "color": "#A21802"}, {"value": 3000, "color": "#770C00"}], "unit": "Degrees", "type": "gradient"}, "interactionConfig": {"output": []}, "applicationConfig": {}, "staticImageConfig": {}, "createdAt": "2020-02-06T15:27:38.116Z", "updatedAt": "2019-01-22T20:39:40.315Z"}}, {"id": "4489ab01-d147-446e-b6c1-a121555a8227", "type": "layer", "attributes": {"name": "2001-2010 Cooling Degree Days, RCP 8.5 (Degrees)", "slug": "2001-2010-Cooling-Degree-Days-RCP-85-Degrees", "dataset": "1a3428a4-58ff-4054-aa2f-974db83b25b7", "description": "Cooling degree days in 2001-2010 under a higher emissions scenario (RCP 8.5). A cooling degree day (CDD) is defined as the number of degrees that a day's mean temperature is above 65\u00b0F. For example, if a day's average temperature is 80\u00b0F, the CDD would be 15. If a second day's average temperature were the same, the combined CDD for those two days would be 30. These CDD values were summed over a year, and then averaged for the decade. CDDs are often used as a proxy to estimate heating and cooling needs in buildings.", "application": ["rw"], "iso": [], "provider": "leaflet", "userId": "594a8b5b3b0f7f271d303321", "default": false, "protected": false, "published": true, "env": "production", "layerConfig": {"timelineLabel": "2001-2010", "order": 2001, "timeline": true, "type": "tileLayer", "service": "leaflet", "url": "https://api.resourcewatch.org/v1/layer/534ceedb-084d-4bf8-8aad-4dedf35fafd8/tile/nexgddp/{z}/{x}/{y}?year=2001-01-01T00:00:00.000Z", "body": {"format": "image/png", "maxZoom": 13}}, "legendConfig": {"items": [{"color": "transparent", "value": "No Data"}, {"value": 0, "color": "#FFFDCB"}, {"value": 300, "color": "#FFC784"}, {"value": 500, "color": "#FF934C"}, {"value": 1000, "color": "#FF5E1E"}, {"value": 1500, "color": "#FD3004"}, {"value": 2000, "color": "#D02403"}, {"value": 2500, "color": "#A21802"}, {"value": 3000, "color": "#770C00"}], "unit": "Degrees", "type": "gradient"}, "interactionConfig": {"output": []}, "applicationConfig": {}, "staticImageConfig": {}, "createdAt": "2020-02-06T15:27:38.116Z", "updatedAt": "2019-01-22T20:39:52.043Z"}}, {"id": "fd0cc83c-c9d3-4fc3-9fc1-a3a4e414933e", "type": "layer", "attributes": {"name": "2011-2020 Cooling Degree Days, RCP 8.5 (Degrees)", "slug": "2011-2020-Cooling-Degree-Days-RCP-85-Degrees", "dataset": "1a3428a4-58ff-4054-aa2f-974db83b25b7", "description": "Cooling degree days in 2011-2020 under a higher emissions scenario (RCP 8.5). A cooling degree day (CDD) is defined as the number of degrees that a day's mean temperature is above 65\u00b0F. For example, if a day's average temperature is 80\u00b0F, the CDD would be 15. If a second day's average temperature were the same, the combined CDD for those two days would be 30. These CDD values were summed over a year, and then averaged for the decade. CDDs are often used as a proxy to estimate heating and cooling needs in buildings.", "application": ["rw"], "iso": [], "provider": "leaflet", "userId": "594a8b5b3b0f7f271d303321", "default": false, "protected": false, "published": true, "env": "production", "layerConfig": {"timelineLabel": "2011-2020", "order": 2011, "timeline": true, "type": "tileLayer", "service": "leaflet", "url": "https://api.resourcewatch.org/v1/layer/534ceedb-084d-4bf8-8aad-4dedf35fafd8/tile/nexgddp/{z}/{x}/{y}?year=2011-01-01T00:00:00.000Z", "body": {"format": "image/png", "maxZoom": 13}}, "legendConfig": {"items": [{"color": "transparent", "value": "No Data"}, {"value": 0, "color": "#FFFDCB"}, {"value": 300, "color": "#FFC784"}, {"value": 500, "color": "#FF934C"}, {"value": 1000, "color": "#FF5E1E"}, {"value": 1500, "color": "#FD3004"}, {"value": 2000, "color": "#D02403"}, {"value": 2500, "color": "#A21802"}, {"value": 3000, "color": "#770C00"}], "unit": "Degrees", "type": "gradient"}, "interactionConfig": {"output": []}, "applicationConfig": {}, "staticImageConfig": {}, "createdAt": "2020-02-06T15:27:38.117Z", "updatedAt": "2019-01-22T20:40:03.432Z"}}, {"id": "2958c9f5-c961-4f24-a3e8-76baaed9ba25", "type": "layer", "attributes": {"name": "2021-2030 Cooling Degree Days, RCP 8.5 (Degrees)", "slug": "2021-2030-Cooling-Degree-Days-RCP-85-Degrees", "dataset": "1a3428a4-58ff-4054-aa2f-974db83b25b7", "description": "Cooling degree days in 2021-2030 under a higher emissions scenario (RCP 8.5). A cooling degree day (CDD) is defined as the number of degrees that a day's mean temperature is above 65\u00b0F. For example, if a day's average temperature is 80\u00b0F, the CDD would be 15. If a second day's average temperature were the same, the combined CDD for those two days would be 30. These CDD values were summed over a year, and then averaged for the decade. CDDs are often used as a proxy to estimate heating and cooling needs in buildings.", "application": ["rw"], "iso": [], "provider": "leaflet", "userId": "594a8b5b3b0f7f271d303321", "default": false, "protected": false, "published": true, "env": "production", "layerConfig": {"timelineLabel": "2021-2030", "order": 2021, "timeline": true, "type": "tileLayer", "service": "leaflet", "url": "https://api.resourcewatch.org/v1/layer/534ceedb-084d-4bf8-8aad-4dedf35fafd8/tile/nexgddp/{z}/{x}/{y}?year=2021-01-01T00:00:00.000Z", "body": {"format": "image/png", "maxZoom": 13}}, "legendConfig": {"items": [{"color": "transparent", "value": "No Data"}, {"value": 0, "color": "#FFFDCB"}, {"value": 300, "color": "#FFC784"}, {"value": 500, "color": "#FF934C"}, {"value": 1000, "color": "#FF5E1E"}, {"value": 1500, "color": "#FD3004"}, {"value": 2000, "color": "#D02403"}, {"value": 2500, "color": "#A21802"}, {"value": 3000, "color": "#770C00"}], "unit": "Degrees", "type": "gradient"}, "interactionConfig": {"output": []}, "applicationConfig": {}, "staticImageConfig": {}, "createdAt": "2020-02-06T15:27:38.117Z", "updatedAt": "2019-01-22T20:40:16.895Z"}}, {"id": "763fbae9-7fc7-44bf-91d8-99ab1c0d0a21", "type": "layer", "attributes": {"name": "2031-2040 Cooling Degree Days, RCP 8.5 (Degrees)", "slug": "2031-2040-Cooling-Degree-Days-RCP-85-Degrees", "dataset": "1a3428a4-58ff-4054-aa2f-974db83b25b7", "description": "Cooling degree days in 2031-2040 under a higher emissions scenario (RCP 8.5). A cooling degree day (CDD) is defined as the number of degrees that a day's mean temperature is above 65\u00b0F. For example, if a day's average temperature is 80\u00b0F, the CDD would be 15. If a second day's average temperature were the same, the combined CDD for those two days would be 30. These CDD values were summed over a year, and then averaged for the decade. CDDs are often used as a proxy to estimate heating and cooling needs in buildings.", "application": ["rw"], "iso": [], "provider": "leaflet", "userId": "594a8b5b3b0f7f271d303321", "default": false, "protected": false, "published": true, "env": "production", "layerConfig": {"timelineLabel": "2031-2040", "order": 2031, "timeline": true, "type": "tileLayer", "service": "leaflet", "url": "https://api.resourcewatch.org/v1/layer/534ceedb-084d-4bf8-8aad-4dedf35fafd8/tile/nexgddp/{z}/{x}/{y}?year=2031-01-01T00:00:00.000Z", "body": {"format": "image/png", "maxZoom": 13}}, "legendConfig": {"items": [{"color": "transparent", "value": "No Data"}, {"value": 0, "color": "#FFFDCB"}, {"value": 300, "color": "#FFC784"}, {"value": 500, "color": "#FF934C"}, {"value": 1000, "color": "#FF5E1E"}, {"value": 1500, "color": "#FD3004"}, {"value": 2000, "color": "#D02403"}, {"value": 2500, "color": "#A21802"}, {"value": 3000, "color": "#770C00"}], "unit": "Degrees", "type": "gradient"}, "interactionConfig": {"output": []}, "applicationConfig": {}, "staticImageConfig": {}, "createdAt": "2020-02-06T15:27:38.118Z", "updatedAt": "2019-01-22T20:40:27.585Z"}}, {"id": "6ea3a13b-f2cd-42d3-9b21-ab5a5ca4b4c9", "type": "layer", "attributes": {"name": "2041-2050 Cooling Degree Days, RCP 8.5 (Degrees)", "slug": "2041-2050-Cooling-Degree-Days-RCP-85-Degrees", "dataset": "1a3428a4-58ff-4054-aa2f-974db83b25b7", "description": "Cooling degree days in 2041-2050 under a higher emissions scenario (RCP 8.5). A cooling degree day (CDD) is defined as the number of degrees that a day's mean temperature is above 65\u00b0F. For example, if a day's average temperature is 80\u00b0F, the CDD would be 15. If a second day's average temperature were the same, the combined CDD for those two days would be 30. These CDD values were summed over a year, and then averaged for the decade. CDDs are often used as a proxy to estimate heating and cooling needs in buildings.", "application": ["rw"], "iso": [], "provider": "leaflet", "userId": "594a8b5b3b0f7f271d303321", "default": false, "protected": false, "published": true, "env": "production", "layerConfig": {"timelineLabel": "2041-2050", "order": 2041, "timeline": true, "type": "tileLayer", "service": "leaflet", "url": "https://api.resourcewatch.org/v1/layer/534ceedb-084d-4bf8-8aad-4dedf35fafd8/tile/nexgddp/{z}/{x}/{y}?year=2041-01-01T00:00:00.000Z", "body": {"format": "image/png", "maxZoom": 13}}, "legendConfig": {"items": [{"color": "transparent", "value": "No Data"}, {"value": 0, "color": "#FFFDCB"}, {"value": 300, "color": "#FFC784"}, {"value": 500, "color": "#FF934C"}, {"value": 1000, "color": "#FF5E1E"}, {"value": 1500, "color": "#FD3004"}, {"value": 2000, "color": "#D02403"}, {"value": 2500, "color": "#A21802"}, {"value": 3000, "color": "#770C00"}], "unit": "Degrees", "type": "gradient"}, "interactionConfig": {"output": []}, "applicationConfig": {}, "staticImageConfig": {}, "createdAt": "2020-02-06T15:27:38.118Z", "updatedAt": "2019-01-22T20:40:37.739Z"}}, {"id": "cca33771-5173-49f9-85a0-619c37f7a3d8", "type": "layer", "attributes": {"name": "2051-2060 Cooling Degree Days, RCP 8.5 (Degrees)", "slug": "2051-2060-Cooling-Degree-Days-RCP-85-Degrees", "dataset": "1a3428a4-58ff-4054-aa2f-974db83b25b7", "description": "Cooling degree days in 2051-2060 under a higher emissions scenario (RCP 8.5). A cooling degree day (CDD) is defined as the number of degrees that a day's mean temperature is above 65\u00b0F. For example, if a day's average temperature is 80\u00b0F, the CDD would be 15. If a second day's average temperature were the same, the combined CDD for those two days would be 30. These CDD values were summed over a year, and then averaged for the decade. CDDs are often used as a proxy to estimate heating and cooling needs in buildings.", "application": ["rw"], "iso": [], "provider": "leaflet", "userId": "594a8b5b3b0f7f271d303321", "default": false, "protected": false, "published": true, "env": "production", "layerConfig": {"timelineLabel": "2051-2060", "order": 2051, "timeline": true, "type": "tileLayer", "service": "leaflet", "url": "https://api.resourcewatch.org/v1/layer/534ceedb-084d-4bf8-8aad-4dedf35fafd8/tile/nexgddp/{z}/{x}/{y}?year=2051-01-01T00:00:00.000Z", "body": {"format": "image/png", "maxZoom": 13}}, "legendConfig": {"items": [{"color": "transparent", "value": "No Data"}, {"value": 0, "color": "#FFFDCB"}, {"value": 300, "color": "#FFC784"}, {"value": 500, "color": "#FF934C"}, {"value": 1000, "color": "#FF5E1E"}, {"value": 1500, "color": "#FD3004"}, {"value": 2000, "color": "#D02403"}, {"value": 2500, "color": "#A21802"}, {"value": 3000, "color": "#770C00"}], "unit": "Degrees", "type": "gradient"}, "interactionConfig": {"output": []}, "applicationConfig": {}, "staticImageConfig": {}, "createdAt": "2020-02-06T15:27:38.118Z", "updatedAt": "2019-01-22T20:40:47.547Z"}}, {"id": "51ec3ae7-9dfb-4643-82f8-fe71bffc427a", "type": "layer", "attributes": {"name": "2061-2070 Cooling Degree Days, RCP 8.5 (Degrees)", "slug": "2061-2070-Cooling-Degree-Days-RCP-85-Degrees", "dataset": "1a3428a4-58ff-4054-aa2f-974db83b25b7", "description": "Cooling degree days in 2061-2070 under a higher emissions scenario (RCP 8.5). A cooling degree day (CDD) is defined as the number of degrees that a day's mean temperature is above 65\u00b0F. For example, if a day's average temperature is 80\u00b0F, the CDD would be 15. If a second day's average temperature were the same, the combined CDD for those two days would be 30. These CDD values were summed over a year, and then averaged for the decade. CDDs are often used as a proxy to estimate heating and cooling needs in buildings.", "application": ["rw"], "iso": [], "provider": "leaflet", "userId": "594a8b5b3b0f7f271d303321", "default": false, "protected": false, "published": true, "env": "production", "layerConfig": {"timelineLabel": "2061-2070", "order": 2061, "timeline": true, "type": "tileLayer", "service": "leaflet", "url": "https://api.resourcewatch.org/v1/layer/534ceedb-084d-4bf8-8aad-4dedf35fafd8/tile/nexgddp/{z}/{x}/{y}?year=2061-01-01T00:00:00.000Z", "body": {"format": "image/png", "maxZoom": 13}}, "legendConfig": {"items": [{"color": "transparent", "value": "No Data"}, {"value": 0, "color": "#FFFDCB"}, {"value": 300, "color": "#FFC784"}, {"value": 500, "color": "#FF934C"}, {"value": 1000, "color": "#FF5E1E"}, {"value": 1500, "color": "#FD3004"}, {"value": 2000, "color": "#D02403"}, {"value": 2500, "color": "#A21802"}, {"value": 3000, "color": "#770C00"}], "unit": "Degrees", "type": "gradient"}, "interactionConfig": {"output": []}, "applicationConfig": {}, "staticImageConfig": {}, "createdAt": "2020-02-06T15:27:38.118Z", "updatedAt": "2019-01-22T20:41:07.736Z"}}, {"id": "d6f2aabe-a2ba-4ad2-b9e5-a70487c18295", "type": "layer", "attributes": {"name": "2071-2080 Cooling Degree Days, RCP 8.5 (Degrees)", "slug": "2071-2080-Cooling-Degree-Days-RCP-85-Degrees", "dataset": "1a3428a4-58ff-4054-aa2f-974db83b25b7", "description": "Cooling degree days in 2071-2080 under a higher emissions scenario (RCP 8.5). A cooling degree day (CDD) is defined as the number of degrees that a day's mean temperature is above 65\u00b0F. For example, if a day's average temperature is 80\u00b0F, the CDD would be 15. If a second day's average temperature were the same, the combined CDD for those two days would be 30. These CDD values were summed over a year, and then averaged for the decade. CDDs are often used as a proxy to estimate heating and cooling needs in buildings.", "application": ["rw"], "iso": [], "provider": "leaflet", "userId": "594a8b5b3b0f7f271d303321", "default": false, "protected": false, "published": true, "env": "production", "layerConfig": {"timelineLabel": "2071-2080", "order": 2071, "timeline": true, "type": "tileLayer", "service": "leaflet", "url": "https://api.resourcewatch.org/v1/layer/534ceedb-084d-4bf8-8aad-4dedf35fafd8/tile/nexgddp/{z}/{x}/{y}?year=2071-01-01T00:00:00.000Z", "body": {"format": "image/png", "maxZoom": 13}}, "legendConfig": {"items": [{"color": "transparent", "value": "No Data"}, {"value": 0, "color": "#FFFDCB"}, {"value": 300, "color": "#FFC784"}, {"value": 500, "color": "#FF934C"}, {"value": 1000, "color": "#FF5E1E"}, {"value": 1500, "color": "#FD3004"}, {"value": 2000, "color": "#D02403"}, {"value": 2500, "color": "#A21802"}, {"value": 3000, "color": "#770C00"}], "unit": "Degrees", "type": "gradient"}, "interactionConfig": {"output": []}, "applicationConfig": {}, "staticImageConfig": {}, "createdAt": "2020-02-06T15:27:38.118Z", "updatedAt": "2019-01-22T20:41:58.954Z"}}, {"id": "370fc7b8-a078-4aa5-8a95-f961cc3317b5", "type": "layer", "attributes": {"name": "2081-2090 Cooling Degree Days, RCP 8.5 (Degrees)", "slug": "2081-2090-Cooling-Degree-Days-RCP-85-Degrees", "dataset": "1a3428a4-58ff-4054-aa2f-974db83b25b7", "description": "Cooling degree days in 2081-2090 under a higher emissions scenario (RCP 8.5). A cooling degree day (CDD) is defined as the number of degrees that a day's mean temperature is above 65\u00b0F. For example, if a day's average temperature is 80\u00b0F, the CDD would be 15. If a second day's average temperature were the same, the combined CDD for those two days would be 30. These CDD values were summed over a year, and then averaged for the decade. CDDs are often used as a proxy to estimate heating and cooling needs in buildings.", "application": ["rw"], "iso": [], "provider": "leaflet", "userId": "594a8b5b3b0f7f271d303321", "default": false, "protected": false, "published": true, "env": "production", "layerConfig": {"timelineLabel": "2081-2090", "order": 2081, "timeline": true, "type": "tileLayer", "service": "leaflet", "url": "https://api.resourcewatch.org/v1/layer/534ceedb-084d-4bf8-8aad-4dedf35fafd8/tile/nexgddp/{z}/{x}/{y}?year=2081-01-01T00:00:00.000Z", "body": {"format": "image/png", "maxZoom": 13}}, "legendConfig": {"items": [{"color": "transparent", "value": "No Data"}, {"value": 0, "color": "#FFFDCB"}, {"value": 300, "color": "#FFC784"}, {"value": 500, "color": "#FF934C"}, {"value": 1000, "color": "#FF5E1E"}, {"value": 1500, "color": "#FD3004"}, {"value": 2000, "color": "#D02403"}, {"value": 2500, "color": "#A21802"}, {"value": 3000, "color": "#770C00"}], "unit": "Degrees", "type": "gradient"}, "interactionConfig": {"output": []}, "applicationConfig": {}, "staticImageConfig": {}, "createdAt": "2020-02-06T15:27:38.118Z", "updatedAt": "2019-01-22T20:42:23.266Z"}}], "vocabulary": [{"type": "vocabulary", "attributes": {"resource": {"id": "1a3428a4-58ff-4054-aa2f-974db83b25b7", "type": "dataset"}, "tags": ["climate_change", "temperature", "raster", "geospatial"], "name": "knowledge_graph", "application": "rw"}}], "widgetRelevantProps": [], "layerRelevantProps": []}}