{"id": "1a411ff1-7433-476a-a925-edb33a08bd64", "type": "dataset", "server": "https://api.resourcewatch.org", "attributes": {"name": "cli.011 Observed and Projected Climate Shifts [Archived]", "slug": "cli011-Observed-and-Projected-Climate-Shifts", "type": "tabular", "subtitle": "", "application": ["rw"], "dataPath": "", "attributesPath": null, "connectorType": "rest", "provider": "cartodb", "userId": "5980838ae24e6a1dae3dd446", "connectorUrl": "https://wri-rw.carto.com/tables/cli_011_observed_and_projected_climate_shifts/public", "sources": [], "tableName": "cli_011_observed_and_projected_climate_shifts", "status": "saved", "published": false, "overwrite": false, "verified": false, "blockchain": {}, "subscribable": {}, "mainDateField": null, "env": "production", "applicationConfig": {"rw": {"layerOrder": ["ab5c979c-713c-4425-a326-b67bf08f6a8e"]}}, "geoInfo": true, "protected": false, "legend": {"date": [], "region": [], "country": [], "nested": [], "integer": [], "short": [], "byte": [], "double": [], "float": [], "half_float": [], "scaled_float": [], "boolean": [], "binary": [], "text": [], "keyword": []}, "clonedHost": {}, "errorMessage": null, "taskId": null, "createdAt": "2019-10-01T20:45:41.341Z", "updatedAt": "2019-10-01T20:50:19.341Z", "dataLastUpdated": null, "metadata": [{"id": "5a56778cbef1da0012be37c9", "type": "metadata", "attributes": {"dataset": "1a411ff1-7433-476a-a925-edb33a08bd64", "application": "rw", "resource": {"id": "1a411ff1-7433-476a-a925-edb33a08bd64", "type": "dataset"}, "language": "en", "name": "Observed Climate Classification", "description": "The updated world map of K\u00f6ppen-Geiger climate classification is produced by the University of Veterinary Medicine, Vienna, Austria, and the Carinthian Institute for Climate Protection. This series of digital world maps for the period 1901-2100 depicts global trends in observed climate and projected climate change scenarios with 0.5 degree spatial resolution. World maps for the observational period 1901-2002 are based on recent data sets from the Climatic Research Unit (CRU) at the University of East Anglia and the Global Precipitation Climatology Centre (GPCC) at the German Weather Service. World maps for the period 2003-2100 are based on ensemble projections of global climate models provided by the Tyndall Centre for Climate Change Research and can be found on the original site. The main results comprise an estimation of the shifts of climate zones in the 21st century by considering different scenarios formulated by the Intergovernmental Panel on Climate Change. Resource Watch shows only a subset of the data set. For access to the full data set and additional information, see the Learn More link.", "source": "VetMedUni Vienna/CICP", "info": {"rwId": "cli.011", "data_type": "Raster", "name": "Observed Climate Classification", "sources": [{"source-name": "University of Veterinary Medicine, Vienna, Austria (VetMedUni Vienna)", "id": 0, "source-description": ""}, {"source-name": "Carinthian Institute for Climate Protection, Klagenfurt, Austria (CICP)", "id": 1, "source-description": ""}], "technical_title": "Observed and Projected Climate Shifts 1901-2100", "functions": "K\u00f6ppen-Geiger 1976-2000 global climate classification", "cautions": "The spatial resolution of the world maps of climate classifications is not yet high enough to depict small-scale features.", "citation": "Rubel, F., and M. Kottek. 2010. \"Observed and Projected Climate Shifts 1901-2100 Depicted by World Maps of the K\u00f6ppen-Geiger Climate Classification.\" Meteorologische Zeitschrift 19, no. 2: 135-141. doi: 10.1127/0941-2948/2010/0430. Accessed through Resource Watch, (date). [www.resourcewatch.org](www.resourcewatch.org).", "license": "Restrictions apply", "license_link": "http://koeppen-geiger.vu-wien.ac.at/shifts.htm", "geographic_coverage": "Global", "spatial_resolution": "0.5\u00b0", "date_of_content": "1901-2000 (observed), 1976-2100 (projections)", "frequency_of_updates": null, "learn_more_link": "http://koeppen-geiger.vu-wien.ac.at/shifts.htm", "data_download_link": null, "data_download_original_link": "http://koeppen-geiger.vu-wien.ac.at/shifts.htm"}, "createdAt": "2018-01-10T20:29:00.066Z", "updatedAt": "2020-02-04T19:45:49.523Z", "status": "published"}}], "widget": [{"id": "dee13fc9-bade-45b8-9348-4dff7b291746", "type": "widget", "attributes": {"name": "1976-2000 K\u00f6ppen-Geiger Climate Classification", "dataset": "1a411ff1-7433-476a-a925-edb33a08bd64", "slug": "1976-2000-Koppen-Geiger-Climate-Classification", "userId": "5981e73b0c069f3c93dc5e2a", "description": "This updated world map of K\u00f6ppen-Geiger climate classification was based on temperature and precipitation observations for the period 1976-2000.", "source": "", "authors": "", "application": ["rw"], "verified": false, "default": false, "protected": false, "defaultEditableWidget": true, "published": true, "thumbnailUrl": "http://wri-api-backups.s3.amazonaws.com/resourcewatch/prod/thumbnails/dee13fc9-bade-45b8-9348-4dff7b291746-1556914126784.png", "freeze": false, "env": "production", "queryUrl": "", "widgetConfig": {"type": "map", "layer_id": "ab5c979c-713c-4425-a326-b67bf08f6a8e", "zoom": 3, "lat": 0, "lng": 0, "bbox": [-33.57421875000001, -49.49667452747044, 33.75000000000001, 49.49667452747045], "basemapLayers": {"basemap": "dark", "labels": null, "boundaries": false}, "paramsConfig": {"visualizationType": "map", "limit": 500, "value": null, "category": null, "color": null, "size": null, "orderBy": null, "aggregateFunction": null, "chartType": null, "filters": [], "areaIntersection": null, "band": null, "layer": "ab5c979c-713c-4425-a326-b67bf08f6a8e"}, "config": {"range": {"dotSize": [20, 250], "category20": ["#3BB2D0", "#2C75B0", "#FAB72E", "#EF4848", "#65B60D", "#C32D7B", "#F577B9", "#5FD2B8", "#F1800F", "#9F1C00", "#A5E9E3", "#B9D765", "#393F44", "#CACCD0", "#717171"], "ordinal": {"scheme": "greens"}, "ramp": {"scheme": "purples"}}, "axis": {"labelFontSize": 13, "labelFont": "Lato", "labelColor": "#717171", "labelPadding": 10, "ticks": true, "tickSize": 8, "tickColor": "#A9ABAD", "tickOpacity": 0.5, "tickExtra": false}, "axisX": {"bandPosition": 0.5, "domainWidth": 1.2, "domainColor": "#A9ABAD", "labelAlign": "center", "labelBaseline": "top"}, "axisY": {"domain": false, "labelAlign": "left", "labelBaseline": "bottom", "tickOpacity": 0.5, "grid": true, "ticks": false, "gridColor": "#A9ABAD", "gridOpacity": 0.5}, "mark": {"fill": "#3BB2D0"}, "symbol": {"fill": "#3BB2D0", "stroke": "#fff"}, "rect": {"fill": "#3BB2D0"}, "line": {"interpolate": "linear", "stroke": "#3BB2D0", "fillOpacity": 0}}}, "template": false, "createdAt": "2017-12-11T16:38:33.623Z", "updatedAt": "2019-05-03T20:08:46.684Z"}}], "layer": [{"id": "ab5c979c-713c-4425-a326-b67bf08f6a8e", "type": "layer", "attributes": {"name": "1976-2000 K\u00f6ppen-Geiger Climate Classification", "slug": "Koppen-Geiger-Climate-Classification", "dataset": "1a411ff1-7433-476a-a925-edb33a08bd64", "description": "This updated world map of K\u00f6ppen-Geiger climate classification was based on temperature and precipitation observations for the period 1976-2000.", "application": ["rw"], "iso": [], "provider": "cartodb", "userId": "5981e73b0c069f3c93dc5e2a", "default": true, "protected": false, "published": true, "env": "production", "layerConfig": {"body": {"layers": [{"options": {"cartocss_version": "2.3.0", "cartocss": "#cli_011_observed_and_projected_climate_shifts {polygon-opacity: 1; line-width: 0.5; line-color: #FFF; line-opacity: 0;} [gridcode=11]{polygon-fill:#960000;} [gridcode=12]{polygon-fill:#FF0000;} [gridcode=13]{polygon-fill:#FF9999;} [gridcode=14]{polygon-fill:#FFCCCC;} [gridcode=21]{polygon-fill:#FFFF64;} [gridcode=22]{polygon-fill:#FFCC00;} [gridcode=26]{polygon-fill:#CCAA54;} [gridcode=27]{polygon-fill:#CC8D14;} [gridcode=31]{polygon-fill:#003200;} [gridcode=32]{polygon-fill:#005000;} [gridcode=33]{polygon-fill:#007800;} [gridcode=34]{polygon-fill:#00FF00;} [gridcode=35]{polygon-fill:#96FF00;} [gridcode=36]{polygon-fill:#C8FF00;} [gridcode=37]{polygon-fill:#B46400;} [gridcode=38]{polygon-fill:#966400;} [gridcode=39]{polygon-fill:#5A3C00;} [gridcode=41]{polygon-fill:#320032;} [gridcode=42]{polygon-fill:#640064;} [gridcode=43]{polygon-fill:#C800C8;} [gridcode=44]{polygon-fill:#C71585;} [gridcode=45]{polygon-fill:#FF6DFF;} [gridcode=46]{polygon-fill:#FFB4FF;} [gridcode=47]{polygon-fill:#E6C8FF;} [gridcode=48]{polygon-fill:#C8C8C8;} [gridcode=49]{polygon-fill:#C8B4FF;} [gridcode=50]{polygon-fill:#9A7FB3;} [gridcode=51]{polygon-fill:#8859B3;} [gridcode=52]{polygon-fill:#6F24B3;} [gridcode=61]{polygon-fill:#6496FF;} [gridcode=62]{polygon-fill:#64FFFF;} ", "sql": "SELECT data.*, helper.label, helper.hex FROM cli_011_observed_and_projected_climate_shifts data LEFT OUTER JOIN cli_011_koppen_geiger helper ON data.gridcode = helper.value"}, "type": "mapnik"}], "minzoom": 3, "maxzoom": 18, "vectorLayers": [{"paint": {"line-width": 0.5, "line-color": " #FFF", "line-opacity": 0}, "source-layer": "layer0", "type": "line", "filter": ["all"]}, {"paint": {"fill-opacity": 1}, "source-layer": "layer0", "type": "fill", "filter": ["all"]}, {"paint": {"fill-color": "#960000"}, "source-layer": "layer0", "type": "fill", "filter": ["all", ["==", "gridcode", 11]]}, {"paint": {"fill-color": "#FF0000"}, "source-layer": "layer0", "type": "fill", "filter": ["all", ["==", "gridcode", 12]]}, {"paint": {"fill-color": "#FF9999"}, "source-layer": "layer0", "type": "fill", "filter": ["all", ["==", "gridcode", 13]]}, {"paint": {"fill-color": "#FFCCCC"}, "source-layer": "layer0", "type": "fill", "filter": ["all", ["==", "gridcode", 14]]}, {"paint": {"fill-color": "#FFFF64"}, "source-layer": "layer0", "type": "fill", "filter": ["all", ["==", "gridcode", 21]]}, {"paint": {"fill-color": "#FFCC00"}, "source-layer": "layer0", "type": "fill", "filter": ["all", ["==", "gridcode", 22]]}, {"paint": {"fill-color": "#CCAA54"}, "source-layer": "layer0", "type": "fill", "filter": ["all", ["==", "gridcode", 26]]}, {"paint": {"fill-color": "#CC8D14"}, "source-layer": "layer0", "type": "fill", "filter": ["all", ["==", "gridcode", 27]]}, {"paint": {"fill-color": "#003200"}, "source-layer": "layer0", "type": "fill", "filter": ["all", ["==", "gridcode", 31]]}, {"paint": {"fill-color": "#005000"}, "source-layer": "layer0", "type": "fill", "filter": ["all", ["==", "gridcode", 32]]}, {"paint": {"fill-color": "#007800"}, "source-layer": "layer0", "type": "fill", "filter": ["all", ["==", "gridcode", 33]]}, {"paint": {"fill-color": "#00FF00"}, "source-layer": "layer0", "type": "fill", "filter": ["all", ["==", "gridcode", 34]]}, {"paint": {"fill-color": "#96FF00"}, "source-layer": "layer0", "type": "fill", "filter": ["all", ["==", "gridcode", 35]]}, {"paint": {"fill-color": "#C8FF00"}, "source-layer": "layer0", "type": "fill", "filter": ["all", ["==", "gridcode", 36]]}, {"paint": {"fill-color": "#B46400"}, "source-layer": "layer0", "type": "fill", "filter": ["all", ["==", "gridcode", 37]]}, {"paint": {"fill-color": "#966400"}, "source-layer": "layer0", "type": "fill", "filter": ["all", ["==", "gridcode", 38]]}, {"paint": {"fill-color": "#5A3C00"}, "source-layer": "layer0", "type": "fill", "filter": ["all", ["==", "gridcode", 39]]}, {"paint": {"fill-color": "#320032"}, "source-layer": "layer0", "type": "fill", "filter": ["all", ["==", "gridcode", 41]]}, {"paint": {"fill-color": "#640064"}, "source-layer": "layer0", "type": "fill", "filter": ["all", ["==", "gridcode", 42]]}, {"paint": {"fill-color": "#C800C8"}, "source-layer": "layer0", "type": "fill", "filter": ["all", ["==", "gridcode", 43]]}, {"paint": {"fill-color": "#C71585"}, "source-layer": "layer0", "type": "fill", "filter": ["all", ["==", "gridcode", 44]]}, {"paint": {"fill-color": "#FF6DFF"}, "source-layer": "layer0", "type": "fill", "filter": ["all", ["==", "gridcode", 45]]}, {"paint": {"fill-color": "#FFB4FF"}, "source-layer": "layer0", "type": "fill", "filter": ["all", ["==", "gridcode", 46]]}, {"paint": {"fill-color": "#E6C8FF"}, "source-layer": "layer0", "type": "fill", "filter": ["all", ["==", "gridcode", 47]]}, {"paint": {"fill-color": "#C8C8C8"}, "source-layer": "layer0", "type": "fill", "filter": ["all", ["==", "gridcode", 48]]}, {"paint": {"fill-color": "#C8B4FF"}, "source-layer": "layer0", "type": "fill", "filter": ["all", ["==", "gridcode", 49]]}, {"paint": {"fill-color": "#9A7FB3"}, "source-layer": "layer0", "type": "fill", "filter": ["all", ["==", "gridcode", 50]]}, {"paint": {"fill-color": "#8859B3"}, "source-layer": "layer0", "type": "fill", "filter": ["all", ["==", "gridcode", 51]]}, {"paint": {"fill-color": "#6F24B3"}, "source-layer": "layer0", "type": "fill", "filter": ["all", ["==", "gridcode", 52]]}, {"paint": {"fill-color": "#6496FF"}, "source-layer": "layer0", "type": "fill", "filter": ["all", ["==", "gridcode", 61]]}, {"paint": {"fill-color": "#64FFFF"}, "source-layer": "layer0", "type": "fill", "filter": ["all", ["==", "gridcode", 62]]}]}, "account": "wri-rw"}, "legendConfig": {"type": "basic", "items": [{"name": "Af (Equatorial, fully humid)", "color": "#960000"}, {"name": "Am (Equatorial, monsoonal)", "color": "#FF0000"}, {"name": "As (Equatorial, summer dry)", "color": "#FF9999"}, {"name": "Aw (Equatorial, winter dry)", "color": "#FFCCCC"}, {"name": "BWk (Arid, desert, cold arid)", "color": "#FFFF64"}, {"name": "BWh (Arid, desert, hot arid)", "color": "#FFCC00"}, {"name": "BSk (Arid, steppe, cold arid)", "color": "#CCAA54"}, {"name": "BSh (Arid, steppe, hot arid)", "color": "#CC8D14"}, {"name": "Cfa (Warm temperate, hot summer)", "color": "#003200"}, {"name": "Cfb (Warm temperate, fully humid, warm summer)", "color": "#005000"}, {"name": "Cfc (Warm temperate, fully humid, cool summer)", "color": "#007800"}, {"name": "Csa (Warm temperate, summer dry, hot summer)", "color": "#00FF00"}, {"name": "Csb (Warm temperate, summer dry, warm summer)", "color": "#96FF00"}, {"name": "Csc (Warm temperate, summer dry, cool summer)", "color": "#C8FF00"}, {"name": "Cwa (Warm temperate, winter dry, hot summer)", "color": "#B46400"}, {"name": "Cwb (Warm temperate, winter dry, warm summer)", "color": "#966400"}, {"name": "Cwc (Warm temperate, winter dry, cool summer)", "color": "#5A3C00"}, {"name": "Dfa (Snow, fully humid, hot summer)", "color": "#320032"}, {"name": "Dfb (Snow, fully humid, warm summer)", "color": "#640064"}, {"name": "Dfc (Snow, fully humid, cool summer)", "color": "#C800C8"}, {"name": "Dfd (Snow, fully humid, extremely continental)", "color": "#C71585"}, {"name": "Dsa (Snow, summer dry, hot summer)", "color": "#FF6DFF"}, {"name": "Dsb (Snow, summer dry, warm summer)", "color": "#FFB4FF"}, {"name": "Dsc (Snow, summer dry, cool summer)", "color": "#E6C8FF"}, {"name": "Dsd (Snow, summer dry, extremely continental)", "color": "#C8C8C8"}, {"name": "Dwa (Snow, winter dry, hot summer)", "color": "#C8B4FF"}, {"name": "Dwb (Snow, winter dry, warm summer)", "color": "#9A7FB3"}, {"name": "Dwc (Snow, winter dry, cool summer)", "color": "#8859B3"}, {"name": "Dwd (Snow, winter dry, extremely continental)", "color": "#6F24B3"}, {"name": "EF (Polar, polar frost)", "color": "#6496FF"}, {"name": "ET (Polar, polar tundra)", "color": "#64FFFF"}]}, "interactionConfig": {"output": [{"column": "main_climate", "format": null, "prefix": "", "property": "Main Climate", "suffix": "", "type": "string"}, {"column": "precipitation", "format": null, "prefix": "", "property": "Precipitation", "suffix": "", "type": "string"}, {"column": "temperature", "format": null, "prefix": "", "property": "Temperature", "suffix": "", "type": "string"}]}, "applicationConfig": {}, "staticImageConfig": {}, "createdAt": "2020-02-06T15:27:49.107Z", "updatedAt": "2019-07-23T14:14:38.800Z"}}], "vocabulary": [{"type": "vocabulary", "attributes": {"resource": {"id": "1a411ff1-7433-476a-a925-edb33a08bd64", "type": "dataset"}, "tags": ["geospatial", "global", "raster", "climate_zone", "ecosystem", "historical", "climate", "time_period", "precipitation", "temperature"], "name": "knowledge_graph", "application": "rw"}}], "widgetRelevantProps": ["gridcode"], "layerRelevantProps": []}}