{"id": "1bc94710-d7ec-46f9-aa27-edddd87b1625", "type": "dataset", "server": "https://api.resourcewatch.org", "attributes": {"name": "bio.033 Cold Water Corals_replacement", "slug": "bio033-Cold-Water-Corals_replacement", "type": "tabular", "subtitle": null, "application": ["rw"], "dataPath": null, "attributesPath": null, "connectorType": "rest", "provider": "cartodb", "userId": "5ba001878e311b7e3718740f", "connectorUrl": "https://wri-rw.carto.com/tables/bio_033_cold_water_corals_pts/public", "sources": [], "tableName": "bio_033_cold_water_corals_pts", "status": "saved", "published": true, "overwrite": false, "verified": false, "blockchain": {}, "mainDateField": null, "env": "production", "geoInfo": true, "protected": false, "legend": {"date": [], "region": [], "country": [], "nested": [], "integer": [], "short": [], "byte": [], "double": [], "float": [], "half_float": [], "scaled_float": [], "boolean": [], "binary": [], "text": [], "keyword": []}, "clonedHost": {}, "errorMessage": "", "taskId": null, "createdAt": "2019-10-23T16:01:10.300Z", "updatedAt": "2019-10-25T20:35:47.123Z", "dataLastUpdated": null, "metadata": [{"id": "5db079485ab711001278d1ca", "type": "metadata", "attributes": {"dataset": "1bc94710-d7ec-46f9-aa27-edddd87b1625", "application": "rw", "resource": {"id": "1bc94710-d7ec-46f9-aa27-edddd87b1625", "type": "dataset"}, "language": "en", "name": "Cold Water Corals", "description": "This data set, released by the UN Environment Programme's World Conservation Monitoring Centre (UNEP-WCMC), shows of the global distribution of cold-water corals that inhabit the colder deep waters of continental shelves and offshore canyons, ranging from 50 to over 1,000 m depths. They lack zooxanthellae and may build reef-like structures or occur solitarily. Occurrence records are given for the subclass Octocorallia (octocorals; also known as Alcyonaria) and 4 Orders (in Class Anthozoa): Scleractinia (reef-forming corals), Antipatharia (black corals), Zoanthidae (encrusting or button polyps), and Pennatulacea (sea pens). Occurrence records are also available for the order sub-Order Filifera (lace corals) in Class Hydrozoa. Depth range, including upper and lower depths, status of the sample, and reference to where the record was first published, is also included. This data set contains data for 132 countries and comprises 32,631 occurrences of cold corals, including locations within the high seas. Occurrence records were obtained from various sources, including reports, peer-reviewed articles, and expert consultations. Many individuals and organizations contributed by providing UNEP-WCMC with their data in electronic form. Resource Watch shows only a subset of the data set. For access to the full data set and additional information, see the Learn More link.", "source": "UNEP-WCMC", "info": {"rwId": "bio.033", "data_type": "Vector", "name": "Cold Water Corals", "sources": [{"source-name": "United Nations Environment Programme World Conservation Monitoring Centre (UNEP-WCMC)", "id": 0, "source-description": ""}], "technical_title": "Global DIstribution of Cold Water Corals", "functions": "Global distribution of cold-water corals, 1915-2014", "cautions": "The high density of reefs shown in the North Atlantic most probably reflects the intensity of research in this region. Further discoveries are expected worldwide, particularly in the deeper waters of subtropical and tropical regions. Please note that taxonomic classifications change frequently.", "citation": "Freiwald A, Rogers A, Hall-Spencer J, Guinotte JM, Davies AJ, Yesson C, Martin CS, Weatherdon LV. 2017. Global distribution of cold-water corals (version 4.0). Third update to the dataset in Freiwald et al. (2004) by UNEP-WCMC, in collaboration with Andre Freiwald and John Guinotte. Cambridge (UK): UN Environment World Conservation Monitoring Centre. URL: http://data.unep-wcmc.org/datasets/3 Accessed through Resource Watch, (date). [www.resourcewatch.org](www.resourcewatch.org).", "license": "Restrictions apply", "license_link": "https://www.unep-wcmc.org/policies/general-data-license-excluding-wdpa", "geographic_coverage": "Global", "spatial_resolution": null, "date_of_content": "1915-2014", "frequency_of_updates": null, "learn_more_link": "http://data.unep-wcmc.org/datasets/3", "data_download_link": "https://wri-public-data.s3.amazonaws.com/resourcewatch/bio_033_cold_water_corals.zip", "data_download_original_link": "http://data.unep-wcmc.org/datasets/3"}, "columns": {"taxon2": {"alias": ""}, "class": {"alias": "Class"}, "subclass": {"alias": "Subclass"}, "order_": {"alias": "Order"}, "taxon": {"alias": "Species"}, "iso3": {"alias": "Country Code", "description": "International Standards Organization 3-letter country code"}, "place_name": {"alias": "Place", "description": "Approximate location of coral"}, "family": {"alias": "Family"}, "suborder": {"alias": "Suborder"}, "expedition": {"alias": "Expedition"}, "habitat": {"alias": "Habitat"}, "depth_uppe": {"alias": "Upper Depth (m)"}, "depth_lowe": {"alias": "Lower Depth (m)"}, "depth_rang": {"alias": "Depth Range (m)"}, "biological": {"alias": "Marine Topography"}, "wave_expos": {"alias": "Wave Exposure"}, "start_date": {"alias": "Start Date"}, "end_date": {"alias": "End Date"}, "extent": {"alias": "Extent"}, "salinity_v": {"alias": "Salinity"}, "salinity_c": {"alias": "Salinity"}, "comment_": {"alias": "Comments"}, "region": {"alias": "Region"}}, "createdAt": "2019-10-23T16:01:12.510Z", "updatedAt": "2020-02-04T19:45:31.024Z", "status": "published"}}], "widget": [{"id": "f8da2988-465a-4ea8-8fda-cd3f0a694b82", "type": "widget", "attributes": {"name": "1915-2014 Cold Water Coral Distribution by Depth (m)", "dataset": "1bc94710-d7ec-46f9-aa27-edddd87b1625", "slug": "1915-2014-Cold-Water-Coral-Distribution-by-Depth-m_1", "userId": "5ba001878e311b7e3718740f", "description": "", "application": ["rw"], "verified": false, "default": false, "protected": false, "defaultEditableWidget": true, "published": true, "freeze": false, "env": "production", "widgetConfig": {"paramsConfig": {"visualizationType": "chart", "limit": 500, "value": {"tableName": "bio_033_cold_water_corals_pts", "datasetID": "6b8442f5-4766-4444-94b4-d6676277fd80", "type": "number", "alias": "Lower Depth (m)", "name": "depth_lowe"}, "category": {"tableName": "bio_033_cold_water_corals_pts", "datasetID": "6b8442f5-4766-4444-94b4-d6676277fd80", "type": "number", "alias": "Upper Depth (m)", "name": "depth_uppe"}, "color": null, "size": null, "orderBy": null, "aggregateFunction": null, "chartType": "scatter", "filters": [], "areaIntersection": null, "band": null, "layer": "3885375e-7bac-4fcd-807f-8e12c6c0e5f1"}, "data": [{"name": "table", "url": "https://api.resourcewatch.org/v1/query/1bc94710-d7ec-46f9-aa27-edddd87b1625?sql=SELECT%20depth_uppe%20as%20x%2C%20depth_lowe%20as%20y%20FROM%20bio_033_cold_water_corals_pts%20%20%20 LIMIT 500", "format": {"type": "json", "property": "data"}}], "scales": [{"name": "x", "type": "linear", "round": true, "nice": true, "zero": false, "domain": {"data": "table", "field": "x"}, "range": "width"}, {"name": "y", "type": "linear", "round": true, "nice": true, "zero": true, "domain": {"data": "table", "field": "y"}, "range": "height"}], "axes": [{"scale": "x", "labelOverlap": "parity", "orient": "bottom", "encode": {"labels": {"update": {"align": {"value": "center"}, "baseline": {"value": "top"}}}}}, {"scale": "y", "labelOverlap": "parity", "orient": "left", "format": "s"}], "marks": [{"name": "marks", "type": "symbol", "from": {"data": "table"}, "encode": {"update": {"x": {"scale": "x", "field": "x"}, "y": {"scale": "y", "field": "y"}, "strokeOpacity": {"value": 0}, "zindex": {"value": 0}, "opacity": {"value": 0.5}}, "hover": {"strokeOpacity": {"value": 1}, "zindex": {"value": 1}, "opacity": {"value": 1}}}}], "interaction_config": [{"name": "tooltip", "config": {"fields": [{"column": "y", "property": "Lower Depth (m)", "type": "number", "format": ".2s"}, {"column": "x", "property": "Upper Depth (m)", "type": "number", "format": ".2f"}]}}], "config": {"range": {"dotSize": [20, 250], "category20": ["#3BB2D0", "#2C75B0", "#FAB72E", "#EF4848", "#65B60D", "#C32D7B", "#F577B9", "#5FD2B8", "#F1800F", "#9F1C00", "#A5E9E3", "#B9D765", "#393F44", "#CACCD0", "#717171"], "ordinal": {"scheme": "greens"}, "ramp": {"scheme": "purples"}}, "axis": {"labelFontSize": 13, "labelFont": "Lato", "labelColor": "#717171", "labelPadding": 10, "ticks": true, "tickSize": 8, "tickColor": "#A9ABAD", "tickOpacity": 0.5, "tickExtra": false}, "axisX": {"bandPosition": 0.5, "domainWidth": 1.2, "domainColor": "#A9ABAD", "labelAlign": "center", "labelBaseline": "top"}, "axisY": {"domain": false, "labelAlign": "left", "labelBaseline": "bottom", "tickOpacity": 0.5, "grid": true, "ticks": false, "gridColor": "#A9ABAD", "gridOpacity": 0.5}, "mark": {"fill": "#3BB2D0"}, "symbol": {"fill": "#3BB2D0", "stroke": "#fff"}, "rect": {"fill": "#3BB2D0"}, "line": {"interpolate": "linear", "stroke": "#3BB2D0", "fillOpacity": 0}}}, "template": false, "createdAt": "2019-10-23T16:01:11.593Z", "updatedAt": "2019-10-23T18:25:37.326Z"}}, {"id": "010b4f64-d022-48ca-b0d2-cd29864054ab", "type": "widget", "attributes": {"name": "Number of Records per Coral Family", "dataset": "1bc94710-d7ec-46f9-aa27-edddd87b1625", "slug": "Number-of-Records-per-Coral-Family_1", "userId": "5ba001878e311b7e3718740f", "description": "", "application": ["rw"], "verified": false, "default": false, "protected": false, "defaultEditableWidget": false, "published": true, "freeze": false, "env": "production", "widgetConfig": {"interaction_config": [{"config": {"fields": [{"format": ".2s", "type": "number", "property": "Upper Depth (m)", "column": "y"}, {"format": ".2f", "type": "string", "property": "Family", "column": "x"}]}, "name": "tooltip"}], "marks": [{"encode": {"hover": {"opacity": {"value": 0.8}}, "update": {"y2": {"value": 0, "scale": "y"}, "y": {"field": "y", "scale": "y"}, "width": {"band": 1, "scale": "x"}, "x": {"field": "x", "scale": "x"}, "opacity": {"value": 1}}}, "from": {"data": "table"}, "type": "rect"}], "axes": [{"encode": {"labels": {"update": {"angle": {"signal": "width < 300 || extent[1] > 10 ? -90 :0 "}, "baseline": {"signal": "width < 300 || extent[1] > 10 ? 'middle' : 'top'"}, "align": {"signal": "width < 300 || extent[1] > 10 ? 'right' : 'center'"}}}}, "ticks": false, "labelOverlap": "parity", "scale": "x", "orient": "bottom"}, {"encode": {"labels": {"update": {"baseline": {"value": "bottom"}, "align": {"value": "right"}}}}, "labelOverlap": "parity", "scale": "y", "orient": "left"}], "scales": [{"domain": {"field": "x", "data": "table"}, "padding": 0.05, "range": "width", "type": "band", "name": "x"}, {"domain": {"field": "y", "data": "table"}, "zero": true, "nice": true, "range": "height", "type": "linear", "name": "y"}], "data": [{"format": {"property": "data", "type": "json"}, "url": "https://api.resourcewatch.org/v1/query/6b8442f5-4766-4444-94b4-d6676277fd80?sql=SELECT family as x, depth_uppe as y FROM bio_033_cold_water_corals_pts WHERE family IN ('Acanthogorgiidae', 'Alcyoniidae', 'Anthoptilidae', 'Anthothelidae', 'Briareidae', 'Chrysogorgiidae', 'Clavulariidae', 'Coralliidae', 'Dendrobrachiidae', 'Echinoptilidae', 'Ellisellidae', 'Funiculinidae', 'Gorgoniidae', 'Haimeidae', 'Halipteridae', 'Ifalukellidae', 'Isididae', 'Keroeididae', 'Kophobelemnidae', 'Melithaeidae', 'Nephtheidae', 'Nidaliidae', 'Paragorgiidae', 'Paralcyoniidae', 'Parisididae', 'Pennatulidae', 'Plexauridae', 'Primnoidae', 'Protoptilidae', 'Pteroeididae', 'Renillidae', 'Scleroptilidae', 'Stachyptilidae', 'Subergorgiidae', 'Taiaroidae', 'Tubiporidae', 'Umbellulidae', 'Veretillidae', 'Virgulariidae', 'Xeniidae') AND family IS NOT NULL   LIMIT 500", "name": "table"}, {"transform": [{"as": ["value"], "ops": ["distinct"], "fields": ["x"], "type": "aggregate"}, {"signal": "extent", "field": "value", "type": "extent"}], "source": "table", "name": "stats"}], "paramsConfig": {"layer": null, "band": null, "areaIntersection": null, "filters": [{"alias": "Family", "name": "family", "type": "string", "datasetID": "6b8442f5-4766-4444-94b4-d6676277fd80", "tableName": "bio_033_cold_water_corals_pts", "value": ["Acanthogorgiidae", "Alcyoniidae", "Anthoptilidae", "Anthothelidae", "Briareidae", "Chrysogorgiidae", "Clavulariidae", "Coralliidae", "Dendrobrachiidae", "Echinoptilidae", "Ellisellidae", "Funiculinidae", "Gorgoniidae", "Haimeidae", "Halipteridae", "Ifalukellidae", "Isididae", "Keroeididae", "Kophobelemnidae", "Melithaeidae", "Nephtheidae", "Nidaliidae", "Paragorgiidae", "Paralcyoniidae", "Parisididae", "Pennatulidae", "Plexauridae", "Primnoidae", "Protoptilidae", "Pteroeididae", "Renillidae", "Scleroptilidae", "Stachyptilidae", "Subergorgiidae", "Taiaroidae", "Tubiporidae", "Umbellulidae", "Veretillidae", "Virgulariidae", "Xeniidae"], "notNull": true}], "chartType": "bar", "aggregateFunction": null, "orderBy": null, "size": null, "color": null, "category": {"alias": "Family", "name": "family", "type": "string", "datasetID": "6b8442f5-4766-4444-94b4-d6676277fd80", "tableName": "bio_033_cold_water_corals_pts"}, "value": {"tableName": "bio_033_cold_water_corals_pts", "datasetID": "6b8442f5-4766-4444-94b4-d6676277fd80", "type": "number", "alias": "Upper Depth (m)", "name": "depth_uppe"}, "limit": 500, "caption": null, "visualizationType": "chart"}}, "template": false, "createdAt": "2019-10-23T16:01:11.734Z", "updatedAt": "2019-10-23T16:01:11.734Z"}}, {"id": "a7766115-6ae6-49d1-be05-bd102ad634d1", "type": "widget", "attributes": {"name": "Cold Water Corals with satellite basemap", "dataset": "1bc94710-d7ec-46f9-aa27-edddd87b1625", "slug": "Cold-Water-Corals-with-satellite-basemap_1", "userId": "5ba001878e311b7e3718740f", "description": "Test!", "application": ["rw"], "verified": false, "default": false, "protected": false, "defaultEditableWidget": false, "published": false, "freeze": false, "env": "production", "widgetConfig": {"type": "map", "layer_id": "3885375e-7bac-4fcd-807f-8e12c6c0e5f1", "zoom": 3, "lat": 0, "lng": 0, "bbox": [-32.51953125000001, -49.49667452747044, 32.51953125000001, 49.49667452747045], "basemapLayers": {"basemap": "dark", "labels": null, "boundaries": false}, "paramsConfig": {"visualizationType": "map", "limit": 500, "value": {"name": "depth_lowe", "alias": "Lower Depth (m)", "type": "number", "datasetID": "6b8442f5-4766-4444-94b4-d6676277fd80", "tableName": "bio_033_cold_water_corals_pts"}, "category": {"name": "depth_uppe", "alias": "Upper Depth (m)", "type": "number", "datasetID": "6b8442f5-4766-4444-94b4-d6676277fd80", "tableName": "bio_033_cold_water_corals_pts"}, "color": null, "size": null, "orderBy": null, "aggregateFunction": null, "chartType": "scatter", "filters": [], "areaIntersection": null, "band": null, "layer": "3885375e-7bac-4fcd-807f-8e12c6c0e5f1"}, "config": {"range": {"dotSize": [20, 250], "category20": ["#3BB2D0", "#2C75B0", "#FAB72E", "#EF4848", "#65B60D", "#C32D7B", "#F577B9", "#5FD2B8", "#F1800F", "#9F1C00", "#A5E9E3", "#B9D765", "#393F44", "#CACCD0", "#717171"], "ordinal": {"scheme": "greens"}, "ramp": {"scheme": "purples"}}, "axis": {"labelFontSize": 13, "labelFont": "Lato", "labelColor": "#717171", "labelPadding": 10, "ticks": true, "tickSize": 8, "tickColor": "#A9ABAD", "tickOpacity": 0.5, "tickExtra": false}, "axisX": {"bandPosition": 0.5, "domainWidth": 1.2, "domainColor": "#A9ABAD", "labelAlign": "center", "labelBaseline": "top"}, "axisY": {"domain": false, "labelAlign": "left", "labelBaseline": "bottom", "tickOpacity": 0.5, "grid": true, "ticks": false, "gridColor": "#A9ABAD", "gridOpacity": 0.5}, "mark": {"fill": "#3BB2D0"}, "symbol": {"fill": "#3BB2D0", "stroke": "#fff"}, "rect": {"fill": "#3BB2D0"}, "line": {"interpolate": "linear", "stroke": "#3BB2D0", "fillOpacity": 0}}}, "template": false, "createdAt": "2019-10-23T16:01:11.879Z", "updatedAt": "2019-10-23T18:25:26.156Z"}}, {"id": "bd9a163c-30ae-45fd-b056-a59250663522", "type": "widget", "attributes": {"name": "Average Upper Depth by Species", "dataset": "1bc94710-d7ec-46f9-aa27-edddd87b1625", "slug": "Average-Upper-Depth-by-Species", "userId": "594a8b5b3b0f7f271d303321", "application": ["rw"], "verified": false, "default": false, "protected": false, "defaultEditableWidget": false, "published": false, "thumbnailUrl": "http://wri-api-backups.s3.amazonaws.com/resourcewatch/prod/thumbnails/bd9a163c-30ae-45fd-b056-a59250663522-1572456764855.png", "freeze": false, "env": "production", "widgetConfig": {"paramsConfig": {"visualizationType": "chart", "limit": 50, "value": {"type": "number", "name": "depth_uppe", "alias": "Upper Depth (m)"}, "category": {"type": "string", "name": "taxon", "alias": "Species"}, "color": null, "size": null, "orderBy": null, "aggregateFunction": "avg", "chartType": "bar", "filters": [], "areaIntersection": null, "band": null, "layer": "3885375e-7bac-4fcd-807f-8e12c6c0e5f1"}, "data": [{"name": "table", "transform": [{"type": "identifier", "as": "id"}, {"type": "joinaggregate", "as": ["count"]}], "url": "https://api.resourcewatch.org/v1/query/1bc94710-d7ec-46f9-aa27-edddd87b1625?sql=SELECT%20taxon%20as%20x%2C%20AVG(depth_uppe)%20as%20y%20FROM%20bio_033_cold_water_corals_pts%20%20GROUP%20BY%20%20x%20ORDER%20BY%20y%20desc LIMIT 50", "format": {"type": "json", "property": "data"}}], "scales": [{"name": "x", "type": "band", "range": "width", "padding": 0.05, "domain": {"data": "table", "field": "id"}}, {"name": "y", "type": "linear", "range": "height", "nice": true, "zero": true, "domain": {"data": "table", "field": "y"}}], "axes": [{"orient": "bottom", "scale": "x", "labelOverlap": "parity", "ticks": false, "encode": {"labels": {"update": {"text": {"signal": "width < 300 || data('table')[0].count > 10 ? truncate(data('table')[datum.value - 1].x, 12) : data('table')[datum.value - 1].x"}, "align": {"signal": "width < 300 || data('table')[0].count > 10 ? 'right' : 'center'"}, "baseline": {"signal": "width < 300 || data('table')[0].count > 10 ? 'middle' : 'top'"}, "angle": {"signal": "width < 300 || data('table')[0].count > 10 ? -90 : 0"}}}}}, {"orient": "left", "scale": "y", "labelOverlap": "parity", "format": "s", "encode": {"labels": {"update": {"align": {"value": "right"}, "baseline": {"value": "bottom"}}}}}], "marks": [{"type": "rect", "from": {"data": "table"}, "encode": {"update": {"opacity": {"value": 1}, "x": {"scale": "x", "field": "id"}, "width": {"scale": "x", "band": 1}, "y": {"scale": "y", "field": "y"}, "y2": {"scale": "y", "value": 0}}, "hover": {"opacity": {"value": 0.8}}}}], "interaction_config": [{"name": "tooltip", "config": {"fields": [{"column": "y", "property": "Upper Depth (m)", "type": "number", "format": ".2s"}, {"column": "x", "property": "Species", "type": "string", "format": ".2f"}]}}], "config": {"line": {"fillOpacity": 0, "stroke": "#3BB2D0", "interpolate": "linear"}, "rect": {"fill": "#3BB2D0"}, "symbol": {"stroke": "#fff", "fill": "#3BB2D0"}, "mark": {"fill": "#3BB2D0"}, "axisY": {"gridOpacity": 0.5, "gridColor": "#A9ABAD", "ticks": false, "grid": true, "tickOpacity": 0.5, "labelBaseline": "bottom", "labelAlign": "left", "domain": false}, "axisX": {"labelBaseline": "top", "labelAlign": "center", "domainColor": "#A9ABAD", "domainWidth": 1.2, "bandPosition": 0.5}, "axis": {"tickExtra": false, "tickOpacity": 0.5, "tickColor": "#A9ABAD", "tickSize": 8, "ticks": true, "labelPadding": 10, "labelColor": "#717171", "labelFont": "Lato", "labelFontSize": 13}, "range": {"ramp": {"scheme": "purples"}, "ordinal": {"scheme": "greens"}, "category20": ["#3BB2D0", "#2C75B0", "#FAB72E", "#EF4848", "#65B60D", "#C32D7B", "#F577B9", "#5FD2B8", "#F1800F", "#9F1C00", "#A5E9E3", "#B9D765", "#393F44", "#CACCD0", "#717171"], "dotSize": [20, 250]}}}, "template": false, "createdAt": "2019-10-30T17:31:55.069Z", "updatedAt": "2019-10-30T17:32:43.743Z"}}], "layer": [{"id": "eacf9f96-228d-4492-8998-ec1d873927aa", "type": "layer", "attributes": {"name": "1915-2014 Cold Water Coral Distribution by Depth (m)", "slug": "1915-2014-Cold-Water-Coral-Distribution-by-Depth-m_5", "dataset": "1bc94710-d7ec-46f9-aa27-edddd87b1625", "description": "Global distribution of cold-water corals and their depths in meters (m), 1915-2014.", "application": ["rw"], "iso": [], "provider": "cartodb", "userId": "5ba001878e311b7e3718740f", "default": true, "protected": false, "published": true, "env": "production", "layerConfig": {"account": "wri-rw", "body": {"maxzoom": 18, "minzoom": 3, "layers": [{"type": "mapnik", "options": {"sql": "SELECT * FROM bio_033_cold_water_corals_pts", "cartocss": "#bio_033_cold_water_corals_pts {marker-fill-opacity:1; marker-allow-overlap: true; marker-line-width:0; marker-line-color:#FFF; marker-line-opacity:0;} [depth_uppe>=2000]{marker-fill:#123f5a;} [zoom > 0] {marker-width: 7;} [zoom > 3] {marker-width: 9;}[zoom > 5] {marker-width: 11;} [zoom > 7] {marker-width: 13;} [zoom > 9] {marker-width: 15;}  [depth_uppe>=1000][depth_uppe<2000]{marker-fill:#2b6c7f;}  [depth_uppe>=500][depth_uppe<1000]{marker-fill:#559c9e;} [depth_uppe>=200][depth_uppe<500]{marker-fill:#8eccb9;}  [depth_uppe<200]{marker-fill:#d2fbd4;} ", "cartocss_version": "2.3.0"}}], "vectorLayers": [{"paint": {"circle-stroke-width": 0, "circle-stroke-color": "#FFF", "circle-stroke-opacity": 0}, "source-layer": "layer0", "type": "line", "filter": ["all"]}, {"paint": {"circle-opacity": 1, "circle-stroke-width": 0, "circle-stroke-color": "#FFF", "circle-stroke-opacity": 0}, "source-layer": "layer0", "type": "circle", "filter": ["all"]}, {"paint": {"circle-color": "#123f5a"}, "source-layer": "layer0", "type": "circle", "filter": ["all", [">=", "depth_uppe", 2000]]}, {"paint": {"circle-radius": 7}, "source-layer": "layer0", "type": "circle", "filter": ["all", [">", "zoom ", 0]]}, {"paint": {"circle-radius": 9}, "source-layer": "layer0", "type": "circle", "filter": ["all", [">", "zoom ", 3]]}, {"paint": {"circle-radius": 11}, "source-layer": "layer0", "type": "circle", "filter": ["all", [">", "zoom ", 5]]}, {"paint": {"circle-radius": 13}, "source-layer": "layer0", "type": "circle", "filter": ["all", [">", "zoom ", 7]]}, {"paint": {"circle-radius": 15}, "source-layer": "layer0", "type": "circle", "filter": ["all", [">", "zoom ", 9]]}, {"paint": {"circle-color": "#2b6c7f"}, "source-layer": "layer0", "type": "circle", "filter": ["all", [">=", "depth_uppe", 1000], ["<", "depth_uppe", 2000]]}, {"paint": {"circle-color": "#559c9e"}, "source-layer": "layer0", "type": "circle", "filter": ["all", [">=", "depth_uppe", 500], ["<", "depth_uppe", 1000]]}, {"paint": {"circle-color": "#8eccb9"}, "source-layer": "layer0", "type": "circle", "filter": ["all", [">=", "depth_uppe", 200], ["<", "depth_uppe", 500]]}, {"paint": {"circle-color": "#d2fbd4"}, "source-layer": "layer0", "type": "circle", "filter": ["all", ["<", "depth_uppe", 200]]}]}}, "legendConfig": {"items": [{"color": "#d2fbd4", "name": "<200", "id": 0}, {"color": "#8eccb9", "name": "<500", "id": 1}, {"color": "#559c9e", "name": "<1,000", "id": 2}, {"color": "#2b6c7f", "name": "<2,000", "id": 3}, {"color": "#123f5a", "name": "<5,000", "id": 4}], "type": "choropleth"}, "interactionConfig": {"output": [{"column": "place_name", "format": null, "prefix": "", "property": "Location", "suffix": "", "type": "string"}, {"column": "region", "format": null, "prefix": "", "property": "Region", "suffix": "", "type": "string"}, {"column": "taxon", "format": null, "prefix": "", "property": "Species", "suffix": "", "type": "string"}, {"column": "family", "format": null, "prefix": "", "property": "Family", "suffix": "", "type": "string"}, {"column": "depth_uppe", "format": null, "prefix": "", "property": "Upper Depth", "suffix": " m", "type": "number"}, {"column": "depth_lowe", "format": null, "prefix": "", "property": "Lower Depth", "suffix": " m", "type": "number"}]}, "applicationConfig": {}, "staticImageConfig": {}, "createdAt": "2019-10-23T16:01:10.928Z", "updatedAt": "2019-10-23T18:26:25.128Z"}}], "vocabulary": [{"type": "vocabulary", "attributes": {"resource": {"id": "1bc94710-d7ec-46f9-aa27-edddd87b1625", "type": "dataset"}, "tags": ["vector", "table", "ocean", "coral_reef", "habitat"], "name": "knowledge_graph", "application": "rw"}}], "widgetRelevantProps": ["family", "suborder", "expedition", "place_name", "habitat", "start_date", "end_date", "taxon", "class", "order_", "subclass", "region", "wave_expos", "comment_", "depth_uppe", "depth_rang", "biological", "depth_lowe"], "layerRelevantProps": []}}