{"id": "1d7085f7-11c7-4eaf-a29a-5a4de57d010e", "type": "dataset", "server": "https://api.resourcewatch.org", "attributes": {"name": "dis.001.nrt Significant Earthquakes", "slug": "dis001nrt-Significant-Earthquakes-over-the-past-30-Days", "type": "tabular", "subtitle": "", "application": ["rw"], "dataPath": "", "attributesPath": null, "connectorType": "rest", "provider": "cartodb", "userId": "58fa22c54eecd907310778cd", "connectorUrl": "https://rw-nrt.carto.com/tables/dis_001_significant_earthquakes/public", "sources": [], "tableName": "dis_001_significant_earthquakes", "status": "saved", "published": true, "overwrite": false, "verified": false, "blockchain": {}, "subscribable": {}, "mainDateField": "datetime", "env": "production", "geoInfo": true, "protected": false, "legend": {"date": [], "region": [], "country": [], "nested": [], "integer": [], "short": [], "byte": [], "double": [], "float": [], "half_float": [], "scaled_float": [], "boolean": [], "binary": [], "text": [], "keyword": []}, "clonedHost": {}, "errorMessage": "", "taskId": null, "createdAt": "2019-06-28T05:40:19.248Z", "updatedAt": "2020-02-06T14:40:18.721Z", "dataLastUpdated": "2020-02-06T14:37:32.000Z", "metadata": [{"id": "5ac9247b4ed096001071b36f", "type": "metadata", "attributes": {"dataset": "1d7085f7-11c7-4eaf-a29a-5a4de57d010e", "application": "rw", "resource": {"id": "1d7085f7-11c7-4eaf-a29a-5a4de57d010e", "type": "dataset"}, "language": "en", "name": "Earthquakes", "description": "The recent earthquake data produced by the USGS give information on global earthquakes located by the USGS and contributing agencies within the last 30 days. The data are updated within 15 minutes of an earthquake's occurrence. An earthquake's significance is calculated based on its magnitude, number of 'Did You Feel It' responses, and the PAGER (fatality and economic loss impact estimates) alert level. Resource Watch shows only a subset of the dataset. For access to the full dataset and additional information, see the Learn More link.", "source": "USGS", "info": {"rwId": "dis.001.nrt", "data_type": "Vector", "name": "Earthquakes", "sources": [{"source-name": "United States Geological Survey (USGS)", "id": 0, "source-description": ""}], "technical_title": "Earthquake Catalog", "functions": "Earthquakes over a magnitude of 5 that have occurred over the last 30 days", "cautions": "This should not be considered to be complete list of all events in the US and adjacent areas and especially should not be considered to be complete lists of all 4.5+ magnitude events in the world. In most cases, the USGS locates and reports on earthquakes worldwide of magnitude 5.0 and larger in 30 minutes or less. Additionally, it locates and reports on earthquakes magnitude 4.0 and larger within the contiguous US and populated regions of Alaska within 30 minutes. The USGS may not rapidly locate earthquakes smaller than 5.0 outside the US unless they have caused significant damage or are widely felt. Earthquakes this small rarely cause significant damage. At times, some other agency may report an earthquake with a larger magnitude than what the USGS computes, especially for non-US events near magnitude 5.0. If the USGS magnitude for the event is less than magnitude 5.0, we may not issue a rapid report for it. Earthquakes occurring outside the US and smaller than about magnitude 4.5 can be difficult for the USGS to locate if there are not enough data. The USGS continues to receive data from observatories throughout the world for several months after the events occur. Using these data, it adds new events and revises existing events in later publications. Many regional networks around the world can record smaller earthquakes in their region than the National Earthquake Information Center (NEIC) global network can, and in many cases these regional networks do not share their data with the NEIC.", "citation": "USGS. N.D. \"USGS Earthquakes, Past Month.\" Retreieved from https://earthquake.usgs.gov/earthquakes/feed/v1.0/summary/significant_month.geojson. Accessed through Resource Watch, (date). [www.resourcewatch.org](www.resourcewatch.org).", "license": "Attribution required", "license_link": "https://www2.usgs.gov/visual-id/credit_usgs.html#copyright", "geographic_coverage": "Global", "spatial_resolution": null, "date_of_content": "Past 30 days", "frequency_of_updates": "15 minutes", "learn_more_link": "https://earthquake.usgs.gov/earthquakes/", "data_download_link": null, "data_download_original_link": "https://earthquake.usgs.gov/earthquakes/"}, "columns": {"depth_in_km": {"alias": "Depth", "description": "Depth of the event in kilometers."}, "datetime": {"alias": "Date"}, "mag": {"alias": "Magnitude", "description": "Earthquake magnitude is a measure of the size of an earthquake at its source. It is a logarithmic measure. At the same distance from the earthquake, the amplitude of the seismic waves from which the magnitude is determined are approximately 10 times as large during a magnitude 5 earthquake as during a magnitude 4 earthquake. The total amount of energy released by the earthquake usually goes up by a larger factor: for many commonly used magnitude types, the total energy of an average earthquake goes up by a factor of approximately 32 for each unit increase in magnitude."}, "place": {"alias": "Place", "description": "Textual description of named geographic region near to the event. This may be a city name, or a Flinn-Engdahl Region name."}, "sig": {"alias": "Significance", "description": "A number describing how significant the event is. Larger numbers indicate a more significant event. This value is determined on a number of factors, including: magnitude, maximum MMI, felt reports, and estimated impact."}, "alert": {"alias": "Alert Level", "description": "The alert level from the PAGER earthquake impact scale, includes \u201cgreen\u201d, \u201cyellow\u201d, \u201corange\u201d and \u201cred\u201d."}, "cdi": {"description": "The maximum reported intensity for the event. Computed by DYFI. While typically reported as a roman numeral, for the purposes of this API, intensity is expected as the decimal equivalent of the roman numeral.", "alias": "Intensity"}, "felt": {"alias": "Number of 'Did You Feel It?' Reports", "description": "The total number of felt reports submitted to the Did You Feel It (DYFI)? system."}, "gap": {"description": "The largest azimuthal gap between azimuthally adjacent stations (in degrees). In general, the smaller this number, the more reliable is the calculated horizontal position of the earthquake. Earthquake locations in which the azimuthal gap exceeds 180 degrees typically have large location and depth uncertainties.", "alias": "Azimuthal gap between stations"}, "dmin": {"description": "Horizontal distance from the epicenter to the nearest station (in degrees). 1 degree is approximately 111.2 kilometers. In general, the smaller this number, the more reliable is the calculated depth of the earthquake.", "alias": "Horizontal distance from epicenter to nearest station"}, "mmi": {"description": "The maximum estimated instrumental intensity for the event.", "alias": "Maximum instrumental intensity"}, "net": {"description": "The ID of a data contributor. Identifies the network considered to be the preferred source of information for this event.", "alias": "ID of data contributor"}, "tsunami": {"description": "This flag is set to \"1\" for large events in oceanic regions and \"0\" otherwise. The existence or value of this flag does not indicate if a tsunami actually did or will exist", "alias": "Occurence in oceanic region"}, "magtype": {"description": "The method or algorithm used to calculate the preferred magnitude for the event.", "alias": "Magnitude type"}, "rms": {"description": "The root-mean-square (RMS) travel time residual, in sec, using all weights. This parameter provides a measure of the fit of the observed arrival times to the predicted arrival times for this location. Smaller numbers reflect a better fit of the data. The value is dependent on the accuracy of the velocity model used to compute the earthquake location, the quality weights assigned to the arrival time data, and the procedure used to locate the earthquake.", "alias": "Root-mean-square (RMS) travel time residual"}, "nst": {"description": "The total number of seismic stations used to determine earthquake location.", "alias": "Number of stations"}}, "createdAt": "2018-04-07T20:05:15.604Z", "updatedAt": "2020-02-04T19:46:05.274Z", "status": "published"}}], "widget": [{"id": "2cc541c2-22f7-49e8-b04a-3f0662976525", "type": "widget", "attributes": {"name": "10 Largest Recent Earthquakes by Magnitude", "dataset": "1d7085f7-11c7-4eaf-a29a-5a4de57d010e", "slug": "10-Largest-Recent-Earthquakes-by-Magnitude", "userId": "57d021e329309063404573a8", "description": "", "source": "", "authors": "", "application": ["rw"], "verified": false, "default": false, "protected": false, "defaultEditableWidget": true, "published": true, "thumbnailUrl": "http://wri-api-backups.s3.amazonaws.com/resourcewatch/prod/thumbnails/2cc541c2-22f7-49e8-b04a-3f0662976525-1566942403271.png", "freeze": false, "env": "production", "queryUrl": "", "widgetConfig": {"paramsConfig": {"visualizationType": "chart", "limit": 10, "value": {"name": "mag", "type": "number", "datasetID": "1d7085f7-11c7-4eaf-a29a-5a4de57d010e", "tableName": "dis_001_significant_earthquakes", "alias": "Magnitude"}, "category": {"name": "place", "type": "string", "datasetID": "1d7085f7-11c7-4eaf-a29a-5a4de57d010e", "tableName": "dis_001_significant_earthquakes", "alias": "Place"}, "color": null, "size": null, "orderBy": null, "aggregateFunction": null, "chartType": "bar", "filters": [{"name": "mag", "type": "number", "datasetID": "1d7085f7-11c7-4eaf-a29a-5a4de57d010e", "tableName": "dis_001_significant_earthquakes", "value": [6, 9], "notNull": true, "alias": "Magnitude"}], "areaIntersection": null, "band": null, "layer": null}, "data": [{"name": "table", "transform": [{"type": "identifier", "as": "id"}, {"type": "joinaggregate", "as": ["count"]}], "url": "https://api.resourcewatch.org/v1/query/1d7085f7-11c7-4eaf-a29a-5a4de57d010e?sql=SELECT%20place%20as%20x%2C%20mag%20as%20y%20FROM%20dis_001_significant_earthquakes%20WHERE%20mag%20%3E%3D%206%20AND%20mag%20%3C%3D%209%20AND%20mag%20IS%20NOT%20NULL%20%20ORDER%20BY%20mag%20desc LIMIT 10", "format": {"type": "json", "property": "data"}}], "scales": [{"name": "x", "type": "band", "range": "width", "padding": 0.05, "domain": {"data": "table", "field": "id"}}, {"name": "y", "type": "linear", "range": "height", "nice": true, "zero": true, "domain": {"data": "table", "field": "y"}}], "axes": [{"orient": "bottom", "scale": "x", "labelOverlap": "parity", "ticks": false, "encode": {"labels": {"update": {"text": {"signal": "width < 300 || data('table')[0].count > 10 ? truncate(data('table')[datum.value - 1].x, 12) : data('table')[datum.value - 1].x"}, "align": {"signal": "width < 300 || data('table')[0].count > 10 ? 'right' : 'center'"}, "baseline": {"signal": "width < 300 || data('table')[0].count > 10 ? 'middle' : 'top'"}, "angle": {"signal": "width < 300 || data('table')[0].count > 10 ? -90 : 0"}}}}}, {"orient": "left", "scale": "y", "labelOverlap": "parity", "format": "s", "encode": {"labels": {"update": {"align": {"value": "right"}, "baseline": {"value": "bottom"}}}}}], "marks": [{"type": "rect", "from": {"data": "table"}, "encode": {"update": {"opacity": {"value": 1}, "x": {"scale": "x", "field": "id"}, "width": {"scale": "x", "band": 1}, "y": {"scale": "y", "field": "y"}, "y2": {"scale": "y", "value": 0}}, "hover": {"opacity": {"value": 0.8}}}}], "interaction_config": [{"name": "tooltip", "config": {"fields": [{"column": "y", "property": "Magnitude", "type": "number", "format": ".2s"}, {"column": "x", "property": "Place", "type": "string", "format": ".2f"}]}}], "config": {"range": {"dotSize": [20, 250], "category20": ["#3BB2D0", "#2C75B0", "#FAB72E", "#EF4848", "#65B60D", "#C32D7B", "#F577B9", "#5FD2B8", "#F1800F", "#9F1C00", "#A5E9E3", "#B9D765", "#393F44", "#CACCD0", "#717171"], "ordinal": {"scheme": "greens"}, "ramp": {"scheme": "purples"}}, "axis": {"labelFontSize": 13, "labelFont": "Lato", "labelColor": "#717171", "labelPadding": 10, "ticks": true, "tickSize": 8, "tickColor": "#A9ABAD", "tickOpacity": 0.5, "tickExtra": false}, "axisX": {"bandPosition": 0.5, "domainWidth": 1.2, "domainColor": "#A9ABAD", "labelAlign": "center", "labelBaseline": "top"}, "axisY": {"domain": false, "labelAlign": "left", "labelBaseline": "bottom", "tickOpacity": 0.5, "grid": true, "ticks": false, "gridColor": "#A9ABAD", "gridOpacity": 0.5}, "mark": {"fill": "#3BB2D0"}, "symbol": {"fill": "#3BB2D0", "stroke": "#fff"}, "rect": {"fill": "#3BB2D0"}, "line": {"interpolate": "linear", "stroke": "#3BB2D0", "fillOpacity": 0}}}, "template": false, "createdAt": "2018-04-08T23:56:57.954Z", "updatedAt": "2019-08-27T21:46:43.207Z"}}, {"id": "6b050389-e45c-4022-94bb-a6fe47e22755", "type": "widget", "attributes": {"name": "Significant Earthquakes in USA", "dataset": "1d7085f7-11c7-4eaf-a29a-5a4de57d010e", "slug": "Significant-Earthquakes-in-USA", "userId": "5ace5b1823eaf202e67c439c", "description": "Significant Earthquakes", "application": ["rw"], "verified": false, "default": false, "protected": false, "defaultEditableWidget": false, "published": false, "thumbnailUrl": "http://wri-api-backups.s3.amazonaws.com/resourcewatch/prod/thumbnails/6b050389-e45c-4022-94bb-a6fe47e22755-1566503049590.png", "freeze": false, "env": "production", "widgetConfig": {"type": "map", "layer_id": "d63fff22-8cda-467e-b4ef-df3ab2613505", "zoom": 2, "lat": 19.145168196205297, "lng": -92.4609375, "bbox": [-157.50000000000003, -68.39918004344189, -27.070312500000004, 78.9039293885709], "basemapLayers": {"basemap": "dark", "labels": null, "boundaries": false}, "paramsConfig": {"visualizationType": "map", "limit": 50, "value": null, "category": null, "color": null, "size": null, "orderBy": null, "aggregateFunction": null, "chartType": "bar", "filters": [], "areaIntersection": null, "band": null, "layer": "d63fff22-8cda-467e-b4ef-df3ab2613505"}, "config": {"range": {"dotSize": [20, 250], "category20": ["#3BB2D0", "#2C75B0", "#FAB72E", "#EF4848", "#65B60D", "#C32D7B", "#F577B9", "#5FD2B8", "#F1800F", "#9F1C00", "#A5E9E3", "#B9D765", "#393F44", "#CACCD0", "#717171"], "ordinal": {"scheme": "greens"}, "ramp": {"scheme": "purples"}}, "axis": {"labelFontSize": 13, "labelFont": "Lato", "labelColor": "#717171", "labelPadding": 10, "ticks": true, "tickSize": 8, "tickColor": "#A9ABAD", "tickOpacity": 0.5, "tickExtra": false}, "axisX": {"bandPosition": 0.5, "domainWidth": 1.2, "domainColor": "#A9ABAD", "labelAlign": "center", "labelBaseline": "top"}, "axisY": {"domain": false, "labelAlign": "left", "labelBaseline": "bottom", "tickOpacity": 0.5, "grid": true, "ticks": false, "gridColor": "#A9ABAD", "gridOpacity": 0.5}, "mark": {"fill": "#3BB2D0"}, "symbol": {"fill": "#3BB2D0", "stroke": "#fff"}, "rect": {"fill": "#3BB2D0"}, "line": {"interpolate": "linear", "stroke": "#3BB2D0", "fillOpacity": 0}}}, "template": false, "createdAt": "2018-04-11T19:03:14.875Z", "updatedAt": "2019-08-22T19:44:09.530Z"}}], "layer": [{"id": "d63fff22-8cda-467e-b4ef-df3ab2613505", "type": "layer", "attributes": {"name": "Earthquakes with Magnitude of 5.0+ (Latest 30 Days) (Magnitude)", "slug": "Significant-Earthquakes-Past-30-Days", "dataset": "1d7085f7-11c7-4eaf-a29a-5a4de57d010e", "description": "Earthquakes with a magnitude of 5 or above that occurred over the last 30 days. Point size corresponds with magnitude.", "application": ["rw"], "iso": [], "provider": "cartodb", "userId": "58fa22c54eecd907310778cd", "default": true, "protected": false, "published": true, "env": "production", "layerConfig": {"account": "rw-nrt", "body": {"maxzoom": 18, "minzoom": 3, "layers": [{"type": "mapnik", "options": {"sql": "SELECT *, datetime::text as date_str FROM dis_001_significant_earthquakes WHERE datetime > current_date - interval '30 days' and mag >= 5 ORDER BY mag ASC", "cartocss": "#layer {::halo { marker-width: 15; marker-fill: #ccc; marker-fill-opacity: 1; marker-line-width: 0; marker-allow-overlap: true; opacity: 0.3; [mag>=7] {marker-width:25} [mag>=6][mag<7] {marker-width:18} [mag>=5][mag<6] {marker-width:14} [mag>=4][mag<5] {marker-width:10}} marker-fill-opacity: 1; marker-line-width: 0; marker-width: 7; marker-allow-overlap: true; [mag>=7] {marker-fill:#ffffb2; marker-width:15;} [mag>=6][mag<7] {marker-fill:#fecc5c;marker-width:10}[mag<6] {marker-fill:#fd8d3c; marker-width:7}}", "cartocss_version": "3.0.12"}}], "vectorLayers": [{"paint": {"circle-stroke-width": 0}, "source-layer": "layer0", "type": "line", "filter": ["all", [">=", "mag", 7]]}, {"paint": {"circle-color": " #ccc", "circle-opacity": 1, "circle-stroke-width": 0}, "source-layer": "layer0", "type": "circle", "filter": ["all", [">=", "mag", 7]]}, {"paint": {"circle-radius": 18}, "source-layer": "layer0", "type": "circle", "filter": ["all", [">=", "mag", 6], ["<", "mag", 7]]}, {"paint": {"circle-radius": 14}, "source-layer": "layer0", "type": "circle", "filter": ["all", [">=", "mag", 5], ["<", "mag", 6]]}, {"paint": {"circle-radius": 10}, "source-layer": "layer0", "type": "circle", "filter": ["all", [">=", "mag", 4], ["<", "mag", 5]]}, {"paint": {"circle-color": "#EFF821", "circle-radius": 15}, "source-layer": "layer0", "type": "circle", "filter": ["all", [">=", "mag", 7]]}, {"paint": {"circle-color": "#FCCC25", "circle-radius": 10}, "source-layer": "layer0", "type": "circle", "filter": ["all", [">=", "mag", 6], ["<", "mag", 7]]}, {"paint": {"circle-color": "#FCA635", "circle-radius": 7}, "source-layer": "layer0", "type": "circle", "filter": ["all", [">=", "mag", 5], ["<", "mag", 6]]}, {"paint": {"circle-color": "#F1824C", "circle-radius": 5}, "source-layer": "layer0", "type": "circle", "filter": ["all", ["<", "mag", 5]]}]}}, "legendConfig": {"items": [{"color": "#fd8d3c", "name": "<6.0", "id": 1}, {"color": "#fecc5c", "name": "<7.0", "id": 2}, {"color": "#ffffb2", "name": "\u22657.0", "id": 3}], "type": "choropleth"}, "interactionConfig": {"output": [{"suffix": "", "format": null, "column": "mag", "prefix": "", "property": "Magnitude", "type": "number"}, {"suffix": "", "format": null, "column": "sig", "prefix": "", "property": "Significance", "type": "number"}, {"column": "date_str", "format": null, "prefix": "", "property": "Time", "suffix": " UTC", "type": "string"}], "pulseConfig": {"url": "https://api.resourcewatch.org/v1/query/1d7085f7-11c7-4eaf-a29a-5a4de57d010e?sql=SELECT *, datetime::text as date_str FROM dis_001_significant_earthquakes WHERE st_intersects(the_geom,st_buffer(ST_SetSRID(ST_GeomFromGeoJSON('{\"type\":\"Point\",\"coordinates\":{{point}}}'),4326),1)) AND datetime > current_date - interval '30 days' and mag >= 5"}}, "applicationConfig": {}, "staticImageConfig": {}, "createdAt": "2019-10-21T21:00:13.356Z", "updatedAt": "2019-10-21T21:25:40.891Z"}}, {"id": "e6db3442-b4a4-46f2-b757-56e461059856", "type": "layer", "attributes": {"name": "Significant Earthquakes (Latest 30 Days) (Magnitude)", "slug": "Significant-Earthquakes-Latest-30-Days-Magnitude", "dataset": "1d7085f7-11c7-4eaf-a29a-5a4de57d010e", "description": "Earthquakes with a USGS significance threshold of at least 600 that occurred over the last 30 days. Point size corresponds with magnitude.", "application": ["rw"], "iso": [], "provider": "cartodb", "userId": "58f63c81bd32c60206ed6b12", "default": true, "protected": false, "published": true, "env": "production", "layerConfig": {"body": {"layers": [{"options": {"cartocss_version": "3.0.12", "cartocss": "#layer {::halo { marker-width: 15; marker-fill: #ccc; marker-fill-opacity: 1; marker-line-width: 0; marker-allow-overlap: true; opacity: 0.3; [mag>=7] {marker-width:25} [mag>=6][mag<7] {marker-width:18} [mag>=5][mag<6] {marker-width:14} [mag>=4][mag<5] {marker-width:10}} marker-fill-opacity: 1; marker-line-width: 0; marker-width: 7; marker-allow-overlap: true; [mag>=7] {marker-fill:#ffffb2; marker-width:15;} [mag>=6][mag<7] {marker-fill:#fecc5c;marker-width:10} [mag>=5][mag<6] {marker-fill:#fd8d3c; marker-width:7} [mag<5] {marker-fill:#990000; marker-width: 5;}}", "sql": "SELECT *, datetime::text as date_str FROM dis_001_significant_earthquakes WHERE datetime > current_date - interval '30 days' and sig >= 600 ORDER BY mag ASC"}, "type": "mapnik"}], "minzoom": 3, "maxzoom": 18, "vectorLayers": [{"paint": {"circle-stroke-width": 0}, "source-layer": "layer0", "type": "line", "filter": ["all", [">=", "mag", 7]]}, {"paint": {"circle-color": " #ccc", "circle-opacity": 1, "circle-stroke-width": 0}, "source-layer": "layer0", "type": "circle", "filter": ["all", [">=", "mag", 7]]}, {"paint": {"circle-radius": 18}, "source-layer": "layer0", "type": "circle", "filter": ["all", [">=", "mag", 6], ["<", "mag", 7]]}, {"paint": {"circle-radius": 14}, "source-layer": "layer0", "type": "circle", "filter": ["all", [">=", "mag", 5], ["<", "mag", 6]]}, {"paint": {"circle-radius": 10}, "source-layer": "layer0", "type": "circle", "filter": ["all", [">=", "mag", 4], ["<", "mag", 5]]}, {"paint": {"circle-color": "#EFF821", "circle-radius": 15}, "source-layer": "layer0", "type": "circle", "filter": ["all", [">=", "mag", 7]]}, {"paint": {"circle-color": "#FCCC25", "circle-radius": 10}, "source-layer": "layer0", "type": "circle", "filter": ["all", [">=", "mag", 6], ["<", "mag", 7]]}, {"paint": {"circle-color": "#FCA635", "circle-radius": 7}, "source-layer": "layer0", "type": "circle", "filter": ["all", [">=", "mag", 5], ["<", "mag", 6]]}, {"paint": {"circle-color": "#F1824C", "circle-radius": 5}, "source-layer": "layer0", "type": "circle", "filter": ["all", ["<", "mag", 5]]}]}, "account": "rw-nrt"}, "legendConfig": {"type": "choropleth", "items": [{"name": "<5.0", "color": "#990000", "id": 0}, {"name": "<6.0", "color": "#fd8d3c", "id": 1}, {"name": "<7.0", "color": "#fecc5c", "id": 2}, {"name": "\u22657.0", "color": "#ffffb2", "id": 3}]}, "interactionConfig": {"output": [{"type": "number", "suffix": "", "property": "Magnitude", "prefix": "", "format": null, "column": "mag"}, {"type": "number", "suffix": "", "property": "Significance", "prefix": "", "format": null, "column": "sig"}, {"column": "date_str", "format": null, "prefix": "", "property": "Time", "suffix": " UTC"}]}, "applicationConfig": {}, "staticImageConfig": {}, "createdAt": "2019-10-21T21:30:04.059Z", "updatedAt": "2019-10-21T21:32:24.263Z"}}, {"id": "df98e270-cfe1-42c1-b143-8267322839ce", "type": "layer", "attributes": {"name": "All Earthquakes (Latest 7 Days) (Magnitude)", "slug": "All-Earthquakes-Latest-7-Days-Magnitude", "dataset": "1d7085f7-11c7-4eaf-a29a-5a4de57d010e", "description": "All earthquakes that occurred over the last 7 days. Point size corresponds with magnitude.", "application": ["rw"], "iso": [], "provider": "cartodb", "userId": "5ba001878e311b7e3718740f", "default": false, "protected": false, "published": true, "env": "production", "layerConfig": {"account": "rw-nrt", "body": {"maxzoom": 18, "minzoom": 3, "layers": [{"type": "mapnik", "options": {"sql": "SELECT *, datetime::text as date_str FROM dis_001_significant_earthquakes WHERE datetime > current_date - interval '7 days' and mag >0 ORDER BY mag ASC", "cartocss": "#layer {marker-fill-opacity: 1; marker-line-width: 0; marker-width: 7; marker-allow-overlap: true; [mag>=7] {marker-fill:#ffffb2; marker-width:15;} [mag>=6][mag<7] {marker-fill:#fecc5c;marker-width:10} [mag>=5][mag<6] {marker-fill:#fd8d3c; marker-width:7} [mag>0][mag<5] {marker-fill:#990000; marker-width:7}}", "cartocss_version": "3.0.12"}}], "vectorLayers": [{"paint": {"circle-stroke-width": 0}, "source-layer": "layer0", "type": "line", "filter": ["all", [">=", "mag", 7]]}, {"paint": {"circle-color": " #ccc", "circle-opacity": 1, "circle-stroke-width": 0}, "source-layer": "layer0", "type": "circle", "filter": ["all", [">=", "mag", 7]]}, {"paint": {"circle-radius": 18}, "source-layer": "layer0", "type": "circle", "filter": ["all", [">=", "mag", 6], ["<", "mag", 7]]}, {"paint": {"circle-radius": 14}, "source-layer": "layer0", "type": "circle", "filter": ["all", [">=", "mag", 5], ["<", "mag", 6]]}, {"paint": {"circle-radius": 10}, "source-layer": "layer0", "type": "circle", "filter": ["all", [">=", "mag", 4], ["<", "mag", 5]]}, {"paint": {"circle-color": "#EFF821", "circle-radius": 15}, "source-layer": "layer0", "type": "circle", "filter": ["all", [">=", "mag", 7]]}, {"paint": {"circle-color": "#FCCC25", "circle-radius": 10}, "source-layer": "layer0", "type": "circle", "filter": ["all", [">=", "mag", 6], ["<", "mag", 7]]}, {"paint": {"circle-color": "#FCA635", "circle-radius": 7}, "source-layer": "layer0", "type": "circle", "filter": ["all", [">=", "mag", 5], ["<", "mag", 6]]}, {"paint": {"circle-color": "#F1824C", "circle-radius": 5}, "source-layer": "layer0", "type": "circle", "filter": ["all", ["<", "mag", 5]]}]}}, "legendConfig": {"items": [{"color": "#990000", "name": "<5.0", "id": 0}, {"color": "#fd8d3c", "name": "<6.0", "id": 1}, {"color": "#fecc5c", "name": "<7.0", "id": 2}, {"color": "#ffffb2", "name": "\u22657.0", "id": 3}], "type": "choropleth"}, "interactionConfig": {"output": [{"column": "mag", "format": null, "prefix": "", "property": "Magnitude", "suffix": ""}, {"column": "sig", "format": null, "prefix": "", "property": "Significance", "suffix": ""}, {"column": "date_str", "format": null, "prefix": "", "property": "Time", "suffix": " UTC"}]}, "applicationConfig": {}, "staticImageConfig": {}, "createdAt": "2019-10-21T21:25:48.376Z", "updatedAt": "2019-10-21T21:35:55.827Z"}}], "vocabulary": [{"type": "vocabulary", "attributes": {"resource": {"id": "1d7085f7-11c7-4eaf-a29a-5a4de57d010e", "type": "dataset"}, "tags": ["earthquake", "near_real_time", "table", "geospatial", "global", "disasters", "natural_disaster"], "name": "knowledge_graph", "application": "rw"}}], "widgetRelevantProps": ["depth_in_km", "datetime", "mag", "place", "sig", "magtype", "nst", "dmin", "rms", "gap", "tsunami", "felt", "cdi", "mmi", "net", "alert"], "layerRelevantProps": []}}