{"id": "20c70a51-4ddf-4f6c-ad2c-1a6729b95fa4", "type": "dataset", "server": "https://api.resourcewatch.org", "attributes": {"name": "bio.022 Observations of Coral Disease and Bleaching", "slug": "Observations-of-Coral-Disease-and-Bleaching", "type": "tabular", "subtitle": "ReefBase", "application": ["rw"], "dataPath": "", "attributesPath": null, "connectorType": "rest", "provider": "cartodb", "userId": "5981e73b0c069f3c93dc5e2a", "connectorUrl": "https://wri-rw.carto.com/tables/bio_022_2_observations_coral_bleaching/public", "sources": [], "tableName": "bio_022_2_observations_coral_bleaching", "status": "saved", "published": true, "overwrite": false, "verified": false, "blockchain": {}, "subscribable": {}, "mainDateField": null, "env": "production", "geoInfo": true, "protected": false, "legend": {"date": [], "region": [], "country": [], "nested": [], "integer": [], "short": [], "byte": [], "double": [], "float": [], "half_float": [], "scaled_float": [], "boolean": [], "binary": [], "text": [], "keyword": []}, "clonedHost": {}, "errorMessage": null, "taskId": null, "createdAt": "2020-02-06T15:27:33.426Z", "updatedAt": "2019-02-07T20:55:46.889Z", "dataLastUpdated": null, "metadata": [{"id": "59d79d89d8173e0011a0b2a3", "type": "metadata", "attributes": {"dataset": "20c70a51-4ddf-4f6c-ad2c-1a6729b95fa4", "application": "rw", "resource": {"id": "20c70a51-4ddf-4f6c-ad2c-1a6729b95fa4", "type": "dataset"}, "language": "en", "name": "Coral Disease and Bleaching Observations", "description": "### Overview  \n  \nThe ReefBase Coral Bleaching and Coral Diseases dataset provides observation details of coral bleaching and disease occurrences around the world. The data indicates observations of global coral reefs, whether there was observed disease or bleaching, and if so, the type of disease or severity of the bleaching. \r\n  \n  \n\r\nThe data was compiled by the United Nations Environment Programme\u2019s World Conservation Monitoring Center (UNEP-WCMC) and have been updated by ReefBase since 2002. \r  \n  \n### Methodology  \n  \nCoral disease and bleaching data is sourced from literature, postings on the [coral-list](http://www.coral.noaa.gov/lists/), the ReefBase online [Bleaching Report](http://www.reefbase.org/contribute/bleachingreport.aspx), and through collaborations with numerous institutions and individuals. The National Oceanographic and Atmospheric Administration (NOAA), Australian Institute of Marine Science (AIMS), and Great Barrier Reef Marine Park Authority (GBRMPA) also contributed to the dataset. For the full documentation, please click on the \u201cLearn more\u201d button.\r  \n  \n### Data shown on Resource Watch Map  \n  \n- [**1963-2012 Coral Bleaching**](https://resourcewatch.org/data/explore?zoom=3&lat=0&lng=0&basemap=dark&labels=light&layers=%255B%257B%2522dataset%2522%253A%252220c70a51-4ddf-4f6c-ad2c-1a6729b95fa4%2522%252C%2522opacity%2522%253A1%252C%2522layer%2522%253A%2522ad8ba2b5-c92a-4516-9b55-31534db0db25%2522%257D%255D&page=1&sort=most-viewed&sortDirection=-1): *Global observations of coral bleaching from 1963 to 2012.*\r\n\r\n  \n  \n- [**1970-2010 Coral Disease**](https://resourcewatch.org/data/explore?zoom=3&lat=0&lng=0&basemap=dark&labels=light&layers=%255B%257B%2522dataset%2522%253A%252220c70a51-4ddf-4f6c-ad2c-1a6729b95fa4%2522%252C%2522opacity%2522%253A1%252C%2522layer%2522%253A%25221aa25319-31ee-422a-bfcc-a31514e826a9%2522%257D%255D&page=1&sort=most-viewed&sortDirection=-1): *Global observations of coral disease from 1970 to 2010.*\r\n  \n  \n\r\nAdditional data on monitoring sites, marine protected areas, reef locations, and International Coral Reef Action Network sites are available from the data provider. Please click on the \u201cDownload from source\u201d button to find this data on the source website.\r\n  \n  \n\r\nCoordinates provided in the source data were used to map this data for display on Resource Watch. \r\n  \n  \n### Disclaimer  \n  \nExcerpts of this description page were taken from the source metadata. Resource Watch shows only a subset of the dataset. For access to the full dataset and additional information, click on the \u201cLearn more\u201d button.", "source": "ReefBase", "info": {"rwId": "bio.022", "data_type": "Tabular", "name": "Coral Disease and Bleaching Observations", "sources": [{"source-name": "ReefBase", "id": 0, "source-description": ""}], "technical_title": "ReefBase Global Database: Threats", "functions": "Global observations of coral disease (1970-2010) and coral bleaching (1963-2012)", "cautions": "The database does not seem to have been updated past 2012 for bleaching and 2010 for disease. Reports may not be comprehensive of all bleaching events on all reefs. Many of the bleaching records do not specify the severity of bleaching events. Data on bleaching can be submitted by anyone.", "citation": "ReefBase: A Global Information System for Coral Reefs. n.d. \"Coral Bleaching Data Set.\" http://www.reefbase.org. Accessed through Resource Watch, (date). [www.resourcewatch.org](www.resourcewatch.org).", "license": "Restrictions apply", "license_link": "http://www.reefbase.org/useofcontents.aspx#terms", "geographic_coverage": "Global", "spatial_resolution": null, "date_of_content": "1963-2012 (Bleaching) 1970-2010 (Disease)", "frequency_of_updates": "Irregular", "learn_more_link": "http://www.reefbase.org/gis_maps/datasets.aspx", "data_download_link": "http://wri-projects.s3.amazonaws.com/resourcewatch/bio_022_observations_coral_disease.zip\r\n", "data_download_original_link": "http://www.reefbase.org/gis_maps/datasets.aspx"}, "columns": {"region": {"alias": "Region"}, "subregion": {"alias": "Subregion"}, "country": {"alias": "Country"}, "location": {"alias": "Location"}, "lat": {"alias": "Latitude"}, "lon": {"alias": "Longitude"}, "month": {"alias": "Month", "description": "Month of observation"}, "year": {"alias": "Year", "description": "Year of observation"}, "depth": {"alias": "Depth", "description": "Depth at which observation was made"}, "severity_c": {"alias": "Severity Code", "description": "-1=Unknown, 0=None, 1=Low (1-10%), 2=Medium(10-30%), 3=High (>30%)"}, "bleaching_": {"alias": "Bleaching Severity", "description": "None, low, medium, high, unknown"}, "coral_fami": {"alias": "Coral Family", "description": "Coral family affected"}, "coral_spec": {"alias": "Coral Species", "description": "Coral species affected"}, "percentage": {"alias": "Percentage Affected", "description": "Percentage of corals bleached during observation"}, "bleaching1": {"alias": "Bleaching Duration (months)", "description": "Monthly range of bleaching"}, "mortality_": {"alias": ""}, "mortality": {"alias": "Mortality (%)", "description": "Coral mortality level percentage"}, "recovery": {"alias": "Recovery (%)", "description": "Coral recovery level percentage"}, "survey_typ": {"alias": "Survey Type", "description": "Survey methods used"}, "survey_are": {"alias": "Area Surveyed (km\u00b2)"}, "water_temp": {"alias": "Water Temperature", "description": "\u00b0C or \u00b0F varies by source"}, "other_fact": {"alias": "Other Factor", "description": "Possible contributing factors to bleaching"}, "remarks": {"alias": "Remarks", "description": "Remarks from source"}, "source": {"alias": "Source"}, "id": {"alias": "ReefBase GIS ID"}}, "createdAt": "2017-10-06T15:13:13.574Z", "updatedAt": "2020-02-04T19:45:29.604Z", "status": "published"}}], "widget": [{"id": "7f089fc9-2402-474a-a012-c67e41fecdd4", "type": "widget", "attributes": {"name": "Observations of Coral Disease and Bleaching by Year", "dataset": "20c70a51-4ddf-4f6c-ad2c-1a6729b95fa4", "slug": "Observations-of-Coral-Disease-and-Bleaching-by-Year", "userId": "5981e73b0c069f3c93dc5e2a", "description": "", "source": "", "authors": "", "application": ["rw"], "verified": false, "default": false, "protected": false, "defaultEditableWidget": true, "published": true, "freeze": false, "env": "production", "queryUrl": "", "widgetConfig": {"paramsConfig": {"visualizationType": "chart", "caption": null, "limit": 500, "value": {"tableName": "bio_022_2_observations_coral_bleaching", "datasetID": "20c70a51-4ddf-4f6c-ad2c-1a6729b95fa4", "type": "number", "name": "id", "alias": "ReefBase GIS ID"}, "category": {"tableName": "bio_022_2_observations_coral_bleaching", "datasetID": "20c70a51-4ddf-4f6c-ad2c-1a6729b95fa4", "type": "number", "name": "year", "alias": "Year"}, "color": null, "size": null, "orderBy": null, "aggregateFunction": "count", "chartType": "line", "filters": [], "areaIntersection": null, "band": null, "layer": null}, "signals": [{"name": "hover", "value": null, "on": [{"events": "@cell:mouseover", "update": "datum"}, {"events": "@cell:mouseout", "update": "null"}]}], "data": [{"name": "table", "url": "https://api.resourcewatch.org/v1/query/20c70a51-4ddf-4f6c-ad2c-1a6729b95fa4?sql=SELECT year as x, COUNT(id) as y FROM bio_022_2_observations_coral_bleaching  GROUP BY  x ORDER BY year desc LIMIT 500", "format": {"type": "json", "property": "data"}}, {"name": "dots", "source": "table", "transform": [{"type": "filter", "expr": "hover && hover.datum.x === datum.x"}]}], "scales": [{"name": "x", "type": "linear", "range": "width", "nice": true, "round": true, "zero": false, "domain": {"data": "table", "field": "x"}}, {"name": "y", "type": "linear", "range": "height", "nice": true, "zero": true, "domain": {"data": "table", "field": "y"}}], "axes": [{"orient": "bottom", "scale": "x", "labelOverlap": "parity", "encode": {"labels": {"update": {"align": {"value": "center"}, "baseline": {"value": "top"}, "text": {"signal": "format(datum.value, 'd')"}}}}}, {"orient": "left", "scale": "y", "labelOverlap": "parity"}], "marks": [{"name": "lines", "interactive": false, "type": "line", "from": {"data": "table"}, "encode": {"enter": {"x": {"scale": "x", "field": "x"}, "y": {"scale": "y", "field": "y"}, "strokeCap": {"value": "round"}, "strokeWidth": {"value": 2}, "strokeJoin": {"value": "round"}}}}, {"name": "points", "interactive": false, "type": "symbol", "from": {"data": "dots"}, "encode": {"enter": {"x": {"scale": "x", "field": "x"}, "y": {"scale": "y", "field": "y"}}, "update": {"opacity": {"value": 1}}}}, {"name": "cell", "type": "path", "from": {"data": "lines"}, "transform": [{"type": "voronoi", "x": "datum.x", "y": "datum.y", "size": [{"signal": "width"}, {"signal": "height"}]}], "encode": {"update": {"path": {"field": "path"}, "fill": {"value": "red"}, "opacity": {"value": 0}}}}], "interaction_config": [{"name": "tooltip", "config": {"fields": [{"column": "datum.y", "property": "ReefBase GIS ID", "type": "number", "format": ".2s"}, {"column": "datum.x", "property": "Year", "type": "number", "format": "d"}]}}]}, "template": false, "createdAt": "2017-10-24T21:13:55.273Z", "updatedAt": "2017-10-24T21:13:55.273Z"}}, {"id": "0dd25483-3326-4cd4-88aa-08d1ad801d9f", "type": "widget", "attributes": {"name": "Coral Disease and Bleaching Observations by Year", "dataset": "20c70a51-4ddf-4f6c-ad2c-1a6729b95fa4", "slug": "Coral-Disease-and-Bleaching-Observations-by-Year", "userId": "59d3c4831cbcc900013711ca", "description": "Coral bleaching hotspot graph (final)", "application": ["rw"], "verified": false, "default": false, "protected": false, "defaultEditableWidget": false, "published": false, "freeze": false, "env": "production", "widgetConfig": {"paramsConfig": {"visualizationType": "chart", "caption": null, "limit": 500, "value": {"alias": "ReefBase GIS ID", "name": "id", "type": "number", "datasetID": "20c70a51-4ddf-4f6c-ad2c-1a6729b95fa4", "tableName": "bio_022_2_observations_coral_bleaching"}, "category": {"alias": "Year", "name": "year", "type": "number", "datasetID": "20c70a51-4ddf-4f6c-ad2c-1a6729b95fa4", "tableName": "bio_022_2_observations_coral_bleaching"}, "color": null, "size": null, "orderBy": null, "aggregateFunction": "count", "chartType": "bar", "filters": [{"value": ["1983", "1984", "1985", "1986", "1987", "1988", "1989", "1990", "1991", "1992", "1993", "1994", "1995", "1996", "1997", "1998", "1999", "2000", "2001", "2002", "2003", "2004", "2005", "2006", "2007", "2008", "2009", "2010", "2011", "2012"], "tableName": "bio_022_2_observations_coral_bleaching", "datasetID": "20c70a51-4ddf-4f6c-ad2c-1a6729b95fa4", "type": "number", "alias": "Year", "name": "year"}], "areaIntersection": null, "band": null, "layer": null}, "data": [{"name": "table", "url": "https://api.resourcewatch.org/v1/query/20c70a51-4ddf-4f6c-ad2c-1a6729b95fa4?sql=SELECT year as x, COUNT(id) as y FROM bio_022_2_observations_coral_bleaching WHERE year >= 1983 AND year <= 1984 GROUP BY  x  LIMIT 500", "format": {"type": "json", "property": "data"}}, {"name": "stats", "source": "table", "transform": [{"type": "aggregate", "fields": ["x"], "ops": ["distinct"], "as": ["value"]}, {"type": "extent", "field": "value", "signal": "extent"}]}], "scales": [{"name": "x", "type": "band", "range": "width", "padding": 0.05, "domain": {"data": "table", "field": "x"}}, {"name": "y", "type": "linear", "range": "height", "nice": true, "zero": true, "domain": {"data": "table", "field": "y"}}], "axes": [{"orient": "bottom", "scale": "x", "labelOverlap": "parity", "ticks": false, "encode": {"labels": {"update": {"align": {"signal": "width < 300 || extent[1] > 10 ? 'right' : 'center'"}, "baseline": {"signal": "width < 300 || extent[1] > 10 ? 'middle' : 'top'"}, "angle": {"signal": "width < 300 || extent[1] > 10 ? -90 :0 "}, "text": {"signal": "format(datum.value, 'd')"}}}}}, {"orient": "left", "scale": "y", "labelOverlap": "parity", "encode": {"labels": {"update": {"align": {"value": "right"}, "baseline": {"value": "bottom"}}}}}], "marks": [{"type": "rect", "from": {"data": "table"}, "encode": {"update": {"opacity": {"value": 1}, "x": {"scale": "x", "field": "x"}, "width": {"scale": "x", "band": 1}, "y": {"scale": "y", "field": "y"}, "y2": {"scale": "y", "value": 0}}, "hover": {"opacity": {"value": 0.8}}}}], "interaction_config": [{"name": "tooltip", "config": {"fields": [{"column": "y", "property": "ReefBase GIS ID", "type": "number", "format": ".2s"}, {"column": "x", "property": "Year", "type": "number", "format": "d"}]}}]}, "template": false, "createdAt": "2017-12-28T16:21:36.240Z", "updatedAt": "2017-12-28T16:21:36.240Z"}}, {"id": "91b6d280-f4d3-48e1-a4db-39f2625cc3d3", "type": "widget", "attributes": {"name": "Number of Observations of Coral Disease and Bleaching (by Year)", "dataset": "20c70a51-4ddf-4f6c-ad2c-1a6729b95fa4", "slug": "Number-of-Observations-of-Coral-Disease-and-Bleaching-by-Year_1", "userId": "59a023351b429b0001095443", "description": "Number of observations of coral disease and bleaching (1983-201)", "application": ["rw"], "verified": false, "default": false, "protected": false, "defaultEditableWidget": false, "published": false, "freeze": false, "env": "production", "widgetConfig": {"paramsConfig": {"visualizationType": "chart", "caption": null, "limit": 500, "value": {"alias": "ReefBase GIS ID", "name": "id", "type": "number", "datasetID": "20c70a51-4ddf-4f6c-ad2c-1a6729b95fa4", "tableName": "bio_022_2_observations_coral_bleaching"}, "category": {"alias": "Year", "name": "year", "type": "number", "datasetID": "20c70a51-4ddf-4f6c-ad2c-1a6729b95fa4", "tableName": "bio_022_2_observations_coral_bleaching"}, "color": null, "size": null, "orderBy": null, "aggregateFunction": "count", "chartType": "bar", "filters": [{"value": ["1983", "2012"], "tableName": "bio_022_2_observations_coral_bleaching", "datasetID": "20c70a51-4ddf-4f6c-ad2c-1a6729b95fa4", "type": "number", "alias": "Year", "name": "year"}], "areaIntersection": null, "band": null, "layer": null}, "data": [{"name": "table", "url": "https://api.resourcewatch.org/v1/query/20c70a51-4ddf-4f6c-ad2c-1a6729b95fa4?sql=SELECT year as x, COUNT(id) as y FROM bio_022_2_observations_coral_bleaching WHERE year >= 1983 AND year <= 2012 GROUP BY  x  LIMIT 500", "format": {"type": "json", "property": "data"}}, {"name": "stats", "source": "table", "transform": [{"type": "aggregate", "fields": ["x"], "ops": ["distinct"], "as": ["value"]}, {"type": "extent", "field": "value", "signal": "extent"}]}], "scales": [{"name": "x", "type": "band", "range": "width", "padding": 0.05, "domain": {"data": "table", "field": "x"}}, {"name": "y", "type": "linear", "range": "height", "nice": true, "zero": true, "domain": {"data": "table", "field": "y"}}], "axes": [{"orient": "bottom", "scale": "x", "labelOverlap": "parity", "ticks": false, "encode": {"labels": {"update": {"align": {"signal": "width < 300 || extent[1] > 10 ? 'right' : 'center'"}, "baseline": {"signal": "width < 300 || extent[1] > 10 ? 'middle' : 'top'"}, "angle": {"signal": "width < 300 || extent[1] > 10 ? -90 :0 "}, "text": {"signal": "format(datum.value, 'd')"}}}}}, {"orient": "left", "scale": "y", "labelOverlap": "parity", "encode": {"labels": {"update": {"align": {"value": "right"}, "baseline": {"value": "bottom"}}}}}], "marks": [{"type": "rect", "from": {"data": "table"}, "encode": {"update": {"opacity": {"value": 1}, "x": {"scale": "x", "field": "x"}, "width": {"scale": "x", "band": 1}, "y": {"scale": "y", "field": "y"}, "y2": {"scale": "y", "value": 0}}, "hover": {"opacity": {"value": 0.8}}}}], "interaction_config": [{"name": "tooltip", "config": {"fields": [{"column": "y", "property": "ReefBase GIS ID", "type": "number", "format": ".2s"}, {"column": "x", "property": "Year", "type": "number", "format": "d"}]}}]}, "template": false, "createdAt": "2018-01-16T18:54:57.321Z", "updatedAt": "2018-01-16T18:54:57.321Z"}}, {"id": "b3882230-334c-4c02-84f2-287aa9636ad2", "type": "widget", "attributes": {"name": "Observations of Coral Bleaching and Disease (by Year)", "dataset": "20c70a51-4ddf-4f6c-ad2c-1a6729b95fa4", "slug": "Observations-of-Coral-Bleaching-and-Disease-by-Year", "userId": "5a69ed1b7b48b800011d6d0a", "description": "Number of observations of coral bleaching and disease from 1978 to 2012.", "source": "ReefBase", "sourceUrl": "http://www.reefbase.org/gis_maps/datasets.aspx", "application": ["rw"], "verified": false, "default": false, "protected": false, "defaultEditableWidget": false, "published": true, "freeze": false, "env": "production", "widgetConfig": {"paramsConfig": {"visualizationType": "chart", "caption": null, "limit": 500, "value": {"tableName": "bio_022_2_observations_coral_bleaching", "datasetID": "20c70a51-4ddf-4f6c-ad2c-1a6729b95fa4", "type": "number", "name": "id", "alias": "ReefBase GIS ID"}, "category": {"tableName": "bio_022_2_observations_coral_bleaching", "datasetID": "20c70a51-4ddf-4f6c-ad2c-1a6729b95fa4", "type": "number", "name": "year", "alias": "Year"}, "color": null, "size": null, "orderBy": {"name": "year", "alias": "Year", "type": "number", "orderType": "asc"}, "aggregateFunction": "count", "chartType": "line", "filters": [{"notNull": true, "value": [1978, 2012], "tableName": "bio_022_2_observations_coral_bleaching", "datasetID": "20c70a51-4ddf-4f6c-ad2c-1a6729b95fa4", "type": "number", "name": "year", "alias": "Year"}, {"name": "bleaching_", "alias": "Bleaching Severity", "type": "string", "datasetID": "20c70a51-4ddf-4f6c-ad2c-1a6729b95fa4", "tableName": "bio_022_2_observations_coral_bleaching", "value": ["Low", "HIGH", "Medium", "Severity Unknown"], "notNull": true}], "areaIntersection": null, "band": null, "layer": null}, "signals": [{"name": "hover", "value": null, "on": [{"events": "@cell:mouseover", "update": "datum"}, {"events": "@cell:mouseout", "update": "null"}]}], "data": [{"name": "table", "url": "https://api.resourcewatch.org/v1/query/20c70a51-4ddf-4f6c-ad2c-1a6729b95fa4?sql=SELECT year as x, COUNT(id) as y FROM bio_022_2_observations_coral_bleaching WHERE year >= 1978 AND year <= 2012 AND year IS NOT NULL AND bleaching_ IN ('Low', 'HIGH', 'Medium', 'Severity Unknown') AND bleaching_ IS NOT NULL GROUP BY  x ORDER BY year asc LIMIT 500", "format": {"type": "json", "property": "data"}}, {"name": "dots", "source": "table", "transform": [{"type": "filter", "expr": "hover && hover.datum.x === datum.x"}]}], "scales": [{"name": "x", "type": "linear", "range": "width", "nice": true, "round": true, "zero": false, "domain": {"data": "table", "field": "x"}}, {"name": "y", "type": "linear", "range": "height", "nice": true, "zero": true, "domain": {"data": "table", "field": "y"}}], "axes": [{"orient": "bottom", "scale": "x", "labelOverlap": "parity", "encode": {"labels": {"update": {"align": {"value": "center"}, "baseline": {"value": "top"}, "text": {"signal": "format(datum.value, 'd')"}}}}}, {"orient": "left", "scale": "y", "labelOverlap": "parity"}], "marks": [{"name": "lines", "interactive": false, "type": "line", "from": {"data": "table"}, "encode": {"enter": {"x": {"scale": "x", "field": "x"}, "y": {"scale": "y", "field": "y"}, "strokeCap": {"value": "round"}, "strokeWidth": {"value": 2}, "strokeJoin": {"value": "round"}}}}, {"name": "points", "interactive": false, "type": "symbol", "from": {"data": "dots"}, "encode": {"enter": {"x": {"scale": "x", "field": "x"}, "y": {"scale": "y", "field": "y"}}, "update": {"opacity": {"value": 1}}}}, {"name": "cell", "type": "path", "from": {"data": "lines"}, "transform": [{"type": "voronoi", "x": "datum.x", "y": "datum.y", "size": [{"signal": "width"}, {"signal": "height"}]}], "encode": {"update": {"path": {"field": "path"}, "fill": {"value": "red"}, "opacity": {"value": 0}}}}], "interaction_config": [{"name": "tooltip", "config": {"fields": [{"column": "datum.y", "property": "ReefBase GIS ID", "type": "number", "format": ".2s"}, {"column": "datum.x", "property": "Year", "type": "number", "format": "d"}]}}]}, "template": false, "createdAt": "2018-01-25T18:01:08.977Z", "updatedAt": "2018-01-25T18:01:08.977Z"}}, {"id": "fdaabfda-9562-4562-a124-67c987a7e156", "type": "widget", "attributes": {"name": "Observations of Coral Bleaching (by Year)", "dataset": "20c70a51-4ddf-4f6c-ad2c-1a6729b95fa4", "slug": "Observations-of-Coral-Bleaching-by-Year", "userId": "59a023351b429b0001095443", "description": "Count of observations of coral bleaching worldwide by year from 1980 to 2012.  (The jump between the 1980 - 1997 and 1998 - 2012 ranges mostly reflects the destructive effect of rising ocean temperatures, though it should be noted that growing awareness, monitoring, and communication of coral bleaching as an issue also played a role.)", "application": ["rw"], "verified": false, "default": false, "protected": false, "defaultEditableWidget": false, "published": false, "freeze": false, "env": "production", "widgetConfig": {"paramsConfig": {"visualizationType": "chart", "caption": "Data: ReefBase", "limit": 500, "value": {"name": "id", "type": "number", "datasetID": "20c70a51-4ddf-4f6c-ad2c-1a6729b95fa4", "tableName": "bio_022_2_observations_coral_bleaching", "alias": "ReefBase GIS ID"}, "category": {"name": "year", "type": "number", "datasetID": "20c70a51-4ddf-4f6c-ad2c-1a6729b95fa4", "tableName": "bio_022_2_observations_coral_bleaching", "alias": "Year"}, "color": null, "size": null, "orderBy": {"orderType": "asc", "tableName": "bio_022_2_observations_coral_bleaching", "datasetID": "20c70a51-4ddf-4f6c-ad2c-1a6729b95fa4", "type": "number", "name": "year", "alias": "Year"}, "aggregateFunction": "count", "chartType": "bar", "filters": [{"value": [1980, 2012], "tableName": "bio_022_2_observations_coral_bleaching", "datasetID": "20c70a51-4ddf-4f6c-ad2c-1a6729b95fa4", "type": "number", "name": "year", "alias": "Year"}, {"value": ["HIGH", "Low", "Medium", "Severity Unknown"], "tableName": "bio_022_2_observations_coral_bleaching", "datasetID": "20c70a51-4ddf-4f6c-ad2c-1a6729b95fa4", "type": "string", "name": "bleaching_", "alias": "Bleaching Severity"}], "areaIntersection": null, "band": null, "layer": null}, "data": [{"name": "table", "url": "https://api.resourcewatch.org/v1/query/20c70a51-4ddf-4f6c-ad2c-1a6729b95fa4?sql=SELECT year as x, COUNT(id) as y FROM bio_022_2_observations_coral_bleaching WHERE year >= 1980 AND year <= 2012 AND bleaching_ IN ('HIGH', 'Low', 'Medium', 'Severity Unknown') GROUP BY  x ORDER BY year asc LIMIT 500", "format": {"type": "json", "property": "data"}}, {"name": "stats", "source": "table", "transform": [{"type": "aggregate", "fields": ["x"], "ops": ["distinct"], "as": ["value"]}, {"type": "extent", "field": "value", "signal": "extent"}]}], "scales": [{"name": "x", "type": "band", "range": "width", "padding": 0.05, "domain": {"data": "table", "field": "x"}}, {"name": "y", "type": "linear", "range": "height", "nice": true, "zero": true, "domain": {"data": "table", "field": "y"}}], "axes": [{"orient": "bottom", "scale": "x", "labelOverlap": "parity", "ticks": false, "encode": {"labels": {"update": {"align": {"signal": "width < 300 || extent[1] > 10 ? 'right' : 'center'"}, "baseline": {"signal": "width < 300 || extent[1] > 10 ? 'middle' : 'top'"}, "angle": {"signal": "width < 300 || extent[1] > 10 ? -90 :0 "}, "text": {"signal": "format(datum.value, 'd')"}}}}}, {"orient": "left", "scale": "y", "labelOverlap": "parity", "encode": {"labels": {"update": {"align": {"value": "right"}, "baseline": {"value": "bottom"}}}}}], "marks": [{"type": "rect", "from": {"data": "table"}, "encode": {"update": {"opacity": {"value": 1}, "x": {"scale": "x", "field": "x"}, "width": {"scale": "x", "band": 1}, "y": {"scale": "y", "field": "y"}, "y2": {"scale": "y", "value": 0}}, "hover": {"opacity": {"value": 0.8}}}}], "interaction_config": [{"name": "tooltip", "config": {"fields": [{"column": "y", "property": "ReefBase GIS ID", "type": "number", "format": ".2s"}, {"column": "x", "property": "Year", "type": "number", "format": "d"}]}}]}, "template": false, "createdAt": "2018-01-29T14:26:15.160Z", "updatedAt": "2018-01-29T14:26:15.160Z"}}, {"id": "dddc6d3b-0e6b-4a00-bb7d-f2665a81a144", "type": "widget", "attributes": {"name": "GBR disease and bleaching observations", "dataset": "20c70a51-4ddf-4f6c-ad2c-1a6729b95fa4", "slug": "GBR-disease-and-bleaching-observations", "userId": "58fde4354eecd9073107af0f", "application": ["rw"], "verified": false, "default": false, "protected": false, "defaultEditableWidget": false, "published": false, "freeze": false, "env": "production", "widgetConfig": {"type": "map", "layer_id": "ad8ba2b5-c92a-4516-9b55-31534db0db25", "zoom": 9, "lat": -20.196629116410204, "lng": 148.99698855355385, "bbox": [148.3405554480851, -20.942351141724046, 149.6534216590226, -19.44731957503605], "paramsConfig": {"visualizationType": "map", "caption": null, "limit": 500, "value": null, "category": null, "color": null, "size": null, "orderBy": null, "aggregateFunction": null, "chartType": "bar", "filters": [], "areaIntersection": null, "band": null, "layer": "ad8ba2b5-c92a-4516-9b55-31534db0db25"}}, "template": false, "createdAt": "2018-03-08T18:03:01.337Z", "updatedAt": "2018-03-08T18:03:01.337Z"}}, {"id": "c5b4e434-cc25-4bc3-b0c9-03f1dded2963", "type": "widget", "attributes": {"name": "example - GBR disease observations", "dataset": "20c70a51-4ddf-4f6c-ad2c-1a6729b95fa4", "slug": "example-GBR-disease-observations", "userId": "58fde4354eecd9073107af0f", "application": ["rw"], "verified": false, "default": false, "protected": false, "defaultEditableWidget": false, "published": false, "freeze": false, "env": "production", "widgetConfig": {"paramsConfig": {"visualizationType": "chart", "caption": null, "limit": 500, "value": {"name": "severity_c", "alias": "Severity Code", "type": "number", "datasetID": "20c70a51-4ddf-4f6c-ad2c-1a6729b95fa4", "tableName": "bio_022_2_observations_coral_bleaching"}, "category": {"name": "year", "alias": "Year", "type": "number", "datasetID": "20c70a51-4ddf-4f6c-ad2c-1a6729b95fa4", "tableName": "bio_022_2_observations_coral_bleaching"}, "color": null, "size": null, "orderBy": {"orderType": "asc", "tableName": "bio_022_2_observations_coral_bleaching", "datasetID": "20c70a51-4ddf-4f6c-ad2c-1a6729b95fa4", "type": "number", "alias": "Year", "name": "year"}, "aggregateFunction": "count", "chartType": "bar", "filters": [{"value": ["Australia"], "tableName": "bio_022_2_observations_coral_bleaching", "datasetID": "20c70a51-4ddf-4f6c-ad2c-1a6729b95fa4", "type": "string", "alias": "Country", "name": "country"}], "areaIntersection": null, "band": null, "layer": null}, "data": [{"name": "table", "url": "https://api.resourcewatch.org/v1/query/20c70a51-4ddf-4f6c-ad2c-1a6729b95fa4?sql=SELECT year as x, COUNT(severity_c) as y FROM bio_022_2_observations_coral_bleaching WHERE country IN ('Australia') GROUP BY  x ORDER BY year asc LIMIT 500", "format": {"type": "json", "property": "data"}}, {"name": "stats", "source": "table", "transform": [{"type": "aggregate", "fields": ["x"], "ops": ["distinct"], "as": ["value"]}, {"type": "extent", "field": "value", "signal": "extent"}]}], "scales": [{"name": "x", "type": "band", "range": "width", "padding": 0.05, "domain": {"data": "table", "field": "x"}}, {"name": "y", "type": "linear", "range": "height", "nice": true, "zero": true, "domain": {"data": "table", "field": "y"}}], "axes": [{"orient": "bottom", "scale": "x", "labelOverlap": "parity", "ticks": false, "encode": {"labels": {"update": {"align": {"signal": "width < 300 || extent[1] > 10 ? 'right' : 'center'"}, "baseline": {"signal": "width < 300 || extent[1] > 10 ? 'middle' : 'top'"}, "angle": {"signal": "width < 300 || extent[1] > 10 ? -90 :0 "}, "text": {"signal": "format(datum.value, 'd')"}}}}}, {"orient": "left", "scale": "y", "labelOverlap": "parity", "encode": {"labels": {"update": {"align": {"value": "right"}, "baseline": {"value": "bottom"}}}}}], "marks": [{"type": "rect", "from": {"data": "table"}, "encode": {"update": {"opacity": {"value": 1}, "x": {"scale": "x", "field": "x"}, "width": {"scale": "x", "band": 1}, "y": {"scale": "y", "field": "y"}, "y2": {"scale": "y", "value": 0}}, "hover": {"opacity": {"value": 0.8}}}}], "interaction_config": [{"name": "tooltip", "config": {"fields": [{"column": "y", "property": "Severity Code", "type": "number", "format": ".2s"}, {"column": "x", "property": "Year", "type": "number", "format": "d"}]}}]}, "template": false, "createdAt": "2018-03-08T18:21:22.237Z", "updatedAt": "2018-03-08T18:21:22.237Z"}}, {"id": "e0411129-8392-45f8-a052-1ec407e804e4", "type": "widget", "attributes": {"name": "1963-2012 Coral Bleaching", "dataset": "20c70a51-4ddf-4f6c-ad2c-1a6729b95fa4", "slug": "1963-2012-Coral-Bleaching", "userId": "598878794984a0051f739f63", "application": ["rw"], "verified": false, "default": false, "protected": false, "defaultEditableWidget": false, "published": false, "thumbnailUrl": "http://wri-api-backups.s3.amazonaws.com/resourcewatch/prod/thumbnails/e0411129-8392-45f8-a052-1ec407e804e4-1555507130943.png", "freeze": false, "env": "production", "widgetConfig": {"config": {"line": {"fillOpacity": 0, "stroke": "#3BB2D0", "interpolate": "linear"}, "rect": {"fill": "#3BB2D0"}, "symbol": {"stroke": "#fff", "fill": "#3BB2D0"}, "mark": {"fill": "#3BB2D0"}, "axisY": {"gridOpacity": 0.5, "gridColor": "#A9ABAD", "ticks": false, "grid": true, "tickOpacity": 0.5, "labelBaseline": "bottom", "labelAlign": "left", "domain": false}, "axisX": {"labelBaseline": "top", "labelAlign": "center", "domainColor": "#A9ABAD", "domainWidth": 1.2, "bandPosition": 0.5}, "axis": {"tickExtra": false, "tickOpacity": 0.5, "tickColor": "#A9ABAD", "tickSize": 8, "ticks": true, "labelPadding": 10, "labelColor": "#717171", "labelFont": "Lato", "labelFontSize": 13}, "range": {"ramp": {"scheme": "purples"}, "ordinal": {"scheme": "greens"}, "category20": ["#3BB2D0", "#2C75B0", "#FAB72E", "#EF4848", "#65B60D", "#C32D7B", "#F577B9", "#5FD2B8", "#F1800F", "#9F1C00", "#A5E9E3", "#B9D765", "#393F44", "#CACCD0", "#717171"], "dotSize": [20, 250]}}, "paramsConfig": {"layer": "ad8ba2b5-c92a-4516-9b55-31534db0db25", "band": null, "areaIntersection": null, "filters": [], "chartType": "line", "aggregateFunction": "count", "orderBy": null, "size": null, "color": null, "category": {"alias": "Year", "name": "year", "type": "number", "datasetID": "20c70a51-4ddf-4f6c-ad2c-1a6729b95fa4", "tableName": "bio_022_2_observations_coral_bleaching"}, "value": {"alias": "ReefBase GIS ID", "name": "id", "type": "number", "datasetID": "20c70a51-4ddf-4f6c-ad2c-1a6729b95fa4", "tableName": "bio_022_2_observations_coral_bleaching"}, "limit": 500, "visualizationType": "map"}, "basemapLayers": {"boundaries": false, "labels": null, "basemap": "dark"}, "bbox": [-175.42968750000003, -49.61070993807422, 175.42968750000003, 49.49667452747045], "lng": 0, "lat": 0, "zoom": 3, "layer_id": "ad8ba2b5-c92a-4516-9b55-31534db0db25", "type": "map"}, "template": false, "createdAt": "2019-04-17T13:18:50.868Z", "updatedAt": "2019-04-17T13:18:50.868Z"}}, {"id": "5d153bed-0d19-4f78-9a73-ba4ce647182b", "type": "widget", "attributes": {"name": "Observations of Coral Disease and Bleaching by Year", "dataset": "20c70a51-4ddf-4f6c-ad2c-1a6729b95fa4", "slug": "Observations-of-Coral-Disease-and-Bleaching-by-Year_1", "userId": "5d8d3002b0721c0010ae8351", "application": ["rw"], "verified": false, "default": false, "protected": false, "defaultEditableWidget": false, "published": false, "thumbnailUrl": "http://wri-api-backups.s3.amazonaws.com/resourcewatch/prod/thumbnails/5d153bed-0d19-4f78-9a73-ba4ce647182b-1570017813245.png", "freeze": false, "env": "production", "widgetConfig": {"config": {"line": {"fillOpacity": 0, "stroke": "#3BB2D0", "interpolate": "linear"}, "rect": {"fill": "#3BB2D0"}, "symbol": {"stroke": "#fff", "fill": "#3BB2D0"}, "mark": {"fill": "#3BB2D0"}, "axisY": {"gridOpacity": 0.5, "gridColor": "#A9ABAD", "ticks": false, "grid": true, "tickOpacity": 0.5, "labelBaseline": "bottom", "labelAlign": "left", "domain": false}, "axisX": {"labelBaseline": "top", "labelAlign": "center", "domainColor": "#A9ABAD", "domainWidth": 1.2, "bandPosition": 0.5}, "axis": {"tickExtra": false, "tickOpacity": 0.5, "tickColor": "#A9ABAD", "tickSize": 8, "ticks": true, "labelPadding": 10, "labelColor": "#717171", "labelFont": "Lato", "labelFontSize": 13}, "range": {"ramp": {"scheme": "purples"}, "ordinal": {"scheme": "greens"}, "category20": ["#3BB2D0", "#2C75B0", "#FAB72E", "#EF4848", "#65B60D", "#C32D7B", "#F577B9", "#5FD2B8", "#F1800F", "#9F1C00", "#A5E9E3", "#B9D765", "#393F44", "#CACCD0", "#717171"], "dotSize": [20, 250]}}, "interaction_config": [{"config": {"fields": [{"format": ".2s", "type": "number", "property": "ReefBase GIS ID", "column": "datum.y"}, {"format": "d", "type": "number", "property": "Year", "column": "datum.x"}]}, "name": "tooltip"}], "marks": [{"encode": {"enter": {"strokeJoin": {"value": "round"}, "strokeWidth": {"value": 2}, "strokeCap": {"value": "round"}, "y": {"field": "y", "scale": "y"}, "x": {"field": "x", "scale": "x"}}}, "from": {"data": "table"}, "type": "line", "interactive": false, "name": "lines"}, {"encode": {"update": {"opacity": {"value": 1}}, "enter": {"y": {"field": "y", "scale": "y"}, "x": {"field": "x", "scale": "x"}}}, "from": {"data": "dots"}, "type": "symbol", "interactive": false, "name": "points"}, {"encode": {"update": {"opacity": {"value": 0}, "fill": {"value": "red"}, "path": {"field": "path"}}}, "transform": [{"size": [{"signal": "width"}, {"signal": "height"}], "y": "datum.y", "x": "datum.x", "type": "voronoi"}], "from": {"data": "lines"}, "type": "path", "name": "cell"}], "axes": [{"encode": {"labels": {"update": {"text": {"signal": "format(datum.value, 'd')"}, "baseline": {"value": "top"}, "align": {"value": "center"}}}}, "labelOverlap": "parity", "scale": "x", "orient": "bottom"}, {"format": "s", "labelOverlap": "parity", "scale": "y", "orient": "left"}], "scales": [{"domain": {"field": "x", "data": "table"}, "zero": false, "round": true, "nice": true, "range": "width", "type": "linear", "name": "x"}, {"domain": {"field": "y", "data": "table"}, "zero": true, "nice": true, "range": "height", "type": "linear", "name": "y"}], "data": [{"format": {"property": "data", "type": "json"}, "url": "https://api.resourcewatch.org/v1/query/20c70a51-4ddf-4f6c-ad2c-1a6729b95fa4?sql=SELECT%20year%20as%20x%2C%20COUNT(id)%20as%20y%20FROM%20bio_022_2_observations_coral_bleaching%20%20GROUP%20BY%20%20x%20ORDER%20BY%20year%20desc LIMIT 500", "name": "table"}, {"transform": [{"expr": "hover && hover.datum.x === datum.x", "type": "filter"}], "source": "table", "name": "dots"}], "signals": [{"on": [{"update": "datum", "events": "@cell:mouseover"}, {"update": "null", "events": "@cell:mouseout"}], "value": null, "name": "hover"}], "paramsConfig": {"layer": null, "band": null, "areaIntersection": null, "filters": [], "chartType": "line", "aggregateFunction": "count", "orderBy": null, "size": null, "color": null, "category": {"alias": "Year", "name": "year", "type": "number", "datasetID": "20c70a51-4ddf-4f6c-ad2c-1a6729b95fa4", "tableName": "bio_022_2_observations_coral_bleaching"}, "value": {"alias": "ReefBase GIS ID", "name": "id", "type": "number", "datasetID": "20c70a51-4ddf-4f6c-ad2c-1a6729b95fa4", "tableName": "bio_022_2_observations_coral_bleaching"}, "limit": 500, "visualizationType": "chart"}}, "template": false, "createdAt": "2019-10-02T12:03:33.089Z", "updatedAt": "2019-10-02T12:03:33.089Z"}}, {"id": "d22c4737-173c-4fb0-970d-2f5ef3a8d835", "type": "widget", "attributes": {"name": "Observations of Coral Disease and Bleaching by Year", "dataset": "20c70a51-4ddf-4f6c-ad2c-1a6729b95fa4", "slug": "Observations-of-Coral-Disease-and-Bleaching-by-Year_2", "userId": "5d8d3002b0721c0010ae8351", "application": ["rw"], "verified": false, "default": false, "protected": false, "defaultEditableWidget": false, "published": false, "thumbnailUrl": "http://wri-api-backups.s3.amazonaws.com/resourcewatch/prod/thumbnails/d22c4737-173c-4fb0-970d-2f5ef3a8d835-1570017819033.png", "freeze": false, "env": "production", "widgetConfig": {"config": {"line": {"fillOpacity": 0, "stroke": "#3BB2D0", "interpolate": "linear"}, "rect": {"fill": "#3BB2D0"}, "symbol": {"stroke": "#fff", "fill": "#3BB2D0"}, "mark": {"fill": "#3BB2D0"}, "axisY": {"gridOpacity": 0.5, "gridColor": "#A9ABAD", "ticks": false, "grid": true, "tickOpacity": 0.5, "labelBaseline": "bottom", "labelAlign": "left", "domain": false}, "axisX": {"labelBaseline": "top", "labelAlign": "center", "domainColor": "#A9ABAD", "domainWidth": 1.2, "bandPosition": 0.5}, "axis": {"tickExtra": false, "tickOpacity": 0.5, "tickColor": "#A9ABAD", "tickSize": 8, "ticks": true, "labelPadding": 10, "labelColor": "#717171", "labelFont": "Lato", "labelFontSize": 13}, "range": {"ramp": {"scheme": "purples"}, "ordinal": {"scheme": "greens"}, "category20": ["#3BB2D0", "#2C75B0", "#FAB72E", "#EF4848", "#65B60D", "#C32D7B", "#F577B9", "#5FD2B8", "#F1800F", "#9F1C00", "#A5E9E3", "#B9D765", "#393F44", "#CACCD0", "#717171"], "dotSize": [20, 250]}}, "interaction_config": [{"config": {"fields": [{"format": ".2s", "type": "number", "property": "ReefBase GIS ID", "column": "datum.y"}, {"format": "d", "type": "number", "property": "Year", "column": "datum.x"}]}, "name": "tooltip"}], "marks": [{"encode": {"enter": {"strokeJoin": {"value": "round"}, "strokeWidth": {"value": 2}, "strokeCap": {"value": "round"}, "y": {"field": "y", "scale": "y"}, "x": {"field": "x", "scale": "x"}}}, "from": {"data": "table"}, "type": "line", "interactive": false, "name": "lines"}, {"encode": {"update": {"opacity": {"value": 1}}, "enter": {"y": {"field": "y", "scale": "y"}, "x": {"field": "x", "scale": "x"}}}, "from": {"data": "dots"}, "type": "symbol", "interactive": false, "name": "points"}, {"encode": {"update": {"opacity": {"value": 0}, "fill": {"value": "red"}, "path": {"field": "path"}}}, "transform": [{"size": [{"signal": "width"}, {"signal": "height"}], "y": "datum.y", "x": "datum.x", "type": "voronoi"}], "from": {"data": "lines"}, "type": "path", "name": "cell"}], "axes": [{"encode": {"labels": {"update": {"text": {"signal": "format(datum.value, 'd')"}, "baseline": {"value": "top"}, "align": {"value": "center"}}}}, "labelOverlap": "parity", "scale": "x", "orient": "bottom"}, {"format": "s", "labelOverlap": "parity", "scale": "y", "orient": "left"}], "scales": [{"domain": {"field": "x", "data": "table"}, "zero": false, "round": true, "nice": true, "range": "width", "type": "linear", "name": "x"}, {"domain": {"field": "y", "data": "table"}, "zero": true, "nice": true, "range": "height", "type": "linear", "name": "y"}], "data": [{"format": {"property": "data", "type": "json"}, "url": "https://api.resourcewatch.org/v1/query/20c70a51-4ddf-4f6c-ad2c-1a6729b95fa4?sql=SELECT%20year%20as%20x%2C%20COUNT(id)%20as%20y%20FROM%20bio_022_2_observations_coral_bleaching%20%20GROUP%20BY%20%20x%20ORDER%20BY%20year%20desc LIMIT 500", "name": "table"}, {"transform": [{"expr": "hover && hover.datum.x === datum.x", "type": "filter"}], "source": "table", "name": "dots"}], "signals": [{"on": [{"update": "datum", "events": "@cell:mouseover"}, {"update": "null", "events": "@cell:mouseout"}], "value": null, "name": "hover"}], "paramsConfig": {"layer": null, "band": null, "areaIntersection": null, "filters": [], "chartType": "line", "aggregateFunction": "count", "orderBy": null, "size": null, "color": null, "category": {"alias": "Year", "name": "year", "type": "number", "datasetID": "20c70a51-4ddf-4f6c-ad2c-1a6729b95fa4", "tableName": "bio_022_2_observations_coral_bleaching"}, "value": {"alias": "ReefBase GIS ID", "name": "id", "type": "number", "datasetID": "20c70a51-4ddf-4f6c-ad2c-1a6729b95fa4", "tableName": "bio_022_2_observations_coral_bleaching"}, "limit": 500, "visualizationType": "chart"}}, "template": false, "createdAt": "2019-10-02T12:03:38.914Z", "updatedAt": "2019-10-02T12:03:38.914Z"}}, {"id": "939f3510-937a-4052-a9b2-88a28001985a", "type": "widget", "attributes": {"name": "Observations of Coral Disease and Bleaching by Year", "dataset": "20c70a51-4ddf-4f6c-ad2c-1a6729b95fa4", "slug": "Observations-of-Coral-Disease-and-Bleaching-by-Year_3", "userId": "5898a2ad2efe580b17e937a0", "application": ["rw"], "verified": false, "default": false, "protected": false, "defaultEditableWidget": false, "published": true, "thumbnailUrl": "http://wri-api-backups.s3.amazonaws.com/resourcewatch/prod/thumbnails/939f3510-937a-4052-a9b2-88a28001985a-1579173799104.png", "freeze": false, "env": "production", "widgetConfig": {"paramsConfig": {"visualizationType": "chart", "limit": 500, "value": {"tableName": "bio_022_2_observations_coral_bleaching", "datasetID": "20c70a51-4ddf-4f6c-ad2c-1a6729b95fa4", "type": "number", "name": "id", "alias": "ReefBase GIS ID"}, "category": {"tableName": "bio_022_2_observations_coral_bleaching", "datasetID": "20c70a51-4ddf-4f6c-ad2c-1a6729b95fa4", "type": "number", "name": "year", "alias": "Year"}, "color": null, "size": null, "orderBy": null, "aggregateFunction": "count", "chartType": "line", "filters": [], "areaIntersection": null, "band": null, "layer": null}, "signals": [{"name": "hover", "value": null, "on": [{"events": "@cell:mouseover", "update": "datum"}, {"events": "@cell:mouseout", "update": "null"}]}], "data": [{"name": "table", "url": "https://api.resourcewatch.org/v1/query/20c70a51-4ddf-4f6c-ad2c-1a6729b95fa4?sql=SELECT%20year%20as%20x%2C%20COUNT(id)%20as%20y%20FROM%20bio_022_2_observations_coral_bleaching%20%20GROUP%20BY%20%20x%20ORDER%20BY%20year%20desc LIMIT 500", "format": {"type": "json", "property": "data"}}, {"name": "dots", "source": "table", "transform": [{"type": "filter", "expr": "hover && hover.datum.x === datum.x"}]}], "scales": [{"name": "x", "type": "linear", "range": "width", "nice": true, "round": true, "zero": false, "domain": {"data": "table", "field": "x"}}, {"name": "y", "type": "linear", "range": "height", "nice": true, "zero": true, "domain": {"data": "table", "field": "y"}}], "axes": [{"orient": "bottom", "scale": "x", "labelOverlap": "parity", "encode": {"labels": {"update": {"align": {"value": "center"}, "baseline": {"value": "top"}, "text": {"signal": "format(datum.value, 'd')"}}}}}, {"orient": "left", "scale": "y", "labelOverlap": "parity", "format": "s"}], "marks": [{"name": "lines", "interactive": false, "type": "line", "from": {"data": "table"}, "encode": {"enter": {"x": {"scale": "x", "field": "x"}, "y": {"scale": "y", "field": "y"}, "strokeCap": {"value": "round"}, "strokeWidth": {"value": 2}, "strokeJoin": {"value": "round"}}}}, {"name": "points", "interactive": false, "type": "symbol", "from": {"data": "dots"}, "encode": {"enter": {"x": {"scale": "x", "field": "x"}, "y": {"scale": "y", "field": "y"}}, "update": {"opacity": {"value": 1}}}}, {"name": "cell", "type": "path", "from": {"data": "lines"}, "transform": [{"type": "voronoi", "x": "datum.x", "y": "datum.y", "size": [{"signal": "width"}, {"signal": "height"}]}], "encode": {"update": {"path": {"field": "path"}, "fill": {"value": "red"}, "opacity": {"value": 0}}}}], "interaction_config": [{"name": "tooltip", "config": {"fields": [{"column": "datum.y", "property": "ReefBase GIS ID", "type": "number", "format": ".2s"}, {"column": "datum.x", "property": "Year", "type": "number", "format": "d"}]}}], "config": {"range": {"dotSize": [20, 250], "category20": ["#3BB2D0", "#2C75B0", "#FAB72E", "#EF4848", "#65B60D", "#C32D7B", "#F577B9", "#5FD2B8", "#F1800F", "#9F1C00", "#A5E9E3", "#B9D765", "#393F44", "#CACCD0", "#717171"], "ordinal": {"scheme": "greens"}, "ramp": {"scheme": "purples"}}, "axis": {"labelFontSize": 13, "labelFont": "Lato", "labelColor": "#717171", "labelPadding": 10, "ticks": true, "tickSize": 8, "tickColor": "#A9ABAD", "tickOpacity": 0.5, "tickExtra": false}, "axisX": {"bandPosition": 0.5, "domainWidth": 1.2, "domainColor": "#A9ABAD", "labelAlign": "center", "labelBaseline": "top"}, "axisY": {"domain": false, "labelAlign": "left", "labelBaseline": "bottom", "tickOpacity": 0.5, "grid": true, "ticks": false, "gridColor": "#A9ABAD", "gridOpacity": 0.5}, "mark": {"fill": "#3BB2D0"}, "symbol": {"fill": "#3BB2D0", "stroke": "#fff"}, "rect": {"fill": "#3BB2D0"}, "line": {"interpolate": "linear", "stroke": "#3BB2D0", "fillOpacity": 0}}}, "template": false, "createdAt": "2020-01-16T11:23:19.049Z", "updatedAt": "2020-01-16T11:23:19.049Z"}}], "layer": [{"id": "ad8ba2b5-c92a-4516-9b55-31534db0db25", "type": "layer", "attributes": {"name": "1963-2012 Coral Bleaching", "slug": "coral-bleaching", "dataset": "20c70a51-4ddf-4f6c-ad2c-1a6729b95fa4", "description": "Global observations of coral bleaching from 1963 to 2012.", "application": ["rw"], "iso": [], "provider": "cartodb", "userId": "5980838ae24e6a1dae3dd446", "default": true, "protected": false, "published": true, "env": "production", "layerConfig": {"account": "wri-rw", "body": {"maxzoom": 18, "minzoom": 3, "layers": [{"type": "mapnik", "options": {"sql": "SELECT * FROM bio_022_2_observations_coral_bleaching ORDER BY year ASC", "cartocss": "#layer { ::halo { marker-width: 15; marker-fill: #eedfcc; marker-fill-opacity:1; marker-line-color: #eedfcc; marker-line-width: 0; marker-allow-overlap: true; opacity: 0.3;  [zoom > 0] {marker-width: 15;} [zoom > 3] {marker-width: 15;}[zoom > 5] {marker-width: 19;} [zoom > 7] {marker-width: 22;} [zoom > 9] {marker-width: 25;} } marker-width: 5; marker-fill: #eedfcc; marker-fill-opacity:1; marker-line-color:#808080; marker-line-width: 0.5; marker-line-opacity: 1; marker-allow-overlap: true;  [zoom > 0] {marker-width: 5;} [zoom > 3] {marker-width: 5;}[zoom > 5] {marker-width: 9;} [zoom > 7] {marker-width: 12;} [zoom > 9] {marker-width: 15;} }", "cartocss_version": "2.3.0"}}], "vectorLayers": [{"paint": {"circle-stroke-color": " #eedfcc", "circle-stroke-width": 0}, "source-layer": "layer0", "type": "line", "filter": ["all", [">", "zoom ", 0]]}, {"paint": {"circle-color": " #eedfcc", "circle-opacity": 1, "circle-stroke-color": " #eedfcc", "circle-stroke-width": 0}, "source-layer": "layer0", "type": "circle", "filter": ["all", [">", "zoom ", 0]]}, {"paint": {"circle-radius": 15}, "source-layer": "layer0", "type": "circle", "filter": ["all", [">", "zoom ", 3]]}, {"paint": {"circle-radius": 19}, "source-layer": "layer0", "type": "circle", "filter": ["all", [">", "zoom ", 5]]}, {"paint": {"circle-radius": 22}, "source-layer": "layer0", "type": "circle", "filter": ["all", [">", "zoom ", 7]]}, {"paint": {"circle-radius": 25}, "source-layer": "layer0", "type": "circle", "filter": ["all", [">", "zoom ", 9]]}, {"paint": {"circle-radius": 5}, "source-layer": "layer0", "type": "circle", "filter": ["all", [">", "zoom ", 0]]}, {"paint": {"circle-radius": 5}, "source-layer": "layer0", "type": "circle", "filter": ["all", [">", "zoom ", 3]]}, {"paint": {"circle-radius": 9}, "source-layer": "layer0", "type": "circle", "filter": ["all", [">", "zoom ", 5]]}, {"paint": {"circle-radius": 12}, "source-layer": "layer0", "type": "circle", "filter": ["all", [">", "zoom ", 7]]}, {"paint": {"circle-radius": 15}, "source-layer": "layer0", "type": "circle", "filter": ["all", [">", "zoom ", 9]]}]}}, "legendConfig": {"type": "basic", "items": [{"name": "Coral bleaching sites", "color": "#f2e5d9", "id": 0}]}, "interactionConfig": {"output": [{"column": "year", "format": null, "prefix": "", "property": "Year", "suffix": "", "type": "number"}, {"column": "location", "format": null, "prefix": "", "property": "Location", "suffix": "", "type": "string"}, {"column": "bleaching_", "format": null, "prefix": "", "property": "Bleaching", "suffix": "", "type": "string"}, {"column": "remarks", "format": null, "prefix": "", "property": "Remarks", "suffix": "", "type": "string"}]}, "applicationConfig": {}, "staticImageConfig": {}, "createdAt": "2017-09-15T13:20:48.996Z", "updatedAt": "2019-07-23T14:09:41.014Z"}}, {"id": "1aa25319-31ee-422a-bfcc-a31514e826a9", "type": "layer", "attributes": {"name": "1970-2010 Coral Disease", "slug": "coral-disease", "dataset": "20c70a51-4ddf-4f6c-ad2c-1a6729b95fa4", "description": "Global observations of coral disease from 1970 to 2010.", "application": ["rw"], "iso": [], "provider": "cartodb", "userId": "5980838ae24e6a1dae3dd446", "default": false, "protected": false, "published": true, "env": "production", "layerConfig": {"account": "wri-rw", "body": {"maxzoom": 18, "minzoom": 3, "layers": [{"type": "mapnik", "options": {"sql": "SELECT * FROM bio_022_1_observations_coral_disease", "cartocss": "#layer { ::halo { marker-width: 15; marker-fill: #9e6e3f; marker-fill-opacity:1; marker-line-color: #9e6e3f; marker-line-width: 0; marker-allow-overlap: true; opacity: 0.3; } marker-width: 5; marker-fill: #9e6e3f; marker-fill-opacity:1; marker-line-color:#D3D3D3; marker-line-width: 0.5; marker-line-opacity: 1; marker-allow-overlap: true; }", "cartocss_version": "2.3.0"}}], "vectorLayers": null}}, "legendConfig": {"type": "basic", "items": [{"name": "Coral disease sites", "color": "#804000"}]}, "interactionConfig": {"output": [{"column": "year", "format": null, "prefix": "", "property": "Year", "suffix": "", "type": "number"}, {"column": "location", "format": null, "prefix": "", "property": "Location", "suffix": "", "type": "string"}, {"column": "remarks", "format": null, "prefix": "", "property": "Remarks", "suffix": "", "type": "string"}]}, "applicationConfig": {}, "staticImageConfig": {}, "createdAt": "2017-09-15T13:29:16.050Z", "updatedAt": "2019-07-23T14:07:37.716Z"}}], "vocabulary": [{"type": "vocabulary", "attributes": {"resource": {"id": "20c70a51-4ddf-4f6c-ad2c-1a6729b95fa4", "type": "dataset"}, "tags": ["vector", "geospatial", "table", "global", "ocean", "coral_reef", "bleaching", "historical"], "name": "knowledge_graph", "application": "rw"}}], "widgetRelevantProps": ["id", "region", "subregion", "country", "location", "lat", "lon", "month", "year", "depth", "severity_c", "bleaching_", "coral_fami", "coral_spec", "percentage", "bleaching1", "mortality", "recovery", "survey_typ", "survey_are", "water_temp", "other_fact", "remarks", "source"], "layerRelevantProps": []}}