{"id": "21506a3b-81ab-4306-9708-9f2c6224ad82", "type": "dataset", "server": "https://api.resourcewatch.org", "attributes": {"name": "soc.089a Land-Use Harmonization Historical", "slug": "Land-Use-Harmonization-Classified", "type": "raster", "subtitle": "", "application": ["rw"], "dataPath": "", "attributesPath": null, "connectorType": "rest", "provider": "gee", "userId": "5b4e17b103d4e76dbb3c673c", "connectorUrl": "", "sources": [], "tableName": "users/resourcewatchlandcover/LUH_Classified/LUH_Max", "status": "saved", "published": false, "overwrite": false, "verified": false, "blockchain": {}, "subscribable": {}, "mainDateField": "", "env": "production", "geoInfo": true, "protected": false, "legend": {"date": [], "region": [], "country": [], "nested": [], "integer": [], "short": [], "byte": [], "double": [], "float": [], "half_float": [], "scaled_float": [], "boolean": [], "binary": [], "text": [], "keyword": []}, "clonedHost": {}, "errorMessage": "", "taskId": null, "createdAt": "2020-02-06T15:27:18.791Z", "updatedAt": "2019-01-30T20:33:56.740Z", "dataLastUpdated": null, "metadata": [{"id": "5c1021ccb433b900113f2c80", "type": "metadata", "attributes": {"dataset": "21506a3b-81ab-4306-9708-9f2c6224ad82", "application": "rw", "resource": {"id": "21506a3b-81ab-4306-9708-9f2c6224ad82", "type": "dataset"}, "language": "en", "name": "Land Use Harmonization Historical Land Use", "description": "As part of the World Climate Research Program Coupled Model Intercomparison Project (CMIP6), the international community is developing the next generation of advanced Earth System Models (ESM) able to estimate the combined effects of human activities (e.g. land use and fossil fuel emissions) on the carbon-climate system. In addition, a set of historical data based on HYDE, and multiple alternative scenarios of the future (2015-2100) developed by Integrated Assessment Model (IAM) teams, are being developed as input for these models. The goal of the Land-Use Harmonization (LUH2) project is to prepare a harmonized set of land-use scenarios that smoothly connects the historical reconstructions of land-use with the future projections in the format required for ESMs. The land-use harmonization strategy estimates the global fractional land-use patterns, underlying land-use transitions, and key agricultural management information, annually for the time period 850-2100 at 0.25\u00b0 x 0.25\u00b0 resolution, while minimizing the differences at the transition between the historical reconstruction ending conditions and IAM initial conditions, and working to preserve changes depicted by the IAMs in the future. Please see publications for more detail on the development of the Land-Use Harmonization model. In this data set Resource Watch displays the land-use patterns of the historical section of data (850 \u2013 2015), and classified pixels as the land use category that had the maximum fractional cover", "source": "UMD", "info": {"rwId": "soc.089a", "data_type": "Raster", "name": "Land Use Harmonization Historical Land Use", "sources": [{"source-name": "University of Maryland(UMD)", "id": 0, "source-description": ""}], "technical_title": "Land Use Harmonization (LUH2) v2h Baseline States", "functions": "Historical land use from 850 to 2015 classified by the land use category with the maximum coverage of that pixel", "cautions": "The Land-Use Harmonization relies on a combination of multiple input models and other model factors, and these results must be considered uncertain and highly dependent on the inputs and assumptions used. Overall, the uncertainty is expected to be highest in the distant past and future, and at high spatial resolutions. Resource Watch does not display the data in its original format. Resource Watch displays the land-use pattern section of the data with pixels classified by the land use category that has the maximum fractional cover. Please see the source website to download original data.", "citation": "(1) Hurtt, George; Chini, Louise; Sahajpal, Ritvik; Frolking, Steve (2017). input4MIPs.UofMD.landState.CMIP.UofMD-landState-2-1-h. Version 20161014. Earth System Grid Federation. https://doi.org/10.22033/ESGF/input4MIPs.1127.  \n  \n(2) Hurtt, G., L. Chini, R. Sahajpal, S. Frolking, et al. \u201cHarmonization of global land-use change and management for the period 850-2100\u201d. Geoscientific Model Development (In prep).  \n  \n(3) G. C. Hurtt, L. P. Chini, S. Frolking, R. A. Betts, J. Feddema, G. Fischer, J. P. Fisk, K. Hibbard, R. A. Houghton, A. Janetos, C. D. Jones, G. Kindermann, T. Kinoshita, Kees Klein Goldewijk, K. Riahi, E. Shevliakova, S. Smith, E. Stehfest, A. Thomson, P. Thornton, D. P. van Vuuren, Y. P. Wang (2011) Harmonization of land-use scenarios for the period 1500\u20132100: 600 years of global gridded annual land-use transitions, wood harvest, and resulting secondary lands. Climatic Change 109:117\u2013161 DOI 10.1007/s10584-011-0153-2. Accessed through Resource Watch, (date). [www.resourcewatch.org](www.resourcewatch.org).\n", "license": "Creative Commons Attribution 3.0 Unported", "license_link": "https://cera-www.dkrz.de/WDCC/ui/cerasearch/cmip6?input=input4MIPs.CMIP6.CMIP.UofMD.UofMD-landState-2-1-h", "geographic_coverage": "Global", "spatial_resolution": "0.25\u00b0", "date_of_content": "850-2015", "frequency_of_updates": "Once", "learn_more_link": "http://luh.umd.edu/index.shtml", "data_download_link": null, "data_download_original_link": "http://luh.umd.edu/data.shtml"}, "createdAt": "2018-12-11T20:45:00.581Z", "updatedAt": "2020-02-04T19:46:50.112Z", "status": "published"}}], "widget": [{"id": "95eaa820-c99b-456e-9faa-95d146caab34", "type": "widget", "attributes": {"name": "Land-Use Harmonization Historical Land Use Map", "dataset": "21506a3b-81ab-4306-9708-9f2c6224ad82", "slug": "Land-Use-Harmonization-Historical-Land-Use", "userId": "5b4e17b103d4e76dbb3c673c", "description": "Land use data from the Land-Use Harmonization data set. The Land Use Harmonization data set gives percent cover of each land cover category, which has been aggregated by Resource Watch into 6 categories and classified by the maximum cover of the resulting 6 categories.", "source": "", "authors": "", "application": ["rw"], "verified": false, "default": true, "protected": false, "defaultEditableWidget": false, "published": true, "freeze": false, "env": "production", "queryUrl": "", "widgetConfig": {"type": "map", "layer_id": "33910f4b-41ae-4195-bf79-a8ca1f84d290", "zoom": 2, "lat": -9.50730718862438, "lng": 91.15905761718751, "bbox": [23.834838867187504, -76.85425317615228, 158.48327636718753, 71.72792637509951], "basemapLayers": {"basemap": "dark", "labels": null, "boundaries": false}, "paramsConfig": {"visualizationType": "map", "limit": 50, "value": null, "category": null, "color": null, "size": null, "orderBy": null, "aggregateFunction": null, "chartType": null, "filters": [], "areaIntersection": null, "band": null, "layer": "33910f4b-41ae-4195-bf79-a8ca1f84d290"}, "config": null}, "template": false, "createdAt": "2018-12-12T19:04:19.942Z", "updatedAt": "2018-12-12T19:04:19.942Z"}}, {"id": "2c8a06ce-ee9b-49c0-8385-98e7e1ae8d1f", "type": "widget", "attributes": {"name": "Land-Use Harmonization Historical Land Use", "dataset": "21506a3b-81ab-4306-9708-9f2c6224ad82", "slug": "Land-Use-Harmonization-Historical-Land-Use_1", "userId": "5b4e17b103d4e76dbb3c673c", "description": "Land use data from the Land-Use Harmonization data set. The Land Use Harmonization data set gives percent cover of each land cover category, which has been aggregated by Resource Watch into 6 categories and classified by the maximum cover of the resulting 6 categories.", "source": "", "authors": "", "application": ["rw"], "verified": false, "default": false, "protected": false, "defaultEditableWidget": false, "published": true, "freeze": false, "env": "production", "queryUrl": "", "widgetConfig": {"url": "https://resourcewatch.org/embed/data/explore?zoom=2&lat=15.892659274817108&lng=-17.46139526367188&basemap=dark&labels=light&layers=%255B%257B%2522dataset%2522%253A%252221506a3b-81ab-4306-9708-9f2c6224ad82%2522%252C%2522opacity%2522%253A1%252C%2522layer%2522%253A%252288c2dcd6-db3c-4c8c-86ed-807aea764252%2522%257D%255D&page=1&sort=updatedAt&sortDirection=-1", "type": "embed"}, "template": false, "createdAt": "2018-12-12T19:04:56.666Z", "updatedAt": "2018-12-12T19:04:56.666Z"}}], "layer": [{"id": "88c2dcd6-db3c-4c8c-86ed-807aea764252", "type": "layer", "attributes": {"name": "850 Land Cover", "slug": "850-Land-Cover", "dataset": "21506a3b-81ab-4306-9708-9f2c6224ad82", "description": "Land use data from the Land Use Harmonization data set for the year 850. The Land Use Harmonization data set gives percent cover of each land cover category, which has been aggregated by Resource Watch into 6 categories and classified by the maximum cover of the resulting 6 categories.", "application": ["rw"], "iso": [], "provider": "gee", "userId": "5b4e17b103d4e76dbb3c673c", "default": true, "protected": false, "published": true, "env": "production", "layerConfig": {"type": "gee", "assetId": "users/resourcewatchlandcover/LUH_Classified/LUH_Max/Classes_850", "isImageCollection": false, "body": {"styleType": "sld", "sldValue": "<RasterSymbolizer> <ColorMap type=\"values\" extended=\"false\" > '<ColorMapEntry color=\"#fbf858\" quantity=\"0\" opacity=\"0\"/>'+ '<ColorMapEntry color=\"#ff0000\" quantity=\"1\"/>'+   '<ColorMapEntry color=\"#fbf858\" quantity=\"2\" opacity=\"1\"/>'+ '<ColorMapEntry color=\"#b18d27\" quantity=\"3\" />'+ '<ColorMapEntry color=\"#e49724\" quantity=\"4\"/>'+ '<ColorMapEntry color=\"#146d00\" quantity=\"5\" />'+'<ColorMapEntry color=\"#97dd73\" quantity=\"6\" />'+  '<ColorMapEntry color=\"#6b00c7\" quantity=\"7\" />'+'</ColorMap></RasterSymbolizer>"}, "timeline": true, "order": 850, "timelineLabel": "850"}, "legendConfig": {"type": "basic", "items": [{"name": "Urban Land", "color": "#ff0000"}, {"name": "Cropland", "color": "#fbf858"}, {"name": "Rangeland", "color": "#b18d27"}, {"name": "Managed Pastureland", "color": "#e49724"}, {"name": "Forest", "color": "#146d00"}, {"name": "Non-Forest", "color": "#97dd73"}, {"name": "Mosaic (Equal Coverage)", "color": "#6b00c7"}]}, "interactionConfig": {}, "applicationConfig": {}, "staticImageConfig": {}, "createdAt": "2020-02-06T15:27:18.837Z", "updatedAt": "2018-12-12T18:59:37.129Z"}}, {"id": "33910f4b-41ae-4195-bf79-a8ca1f84d290", "type": "layer", "attributes": {"name": "1000 Land Use", "slug": "1000-Land-Use", "dataset": "21506a3b-81ab-4306-9708-9f2c6224ad82", "description": "Land use data from the Land Use Harmonization data set for the year 1000. The Land Use Harmonization data set gives percent cover of each land cover category, which has been aggregated by Resource Watch into 6 categories and classified by the maximum cover of the resulting 6 categories.", "application": ["rw"], "iso": [], "provider": "gee", "userId": "5b4e17b103d4e76dbb3c673c", "default": false, "protected": false, "published": true, "env": "production", "layerConfig": {"type": "gee", "assetId": "users/resourcewatchlandcover/LUH_Classified/LUH_Max/Classes_1000", "isImageCollection": false, "body": {"styleType": "sld", "sldValue": "<RasterSymbolizer> <ColorMap type=\"values\" extended=\"false\" > '<ColorMapEntry color=\"#fbf858\" quantity=\"0\" opacity=\"0\"/>'+ '<ColorMapEntry color=\"#ff0000\" quantity=\"1\"/>'+   '<ColorMapEntry color=\"#fbf858\" quantity=\"2\" opacity=\"1\"/>'+ '<ColorMapEntry color=\"#b18d27\" quantity=\"3\" />'+ '<ColorMapEntry color=\"#e49724\" quantity=\"4\"/>'+ '<ColorMapEntry color=\"#146d00\" quantity=\"5\" />'+'<ColorMapEntry color=\"#97dd73\" quantity=\"6\" />'+  '<ColorMapEntry color=\"#6b00c7\" quantity=\"7\" />'+'</ColorMap></RasterSymbolizer>"}, "timeline": true, "order": 1000, "timelineLabel": "1000"}, "legendConfig": {"items": [{"color": "#ff0000", "name": "Urban Land"}, {"color": "#fbf858", "name": "Cropland"}, {"color": "#b18d27", "name": "Rangeland"}, {"color": "#e49724", "name": "Managed Pastureland"}, {"color": "#146d00", "name": "Forest"}, {"color": "#97dd73", "name": "Non-Forest"}, {"color": "#6b00c7", "name": "Mosaic (Equal Coverage)"}], "type": "basic"}, "interactionConfig": {}, "applicationConfig": {}, "staticImageConfig": {}, "createdAt": "2020-02-06T15:27:18.837Z", "updatedAt": "2018-12-21T19:19:22.502Z"}}, {"id": "b5ca64b4-706f-495e-b68a-e1400846baa6", "type": "layer", "attributes": {"name": "2015 Land Use", "slug": "2015-Land-Use", "dataset": "21506a3b-81ab-4306-9708-9f2c6224ad82", "description": "Land use data from the Land Use Harmonization data set for the year 2015. The Land Use Harmonization data set gives percent cover of each land cover category, which has been aggregated by Resource Watch into 6 categories and classified by the maximum cover of the resulting 6 categories.", "application": ["rw"], "iso": [], "provider": "gee", "userId": "5b4e17b103d4e76dbb3c673c", "default": false, "protected": false, "published": true, "env": "production", "layerConfig": {"body": {"sldValue": "<RasterSymbolizer> <ColorMap type=\"values\" extended=\"false\" > '<ColorMapEntry color=\"#fbf858\" quantity=\"0\" opacity=\"0\"/>'+ '<ColorMapEntry color=\"#ff0000\" quantity=\"1\"/>'+   '<ColorMapEntry color=\"#fbf858\" quantity=\"2\" opacity=\"1\"/>'+ '<ColorMapEntry color=\"#b18d27\" quantity=\"3\" />'+ '<ColorMapEntry color=\"#e49724\" quantity=\"4\"/>'+ '<ColorMapEntry color=\"#146d00\" quantity=\"5\" />'+'<ColorMapEntry color=\"#97dd73\" quantity=\"6\" />'+  '<ColorMapEntry color=\"#6b00c7\" quantity=\"7\" />'+'</ColorMap></RasterSymbolizer>", "styleType": "sld"}, "isImageCollection": false, "assetId": "users/resourcewatchlandcover/LUH_Classified/LUH_Max/Classes_2015", "type": "gee", "timeline": true, "order": 2015, "timelineLabel": "2015"}, "legendConfig": {"type": "basic", "items": [{"name": "Urban Land", "color": "#ff0000"}, {"name": "Cropland", "color": "#fbf858"}, {"name": "Rangeland", "color": "#b18d27"}, {"name": "Managed Pastureland", "color": "#e49724"}, {"name": "Forest", "color": "#146d00"}, {"name": "Non-Forest", "color": "#97dd73"}, {"name": "Mosaic (Equal Coverage)", "color": "#6b00c7"}]}, "interactionConfig": {}, "applicationConfig": {}, "staticImageConfig": {}, "createdAt": "2020-02-06T15:27:18.838Z", "updatedAt": "2018-12-12T18:58:10.582Z"}}, {"id": "a311f8cc-3c15-4f4c-8d00-f382846e9415", "type": "layer", "attributes": {"name": "2000 Land Use", "slug": "2000-Land-Use", "dataset": "21506a3b-81ab-4306-9708-9f2c6224ad82", "description": "Land use data from the Land Use Harmonization data set for the year 2000. The Land Use Harmonization data set gives percent cover of each land cover category, which has been aggregated by Resource Watch into 6 categories and classified by the maximum cover of the resulting 6 categories.", "application": ["rw"], "iso": [], "provider": "gee", "userId": "5b4e17b103d4e76dbb3c673c", "default": false, "protected": false, "published": true, "env": "production", "layerConfig": {"timelineLabel": "2000", "order": 2000, "timeline": true, "body": {"sldValue": "<RasterSymbolizer> <ColorMap type=\"values\" extended=\"false\" > '<ColorMapEntry color=\"#fbf858\" quantity=\"0\" opacity=\"0\"/>'+ '<ColorMapEntry color=\"#ff0000\" quantity=\"1\"/>'+   '<ColorMapEntry color=\"#fbf858\" quantity=\"2\" opacity=\"1\"/>'+ '<ColorMapEntry color=\"#b18d27\" quantity=\"3\" />'+ '<ColorMapEntry color=\"#e49724\" quantity=\"4\"/>'+ '<ColorMapEntry color=\"#146d00\" quantity=\"5\" />'+'<ColorMapEntry color=\"#97dd73\" quantity=\"6\" />'+  '<ColorMapEntry color=\"#6b00c7\" quantity=\"7\" />'+'</ColorMap></RasterSymbolizer>", "styleType": "sld"}, "isImageCollection": false, "assetId": "users/resourcewatchlandcover/LUH_Classified/LUH_Max/Classes_2000", "type": "gee"}, "legendConfig": {"type": "basic", "items": [{"name": "Urban Land", "color": "#ff0000"}, {"name": "Cropland", "color": "#fbf858"}, {"name": "Rangeland", "color": "#b18d27"}, {"name": "Managed Pastureland", "color": "#e49724"}, {"name": "Forest", "color": "#146d00"}, {"name": "Non-Forest", "color": "#97dd73"}, {"name": "Mosaic (Equal Coverage)", "color": "#6b00c7"}]}, "interactionConfig": {}, "applicationConfig": {}, "staticImageConfig": {}, "createdAt": "2020-02-06T15:27:18.838Z", "updatedAt": "2018-12-21T19:15:45.500Z"}}, {"id": "b9930e0b-5b3d-4828-9145-1aef3eeb92ad", "type": "layer", "attributes": {"name": "1800 Land Use", "slug": "1800-Land-Use", "dataset": "21506a3b-81ab-4306-9708-9f2c6224ad82", "description": "Land use data from the Land Use Harmonization data set for the year 1800. The Land Use Harmonization data set gives percent cover of each land cover category, which has been aggregated by Resource Watch into 6 categories and classified by the maximum cover of the resulting 6 categories.", "application": ["rw"], "iso": [], "provider": "gee", "userId": "5b4e17b103d4e76dbb3c673c", "default": false, "protected": false, "published": true, "env": "production", "layerConfig": {"timelineLabel": "1800", "order": 1800, "timeline": true, "body": {"sldValue": "<RasterSymbolizer> <ColorMap type=\"values\" extended=\"false\" > '<ColorMapEntry color=\"#fbf858\" quantity=\"0\" opacity=\"0\"/>'+ '<ColorMapEntry color=\"#ff0000\" quantity=\"1\"/>'+   '<ColorMapEntry color=\"#fbf858\" quantity=\"2\" opacity=\"1\"/>'+ '<ColorMapEntry color=\"#b18d27\" quantity=\"3\" />'+ '<ColorMapEntry color=\"#e49724\" quantity=\"4\"/>'+ '<ColorMapEntry color=\"#146d00\" quantity=\"5\" />'+'<ColorMapEntry color=\"#97dd73\" quantity=\"6\" />'+  '<ColorMapEntry color=\"#6b00c7\" quantity=\"7\" />'+'</ColorMap></RasterSymbolizer>", "styleType": "sld"}, "isImageCollection": false, "assetId": "users/resourcewatchlandcover/LUH_Classified/LUH_Max/Classes_1800", "type": "gee"}, "legendConfig": {"type": "basic", "items": [{"name": "Urban Land", "color": "#ff0000"}, {"name": "Cropland", "color": "#fbf858"}, {"name": "Rangeland", "color": "#b18d27"}, {"name": "Managed Pastureland", "color": "#e49724"}, {"name": "Forest", "color": "#146d00"}, {"name": "Non-Forest", "color": "#97dd73"}, {"name": "Mosaic (Equal Coverage)", "color": "#6b00c7"}]}, "interactionConfig": {}, "applicationConfig": {}, "staticImageConfig": {}, "createdAt": "2020-02-06T15:27:18.839Z", "updatedAt": "2018-12-21T19:17:28.323Z"}}, {"id": "699ed2fe-6c6e-479d-bd25-c4d7ba56ec9e", "type": "layer", "attributes": {"name": "1600 Land Use", "slug": "1600-Land-Use", "dataset": "21506a3b-81ab-4306-9708-9f2c6224ad82", "description": "Land use data from the Land Use Harmonization data set for the year 1600. The Land Use Harmonization data set gives percent cover of each land cover category, which has been aggregated by Resource Watch into 6 categories and classified by the maximum cover of the resulting 6 categories.", "application": ["rw"], "iso": [], "provider": "gee", "userId": "5b4e17b103d4e76dbb3c673c", "default": false, "protected": false, "published": true, "env": "production", "layerConfig": {"timelineLabel": "1600", "order": 1600, "timeline": true, "body": {"sldValue": "<RasterSymbolizer> <ColorMap type=\"values\" extended=\"false\" > '<ColorMapEntry color=\"#fbf858\" quantity=\"0\" opacity=\"0\"/>'+ '<ColorMapEntry color=\"#ff0000\" quantity=\"1\"/>'+   '<ColorMapEntry color=\"#fbf858\" quantity=\"2\" opacity=\"1\"/>'+ '<ColorMapEntry color=\"#b18d27\" quantity=\"3\" />'+ '<ColorMapEntry color=\"#e49724\" quantity=\"4\"/>'+ '<ColorMapEntry color=\"#146d00\" quantity=\"5\" />'+'<ColorMapEntry color=\"#97dd73\" quantity=\"6\" />'+  '<ColorMapEntry color=\"#6b00c7\" quantity=\"7\" />'+'</ColorMap></RasterSymbolizer>", "styleType": "sld"}, "isImageCollection": false, "assetId": "users/resourcewatchlandcover/LUH_Classified/LUH_Max/Classes_1600", "type": "gee"}, "legendConfig": {"type": "basic", "items": [{"name": "Urban Land", "color": "#ff0000"}, {"name": "Cropland", "color": "#fbf858"}, {"name": "Rangeland", "color": "#b18d27"}, {"name": "Managed Pastureland", "color": "#e49724"}, {"name": "Forest", "color": "#146d00"}, {"name": "Non-Forest", "color": "#97dd73"}, {"name": "Mosaic (Equal Coverage)", "color": "#6b00c7"}]}, "interactionConfig": {}, "applicationConfig": {}, "staticImageConfig": {}, "createdAt": "2020-02-06T15:27:18.839Z", "updatedAt": "2018-12-21T19:17:12.033Z"}}, {"id": "befc0013-fe91-4e8c-bb87-53b478fd5b59", "type": "layer", "attributes": {"name": "1400 Land Use", "slug": "1400-Land-Use", "dataset": "21506a3b-81ab-4306-9708-9f2c6224ad82", "description": "Land use data from the Land Use Harmonization data set for the year 1400. The Land Use Harmonization data set gives percent cover of each land cover category, which has been aggregated by Resource Watch into 6 categories and classified by the maximum cover of the resulting 6 categories.", "application": ["rw"], "iso": [], "provider": "gee", "userId": "5b4e17b103d4e76dbb3c673c", "default": false, "protected": false, "published": true, "env": "production", "layerConfig": {"timelineLabel": "1400", "order": 1400, "timeline": true, "body": {"sldValue": "<RasterSymbolizer> <ColorMap type=\"values\" extended=\"false\" > '<ColorMapEntry color=\"#fbf858\" quantity=\"0\" opacity=\"0\"/>'+ '<ColorMapEntry color=\"#ff0000\" quantity=\"1\"/>'+   '<ColorMapEntry color=\"#fbf858\" quantity=\"2\" opacity=\"1\"/>'+ '<ColorMapEntry color=\"#b18d27\" quantity=\"3\" />'+ '<ColorMapEntry color=\"#e49724\" quantity=\"4\"/>'+ '<ColorMapEntry color=\"#146d00\" quantity=\"5\" />'+'<ColorMapEntry color=\"#97dd73\" quantity=\"6\" />'+  '<ColorMapEntry color=\"#6b00c7\" quantity=\"7\" />'+'</ColorMap></RasterSymbolizer>", "styleType": "sld"}, "isImageCollection": false, "assetId": "users/resourcewatchlandcover/LUH_Classified/LUH_Max/Classes_1400", "type": "gee"}, "legendConfig": {"type": "basic", "items": [{"name": "Urban Land", "color": "#ff0000"}, {"name": "Cropland", "color": "#fbf858"}, {"name": "Rangeland", "color": "#b18d27"}, {"name": "Managed Pastureland", "color": "#e49724"}, {"name": "Forest", "color": "#146d00"}, {"name": "Non-Forest", "color": "#97dd73"}, {"name": "Mosaic (Equal Coverage)", "color": "#6b00c7"}]}, "interactionConfig": {}, "applicationConfig": {}, "staticImageConfig": {}, "createdAt": "2020-02-06T15:27:18.839Z", "updatedAt": "2018-12-21T19:18:42.890Z"}}, {"id": "fa0dd1e8-688e-4d1e-9dcc-8d7e15abf1e0", "type": "layer", "attributes": {"name": "1200 Land Use", "slug": "1200-Land-Use", "dataset": "21506a3b-81ab-4306-9708-9f2c6224ad82", "description": "Land use data from the Land Use Harmonization data set for the year 1200. The Land Use Harmonization data set gives percent cover of each land cover category, which has been aggregated by Resource Watch into 6 categories and classified by the maximum cover of the resulting 6 categories.", "application": ["rw"], "iso": [], "provider": "gee", "userId": "5b4e17b103d4e76dbb3c673c", "default": false, "protected": false, "published": true, "env": "production", "layerConfig": {"timelineLabel": "1200", "order": 1200, "timeline": true, "body": {"sldValue": "<RasterSymbolizer> <ColorMap type=\"values\" extended=\"false\" > '<ColorMapEntry color=\"#fbf858\" quantity=\"0\" opacity=\"0\"/>'+ '<ColorMapEntry color=\"#ff0000\" quantity=\"1\"/>'+   '<ColorMapEntry color=\"#fbf858\" quantity=\"2\" opacity=\"1\"/>'+ '<ColorMapEntry color=\"#b18d27\" quantity=\"3\" />'+ '<ColorMapEntry color=\"#e49724\" quantity=\"4\"/>'+ '<ColorMapEntry color=\"#146d00\" quantity=\"5\" />'+'<ColorMapEntry color=\"#97dd73\" quantity=\"6\" />'+  '<ColorMapEntry color=\"#6b00c7\" quantity=\"7\" />'+'</ColorMap></RasterSymbolizer>", "styleType": "sld"}, "isImageCollection": false, "assetId": "users/resourcewatchlandcover/LUH_Classified/LUH_Max/Classes_1200", "type": "gee"}, "legendConfig": {"type": "basic", "items": [{"name": "Urban Land", "color": "#ff0000"}, {"name": "Cropland", "color": "#fbf858"}, {"name": "Rangeland", "color": "#b18d27"}, {"name": "Managed Pastureland", "color": "#e49724"}, {"name": "Forest", "color": "#146d00"}, {"name": "Non-Forest", "color": "#97dd73"}, {"name": "Mosaic (Equal Coverage)", "color": "#6b00c7"}]}, "interactionConfig": {}, "applicationConfig": {}, "staticImageConfig": {}, "createdAt": "2020-02-06T15:27:18.839Z", "updatedAt": "2018-12-21T19:19:54.652Z"}}, {"id": "0e547855-f5eb-42f0-8a58-da613f432015", "type": "layer", "attributes": {"name": "1900 Land Use", "slug": "1900-Land-Use", "dataset": "21506a3b-81ab-4306-9708-9f2c6224ad82", "description": "Land use data from the Land Use Harmonization data set for the year 1900. The Land Use Harmonization data set gives percent cover of each land cover category, which has been aggregated by Resource Watch into 6 categories and classified by the maximum cover of the resulting 6 categories.", "application": ["rw"], "iso": [], "provider": "gee", "userId": "5b4e17b103d4e76dbb3c673c", "default": false, "protected": false, "published": true, "env": "production", "layerConfig": {"type": "gee", "assetId": "users/resourcewatchlandcover/LUH_Classified/LUH_Max/Classes_1900", "isImageCollection": false, "body": {"styleType": "sld", "sldValue": "<RasterSymbolizer> <ColorMap type=\"values\" extended=\"false\" > '<ColorMapEntry color=\"#fbf858\" quantity=\"0\" opacity=\"0\"/>'+ '<ColorMapEntry color=\"#ff0000\" quantity=\"1\"/>'+   '<ColorMapEntry color=\"#fbf858\" quantity=\"2\" opacity=\"1\"/>'+ '<ColorMapEntry color=\"#b18d27\" quantity=\"3\" />'+ '<ColorMapEntry color=\"#e49724\" quantity=\"4\"/>'+ '<ColorMapEntry color=\"#146d00\" quantity=\"5\" />'+'<ColorMapEntry color=\"#97dd73\" quantity=\"6\" />'+  '<ColorMapEntry color=\"#6b00c7\" quantity=\"7\" />'+'</ColorMap></RasterSymbolizer>"}, "timeline": true, "order": 1900, "timelineLabel": "1900"}, "legendConfig": {"items": [{"color": "#ff0000", "name": "Urban Land"}, {"color": "#fbf858", "name": "Cropland"}, {"color": "#b18d27", "name": "Rangeland"}, {"color": "#e49724", "name": "Managed Pastureland"}, {"color": "#146d00", "name": "Forest"}, {"color": "#97dd73", "name": "Non-Forest"}, {"color": "#6b00c7", "name": "Mosaic (Equal Coverage)"}], "type": "basic"}, "interactionConfig": {}, "applicationConfig": {}, "staticImageConfig": {}, "createdAt": "2020-02-06T15:27:18.839Z", "updatedAt": "2018-12-21T19:22:39.071Z"}}, {"id": "4df88adf-d470-41cd-895a-2d3221c641d8", "type": "layer", "attributes": {"name": "1950 Land Use", "slug": "1950-Land-Use", "dataset": "21506a3b-81ab-4306-9708-9f2c6224ad82", "description": "Land use data from the Land Use Harmonization data set for the year 1950. The Land Use Harmonization data set gives percent cover of each land cover category, which has been aggregated by Resource Watch into 6 categories and classified by the maximum cover of the resulting 6 categories.", "application": ["rw"], "iso": [], "provider": "gee", "userId": "5b4e17b103d4e76dbb3c673c", "default": false, "protected": false, "published": true, "env": "production", "layerConfig": {"type": "gee", "assetId": "users/resourcewatchlandcover/LUH_Classified/LUH_Max/Classes_1950", "isImageCollection": false, "body": {"styleType": "sld", "sldValue": "<RasterSymbolizer> <ColorMap type=\"values\" extended=\"false\" > '<ColorMapEntry color=\"#fbf858\" quantity=\"0\" opacity=\"0\"/>'+ '<ColorMapEntry color=\"#ff0000\" quantity=\"1\"/>'+   '<ColorMapEntry color=\"#fbf858\" quantity=\"2\" opacity=\"1\"/>'+ '<ColorMapEntry color=\"#b18d27\" quantity=\"3\" />'+ '<ColorMapEntry color=\"#e49724\" quantity=\"4\"/>'+ '<ColorMapEntry color=\"#146d00\" quantity=\"5\" />'+'<ColorMapEntry color=\"#97dd73\" quantity=\"6\" />'+  '<ColorMapEntry color=\"#6b00c7\" quantity=\"7\" />'+'</ColorMap></RasterSymbolizer>"}, "timeline": true, "order": 1950, "timelineLabel": "1950"}, "legendConfig": {"items": [{"color": "#ff0000", "name": "Urban Land"}, {"color": "#fbf858", "name": "Cropland"}, {"color": "#b18d27", "name": "Rangeland"}, {"color": "#e49724", "name": "Managed Pastureland"}, {"color": "#146d00", "name": "Forest"}, {"color": "#97dd73", "name": "Non-Forest"}, {"color": "#6b00c7", "name": "Mosaic (Equal Coverage)"}], "type": "basic"}, "interactionConfig": {}, "applicationConfig": {}, "staticImageConfig": {}, "createdAt": "2020-02-06T15:27:18.840Z", "updatedAt": "2018-12-21T19:23:32.763Z"}}], "vocabulary": [], "widgetRelevantProps": [], "layerRelevantProps": []}}