{"id": "2442891a-157a-40e6-9092-ee596e6d30ba", "type": "dataset", "server": "https://api.resourcewatch.org", "attributes": {"name": "bio.007 World Database on Protected Areas_replacement", "slug": "bio007-World-Database-on-Protected-Areas_replacement", "type": "tabular", "subtitle": null, "application": ["rw"], "dataPath": null, "attributesPath": null, "connectorType": "rest", "provider": "cartodb", "userId": "5ba001878e311b7e3718740f", "connectorUrl": "https://wri-01.carto.com/tables/wdpa_protected_areas/table", "sources": [], "tableName": "wdpa_protected_areas", "status": "saved", "published": true, "overwrite": false, "verified": false, "blockchain": {}, "mainDateField": null, "env": "production", "geoInfo": true, "protected": false, "legend": {"date": [], "region": [], "country": [], "nested": [], "integer": [], "short": [], "byte": [], "double": [], "float": [], "half_float": [], "scaled_float": [], "boolean": [], "binary": [], "text": [], "keyword": []}, "clonedHost": {}, "errorMessage": "", "taskId": null, "createdAt": "2019-10-23T15:59:40.930Z", "updatedAt": "2019-10-25T20:35:41.997Z", "dataLastUpdated": null, "metadata": [{"id": "5db078f59a0398001317b3d1", "type": "metadata", "attributes": {"dataset": "2442891a-157a-40e6-9092-ee596e6d30ba", "application": "rw", "resource": {"id": "2442891a-157a-40e6-9092-ee596e6d30ba", "type": "dataset"}, "language": "en", "name": "World Database on Protected Areas", "description": "### Overview  \n  \nThe World Database on Protected Areas (WDPA) includes the most comprehensive global spatial dataset on marine and terrestrial protected areas available in October 2018. Protected areas defined in this dataset are the ones that meet the definitions of the International Union for Conservation of Nature and the Convention on Biological Diversity, that is, a [geographically defined area that is designated or regulated and managed to achieve specific conservation objectives](https://www.biodiversitya-z.org/content/protected-area). This dataset provides the best possible information on the status and trends of protected areas to inform decision-making. It aims to drive actions. \n\n  \n  \nThe WDPA is a joint initiative of the IUCN and the UN Environment Programme (UNEP). This dataset is compiled and managed by the UNEP\u2019s World Conservation Monitoring Centre, in collaboration with governments, nongovernmental organizations, and other data providers. This dataset has many identified uses. For example, policymakers use WDPA to track progress toward international agreements related to protected areas, nongovernmental organizations use this dataset to inform conservation strategies, and media organizations use it to provide important contextual information.\n  \n  \n### Methodology  \n  \nThe dataset is compiled in collaboration with a range of stakeholders, who submit protected area data to the  UN Environment Programme\u2019s World Conservation Monitoring Centre (UNEP-WCMC). Data providers include governmental agencies, international secretariats such as the Ramsar Convention, regional entities such as the European Environment Agency, nongovernmental organizations, and individuals.  \r\n\r\n  \n  \nOnce a dataset is submitted to UNEP-WCMC, and before the data is added, steps are taken to (1) standardize and format the information to comply with data standards and (2) verify the data with an authoritative source. \r\n\r\n  \n  \nFor the full documentation, please click on the \u201cLearn more\u201d button.\r  \n  \n### Data shown on Resource Watch Map  \n  \n- [**October 2018 Marine and Terrestrial Protected Areas**](https://resourcewatch.org/data/explore?zoom=3&lat=0&lng=0&basemap=dark&labels=light&layers=%255B%257B%2522dataset%2522%253A%25222442891a-157a-40e6-9092-ee596e6d30ba%2522%252C%2522opacity%2522%253A1%252C%2522layer%2522%253A%2522de8b6ca0-fe56-4e12-be9e-15186e0a79c7%2522%257D%255D&page=1&sort=relevance&sortDirection=-1&search=world%20database%20on%20protected%20area): *Geographically defined areas that are designated or regulated and managed to achieve specific conservation objectives.*\n  \n  \n- [**October 2018 Marine and Terrestrial Protected Areas by Category**](https://resourcewatch.org/data/explore?zoom=3&lat=0&lng=0&basemap=dark&labels=light&layers=%255B%257B%2522dataset%2522%253A%25222442891a-157a-40e6-9092-ee596e6d30ba%2522%252C%2522opacity%2522%253A1%252C%2522layer%2522%253A%2522e2671f1c-cbd3-441b-bcd6-57f8d24dc5d0%2522%257D%255D&page=1&sort=relevance&sortDirection=-1&search=world%20database%20on%20protected%20area): *Geographically defined areas that are designated or regulated and managed to achieve specific conservation objectives, by International Union for Conservation of Nature (IUCN) category.*  \n  \n### Disclaimer  \n  \nExcerpts of this description page were taken from the source metadata. Resource Watch shows only a subset of the dataset. For access to the full dataset and additional information, click on the \u201cLearn more\u201d button.", "source": "UNEP-WCMC/IUCN", "info": {"rwId": "bio.007", "data_type": "Vector", "name": "World Database on Protected Areas", "sources": [{"source-name": "United Nations Environment Programme World Conservation Monitoring Centre (UNEP-WCMC)", "id": 0, "source-description": ""}, {"source-name": "\nInternational Union for Conservation of Nature (IUCN)\n", "id": 1, "source-description": ""}], "technical_title": "World Database on Protected Areas", "functions": "Global spatial dataset on marine and terrestrial protected areas in October 2018\n", "cautions": "Although there is always a time lag between the designation of a new protected area and its addition to the WDPA, the dataset is becoming more up to date year to year. Because this dataset is continuously being updated monthly, it is important to work with the most up-to-date version.   \n\n  \n  \nThere are also misuses of the dataset that have led to inaccurate results and conclusions. The most common is calculating area coverage without taking into account overlaps. Visit the recommended methodology to calculate national and global protected area coverage [here](https://www.protectedplanet.net/c/calculating-protected-area-coverage). \n\n  \n  \n Five major issues are known for this dataset: \n- *Spatial accuracy:* The data comes from a wide range of sources with different scales and techniques to generate their data. Therefore, accuracy and resolution vary for each data point.\n- *Overlapping protected areas:* Overlaps in protected areas occur frequently. For example, there could be overlaps between national protected areas and designations under regional or international conventions.\n- *Point data:* In most cases, point data is replaced with polygon data through engagement with the data provider to increase data accuracy. In some cases, points represent small protected areas such as trees, rocks, and cave entrances. Points can also represent larger areas when polygons are absent. Any spatial analysis employed should specify the decision to include or exclude point data and how this decision will influence the results. \n- *Marine protected areas:* The field \u201cMarine\u201d indicates whether a protected area is located entirely or partially in the marine environment. These values are calculated by  the UN Environment Programme\u2019s  World Conservation Monitoring Centre (UNEP-WCMC) using geospatial analysis. Since the calculation methodology has its limitations, the \u201cMarine\u201d field should be considered as indicative only. \n- *Transboundary sites:* Transboundary sites are those that cover more than one country and were established through agreements to jointly govern the protected areas. Transboundary protected areas have multiple ISO3 country codes; therefore, filtering country-specific data based on ISO3 country code field may exclude transboundary sites. ", "citation": "UNEP-WCMC and IUCN. 2018. Protected Planet, October. Cambridge, UK: UNEP-WCMC and IUCN. www.protectedplanet.net. Accessed through Resource Watch, (date). [www.resourcewatch.org](www.resourcewatch.org).", "license": "Restrictions apply", "license_link": "https://www.protectedplanet.net/c/terms-and-conditions", "geographic_coverage": "Global", "spatial_resolution": null, "date_of_content": "October 2018", "frequency_of_updates": "Monthly", "learn_more_link": "https://www.protectedplanet.net/", "data_download_link": null, "data_download_original_link": "https://protectedplanet.net/"}, "columns": {"name": {"alias": "Name"}, "desig": {"alias": "Designation"}, "desig_type": {"alias": "Designation Type", "description": "National, regional, international"}, "iucn_cat": {"alias": "IUCN Management Category", "description": "Category I-VI based on management goals"}, "wdpaid": {"alias": "WDPA ID", "description": "World Database on Protected Areas ID number"}, "wdpa_pid": {"alias": "WDPA Parcel ID", "description": "World Database on Protected Areas ID number for parcels within a protected area"}, "pa_def": {"alias": "Protected Area Definition", "description": "1=Meets IUCN definition, 0=Does not meet IUCN definition"}, "orig_name": {"alias": "Original Name", "description": "Name in local language"}, "int_crit": {"alias": "International Criteria"}, "marine": {"alias": "Marine", "description": "0=100% Terrestrial, 1=Coastal, 2=100% Marine"}, "rep_m_area": {"alias": "Reported Marine Area (km\u00b2)", "description": "Area in square kilometers"}, "gis_m_area": {"alias": "GIS Marine Area"}, "rep_area": {"alias": "Reported Area (km\u00b2)", "description": "Area in square kilometers"}, "gis_area": {"alias": "GIS Area"}, "no_take": {"alias": "No Take Status", "description": "All, part, none, not reported, not applicable"}, "no_tk_area": {"alias": "No Take Area (km\u00b2)", "description": "Area in square kilometers"}, "status": {"alias": "Status", "description": "Proposed, inscribed, adopted, designated"}, "status_yr": {"alias": "Status Year", "description": "Year of enactment of status"}, "gov_type": {"alias": "Governance Type", "description": "Governance level, delegation, profit or non-profit, joint or individual, indigenous"}, "own_type": {"alias": "Ownership Type", "description": "Ownership level, delegation, profit or non-profit, joint or individual, indigenous"}, "mang_auth": {"alias": "Management Authority", "description": "Individual or group that manages the protected area"}, "mang_plan": {"alias": "Management Plan", "description": "Link or reference to the protected area\u2019s management plan"}, "verif": {"alias": "Verification", "description": "State verified, expert verified, not reported"}, "metadataid": {"alias": "Metadata ID"}, "sub_loc": {"alias": "Subnational Location", "description": "Subnation ISO code"}, "parent_iso": {"alias": "Parent ISO Code"}, "iso3": {"alias": "ISO Code"}, "st_area_sh": {"alias": "Shape Area"}}, "createdAt": "2019-10-23T15:59:49.198Z", "updatedAt": "2020-02-04T19:45:26.717Z", "status": "published"}}], "widget": [{"id": "196b824a-cda9-4e29-990d-2e17097c8b5c", "type": "widget", "attributes": {"name": "Top Protected Areas by Size", "dataset": "2442891a-157a-40e6-9092-ee596e6d30ba", "slug": "Top-Protected-Areas-by-Size_2", "userId": "5ba001878e311b7e3718740f", "description": "GIS Area of Marine Protected Areas in 2017", "application": ["rw"], "verified": false, "default": false, "protected": false, "defaultEditableWidget": false, "published": true, "freeze": false, "env": "production", "widgetConfig": {"config": {"line": {"fillOpacity": 0, "stroke": "#3BB2D0", "interpolate": "linear"}, "rect": {"fill": "#3BB2D0"}, "symbol": {"stroke": "#fff", "fill": "#3BB2D0"}, "mark": {"fill": "#3BB2D0"}, "axisY": {"gridOpacity": 0.5, "gridColor": "#A9ABAD", "ticks": false, "grid": true, "tickOpacity": 0.5, "labelBaseline": "bottom", "labelAlign": "left", "domain": false}, "axisX": {"labelBaseline": "top", "labelAlign": "center", "domainColor": "#A9ABAD", "domainWidth": 1.2, "bandPosition": 0.5}, "axis": {"tickExtra": false, "tickOpacity": 0.5, "tickColor": "#A9ABAD", "tickSize": 8, "ticks": true, "labelPadding": 10, "labelColor": "#717171", "labelFont": "Lato", "labelFontSize": 13}, "range": {"ramp": {"scheme": "purples"}, "ordinal": {"scheme": "greens"}, "category20": ["#3BB2D0", "#2C75B0", "#FAB72E", "#EF4848", "#65B60D", "#C32D7B", "#F577B9", "#5FD2B8", "#F1800F", "#9F1C00", "#A5E9E3", "#B9D765", "#393F44", "#CACCD0", "#717171"], "dotSize": [20, 250]}}, "interaction_config": [{"config": {"fields": [{"format": ".2s", "type": "number", "property": "Reported Marine Area (km\u00b2)", "column": "y"}, {"format": ".2f", "type": "string", "property": "Name", "column": "x"}]}, "name": "tooltip"}], "marks": [{"encode": {"hover": {"opacity": {"value": 0.8}}, "update": {"y2": {"value": 0, "scale": "y"}, "y": {"field": "y", "scale": "y"}, "width": {"band": 1, "scale": "x"}, "x": {"field": "id", "scale": "x"}, "opacity": {"value": 1}}}, "from": {"data": "table"}, "type": "rect"}], "axes": [{"encode": {"labels": {"update": {"angle": {"signal": "width < 300 || data('table')[0].count > 10 ? -90 : 0"}, "baseline": {"signal": "width < 300 || data('table')[0].count > 10 ? 'middle' : 'top'"}, "align": {"signal": "width < 300 || data('table')[0].count > 10 ? 'right' : 'center'"}, "text": {"signal": "width < 300 || data('table')[0].count > 10 ? truncate(data('table')[datum.value - 1].x, 12) : data('table')[datum.value - 1].x"}}}}, "ticks": false, "labelOverlap": "parity", "scale": "x", "orient": "bottom"}, {"encode": {"labels": {"update": {"baseline": {"value": "bottom"}, "align": {"value": "right"}}}}, "format": "s", "labelOverlap": "parity", "scale": "y", "orient": "left"}], "scales": [{"domain": {"field": "id", "data": "table"}, "padding": 0.05, "range": "width", "type": "band", "name": "x"}, {"domain": {"field": "y", "data": "table"}, "zero": true, "nice": true, "range": "height", "type": "linear", "name": "y"}], "data": [{"format": {"property": "data", "type": "json"}, "url": "https://api.resourcewatch.org/v1/query/de452a4c-a55c-464d-9037-8c3e9fe48365?sql=SELECT%20name%20as%20x%2C%20rep_m_area%20as%20y%20FROM%20wdpa_protected_areas%20%20%20ORDER%20BY%20rep_m_area%20desc LIMIT 20", "transform": [{"as": "id", "type": "identifier"}, {"as": ["count"], "type": "joinaggregate"}], "name": "table"}], "paramsConfig": {"layer": null, "band": null, "areaIntersection": null, "filters": [], "chartType": "bar", "aggregateFunction": null, "orderBy": {"orderType": "desc", "tableName": "wdpa_protected_areas", "datasetID": "de452a4c-a55c-464d-9037-8c3e9fe48365", "type": "number", "alias": "Reported Marine Area (km\u00b2)", "name": "rep_m_area"}, "size": null, "color": null, "category": {"tableName": "wdpa_protected_areas", "datasetID": "de452a4c-a55c-464d-9037-8c3e9fe48365", "type": "string", "alias": "Name", "name": "name"}, "value": {"tableName": "wdpa_protected_areas", "datasetID": "de452a4c-a55c-464d-9037-8c3e9fe48365", "type": "number", "alias": "Reported Marine Area (km\u00b2)", "name": "rep_m_area"}, "limit": 20, "visualizationType": "chart"}}, "template": false, "createdAt": "2019-10-23T15:59:45.448Z", "updatedAt": "2019-10-23T15:59:45.448Z"}}, {"id": "122f6882-dcd3-4d8b-821c-98178363f91f", "type": "widget", "attributes": {"name": "19% of remaining tree cover (2000) is currently part of a protected area", "dataset": "2442891a-157a-40e6-9092-ee596e6d30ba", "slug": "19-of-remaining-tree-cover-2000-is-currently-part-of-a-protected-area", "userId": "5ba001878e311b7e3718740f", "description": "Legally protected areas by IUCN category according to various designations (e.g., national parks, state reserves, and wildlife reserves) and managed to achieve conservation objectives.  Approximately 19% of remaining tree cover (2000) is currently part of a protected area.", "application": ["rw"], "verified": false, "default": false, "protected": false, "defaultEditableWidget": false, "published": true, "freeze": false, "env": "production", "widgetConfig": {"url": "https://resourcewatch.org/embed/data/explore?basemap=dark&labels=light&lat=0&layers=%255B%257B%2522dataset%2522%253A%2522de452a4c-a55c-464d-9037-8c3e9fe48365%2522%252C%2522opacity%2522%253A1%252C%2522visible%2522%253Atrue%252C%2522layer%2522%253A%25224c0e843a-d73d-4f22-827c-3076e6ade95e%2522%257D%252C%257B%2522dataset%2522%253A%25220087944f-871c-44bc-b4d9-cd5acfc27023%2522%252C%2522opacity%2522%253A1%252C%2522visible%2522%253Atrue%252C%2522layer%2522%253A%25227a270c3a-1161-4fb2-a613-090d3e603126%2522%257D%255D&page=1&sort=most-viewed&sortDirection=-1&search=protected%20area", "type": "embed"}, "template": false, "createdAt": "2019-10-23T15:59:45.669Z", "updatedAt": "2019-10-23T15:59:45.669Z"}}, {"id": "6f7c9642-98e5-4c3e-a743-c76814ca08a2", "type": "widget", "attributes": {"name": "Marine protected areas (MPAs) allow governments to manage important ocean resources", "dataset": "2442891a-157a-40e6-9092-ee596e6d30ba", "slug": "Marine-protected-areas-MPAs-allow-governments-to-manage-important-ocean-resources", "userId": "5ba001878e311b7e3718740f", "description": "Terrestrial, coastal, and marine protected areas. Collaboration across governments and agencies among protected areas is key to protecting ocean resources.", "application": ["rw"], "verified": false, "default": false, "protected": false, "defaultEditableWidget": false, "published": true, "freeze": false, "env": "production", "widgetConfig": {"config": null, "paramsConfig": {"layer": "4c0e843a-d73d-4f22-827c-3076e6ade95e", "band": null, "areaIntersection": null, "filters": [], "chartType": "bar", "aggregateFunction": "sum", "orderBy": null, "size": null, "color": null, "category": null, "value": {"name": "gis_m_area", "alias": "GIS Marine Area", "type": "number", "datasetID": "de452a4c-a55c-464d-9037-8c3e9fe48365", "tableName": "wdpa_protected_areas"}, "limit": 20, "visualizationType": "map"}, "basemapLayers": {"boundaries": false, "labels": null, "basemap": "dark"}, "bbox": [-79.80468750000001, -67.60922060496382, -44.29687500000001, 73.62778879339942], "lng": -61.96289062500001, "lat": 9.275622176792112, "zoom": 2, "layer_id": "4c0e843a-d73d-4f22-827c-3076e6ade95e", "type": "map"}, "template": false, "createdAt": "2019-10-23T15:59:45.807Z", "updatedAt": "2019-10-23T15:59:45.807Z"}}, {"id": "32ed35f6-da4e-4560-b61a-41aec4f03e15", "type": "widget", "attributes": {"name": "Protected Areas", "dataset": "2442891a-157a-40e6-9092-ee596e6d30ba", "slug": "Protected-Areas_1", "userId": "5ba001878e311b7e3718740f", "application": ["rw"], "verified": false, "default": false, "protected": false, "defaultEditableWidget": false, "published": false, "freeze": false, "env": "production", "widgetConfig": {"type": "map", "layer_id": "dabcca67-037c-4d11-afc4-69559edec4dc", "zoom": 5, "lat": 11.480024648555816, "lng": -57.39257812500005, "bbox": [-65.52246093750001, -2.7235830833483856, -49.2626953125, 25.005972656239187], "basemapLayers": {"basemap": "dark", "labels": null, "boundaries": false}, "paramsConfig": {"visualizationType": "map", "limit": 500, "value": null, "category": null, "color": null, "size": null, "orderBy": null, "aggregateFunction": null, "chartType": "bar", "filters": [], "areaIntersection": null, "band": null, "layer": "dabcca67-037c-4d11-afc4-69559edec4dc"}, "config": {"range": {"dotSize": [20, 250], "category20": ["#3BB2D0", "#2C75B0", "#FAB72E", "#EF4848", "#65B60D", "#C32D7B", "#F577B9", "#5FD2B8", "#F1800F", "#9F1C00", "#A5E9E3", "#B9D765", "#393F44", "#CACCD0", "#717171"], "ordinal": {"scheme": "greens"}, "ramp": {"scheme": "purples"}}, "axis": {"labelFontSize": 13, "labelFont": "Lato", "labelColor": "#717171", "labelPadding": 10, "ticks": true, "tickSize": 8, "tickColor": "#A9ABAD", "tickOpacity": 0.5, "tickExtra": false}, "axisX": {"bandPosition": 0.5, "domainWidth": 1.2, "domainColor": "#A9ABAD", "labelAlign": "center", "labelBaseline": "top"}, "axisY": {"domain": false, "labelAlign": "left", "labelBaseline": "bottom", "tickOpacity": 0.5, "grid": true, "ticks": false, "gridColor": "#A9ABAD", "gridOpacity": 0.5}, "mark": {"fill": "#3BB2D0"}, "symbol": {"fill": "#3BB2D0", "stroke": "#fff"}, "rect": {"fill": "#3BB2D0"}, "line": {"interpolate": "linear", "stroke": "#3BB2D0", "fillOpacity": 0}}}, "template": false, "createdAt": "2019-10-23T15:59:45.930Z", "updatedAt": "2019-10-23T19:30:28.227Z"}}, {"id": "4520a151-810a-4457-9a01-70b4fc18dc09", "type": "widget", "attributes": {"name": "Top Philippine Protected Areas by Size", "dataset": "2442891a-157a-40e6-9092-ee596e6d30ba", "slug": "Top-Philippine-Protected-Areas-by-Size", "userId": "5ba001878e311b7e3718740f", "application": ["rw"], "verified": false, "default": false, "protected": false, "defaultEditableWidget": false, "published": false, "freeze": false, "env": "production", "widgetConfig": {"paramsConfig": {"visualizationType": "chart", "limit": 10, "value": {"name": "rep_m_area", "alias": "Reported Marine Area (km\u00b2)", "type": "number", "datasetID": "de452a4c-a55c-464d-9037-8c3e9fe48365", "tableName": "wdpa_protected_areas"}, "category": {"name": "orig_name", "alias": "Original Name", "type": "string", "datasetID": "de452a4c-a55c-464d-9037-8c3e9fe48365", "tableName": "wdpa_protected_areas"}, "color": null, "size": null, "orderBy": {"name": "rep_m_area", "alias": "Reported Marine Area (km\u00b2)", "type": "number", "orderType": "desc"}, "aggregateFunction": "sum", "chartType": "bar", "filters": [], "areaIntersection": "8de481b604a9d8c3f85d19846a976a3d", "band": null, "layer": null}, "data": [{"name": "table", "transform": [{"type": "identifier", "as": "id"}, {"type": "joinaggregate", "as": ["count"]}], "url": "https://api.resourcewatch.org/v1/query/2442891a-157a-40e6-9092-ee596e6d30ba?sql=SELECT%20orig_name%20as%20x%2C%20SUM(rep_m_area)%20as%20y%20FROM%20wdpa_protected_areas%20%20GROUP%20BY%20%20x%20ORDER%20BY%20y%20desc LIMIT 10&geostore=8de481b604a9d8c3f85d19846a976a3d", "format": {"type": "json", "property": "data"}}], "scales": [{"name": "x", "type": "band", "range": "width", "padding": 0.05, "domain": {"data": "table", "field": "id"}}, {"name": "y", "type": "linear", "range": "height", "nice": true, "zero": true, "domain": {"data": "table", "field": "y"}}], "axes": [{"orient": "bottom", "scale": "x", "labelOverlap": "parity", "ticks": false, "encode": {"labels": {"update": {"text": {"signal": "width < 300 || data('table')[0].count > 10 ? truncate(data('table')[datum.value - 1].x, 12) : data('table')[datum.value - 1].x"}, "align": {"signal": "width < 300 || data('table')[0].count > 10 ? 'right' : 'center'"}, "baseline": {"signal": "width < 300 || data('table')[0].count > 10 ? 'middle' : 'top'"}, "angle": {"signal": "width < 300 || data('table')[0].count > 10 ? -90 : 0"}}}}}, {"orient": "left", "scale": "y", "labelOverlap": "parity", "format": "s", "encode": {"labels": {"update": {"align": {"value": "right"}, "baseline": {"value": "bottom"}}}}}], "marks": [{"type": "rect", "from": {"data": "table"}, "encode": {"update": {"opacity": {"value": 1}, "x": {"scale": "x", "field": "id"}, "width": {"scale": "x", "band": 1}, "y": {"scale": "y", "field": "y"}, "y2": {"scale": "y", "value": 0}}, "hover": {"opacity": {"value": 0.8}}}}], "interaction_config": [{"name": "tooltip", "config": {"fields": [{"column": "y", "property": "Reported Marine Area (km\u00b2)", "type": "number", "format": ".2s"}, {"column": "x", "property": "Original Name", "type": "string", "format": ".2f"}]}}], "config": {"range": {"dotSize": [20, 250], "category20": ["#3BB2D0", "#2C75B0", "#FAB72E", "#EF4848", "#65B60D", "#C32D7B", "#F577B9", "#5FD2B8", "#F1800F", "#9F1C00", "#A5E9E3", "#B9D765", "#393F44", "#CACCD0", "#717171"], "ordinal": {"scheme": "greens"}, "ramp": {"scheme": "purples"}}, "axis": {"labelFontSize": 13, "labelFont": "Lato", "labelColor": "#717171", "labelPadding": 10, "ticks": true, "tickSize": 8, "tickColor": "#A9ABAD", "tickOpacity": 0.5, "tickExtra": false}, "axisX": {"bandPosition": 0.5, "domainWidth": 1.2, "domainColor": "#A9ABAD", "labelAlign": "center", "labelBaseline": "top"}, "axisY": {"domain": false, "labelAlign": "left", "labelBaseline": "bottom", "tickOpacity": 0.5, "grid": true, "ticks": false, "gridColor": "#A9ABAD", "gridOpacity": 0.5}, "mark": {"fill": "#3BB2D0"}, "symbol": {"fill": "#3BB2D0", "stroke": "#fff"}, "rect": {"fill": "#3BB2D0"}, "line": {"interpolate": "linear", "stroke": "#3BB2D0", "fillOpacity": 0}}}, "template": false, "createdAt": "2019-10-23T15:59:46.062Z", "updatedAt": "2019-10-23T19:31:06.202Z"}}, {"id": "483aa0d9-38b6-48e0-b93d-dfc9fd480481", "type": "widget", "attributes": {"name": "Top Protected Areas by Size", "dataset": "2442891a-157a-40e6-9092-ee596e6d30ba", "slug": "Top-Protected-Areas-by-Size_3", "userId": "5ba001878e311b7e3718740f", "application": ["rw"], "verified": false, "default": false, "protected": false, "defaultEditableWidget": false, "published": false, "freeze": false, "env": "production", "widgetConfig": {"paramsConfig": {"visualizationType": "chart", "limit": 20, "value": {"name": "gis_area", "alias": "GIS Area", "type": "number", "datasetID": "de452a4c-a55c-464d-9037-8c3e9fe48365", "tableName": "wdpa_protected_areas"}, "category": {"name": "name", "alias": "Name", "type": "string", "datasetID": "de452a4c-a55c-464d-9037-8c3e9fe48365", "tableName": "wdpa_protected_areas"}, "color": null, "size": null, "orderBy": {"name": "gis_area", "alias": "GIS Area", "type": "number", "datasetID": "de452a4c-a55c-464d-9037-8c3e9fe48365", "tableName": "wdpa_protected_areas", "orderType": "desc"}, "aggregateFunction": null, "chartType": "bar", "filters": [], "areaIntersection": null, "band": null, "layer": null}, "data": [{"name": "table", "transform": [{"type": "identifier", "as": "id"}, {"type": "joinaggregate", "as": ["count"]}], "url": "https://api.resourcewatch.org/v1/query/2442891a-157a-40e6-9092-ee596e6d30ba?sql=SELECT%20name%20as%20x%2C%20gis_area%20as%20y%20FROM%20wdpa_protected_areas%20%20%20ORDER%20BY%20gis_area%20desc LIMIT 20", "format": {"type": "json", "property": "data"}}], "scales": [{"name": "x", "type": "band", "range": "width", "padding": 0.05, "domain": {"data": "table", "field": "id"}}, {"name": "y", "type": "linear", "range": "height", "nice": true, "zero": true, "domain": {"data": "table", "field": "y"}}], "axes": [{"orient": "bottom", "scale": "x", "labelOverlap": "parity", "ticks": false, "encode": {"labels": {"update": {"text": {"signal": "width < 300 || data('table')[0].count > 10 ? truncate(data('table')[datum.value - 1].x, 12) : data('table')[datum.value - 1].x"}, "align": {"signal": "width < 300 || data('table')[0].count > 10 ? 'right' : 'center'"}, "baseline": {"signal": "width < 300 || data('table')[0].count > 10 ? 'middle' : 'top'"}, "angle": {"signal": "width < 300 || data('table')[0].count > 10 ? -90 : 0"}}}}}, {"orient": "left", "scale": "y", "labelOverlap": "parity", "format": "s", "encode": {"labels": {"update": {"align": {"value": "right"}, "baseline": {"value": "bottom"}}}}}], "marks": [{"type": "rect", "from": {"data": "table"}, "encode": {"update": {"opacity": {"value": 1}, "x": {"scale": "x", "field": "id"}, "width": {"scale": "x", "band": 1}, "y": {"scale": "y", "field": "y"}, "y2": {"scale": "y", "value": 0}}, "hover": {"opacity": {"value": 0.8}}}}], "interaction_config": [{"name": "tooltip", "config": {"fields": [{"column": "y", "property": "GIS Area", "type": "number", "format": ".2s"}, {"column": "x", "property": "Name", "type": "string", "format": ".2f"}]}}], "config": {"range": {"dotSize": [20, 250], "category20": ["#3BB2D0", "#2C75B0", "#FAB72E", "#EF4848", "#65B60D", "#C32D7B", "#F577B9", "#5FD2B8", "#F1800F", "#9F1C00", "#A5E9E3", "#B9D765", "#393F44", "#CACCD0", "#717171"], "ordinal": {"scheme": "greens"}, "ramp": {"scheme": "purples"}}, "axis": {"labelFontSize": 13, "labelFont": "Lato", "labelColor": "#717171", "labelPadding": 10, "ticks": true, "tickSize": 8, "tickColor": "#A9ABAD", "tickOpacity": 0.5, "tickExtra": false}, "axisX": {"bandPosition": 0.5, "domainWidth": 1.2, "domainColor": "#A9ABAD", "labelAlign": "center", "labelBaseline": "top"}, "axisY": {"domain": false, "labelAlign": "left", "labelBaseline": "bottom", "tickOpacity": 0.5, "grid": true, "ticks": false, "gridColor": "#A9ABAD", "gridOpacity": 0.5}, "mark": {"fill": "#3BB2D0"}, "symbol": {"fill": "#3BB2D0", "stroke": "#fff"}, "rect": {"fill": "#3BB2D0"}, "line": {"interpolate": "linear", "stroke": "#3BB2D0", "fillOpacity": 0}}}, "template": false, "createdAt": "2019-10-23T15:59:46.186Z", "updatedAt": "2019-10-23T19:31:10.915Z"}}, {"id": "f7105283-5f62-4ff4-a6d5-b14a5eae3e55", "type": "widget", "attributes": {"name": "Top Protected Areas by Size", "dataset": "2442891a-157a-40e6-9092-ee596e6d30ba", "slug": "Top-Protected-Areas-by-Size_4", "userId": "5ba001878e311b7e3718740f", "application": ["rw"], "verified": false, "default": false, "protected": false, "defaultEditableWidget": false, "published": false, "thumbnailUrl": "http://wri-api-backups.s3.amazonaws.com/resourcewatch/prod/thumbnails/f7105283-5f62-4ff4-a6d5-b14a5eae3e55-1571859067727.png", "freeze": false, "env": "production", "widgetConfig": {"paramsConfig": {"visualizationType": "chart", "limit": 20, "value": {"name": "gis_area", "alias": "GIS Area", "type": "number", "datasetID": "de452a4c-a55c-464d-9037-8c3e9fe48365", "tableName": "wdpa_protected_areas"}, "category": {"name": "name", "alias": "Name", "type": "string", "datasetID": "de452a4c-a55c-464d-9037-8c3e9fe48365", "tableName": "wdpa_protected_areas"}, "color": null, "size": null, "orderBy": {"name": "gis_area", "alias": "GIS Area", "type": "number", "datasetID": "de452a4c-a55c-464d-9037-8c3e9fe48365", "tableName": "wdpa_protected_areas", "orderType": "desc"}, "aggregateFunction": null, "chartType": "bar", "filters": [], "areaIntersection": null, "band": null, "layer": null}, "data": [{"name": "table", "transform": [{"type": "identifier", "as": "id"}, {"type": "joinaggregate", "as": ["count"]}], "url": "https://api.resourcewatch.org/v1/query/2442891a-157a-40e6-9092-ee596e6d30ba?sql=SELECT%20name%20as%20x%2C%20gis_area%20as%20y%20FROM%20wdpa_protected_areas%20%20%20ORDER%20BY%20gis_area%20desc LIMIT 20", "format": {"type": "json", "property": "data"}}], "scales": [{"name": "x", "type": "band", "range": "width", "padding": 0.05, "domain": {"data": "table", "field": "id"}}, {"name": "y", "type": "linear", "range": "height", "nice": true, "zero": true, "domain": {"data": "table", "field": "y"}}], "axes": [{"orient": "bottom", "scale": "x", "labelOverlap": "parity", "ticks": false, "encode": {"labels": {"update": {"text": {"signal": "width < 300 || data('table')[0].count > 10 ? truncate(data('table')[datum.value - 1].x, 12) : data('table')[datum.value - 1].x"}, "align": {"signal": "width < 300 || data('table')[0].count > 10 ? 'right' : 'center'"}, "baseline": {"signal": "width < 300 || data('table')[0].count > 10 ? 'middle' : 'top'"}, "angle": {"signal": "width < 300 || data('table')[0].count > 10 ? -90 : 0"}}}}}, {"orient": "left", "scale": "y", "labelOverlap": "parity", "format": "s", "encode": {"labels": {"update": {"align": {"value": "right"}, "baseline": {"value": "bottom"}}}}}], "marks": [{"type": "rect", "from": {"data": "table"}, "encode": {"update": {"opacity": {"value": 1}, "x": {"scale": "x", "field": "id"}, "width": {"scale": "x", "band": 1}, "y": {"scale": "y", "field": "y"}, "y2": {"scale": "y", "value": 0}}, "hover": {"opacity": {"value": 0.8}}}}], "interaction_config": [{"name": "tooltip", "config": {"fields": [{"column": "y", "property": "GIS Area", "type": "number", "format": ".2s"}, {"column": "x", "property": "Name", "type": "string", "format": ".2f"}]}}], "config": {"range": {"dotSize": [20, 250], "category20": ["#3BB2D0", "#2C75B0", "#FAB72E", "#EF4848", "#65B60D", "#C32D7B", "#F577B9", "#5FD2B8", "#F1800F", "#9F1C00", "#A5E9E3", "#B9D765", "#393F44", "#CACCD0", "#717171"], "ordinal": {"scheme": "greens"}, "ramp": {"scheme": "purples"}}, "axis": {"labelFontSize": 13, "labelFont": "Lato", "labelColor": "#717171", "labelPadding": 10, "ticks": true, "tickSize": 8, "tickColor": "#A9ABAD", "tickOpacity": 0.5, "tickExtra": false}, "axisX": {"bandPosition": 0.5, "domainWidth": 1.2, "domainColor": "#A9ABAD", "labelAlign": "center", "labelBaseline": "top"}, "axisY": {"domain": false, "labelAlign": "left", "labelBaseline": "bottom", "tickOpacity": 0.5, "grid": true, "ticks": false, "gridColor": "#A9ABAD", "gridOpacity": 0.5}, "mark": {"fill": "#3BB2D0"}, "symbol": {"fill": "#3BB2D0", "stroke": "#fff"}, "rect": {"fill": "#3BB2D0"}, "line": {"interpolate": "linear", "stroke": "#3BB2D0", "fillOpacity": 0}}}, "template": false, "createdAt": "2019-10-23T15:59:46.374Z", "updatedAt": "2019-10-23T19:31:07.685Z"}}, {"id": "d8e7ffad-8338-4ebe-aa3f-0ca8e6a209fe", "type": "widget", "attributes": {"name": "Protected Areas and Forest Cover", "dataset": "2442891a-157a-40e6-9092-ee596e6d30ba", "slug": "Protected-Areas-and-Forest-Cover_1", "userId": "5ba001878e311b7e3718740f", "description": "", "application": ["rw"], "verified": false, "default": false, "protected": false, "defaultEditableWidget": false, "published": false, "freeze": false, "env": "production", "widgetConfig": {"url": "https://resourcewatch.org/embed/data/explore?zoom=3&lat=34.91451090855678&lng=-33.41234207153321&basemap=satellite&labels=light&layers=%255B%257B%2522dataset%2522%253A%25220448c79d-0ee0-42ff-9331-aeee70cef301%2522%252C%2522opacity%2522%253A1%252C%2522layer%2522%253A%25227a6e5ae9-0aa7-41fc-a711-ca40858a20a1%2522%257D%252C%257B%2522dataset%2522%253A%2522de452a4c-a55c-464d-9037-8c3e9fe48365%2522%252C%2522opacity%2522%253A1%252C%2522layer%2522%253A%25224c0e843a-d73d-4f22-827c-3076e6ade95e%2522%257D%255D&page=1&sort=most-visited&sortDirection=-1&topics=%255B%2522forest_cover%2522%255D", "type": "embed"}, "template": false, "createdAt": "2019-10-23T15:59:46.559Z", "updatedAt": "2019-10-23T19:30:24.731Z"}}, {"id": "3c55c878-6ee8-495f-9189-235f199ab3a6", "type": "widget", "attributes": {"name": "Types of Protected Areas", "dataset": "2442891a-157a-40e6-9092-ee596e6d30ba", "slug": "Types-of-Protected-Areas_1", "userId": "5ba001878e311b7e3718740f", "description": "", "application": ["rw"], "verified": false, "default": false, "protected": false, "defaultEditableWidget": true, "published": true, "thumbnailUrl": "http://wri-api-backups.s3.amazonaws.com/resourcewatch/prod/thumbnails/3c55c878-6ee8-495f-9189-235f199ab3a6-1571859087943.png", "freeze": false, "env": "production", "widgetConfig": {"type": "map", "layer_id": "4c0e843a-d73d-4f22-827c-3076e6ade95e", "zoom": 2, "lat": 0, "lng": 0, "bbox": [-67.14843750000001, -74.49641311694309, 67.50000000000001, 74.4964131169431], "basemapLayers": {"basemap": "dark", "labels": null, "boundaries": false}, "paramsConfig": {"visualizationType": "map", "limit": 50, "value": null, "category": null, "color": null, "size": null, "orderBy": null, "aggregateFunction": null, "chartType": "bar", "filters": [], "areaIntersection": null, "band": null, "layer": "4c0e843a-d73d-4f22-827c-3076e6ade95e"}, "config": {"range": {"dotSize": [20, 250], "category20": ["#3BB2D0", "#2C75B0", "#FAB72E", "#EF4848", "#65B60D", "#C32D7B", "#F577B9", "#5FD2B8", "#F1800F", "#9F1C00", "#A5E9E3", "#B9D765", "#393F44", "#CACCD0", "#717171"], "ordinal": {"scheme": "greens"}, "ramp": {"scheme": "purples"}}, "axis": {"labelFontSize": 13, "labelFont": "Lato", "labelColor": "#717171", "labelPadding": 10, "ticks": true, "tickSize": 8, "tickColor": "#A9ABAD", "tickOpacity": 0.5, "tickExtra": false}, "axisX": {"bandPosition": 0.5, "domainWidth": 1.2, "domainColor": "#A9ABAD", "labelAlign": "center", "labelBaseline": "top"}, "axisY": {"domain": false, "labelAlign": "left", "labelBaseline": "bottom", "tickOpacity": 0.5, "grid": true, "ticks": false, "gridColor": "#A9ABAD", "gridOpacity": 0.5}, "mark": {"fill": "#3BB2D0"}, "symbol": {"fill": "#3BB2D0", "stroke": "#fff"}, "rect": {"fill": "#3BB2D0"}, "line": {"interpolate": "linear", "stroke": "#3BB2D0", "fillOpacity": 0}}}, "template": false, "createdAt": "2019-10-23T15:59:47.722Z", "updatedAt": "2019-10-23T19:31:27.875Z"}}, {"id": "e250f293-7dd3-4364-947d-22bf36db258b", "type": "widget", "attributes": {"name": "In 2016 14.7 percent of the world's land (excluding Antarctica) and 10 percent of terrestrial waters were under protection.", "dataset": "2442891a-157a-40e6-9092-ee596e6d30ba", "slug": "In-2016-147-percent-of-the-worlds-land-excluding-Antarctica-and-10-percent-of-terrestrial-waters-were-under-protection", "userId": "5ba001878e311b7e3718740f", "description": "Legally protected areas by IUCN category according to various designations (e.g., national parks, state reserves, and wildlife reserves) and managed to achieve conservation objectives from the World Database on Protected Areas. The 14.7% coverage of protected areas in 2016 falls just short of the Aichi Target 11 to protect 17% of the world's land by 2020.", "application": ["rw"], "verified": false, "default": false, "protected": false, "defaultEditableWidget": false, "published": true, "freeze": false, "env": "production", "widgetConfig": {"config": null, "paramsConfig": {"layer": "4c0e843a-d73d-4f22-827c-3076e6ade95e", "band": null, "areaIntersection": null, "filters": [], "chartType": "bar", "aggregateFunction": null, "orderBy": null, "size": null, "color": null, "category": null, "value": null, "limit": 50, "visualizationType": "map"}, "basemapLayers": {"boundaries": false, "labels": null, "basemap": "light"}, "bbox": [-85.78125, -68.78414378041504, 48.86718750000001, 78.69910592550542], "lng": -18.613586425781254, "lat": 18.08450635822978, "zoom": 2, "layer_id": "4c0e843a-d73d-4f22-827c-3076e6ade95e", "type": "map"}, "template": false, "createdAt": "2019-10-23T15:59:48.300Z", "updatedAt": "2019-10-23T15:59:48.300Z"}}, {"id": "3f664780-5cac-4298-b358-afe032ebc60d", "type": "widget", "attributes": {"name": "19% of remaining tree cover (2000) is currently part of a protected area - 1566261133011", "dataset": "2442891a-157a-40e6-9092-ee596e6d30ba", "slug": "19-of-remaining-tree-cover-2000-is-currently-part-of-a-protected-area-1566261133011_1", "userId": "5ba001878e311b7e3718740f", "description": "Legally protected areas by IUCN category according to various designations (e.g., national parks, state reserves, and wildlife reserves) and managed to achieve conservation objectives.  Approximately 19% of remaining tree cover (2000) is currently part of a protected area.", "application": ["rw"], "verified": false, "default": false, "protected": false, "defaultEditableWidget": false, "published": true, "freeze": false, "env": "production", "widgetConfig": {"type": "embed", "url": "https://resourcewatch.org/embed/data/explore?basemap=dark&labels=light&lat=0&layers=%255B%257B%2522dataset%2522%253A%2522de452a4c-a55c-464d-9037-8c3e9fe48365%2522%252C%2522opacity%2522%253A1%252C%2522visible%2522%253Atrue%252C%2522layer%2522%253A%25224c0e843a-d73d-4f22-827c-3076e6ade95e%2522%257D%252C%257B%2522dataset%2522%253A%25220087944f-871c-44bc-b4d9-cd5acfc27023%2522%252C%2522opacity%2522%253A1%252C%2522visible%2522%253Atrue%252C%2522layer%2522%253A%25227a270c3a-1161-4fb2-a613-090d3e603126%2522%257D%255D&page=1&sort=most-viewed&sortDirection=-1&search=protected%20area"}, "template": false, "createdAt": "2019-10-23T15:59:48.429Z", "updatedAt": "2019-10-23T15:59:48.429Z"}}, {"id": "d8d9b554-ec99-4eaf-9e52-8e7c1a6c6ee1", "type": "widget", "attributes": {"name": "19% of remaining tree cover (2000) is currently part of a protected area - 1568297971368", "dataset": "2442891a-157a-40e6-9092-ee596e6d30ba", "slug": "19-of-remaining-tree-cover-2000-is-currently-part-of-a-protected-area-1568297971368_1", "userId": "5ba001878e311b7e3718740f", "description": "Legally protected areas by IUCN category according to various designations (e.g., national parks, state reserves, and wildlife reserves) and managed to achieve conservation objectives.  Approximately 19% of remaining tree cover (2000) is currently part of a protected area.", "application": ["rw"], "verified": false, "default": false, "protected": false, "defaultEditableWidget": false, "published": true, "freeze": false, "env": "production", "widgetConfig": {"type": "embed", "url": "https://resourcewatch.org/embed/data/explore?basemap=dark&labels=light&lat=0&layers=%255B%257B%2522dataset%2522%253A%2522de452a4c-a55c-464d-9037-8c3e9fe48365%2522%252C%2522opacity%2522%253A1%252C%2522visible%2522%253Atrue%252C%2522layer%2522%253A%25224c0e843a-d73d-4f22-827c-3076e6ade95e%2522%257D%252C%257B%2522dataset%2522%253A%25220087944f-871c-44bc-b4d9-cd5acfc27023%2522%252C%2522opacity%2522%253A1%252C%2522visible%2522%253Atrue%252C%2522layer%2522%253A%25227a270c3a-1161-4fb2-a613-090d3e603126%2522%257D%255D&page=1&sort=most-viewed&sortDirection=-1&search=protected%20area"}, "template": false, "createdAt": "2019-10-23T15:59:48.562Z", "updatedAt": "2019-10-23T15:59:48.562Z"}}], "layer": [{"id": "de8b6ca0-fe56-4e12-be9e-15186e0a79c7", "type": "layer", "attributes": {"name": "Marine and Terrestrial Protected Areas", "slug": "Marine-and-Terrestrial-Protected-Areas_11", "dataset": "2442891a-157a-40e6-9092-ee596e6d30ba", "description": "Legally protected areas, according to various designations (e.g., national parks, state reserves, and wildlife reserves), which are managed to achieve conservation objectives. Updated monthly.", "application": ["rw"], "iso": ["global"], "provider": "cartodb", "userId": "5ba001878e311b7e3718740f", "default": false, "protected": false, "published": true, "env": "production", "layerConfig": {"account": "wri-01", "body": {"maxzoom": 18, "minzoom": 3, "layers": [{"type": "cartodb", "options": {"sql": "SELECT * FROM wdpa_protected_areas", "cartocss": "#wdpa_protected_areas {   polygon-opacity: 0.5; polygon-fill: #0079B0; polygon-gamma-method: power; line-color:#0079B0; line-opacity:1; line-width:1}", "cartocss_version": "2.3.0"}}], "vectorLayers": [{"paint": {"line-color": "#0079B0", "line-opacity": 1, "line-width": 1}, "source-layer": "layer0", "type": "line", "filter": ["all"]}, {"paint": {"fill-opacity": 0.5, "fill-color": " #0079B0"}, "source-layer": "layer0", "type": "fill", "filter": ["all"]}]}}, "legendConfig": {"type": "basic", "items": [{"name": "Protected areas", "color": "#0079B0", "id": 0}]}, "interactionConfig": {"output": [{"column": "name", "format": null, "prefix": "", "property": "Name", "suffix": "", "type": "string"}, {"column": "sub_loc", "format": null, "prefix": "", "property": "Sub-Location", "suffix": "", "type": "string"}, {"column": "status", "format": null, "prefix": "", "property": "Status", "suffix": "", "type": "string"}, {"column": "desig_type", "format": null, "prefix": "", "property": "Designation Type", "suffix": "", "type": "string"}, {"column": "own_type", "format": null, "prefix": "", "property": "Ownership Type", "suffix": "", "type": "string"}, {"column": "gov_type", "format": null, "prefix": "", "property": "Governance Type", "suffix": "", "type": "string"}, {"column": "mang_auth", "format": null, "prefix": "", "property": "Management Authority", "suffix": "", "type": "string"}, {"column": "cartodb_id", "format": null, "prefix": "", "property": "Area ID", "suffix": "", "type": "number"}]}, "applicationConfig": {}, "staticImageConfig": {}, "createdAt": "2019-10-23T15:59:41.707Z", "updatedAt": "2019-10-23T15:59:41.707Z"}}, {"id": "e2671f1c-cbd3-441b-bcd6-57f8d24dc5d0", "type": "layer", "attributes": {"name": "Marine and Terrestrial Protected Areas by Category", "slug": "Marine-and-Terrestrial-Protected-Areas-by-Category_10", "dataset": "2442891a-157a-40e6-9092-ee596e6d30ba", "description": "Legally protected areas by IUCN category. Updated monthly.", "application": ["rw"], "iso": [], "provider": "cartodb", "userId": "5ba001878e311b7e3718740f", "default": true, "protected": false, "published": true, "env": "production", "layerConfig": {"body": {"layers": [{"options": {"cartocss_version": "2.3.0", "cartocss": "#wdpa_protected_areas {   polygon-opacity: 0.7;  }#wdpa_protected_areas[iucn_cat='II'] {   polygon-fill: #0f3b82;}#wdpa_protected_areas[iucn_cat='III'] {   polygon-fill: #c9ddff;}#wdpa_protected_areas[iucn_cat='IV'] {   polygon-fill: #b9b2a1;}#wdpa_protected_areas[iucn_cat='Ia'] {   polygon-fill: #5ca2d1;}#wdpa_protected_areas[iucn_cat='Ib'] {   polygon-fill: #3e7bb6;}#wdpa_protected_areas[iucn_cat='Not Applicable'] {   polygon-fill: #eed54c;}#wdpa_protected_areas[iucn_cat='Not Assigned'] {   polygon-fill: #e7ab36;}#wdpa_protected_areas[iucn_cat='Not Reported'] {   polygon-fill: #fa894b;}#wdpa_protected_areas[iucn_cat='V'] {   polygon-fill: #ae847e;}#wdpa_protected_areas[iucn_cat='VI'] {   polygon-fill: #daa89b;}", "sql": "SELECT * FROM wdpa_protected_areas"}, "type": "cartodb"}], "minzoom": 3, "maxzoom": 18, "vectorLayers": [{"paint": {"fill-opacity": 0.7}, "source-layer": "layer0", "type": "fill", "filter": ["all"]}, {"paint": {"fill-color": " #0f3b82"}, "source-layer": "layer0", "type": "fill", "filter": ["all", ["==", "iucn_cat", "II"]]}, {"paint": {"fill-color": " #c9ddff"}, "source-layer": "layer0", "type": "fill", "filter": ["all", ["==", "iucn_cat", "III"]]}, {"paint": {"fill-color": " #b9b2a1"}, "source-layer": "layer0", "type": "fill", "filter": ["all", ["==", "iucn_cat", "IV"]]}, {"paint": {"fill-color": " #5ca2d1"}, "source-layer": "layer0", "type": "fill", "filter": ["all", ["==", "iucn_cat", "Ia"]]}, {"paint": {"fill-color": " #3e7bb6"}, "source-layer": "layer0", "type": "fill", "filter": ["all", ["==", "iucn_cat", "Ib"]]}, {"paint": {"fill-color": " #eed54c"}, "source-layer": "layer0", "type": "fill", "filter": ["all", ["==", "iucn_cat", "Not Applicable"]]}, {"paint": {"fill-color": " #e7ab36"}, "source-layer": "layer0", "type": "fill", "filter": ["all", ["==", "iucn_cat", "Not Assigned"]]}, {"paint": {"fill-color": " #fa894b"}, "source-layer": "layer0", "type": "fill", "filter": ["all", ["==", "iucn_cat", "Not Reported"]]}, {"paint": {"fill-color": " #ae847e"}, "source-layer": "layer0", "type": "fill", "filter": ["all", ["==", "iucn_cat", "V"]]}, {"paint": {"fill-color": " #daa89b"}, "source-layer": "layer0", "type": "fill", "filter": ["all", ["==", "iucn_cat", "VI"]]}]}, "account": "wri-01"}, "legendConfig": {"items": [{"color": "#5ca2d1", "name": "Ia - Strict nature reserve", "id": 0}, {"color": "#3e7bb6", "name": "Ib - Wildnerness area", "id": 1}, {"color": "#0f3b82", "name": "II - National park", "id": 2}, {"color": "#c9ddff", "name": "III - National monument or feature", "id": 3}, {"color": "#b9b2a1", "name": "IV - Habitat and species management area", "id": 4}, {"color": "#ae847e", "name": "V - Protected landscape or seascape", "id": 5}, {"color": "#daa89b", "name": "VI - Protected area with sustainable use of natural resources", "id": 6}, {"color": "#eed54c", "name": "Not applicable", "id": 7}, {"color": "#e7ab36", "name": "Not assigned", "id": 8}, {"color": "#fa894b", "name": "Not reported", "id": 9}], "type": "basic"}, "interactionConfig": {"output": [{"column": "name", "format": null, "prefix": "", "property": "Name", "suffix": "", "type": "string"}, {"column": "sub_loc", "format": null, "prefix": "", "property": "Sub-Location", "suffix": "", "type": "string"}, {"column": "status", "format": null, "prefix": "", "property": "Status", "suffix": "", "type": "string"}, {"column": "desig_type", "format": null, "prefix": "", "property": "Designation Type", "suffix": "", "type": "string"}, {"column": "own_type", "format": null, "prefix": "", "property": "Ownership Type", "suffix": "", "type": "string"}, {"column": "gov_type", "format": null, "prefix": "", "property": "Governance Type", "suffix": "", "type": "string"}, {"column": "mang_auth", "format": null, "prefix": "", "property": "Management Authority", "suffix": "", "type": "string"}, {"column": "cartodb_id", "format": null, "prefix": "", "property": "Area ID", "suffix": "", "type": "number"}]}, "applicationConfig": {"default": true, "active": true, "global": true, "metadata": "wdpa_protected_areas"}, "staticImageConfig": {}, "createdAt": "2019-10-23T15:59:43.714Z", "updatedAt": "2019-11-14T17:10:10.288Z"}}], "vocabulary": [{"type": "vocabulary", "attributes": {"resource": {"id": "2442891a-157a-40e6-9092-ee596e6d30ba", "type": "dataset"}, "tags": ["geospatial", "global", "protected_areas", "biodiversity", "ecosystem", "ocean", "historical"], "name": "knowledge_graph", "application": "rw"}}], "widgetRelevantProps": ["wdpaid", "pa_def", "name", "orig_name", "desig", "desig_type", "marine", "rep_m_area", "gis_m_area", "rep_area", "gis_area", "no_take", "no_tk_area", "status", "status_yr", "gov_type", "own_type", "mang_auth", "mang_plan", "verif", "sub_loc", "parent_iso", "wdpa_pid", "iso3"], "layerRelevantProps": ["the_geom", "the_geom_webmercator", "gis_area"]}}