{"id": "2c092793-aa3a-4520-959c-ad48165dcae4", "type": "dataset", "server": "https://api.resourcewatch.org", "attributes": {"name": "ene.021 Renewable Energy Consumption", "slug": "SE4ALL-Country-Indicators", "type": "tabular", "subtitle": "IEA/WBG", "application": ["rw"], "dataPath": "", "attributesPath": null, "connectorType": "rest", "provider": "cartodb", "userId": "5981e73b0c069f3c93dc5e2a", "connectorUrl": "https://wri-rw.carto.com/tables/ene_021_se4all_country_indicators/public", "sources": [], "tableName": "ene_021_se4all_country_indicators", "status": "saved", "published": false, "overwrite": false, "verified": false, "blockchain": {}, "subscribable": {}, "mainDateField": null, "env": "production", "applicationConfig": {"rw": {"layerOrder": ["2aed477d-ca74-4271-b126-2dcb5641e0bb", "396f910d-c0f3-4e42-a7ce-29f3bf3a7fbf", "3f4d5133-5212-41cd-900a-4e15cecfba6b"]}}, "geoInfo": true, "protected": false, "legend": {"date": [], "region": [], "country": [], "nested": [], "integer": [], "short": [], "byte": [], "double": [], "float": [], "half_float": [], "scaled_float": [], "boolean": [], "binary": [], "text": [], "keyword": []}, "clonedHost": {}, "errorMessage": null, "taskId": null, "createdAt": "2020-01-09T21:52:24.375Z", "updatedAt": "2020-01-09T21:52:24.380Z", "dataLastUpdated": null, "metadata": [{"id": "59a4267287384a0010222280", "type": "metadata", "attributes": {"dataset": "2c092793-aa3a-4520-959c-ad48165dcae4", "application": "rw", "resource": {"id": "2c092793-aa3a-4520-959c-ad48165dcae4", "type": "dataset"}, "language": "en", "name": "[Archived] Renewable Energy Consumption", "description": "_**This dataset has been archived, and we will no longer be updating or maintaining it. We recommend using [this dataset](431f7c9e-7ef5-4f00-a5dc-8845fcb3a9a9) as a replacement.**_\n  \nThe Sustainable Energy for All (SE4ALL) database presents data collected by the International Energy Agency and the World Bank regarding 54 electricity access, efficiency, and sustainability related indicators for 251 countries. This data set is intended to assist policy makers in government, business, and civil society to advance the 3 main goals of the SE4ALL initiative: during the period from 2010 through 2030, ensure universal access to modern energy services, double the global rate of improvement in global energy efficiency, and double the share of renewable energy in the global energy mix. The SE4ALL database supports this initiative and provides country level historical data spanning 1990-2010 for access to electricity and nonsolid fuel; share of renewable energy in total final energy consumption by technology; and energy intensity rate of improvement. Resource Watch shows only a subset of the data set. For access to the full data set and additional information, see the Learn More link.", "source": "SE4ALL/World Bank Group/IEA", "info": {"rwId": "ene.021 [Archived]", "data_type": "Tabular", "name": "[Archived] Renewable Energy Consumption", "sources": [{"source-name": "Sustainable Energy for All (SE4ALL)", "id": 0, "source-description": ""}, {"source-name": "World Bank Group", "id": 1, "source-description": ""}, {"source-name": "International Energy Agency (IEA)", "id": 2, "source-description": ""}], "technical_title": "Sustainable Energy for All (SE4ALL) Database", "functions": null, "cautions": "Country reported values are used, which are of variable quality. Not all countries have data for all indicators for all years in the study period.", "citation": "IEA, World Bank Group. 2017. \"SE4ALL Database.\" Distributed by EnergyData.info. https://energydata.info/dataset/se4all-database. Accessed December 1, 2017. Accessed through Resource Watch, (date). [www.resourcewatch.org](www.resourcewatch.org).", "license": "Creative Commons Attribution 4.0 International", "license_link": "https://creativecommons.org/licenses/by/4.0/", "geographic_coverage": "Global", "spatial_resolution": "National", "date_of_content": "1990-2010", "frequency_of_updates": null, "learn_more_link": "https://datacatalog.worldbank.org/dataset/sustainable-energy-all", "data_download_link": "https://wri-public-data.s3.amazonaws.com/resourcewatch/ene_021_SE4ALL_country_indicators_edit.csv.gz", "data_download_original_link": "https://datacatalog.worldbank.org/dataset/sustainable-energy-all"}, "columns": {"country_name": {"alias": "Country"}, "country_code": {"alias": "ISO Code", "description": ""}, "indicator_name": {"alias": "Renewable Energy Consumption (TJ)", "description": "Energy consumption in terajoules"}, "yr_1990": {"alias": "1990", "description": "Energy consumption in terajoules"}, "yr_1991": {"alias": "1991", "description": "Energy consumption in terajoules"}, "yr_1992": {"alias": "1992", "description": "Energy consumption in terajoules"}, "yr_1993": {"alias": "1993 ", "description": "Energy consumption in terajoules"}, "yr_1994": {"alias": "1994", "description": "Energy consumption in terajoules"}, "yr_1995": {"alias": "1995", "description": "Energy consumption in terajoules"}, "yr_1996": {"alias": "1996", "description": "Energy consumption in terajoules"}, "yr_1997": {"alias": "1997 ", "description": "Energy consumption in terajoules"}, "yr_1998": {"alias": "1998", "description": "Energy consumption in terajoules"}, "yr_1999": {"alias": "1999", "description": "Energy consumption in terajoules"}, "yr_2000": {"alias": "2000", "description": "Energy consumption in terajoules"}, "yr_2001": {"alias": "2001", "description": "Energy consumption in terajoules"}, "yr_2002": {"alias": "2002", "description": "Energy consumption in terajoules"}, "yr_2003": {"alias": "2003", "description": "Energy consumption in terajoules"}, "yr_2004": {"alias": "2004", "description": "Energy consumption in terajoules"}, "yr_2005": {"alias": "2005", "description": "Energy consumption in terajoules"}, "yr_2006": {"alias": "2006", "description": "Energy consumption in terajoules"}, "yr_2007": {"alias": "2007", "description": "Energy consumption in terajoules"}, "yr_2008": {"alias": "2008", "description": "Energy consumption in terajoules"}, "yr_2009": {"alias": "2009", "description": "Energy consumption in terajoules"}, "yr_2010": {"alias": "2010", "description": "Energy consumption in terajoules"}, "yr_data": {"alias": "Renewable Energy Consumption (TJ)", "description": "Energy consumption in terajoules"}, "datetime": {"alias": "Year"}, "rw_country_code": {"alias": "ISO Code"}, "rw_country_name": {"alias": "Country"}}, "createdAt": "2017-08-28T14:19:30.151Z", "updatedAt": "2020-02-04T19:46:12.724Z", "status": "published"}}], "widget": [{"id": "1bc26c4b-50df-4d67-ac84-7c67f41739b0", "type": "widget", "attributes": {"name": "2010 Renewable Energy Consumption (TJ) by Country", "dataset": "2c092793-aa3a-4520-959c-ad48165dcae4", "slug": "2010-SE4ALL-Renewable-Energy-Consumption-TJ-thousands", "userId": "5a689d78fb357b0001e35c61", "description": "", "source": "", "authors": "", "application": ["rw"], "verified": false, "default": false, "protected": false, "defaultEditableWidget": true, "published": true, "freeze": false, "env": "production", "queryUrl": "", "widgetConfig": {"paramsConfig": {"visualizationType": "chart", "caption": null, "limit": 50, "value": {"tableName": "ene_021_se4all_country_indicators", "datasetID": "2c092793-aa3a-4520-959c-ad48165dcae4", "type": "number", "alias": "Renewable Energy Consumption (TJ)", "name": "yr_data"}, "category": {"name": "rw_country_name", "alias": "Country", "type": "string", "datasetID": "2c092793-aa3a-4520-959c-ad48165dcae4", "tableName": "ene_021_se4all_country_indicators"}, "color": null, "size": null, "orderBy": {"name": "yr_data", "alias": "Renewable Energy Consumption (TJ)", "type": "number", "orderType": "desc"}, "aggregateFunction": null, "chartType": "bar", "filters": [{"name": "datetime", "alias": "Year", "type": "date", "datasetID": "2c092793-aa3a-4520-959c-ad48165dcae4", "tableName": "ene_021_se4all_country_indicators", "value": ["2010-01-01T00:00:00.000Z", "2010-01-01T00:00:00.000Z"], "notNull": true}, {"name": "yr_data", "alias": "Renewable Energy Consumption (TJ)", "type": "number", "datasetID": "2c092793-aa3a-4520-959c-ad48165dcae4", "tableName": "ene_021_se4all_country_indicators", "value": [1, 11222069], "notNull": true}], "areaIntersection": null, "band": null, "layer": null}, "data": [{"name": "table", "transform": [{"type": "identifier", "as": "id"}], "url": "https://api.resourcewatch.org/v1/query/2c092793-aa3a-4520-959c-ad48165dcae4?sql=SELECT rw_country_name as x, yr_data as y FROM ene_021_se4all_country_indicators WHERE datetime >= '2010-01-01T00:00:00.000Z' AND datetime <= '2010-01-01T00:00:00.000Z' AND datetime IS NOT NULL AND yr_data >= 1 AND yr_data <= 11222069 AND yr_data IS NOT NULL  ORDER BY yr_data desc LIMIT 50", "format": {"type": "json", "property": "data"}}, {"name": "stats", "source": "table", "transform": [{"type": "extent", "field": "x", "signal": "extent"}]}], "scales": [{"name": "x", "type": "band", "range": "width", "padding": 0.05, "domain": {"data": "table", "field": "id"}}, {"name": "y", "type": "linear", "range": "height", "nice": true, "zero": true, "domain": {"data": "table", "field": "y"}}], "axes": [{"orient": "bottom", "scale": "x", "labelOverlap": "parity", "ticks": false, "encode": {"labels": {"update": {"text": {"signal": "data('table')[datum.value - 1].x"}, "align": {"signal": "width < 300 || extent[1] > 10 ? 'right' : 'center'"}, "baseline": {"signal": "width < 300 || extent[1] > 10 ? 'middle' : 'top'"}, "angle": {"signal": "width < 300 || extent[1] > 10 ? -90 :0 "}}}}}, {"orient": "left", "scale": "y", "labelOverlap": "parity", "encode": {"labels": {"update": {"align": {"value": "right"}, "baseline": {"value": "bottom"}}}}}], "marks": [{"type": "rect", "from": {"data": "table"}, "encode": {"update": {"opacity": {"value": 1}, "x": {"scale": "x", "field": "id"}, "width": {"scale": "x", "band": 1}, "y": {"scale": "y", "field": "y"}, "y2": {"scale": "y", "value": 0}}, "hover": {"opacity": {"value": 0.8}}}}], "interaction_config": [{"name": "tooltip", "config": {"fields": [{"column": "y", "property": "Renewable Energy Consumption (TJ)", "type": "number", "format": ".2s"}, {"column": "x", "property": "Country", "type": "string", "format": ".2f"}]}}]}, "template": false, "createdAt": "2018-03-13T15:10:08.431Z", "updatedAt": "2018-03-13T15:10:08.431Z"}}, {"id": "b1d80bea-6ad7-4d58-b331-c7117731b579", "type": "widget", "attributes": {"name": "Konsumsi Energi Terbarukan", "dataset": "2c092793-aa3a-4520-959c-ad48165dcae4", "slug": "Konsumsi-Energi-Terbarukan", "userId": "5d637ef194cb3f00108f9b79", "application": ["rw"], "verified": false, "default": false, "protected": false, "defaultEditableWidget": false, "published": false, "thumbnailUrl": "http://wri-api-backups.s3.amazonaws.com/resourcewatch/prod/thumbnails/b1d80bea-6ad7-4d58-b331-c7117731b579-1566805543366.png", "freeze": false, "env": "production", "widgetConfig": {"config": {"line": {"fillOpacity": 0, "stroke": "#3BB2D0", "interpolate": "linear"}, "rect": {"fill": "#3BB2D0"}, "symbol": {"stroke": "#fff", "fill": "#3BB2D0"}, "mark": {"fill": "#3BB2D0"}, "axisY": {"gridOpacity": 0.5, "gridColor": "#A9ABAD", "ticks": false, "grid": true, "tickOpacity": 0.5, "labelBaseline": "bottom", "labelAlign": "left", "domain": false}, "axisX": {"labelBaseline": "top", "labelAlign": "center", "domainColor": "#A9ABAD", "domainWidth": 1.2, "bandPosition": 0.5}, "axis": {"tickExtra": false, "tickOpacity": 0.5, "tickColor": "#A9ABAD", "tickSize": 8, "ticks": true, "labelPadding": 10, "labelColor": "#717171", "labelFont": "Lato", "labelFontSize": 13}, "range": {"ramp": {"scheme": "purples"}, "ordinal": {"scheme": "greens"}, "category20": ["#3BB2D0", "#2C75B0", "#FAB72E", "#EF4848", "#65B60D", "#C32D7B", "#F577B9", "#5FD2B8", "#F1800F", "#9F1C00", "#A5E9E3", "#B9D765", "#393F44", "#CACCD0", "#717171"], "dotSize": [20, 250]}}, "legend": [{"values": [{"type": "string", "value": "#C32D7B", "label": "Brazil"}, {"type": "string", "value": "#5FD2B8", "label": "Canada"}, {"type": "string", "value": "#3BB2D0", "label": "Cape Verde"}, {"type": "string", "value": "#2C75B0", "label": "China"}, {"type": "string", "value": "#F1800F", "label": "Ethiopia"}, {"type": "string", "value": "#FAB72E", "label": "India"}, {"type": "string", "value": "#F577B9", "label": "Indonesia"}, {"type": "string", "value": "#65B60D", "label": "Nigeria"}, {"type": "string", "value": "#9F1C00", "label": "Pakistan"}, {"type": "string", "value": "#EF4848", "label": "United States of America"}], "shape": "square", "label": null, "type": "color"}], "interaction_config": [{"config": {"fields": [{"format": ".2s", "type": "number", "property": "Renewable Energy Consumption (TJ)", "column": "y"}, {"format": ".2f", "type": "string", "property": "Country", "column": "color"}, {"format": ".2f", "type": "string", "property": "Country", "column": "x"}]}, "name": "tooltip"}], "marks": [{"encode": {"hover": {"opacity": {"value": 0.8}}, "update": {"height": {"band": 1, "scale": "y"}, "y": {"field": "x", "scale": "y"}, "x2": {"field": "y1", "scale": "x"}, "x": {"field": "y0", "scale": "x"}, "fill": {"field": "color", "scale": "color"}, "opacity": {"value": 1}}}, "from": {"data": "table"}, "type": "rect"}], "axes": [{"encode": {"labels": {"update": {"baseline": {"signal": "'middle'"}, "align": {"signal": "'right'"}, "text": {"signal": "truncate(datum.value, 12)"}}}}, "grid": false, "ticks": false, "scale": "y", "orient": "left"}, {"encode": {"labels": {"update": {"baseline": {"value": "middle"}, "align": {"value": "center"}}}}, "grid": true, "format": "s", "labelOverlap": "parity", "scale": "x", "orient": "bottom"}], "scales": [{"domain": {"field": "x", "data": "table"}, "padding": 0.05, "range": "height", "type": "band", "name": "y"}, {"domain": {"field": "y1", "data": "table"}, "zero": true, "nice": true, "range": "width", "type": "linear", "name": "x"}, {"domain": {"field": "color", "data": "table"}, "range": "category20", "type": "ordinal", "name": "color"}], "data": [{"format": {"property": "data", "type": "json"}, "url": "https://api.resourcewatch.org/v1/query/2c092793-aa3a-4520-959c-ad48165dcae4?sql=SELECT%20rw_country_name%20as%20x%2C%20SUM(yr_data)%20as%20y%2C%20rw_country_name%20as%20color%20FROM%20ene_021_se4all_country_indicators%20%20GROUP%20BY%20%20x%2C%20color%20ORDER%20BY%20y%20desc LIMIT 10", "transform": [{"sort": {"field": "color"}, "groupby": ["x"], "field": "y", "type": "stack"}, {"as": ["count"], "fields": ["x"], "ops": ["distinct"], "type": "joinaggregate"}], "name": "table"}], "paramsConfig": {"layer": null, "band": null, "areaIntersection": null, "filters": [], "chartType": "stacked-bar-horizontal", "aggregateFunction": "sum", "orderBy": null, "size": null, "color": {"aggregateFunction": "none", "type": "string", "name": "rw_country_name"}, "category": {"type": "string", "name": "rw_country_name"}, "value": {"type": "number", "name": "yr_data"}, "limit": 10, "visualizationType": "chart"}}, "template": false, "createdAt": "2019-08-26T07:45:43.314Z", "updatedAt": "2019-08-26T07:45:43.314Z"}}], "layer": [{"id": "2aed477d-ca74-4271-b126-2dcb5641e0bb", "type": "layer", "attributes": {"name": "2010 SE4ALL Renewable Energy Consumption (TJ, thousands)", "slug": "2010-SE4ALL-Renewable-Energy-Consumption-TJ-by-Country", "dataset": "2c092793-aa3a-4520-959c-ad48165dcae4", "description": "The Sustainable Energy for All (SE4ALL) database presents data for 54 electricity access, efficiency, and sustainability related indicators for 251 countries. This map shows renewable energy consumption in terajoules (TJ), which is equal to 10\u00b9\u00b2 joules, by country for 2010.", "application": ["rw"], "iso": [], "provider": "cartodb", "userId": "594a8b5b3b0f7f271d303321", "default": true, "protected": false, "published": true, "env": "production", "layerConfig": {"account": "wri-rw", "timelineLabel": "2010", "order": 2010, "timeline": true, "body": {"maxzoom": 18, "minzoom": 3, "layers": [{"type": "mapnik", "options": {"sql": "SELECT wri.cartodb_id, wri.the_geom_webmercator, data.rw_country_name, data.rw_country_code, data.datetime, data.yr_data FROM ene_021_se4all_country_indicators data LEFT OUTER JOIN wri_countries_a wri ON data.rw_country_code = wri.iso_a3 WHERE EXTRACT(YEAR FROM data.datetime) = 2010 and data.yr_data is not null", "cartocss": "#ene_021_se4all_country_indicators {polygon-opacity: 1; line-width: 0.5; line-opacity: 1; line-color:#FFF;} [yr_data>7500000]{polygon-fill: #006837;} [yr_data>2500000][yr_data<=7500000]{polygon-fill: #31a354;} [yr_data>750000][yr_data<=2500000]{polygon-fill: #78c679;} [yr_data>250000][yr_data<=750000]{polygon-fill: #c2e699;} [yr_data>0][yr_data<=250000]{polygon-fill: #ffffcc;}", "cartocss_version": "2.3.0"}}], "vectorLayers": [{"paint": {"line-width": 0.5, "line-opacity": 1, "line-color": "#FFF"}, "source-layer": "layer0", "type": "line", "filter": ["all"]}, {"paint": {"fill-opacity": 1}, "source-layer": "layer0", "type": "fill", "filter": ["all"]}, {"paint": {"fill-color": " #006837"}, "source-layer": "layer0", "type": "fill", "filter": ["all", [">", "yr_data", 7500000]]}, {"paint": {"fill-color": " #31a354"}, "source-layer": "layer0", "type": "fill", "filter": ["all", [">", "yr_data", 2500000], ["<=", "yr_data", 7500000]]}, {"paint": {"fill-color": " #78c679"}, "source-layer": "layer0", "type": "fill", "filter": ["all", [">", "yr_data", 750000], ["<=", "yr_data", 2500000]]}, {"paint": {"fill-color": " #c2e699"}, "source-layer": "layer0", "type": "fill", "filter": ["all", [">", "yr_data", 250000], ["<=", "yr_data", 750000]]}, {"paint": {"fill-color": " #ffffcc"}, "source-layer": "layer0", "type": "fill", "filter": ["all", [">", "yr_data", 0], ["<=", "yr_data", 250000]]}]}}, "legendConfig": {"type": "choropleth", "items": [{"name": "<250", "color": "#ffffcc", "id": 0}, {"name": "<750", "color": "#c2e699", "id": 1}, {"name": "<2,500", "color": "#78c679", "id": 2}, {"name": "<5,000", "color": "#31a354", "id": 3}, {"name": "\u22655,000", "color": "#006837", "id": 4}]}, "interactionConfig": {"output": [{"column": "rw_country_name", "format": null, "prefix": "", "property": "Country", "suffix": "", "type": "string"}, {"column": "yr_data", "format": "0,0", "prefix": "", "property": "Renewable Energy Consumption", "suffix": " TJ", "type": "number"}]}, "applicationConfig": {}, "staticImageConfig": {}, "createdAt": "2020-02-06T15:29:08.712Z", "updatedAt": "2019-07-23T14:11:36.003Z"}}, {"id": "396f910d-c0f3-4e42-a7ce-29f3bf3a7fbf", "type": "layer", "attributes": {"name": "2015 SE4ALL Renewable Energy Consumption (TJ, thousands)", "slug": "2015-SE4ALL-Renewable-Energy-Consumption-TJ-thousands", "dataset": "2c092793-aa3a-4520-959c-ad48165dcae4", "description": "The Sustainable Energy for All (SE4ALL) database presents data for 54 electricity access, efficiency, and sustainability related indicators for 251 countries. This map shows renewable energy consumption in terajoules (TJ), which is equal to 10\u00b9\u00b2 joules, by country for 2015.", "application": ["rw"], "iso": [], "provider": "cartodb", "userId": "5980838ae24e6a1dae3dd446", "default": false, "protected": false, "published": true, "env": "production", "layerConfig": {"body": {"layers": [{"options": {"cartocss_version": "2.3.0", "cartocss": "#ene_021_se4all_country_indicators {polygon-opacity: 1; line-width: 0.5; line-opacity: 1; line-color:#FFF;} [yr_data>7500000]{polygon-fill: #006837;} [yr_data>2500000][yr_data<=7500000]{polygon-fill: #31a354;} [yr_data>750000][yr_data<=2500000]{polygon-fill: #78c679;} [yr_data>250000][yr_data<=750000]{polygon-fill: #c2e699;} [yr_data>0][yr_data<=250000]{polygon-fill: #ffffcc;}", "sql": "SELECT wri.cartodb_id, wri.the_geom_webmercator, data.rw_country_name, data.rw_country_code, data.datetime, data.yr_data FROM ene_021_se4all_country_indicators data LEFT OUTER JOIN wri_countries_a wri ON data.rw_country_code = wri.iso_a3 WHERE EXTRACT(YEAR FROM data.datetime) = 2015 and data.yr_data is not null"}, "type": "mapnik"}], "minzoom": 3, "maxzoom": 18, "vectorLayers": [{"paint": {"line-width": 0.5, "line-opacity": 1, "line-color": "#FFF"}, "source-layer": "layer0", "type": "line", "filter": ["all"]}, {"paint": {"fill-opacity": 1}, "source-layer": "layer0", "type": "fill", "filter": ["all"]}, {"paint": {"fill-color": " #006837"}, "source-layer": "layer0", "type": "fill", "filter": ["all", [">", "yr_data", 7500000]]}, {"paint": {"fill-color": " #31a354"}, "source-layer": "layer0", "type": "fill", "filter": ["all", [">", "yr_data", 2500000], ["<=", "yr_data", 7500000]]}, {"paint": {"fill-color": " #78c679"}, "source-layer": "layer0", "type": "fill", "filter": ["all", [">", "yr_data", 750000], ["<=", "yr_data", 2500000]]}, {"paint": {"fill-color": " #c2e699"}, "source-layer": "layer0", "type": "fill", "filter": ["all", [">", "yr_data", 250000], ["<=", "yr_data", 750000]]}, {"paint": {"fill-color": " #ffffcc"}, "source-layer": "layer0", "type": "fill", "filter": ["all", [">", "yr_data", 0], ["<=", "yr_data", 250000]]}]}, "account": "wri-rw", "timelineLabel": "2015", "order": 2015, "timeline": true}, "legendConfig": {"items": [{"color": "#ffffcc", "name": "<250", "id": 0}, {"color": "#c2e699", "name": "<750", "id": 1}, {"color": "#78c679", "name": "<2,500", "id": 2}, {"color": "#31a354", "name": "<5,000", "id": 3}, {"color": "#006837", "name": "\u22655,000", "id": 4}], "type": "choropleth"}, "interactionConfig": {"output": [{"type": "string", "suffix": "", "property": "Country", "prefix": "", "format": null, "column": "rw_country_name"}, {"type": "number", "suffix": " TJ", "property": "Renewable Energy Consumption", "prefix": "", "format": "0,0", "column": "yr_data"}]}, "applicationConfig": {}, "staticImageConfig": {}, "createdAt": "2020-02-06T15:29:08.712Z", "updatedAt": "2019-07-23T14:03:32.905Z"}}, {"id": "3f4d5133-5212-41cd-900a-4e15cecfba6b", "type": "layer", "attributes": {"name": "2006 SE4ALL Renewable Energy Consumption (TJ, thousands)", "slug": "2010-SE4ALL-Renewable-Energy-Consumption-TJ-thousands", "dataset": "2c092793-aa3a-4520-959c-ad48165dcae4", "description": "The Sustainable Energy for All (SE4ALL) database presents data for 54 electricity access, efficiency, and sustainability related indicators for 251 countries. This map shows renewable energy consumption in terajoules (TJ), which is equal to 10\u00b9\u00b2 joules, by country for 2006.", "application": ["rw"], "iso": [], "provider": "cartodb", "userId": "5980838ae24e6a1dae3dd446", "default": false, "protected": false, "published": true, "env": "production", "layerConfig": {"body": {"layers": [{"options": {"cartocss_version": "2.3.0", "cartocss": "#ene_021_se4all_country_indicators {polygon-opacity: 1; line-width: 0.5; line-opacity: 1; line-color:#FFF;} [yr_data>7500000]{polygon-fill: #006837;} [yr_data>2500000][yr_data<=7500000]{polygon-fill: #31a354;} [yr_data>750000][yr_data<=2500000]{polygon-fill: #78c679;} [yr_data>250000][yr_data<=750000]{polygon-fill: #c2e699;} [yr_data>0][yr_data<=250000]{polygon-fill: #ffffcc;}", "sql": "SELECT wri.cartodb_id, wri.the_geom_webmercator, data.rw_country_name, data.rw_country_code, data.datetime, data.yr_data FROM ene_021_se4all_country_indicators data LEFT OUTER JOIN wri_countries_a wri ON data.rw_country_code = wri.iso_a3 WHERE EXTRACT(YEAR FROM data.datetime) = 2006 and data.yr_data is not null"}, "type": "mapnik"}], "minzoom": 3, "maxzoom": 18, "vectorLayers": [{"paint": {"line-width": 0.5, "line-opacity": 1, "line-color": "#FFF"}, "source-layer": "layer0", "type": "line", "filter": ["all"]}, {"paint": {"fill-opacity": 1}, "source-layer": "layer0", "type": "fill", "filter": ["all"]}, {"paint": {"fill-color": " #006837"}, "source-layer": "layer0", "type": "fill", "filter": ["all", [">", "yr_data", 7500000]]}, {"paint": {"fill-color": " #31a354"}, "source-layer": "layer0", "type": "fill", "filter": ["all", [">", "yr_data", 2500000], ["<=", "yr_data", 7500000]]}, {"paint": {"fill-color": " #78c679"}, "source-layer": "layer0", "type": "fill", "filter": ["all", [">", "yr_data", 750000], ["<=", "yr_data", 2500000]]}, {"paint": {"fill-color": " #c2e699"}, "source-layer": "layer0", "type": "fill", "filter": ["all", [">", "yr_data", 250000], ["<=", "yr_data", 750000]]}, {"paint": {"fill-color": " #ffffcc"}, "source-layer": "layer0", "type": "fill", "filter": ["all", [">", "yr_data", 0], ["<=", "yr_data", 250000]]}]}, "account": "wri-rw", "timelineLabel": "2006", "order": 2006, "timeline": true}, "legendConfig": {"items": [{"color": "#ffffcc", "name": "<250", "id": 0}, {"color": "#c2e699", "name": "<750", "id": 1}, {"color": "#78c679", "name": "<2,500", "id": 2}, {"color": "#31a354", "name": "<5,000", "id": 3}, {"color": "#006837", "name": "\u22655,000", "id": 4}], "type": "choropleth"}, "interactionConfig": {"output": [{"type": "string", "suffix": "", "property": "Country", "prefix": "", "format": null, "column": "rw_country_name"}, {"type": "number", "suffix": " TJ", "property": "Renewable Energy Consumption", "prefix": "", "format": "0,0", "column": "yr_data"}]}, "applicationConfig": {}, "staticImageConfig": {}, "createdAt": "2020-02-06T15:29:08.713Z", "updatedAt": "2019-07-23T14:06:01.866Z"}}], "vocabulary": [{"type": "vocabulary", "attributes": {"resource": {"id": "2c092793-aa3a-4520-959c-ad48165dcae4", "type": "dataset"}, "tags": ["annual", "geospatial", "table", "global", "energy", "sustainable_development", "historical", "renewable_energy", "SDG_7_Affordable_and_Clean_Energy", "vector"], "name": "knowledge_graph", "application": "rw"}}], "widgetRelevantProps": ["datetime", "yr_data", "rw_country_code", "rw_country_name"], "layerRelevantProps": []}}