{"id": "32324f22-e7f6-4e0d-bc38-d82c6484f1be", "type": "dataset", "server": "https://api.resourcewatch.org", "attributes": {"name": "dash_0042 Country Annual Tree Cover Loss", "slug": "For008-Country-Annual-Tree-Cover-Loss", "type": "tabular", "subtitle": "", "application": ["rw"], "dataPath": "", "attributesPath": null, "connectorType": "rest", "provider": "cartodb", "userId": "57a0aa1071e394dd32ffe137", "connectorUrl": "https://wri-01.carto.com/tables/umd_nat_staging/public", "sources": [], "tableName": "umd_nat_staging", "status": "saved", "published": false, "overwrite": false, "verified": false, "blockchain": {}, "mainDateField": null, "env": "production", "geoInfo": false, "protected": false, "legend": {"date": [], "region": [], "country": [], "nested": [], "integer": [], "short": [], "byte": [], "double": [], "float": [], "half_float": [], "scaled_float": [], "boolean": [], "binary": [], "text": [], "keyword": []}, "clonedHost": {}, "errorMessage": null, "taskId": null, "createdAt": "2020-02-06T15:27:17.658Z", "updatedAt": "2017-10-11T14:45:19.608Z", "dataLastUpdated": null, "metadata": [{"id": "59dccf37c9f39800126e32bc", "type": "metadata", "attributes": {"dataset": "32324f22-e7f6-4e0d-bc38-d82c6484f1be", "application": "rw", "resource": {"id": "32324f22-e7f6-4e0d-bc38-d82c6484f1be", "type": "dataset"}, "language": "en", "name": "", "description": "Lorem ipsum", "source": "", "info": {"name": "Country Annual Tree Cover Loss", "rwId": "for.008", "technical_title": "Country Annual Tree Cover Loss", "functions": "test", "cautions": "test", "citation": "test", "geographic_coverage": "test", "spatial_resolution": "test", "date_of_content": "test", "frequency_of_updates": "test", "license": "test", "license_link": " https://example.com", "sources": [{"source-name": "http://example.com", "id": 0, "source-description": "lorem"}, null], "learn_more_link": "http://example.com", "data_download_link": "http://example.com", "data_download_original_link": "http://example.com"}, "columns": {}, "createdAt": "2017-10-10T13:46:31.415Z", "updatedAt": "2017-10-11T13:56:46.156Z", "status": "published"}}], "widget": [{"id": "e8282e04-645b-4596-ae9b-f7b5e8c1b64a", "type": "widget", "attributes": {"name": "Global tree cover loss reached a new high in 2016", "dataset": "32324f22-e7f6-4e0d-bc38-d82c6484f1be", "slug": "Total-Tree-Cover-Loss-Between-2011-16", "userId": "59db4eace9c1380001d6e4c3", "description": "Global annual tree cover loss from 2001 to 2016. Tree cover with greater than 30%  canopy density is referred to as forest. \u201cTree cover\u201d refers to the biophysical presence of trees, which may be a part of natural forests or tree plantations. Thus, loss of tree cover may occur for many reasons, including deforestation, fire, and logging in the course of sustainable forestry operations.", "source": "", "authors": "", "application": ["rw"], "verified": false, "default": true, "protected": false, "defaultEditableWidget": false, "published": true, "freeze": false, "env": "production", "queryUrl": "", "widgetConfig": {"autosize": {"type": "pad", "resize": true, "contains": "padding"}, "data": [{"name": "table", "url": "https://wri-01.cartodb.com/api/v2/sql?q=SELECT year as x, Sum(loss) as y FROM   umd_nat_staging   WHERE  thresh = 30 GROUP  BY year ORDER  BY year", "format": {"type": "json", "property": "rows"}, "transform": [{"type": "window", "sort": {"field": "x", "order": "ascending"}, "frame": [-3, 0], "ops": ["average"], "fields": ["y"], "as": ["y0"]}, {"type": "formula", "as": "y0", "expr": "datum.x < 2003? null : datum.y0"}]}], "scales": [{"name": "x", "type": "band", "domain": {"data": "table", "field": "x"}, "range": "width", "padding": 0.05, "round": true}, {"name": "xn", "type": "point", "domain": {"data": "table", "field": "x"}, "range": "width", "padding": 0.05, "round": true}, {"type": "linear", "name": "y", "domain": {"data": "table", "field": "y"}, "nice": true, "range": "height"}, {"domain": ["3 years average"], "range": ["red"], "type": "ordinal", "name": "color"}], "axes": [{"orient": "bottom", "scale": "x", "labelOverlap": "parity", "encode": {"labels": {"update": {"angle": {"value": 90}, "align": {"value": "left"}, "baseline": {"value": "middle"}}}}}, {"orient": "left", "labelOverlap": "parity", "scale": "y", "format": "2s", "title": "Tree Cover Loss (ha)"}], "marks": [{"type": "rect", "from": {"data": "table"}, "encode": {"enter": {"x": {"scale": "x", "field": "x"}, "width": {"scale": "x", "band": 1}, "y": {"scale": "y", "field": "y"}, "y2": {"scale": "y", "value": 0}, "fill": {"value": "#DA6497"}}, "update": {"opacity": {"value": 1}}, "hover": {"opacity": {"value": 0.8}}}}], "legends": [], "interaction_config": [{"name": "tooltip", "config": {"fields": [{"column": "y", "property": "Loss (ha)", "type": "number", "format": ".2s"}, {"column": "x", "property": "Year", "type": "string"}]}}]}, "template": false, "createdAt": "2017-10-10T16:40:57.596Z", "updatedAt": "2017-10-10T16:40:57.596Z"}}, {"id": "ce44eef3-eb73-4bb3-94d7-7a5798f08e17", "type": "widget", "attributes": {"name": "Countries with greatest percent tree cover loss (2001-2015)", "dataset": "32324f22-e7f6-4e0d-bc38-d82c6484f1be", "slug": "Countries-with-greatest-percent-loss-2001-2015-relative-to-tree-cover-in-2000", "userId": "57a0aa1071e394dd32ffe137", "description": "The graph lists top 10 countries with greatest percent loss (2001-2015) relative to tree cover in 2000, where tree cover is greater than 1 million hectares (greater than 30%). \u201cTree cover\u201d refers to the biophysical presence of trees, which may be a part of natural forests or tree plantations. Thus, loss of tree cover may occur for many reasons, including deforestation, fire, and logging within the course of sustainable forestry operations", "source": "", "authors": "", "application": ["rw"], "verified": false, "default": false, "protected": false, "defaultEditableWidget": false, "published": true, "freeze": false, "env": "production", "queryUrl": "", "widgetConfig": {"autosize": {"type": "pad", "resize": true, "contains": "padding"}, "data": [{"name": "table", "url": "https://wri-01.cartodb.com/api/v2/sql?q=SELECT country as y, (Sum(loss) / max(extent_2000))*100 as x FROM   umd_nat_staging   WHERE  thresh = 30 and extent_2000>1000000 GROUP  BY country ORDER  BY 2 desc limit 10", "format": {"type": "json", "property": "rows"}}], "marks": [{"type": "rect", "from": {"data": "table"}, "encode": {"update": {"opacity": {"value": 1}, "x": {"scale": "x", "value": 0}, "x2": {"scale": "x", "field": "x"}, "y": {"scale": "y", "field": "y"}, "height": {"scale": "y", "band": 1}}, "hover": {"opacity": {"value": 0.8}}}}], "scales": [{"name": "x", "type": "linear", "domain": {"data": "table", "field": "x"}, "range": "width", "nice": true}, {"name": "y", "type": "band", "domain": {"data": "table", "field": "y"}, "range": "height", "padding": 0.05}], "axes": [{"title": "% loss", "scale": "x", "orient": "bottom", "labelOverlap": "parity", "format": ".2", "tickCount": 5}, {"scale": "y", "labelOverlap": "parity", "orient": "left"}], "interaction_config": [{"name": "tooltip", "config": {"fields": [{"column": "x", "property": "% Loss", "type": "number", "format": ".2s"}, {"column": "y", "property": "Country", "type": "string"}]}}]}, "template": false, "createdAt": "2017-10-11T09:24:58.815Z", "updatedAt": "2017-10-11T09:24:58.815Z"}}, {"id": "cd0a50e0-c58e-418b-9604-5a452d07b308", "type": "widget", "attributes": {"name": "10 countries contain approximately 70% of the world\u2019s remaining forests", "dataset": "32324f22-e7f6-4e0d-bc38-d82c6484f1be", "slug": "Countries-with-Greatest-Tree-Cover-2000", "userId": "58fa22c54eecd907310778cd", "description": "Top 10 countries with most tree cover in 2000. \u201cTree cover\u201d was defined as all vegetation taller than 5 meters in height. \u201cTree cover\u201d is the biophysical presence of trees and may take the form of natural forests or plantations existing over a range of canopy densities.", "source": "", "authors": "", "application": ["rw"], "verified": false, "default": false, "protected": false, "defaultEditableWidget": false, "published": true, "freeze": false, "env": "production", "queryUrl": "", "widgetConfig": {"interaction_config": [{"config": {"fields": [{"format": ".3s", "type": "number", "property": "Tree Cover (Ha)", "column": "x"}, {"type": "string", "property": "Country", "column": "y"}]}, "name": "tooltip"}], "axes": [{"scale": "x", "orient": "bottom", "format": "s", "tickCount": 5, "labelOverlap": "parity", "title": "Tree Cover (Ha)", "grid": "true"}, {"scale": "y", "orient": "left", "encode": {"labels": {"update": {"limit": {"value": 90}, "text": {"signal": "truncate(datum.value, 12)"}}}}}], "scales": [{"nice": true, "range": "width", "domain": {"field": "x", "data": "table"}, "type": "linear", "name": "x"}, {"padding": 0.05, "range": "height", "domain": {"field": "y", "data": "table"}, "type": "band", "name": "y"}], "marks": [{"encode": {"hover": {"opacity": {"value": 0.8}}, "update": {"height": {"band": 1, "scale": "y"}, "y": {"field": "y", "scale": "y"}, "x2": {"field": "x", "scale": "x"}, "x": {"value": 0, "scale": "x"}, "opacity": {"value": 1}}}, "from": {"data": "table"}, "type": "rect"}], "data": [{"format": {"property": "rows", "type": "json"}, "url": "https://wri-01.cartodb.com/api/v2/sql?q=SELECT DISTINCT(country) as y, extent_2000 as x FROM   umd_nat_staging   WHERE  thresh = 30 ORDER  BY extent_2000 DESC limit 10", "name": "table"}], "autosize": {"contains": "padding", "resize": true, "type": "pad"}}, "template": false, "createdAt": "2018-03-15T17:03:15.732Z", "updatedAt": "2018-03-15T17:03:15.732Z"}}, {"id": "11e8b292-4a41-4c96-a6fb-99bacf62403c", "type": "widget", "attributes": {"name": "Global tree cover loss continued at a high rate in 2017", "dataset": "32324f22-e7f6-4e0d-bc38-d82c6484f1be", "slug": "Global-tree-cover-loss-reached-a-new-high-in-2017", "userId": "58f63c81bd32c60206ed6b12", "description": "Global annual tree cover loss from 2001 to 2017. Tree cover with greater than 30%  canopy density is referred to as forest. \u201cTree cover\u201d refers to the biophysical presence of trees, which may be a part of natural forests or tree plantations. Thus, loss of tree cover may occur for many reasons, including deforestation, fire, and logging in the course of sustainable forestry operations.", "source": "", "authors": "", "application": ["rw"], "verified": false, "default": false, "protected": false, "defaultEditableWidget": false, "published": true, "freeze": false, "env": "production", "queryUrl": "", "widgetConfig": {"interaction_config": [{"config": {"fields": [{"format": ".2s", "type": "number", "property": "Loss (ha)", "column": "y"}, {"type": "string", "property": "Year", "column": "x"}]}, "name": "tooltip"}], "legends": [], "marks": [{"encode": {"hover": {"opacity": {"value": 0.8}}, "update": {"opacity": {"value": 1}}, "enter": {"fill": {"value": "#DA6497"}, "y2": {"value": 0, "scale": "y"}, "y": {"field": "y", "scale": "y"}, "width": {"band": 1, "scale": "x"}, "x": {"field": "x", "scale": "x"}}}, "from": {"data": "table"}, "type": "rect"}], "axes": [{"encode": {"labels": {"update": {"baseline": {"value": "middle"}, "align": {"value": "left"}, "angle": {"value": 90}}}}, "labelOverlap": "parity", "scale": "x", "orient": "bottom"}, {"title": "Tree Cover Loss (ha)", "format": "2s", "scale": "y", "labelOverlap": "parity", "orient": "left"}], "scales": [{"round": true, "padding": 0.05, "range": "width", "domain": {"field": "x", "data": "table"}, "type": "band", "name": "x"}, {"round": true, "padding": 0.05, "range": "width", "domain": {"field": "x", "data": "table"}, "type": "point", "name": "xn"}, {"range": "height", "nice": true, "domain": {"field": "y", "data": "table"}, "name": "y", "type": "linear"}, {"name": "color", "type": "ordinal", "range": ["red"], "domain": ["3 years average"]}], "data": [{"transform": [{"as": ["y0"], "fields": ["y"], "ops": ["average"], "frame": [-3, 0], "sort": {"order": "ascending", "field": "x"}, "type": "window"}, {"expr": "datum.x < 2003? null : datum.y0", "as": "y0", "type": "formula"}], "format": {"property": "rows", "type": "json"}, "url": "https://wri-rw.cartodb.com/api/v2/sql?q=SELECT year as x, Sum(loss) as y FROM   for_001a_tree_cover   WHERE  thresh = 30 GROUP  BY year ORDER  BY year", "name": "table"}], "autosize": {"contains": "padding", "resize": true, "type": "pad"}}, "template": false, "createdAt": "2018-08-07T13:56:26.773Z", "updatedAt": "2018-08-07T13:56:26.773Z"}}, {"id": "9ec2cf69-e63f-4f49-9a12-e74ba897e31e", "type": "widget", "attributes": {"name": "10 countries contain approximately 70% of the world\u2019s remaining forests - 1566261131863", "dataset": "32324f22-e7f6-4e0d-bc38-d82c6484f1be", "slug": "10-countries-contain-approximately-70-of-the-worlds-remaining-forests-1566261131863", "userId": "5c12c957eb3361930a97cc9d", "description": "Top 10 countries with most tree cover in 2000. \u201cTree cover\u201d was defined as all vegetation taller than 5 meters in height. \u201cTree cover\u201d is the biophysical presence of trees and may take the form of natural forests or plantations existing over a range of canopy densities.", "source": "", "authors": "", "application": ["rw"], "verified": false, "default": false, "protected": false, "defaultEditableWidget": false, "published": true, "thumbnailUrl": "http://wri-api-backups.s3.amazonaws.com/resourcewatch/prod/thumbnails/9ec2cf69-e63f-4f49-9a12-e74ba897e31e-1566261131967.png", "freeze": false, "env": "production", "queryUrl": "", "widgetConfig": {"autosize": {"type": "pad", "resize": true, "contains": "padding"}, "data": [{"name": "table", "url": "https://wri-01.cartodb.com/api/v2/sql?q=SELECT DISTINCT(country) as y, extent_2000 as x FROM   umd_nat_staging   WHERE  thresh = 30 ORDER  BY extent_2000 DESC limit 10", "format": {"type": "json", "property": "rows"}}], "marks": [{"type": "rect", "from": {"data": "table"}, "encode": {"update": {"opacity": {"value": 1}, "x": {"scale": "x", "value": 0}, "x2": {"scale": "x", "field": "x"}, "y": {"scale": "y", "field": "y"}, "height": {"scale": "y", "band": 1}}, "hover": {"opacity": {"value": 0.8}}}}], "scales": [{"name": "x", "type": "linear", "domain": {"data": "table", "field": "x"}, "range": "width", "nice": true}, {"name": "y", "type": "band", "domain": {"data": "table", "field": "y"}, "range": "height", "padding": 0.05}], "axes": [{"grid": "true", "title": "Tree Cover (Ha)", "labelOverlap": "parity", "tickCount": 5, "format": "s", "orient": "bottom", "scale": "x"}, {"encode": {"labels": {"update": {"text": {"signal": "truncate(datum.value, 12)"}, "limit": {"value": 90}}}}, "orient": "left", "scale": "y"}], "interaction_config": [{"name": "tooltip", "config": {"fields": [{"column": "x", "property": "Tree Cover (Ha)", "type": "number", "format": ".3s"}, {"column": "y", "property": "Country", "type": "string"}]}}]}, "template": false, "createdAt": "2019-08-20T00:32:11.882Z", "updatedAt": "2019-08-20T00:32:11.882Z"}}, {"id": "f5a8c1b7-dc8b-45a7-811b-32b57d06aef0", "type": "widget", "attributes": {"name": "Global tree cover loss continued at a high rate in 2017 - 1566261132611", "dataset": "32324f22-e7f6-4e0d-bc38-d82c6484f1be", "slug": "Global-tree-cover-loss-continued-at-a-high-rate-in-2017-1566261132611", "userId": "5c12c957eb3361930a97cc9d", "description": "Global annual tree cover loss from 2001 to 2017. Tree cover with greater than 30%  canopy density is referred to as forest. \u201cTree cover\u201d refers to the biophysical presence of trees, which may be a part of natural forests or tree plantations. Thus, loss of tree cover may occur for many reasons, including deforestation, fire, and logging in the course of sustainable forestry operations.", "source": "", "authors": "", "application": ["rw"], "verified": false, "default": false, "protected": false, "defaultEditableWidget": false, "published": true, "thumbnailUrl": "http://wri-api-backups.s3.amazonaws.com/resourcewatch/prod/thumbnails/f5a8c1b7-dc8b-45a7-811b-32b57d06aef0-1566261132692.png", "freeze": false, "env": "production", "queryUrl": "", "widgetConfig": {"autosize": {"type": "pad", "resize": true, "contains": "padding"}, "data": [{"name": "table", "url": "https://wri-rw.cartodb.com/api/v2/sql?q=SELECT year as x, Sum(loss) as y FROM   for_001a_tree_cover   WHERE  thresh = 30 GROUP  BY year ORDER  BY year", "format": {"type": "json", "property": "rows"}, "transform": [{"type": "window", "sort": {"field": "x", "order": "ascending"}, "frame": [-3, 0], "ops": ["average"], "fields": ["y"], "as": ["y0"]}, {"type": "formula", "as": "y0", "expr": "datum.x < 2003? null : datum.y0"}]}], "scales": [{"name": "x", "type": "band", "domain": {"data": "table", "field": "x"}, "range": "width", "padding": 0.05, "round": true}, {"name": "xn", "type": "point", "domain": {"data": "table", "field": "x"}, "range": "width", "padding": 0.05, "round": true}, {"type": "linear", "name": "y", "domain": {"data": "table", "field": "y"}, "nice": true, "range": "height"}, {"domain": ["3 years average"], "range": ["red"], "type": "ordinal", "name": "color"}], "axes": [{"orient": "bottom", "scale": "x", "labelOverlap": "parity", "encode": {"labels": {"update": {"angle": {"value": 90}, "align": {"value": "left"}, "baseline": {"value": "middle"}}}}}, {"orient": "left", "labelOverlap": "parity", "scale": "y", "format": "2s", "title": "Tree Cover Loss (ha)"}], "marks": [{"type": "rect", "from": {"data": "table"}, "encode": {"enter": {"x": {"scale": "x", "field": "x"}, "width": {"scale": "x", "band": 1}, "y": {"scale": "y", "field": "y"}, "y2": {"scale": "y", "value": 0}, "fill": {"value": "#DA6497"}}, "update": {"opacity": {"value": 1}}, "hover": {"opacity": {"value": 0.8}}}}], "legends": [], "interaction_config": [{"name": "tooltip", "config": {"fields": [{"column": "y", "property": "Loss (ha)", "type": "number", "format": ".2s"}, {"column": "x", "property": "Year", "type": "string"}]}}]}, "template": false, "createdAt": "2019-08-20T00:32:12.613Z", "updatedAt": "2019-08-20T00:32:12.613Z"}}, {"id": "36640c0a-4e82-4167-bb75-405d1de2d1b3", "type": "widget", "attributes": {"name": "10 countries contain approximately 70% of the world\u2019s remaining forests - 1568297969628", "dataset": "32324f22-e7f6-4e0d-bc38-d82c6484f1be", "slug": "10-countries-contain-approximately-70-of-the-worlds-remaining-forests-1568297969628", "userId": "5d7a2121757879001109472c", "description": "Top 10 countries with most tree cover in 2000. \u201cTree cover\u201d was defined as all vegetation taller than 5 meters in height. \u201cTree cover\u201d is the biophysical presence of trees and may take the form of natural forests or plantations existing over a range of canopy densities.", "source": "", "authors": "", "application": ["rw"], "verified": false, "default": false, "protected": false, "defaultEditableWidget": false, "published": true, "thumbnailUrl": "http://wri-api-backups.s3.amazonaws.com/resourcewatch/prod/thumbnails/36640c0a-4e82-4167-bb75-405d1de2d1b3-1568297969696.png", "freeze": false, "env": "production", "queryUrl": "", "widgetConfig": {"autosize": {"type": "pad", "resize": true, "contains": "padding"}, "data": [{"name": "table", "url": "https://wri-01.cartodb.com/api/v2/sql?q=SELECT DISTINCT(country) as y, extent_2000 as x FROM   umd_nat_staging   WHERE  thresh = 30 ORDER  BY extent_2000 DESC limit 10", "format": {"type": "json", "property": "rows"}}], "marks": [{"type": "rect", "from": {"data": "table"}, "encode": {"update": {"opacity": {"value": 1}, "x": {"scale": "x", "value": 0}, "x2": {"scale": "x", "field": "x"}, "y": {"scale": "y", "field": "y"}, "height": {"scale": "y", "band": 1}}, "hover": {"opacity": {"value": 0.8}}}}], "scales": [{"name": "x", "type": "linear", "domain": {"data": "table", "field": "x"}, "range": "width", "nice": true}, {"name": "y", "type": "band", "domain": {"data": "table", "field": "y"}, "range": "height", "padding": 0.05}], "axes": [{"grid": "true", "title": "Tree Cover (Ha)", "labelOverlap": "parity", "tickCount": 5, "format": "s", "orient": "bottom", "scale": "x"}, {"encode": {"labels": {"update": {"text": {"signal": "truncate(datum.value, 12)"}, "limit": {"value": 90}}}}, "orient": "left", "scale": "y"}], "interaction_config": [{"name": "tooltip", "config": {"fields": [{"column": "x", "property": "Tree Cover (Ha)", "type": "number", "format": ".3s"}, {"column": "y", "property": "Country", "type": "string"}]}}]}, "template": false, "createdAt": "2019-09-12T14:19:29.644Z", "updatedAt": "2019-09-12T14:19:29.644Z"}}, {"id": "19f4f20c-4c41-40a3-a137-dca8d34b9e71", "type": "widget", "attributes": {"name": "Global tree cover loss continued at a high rate in 2017 - 1568297970674", "dataset": "32324f22-e7f6-4e0d-bc38-d82c6484f1be", "slug": "Global-tree-cover-loss-continued-at-a-high-rate-in-2017-1568297970674", "userId": "5d7a2121757879001109472c", "description": "Global annual tree cover loss from 2001 to 2017. Tree cover with greater than 30%  canopy density is referred to as forest. \u201cTree cover\u201d refers to the biophysical presence of trees, which may be a part of natural forests or tree plantations. Thus, loss of tree cover may occur for many reasons, including deforestation, fire, and logging in the course of sustainable forestry operations.", "source": "", "authors": "", "application": ["rw"], "verified": false, "default": false, "protected": false, "defaultEditableWidget": false, "published": true, "thumbnailUrl": "http://wri-api-backups.s3.amazonaws.com/resourcewatch/prod/thumbnails/19f4f20c-4c41-40a3-a137-dca8d34b9e71-1568297970787.png", "freeze": false, "env": "production", "queryUrl": "", "widgetConfig": {"autosize": {"type": "pad", "resize": true, "contains": "padding"}, "data": [{"name": "table", "url": "https://wri-rw.cartodb.com/api/v2/sql?q=SELECT year as x, Sum(loss) as y FROM   for_001a_tree_cover   WHERE  thresh = 30 GROUP  BY year ORDER  BY year", "format": {"type": "json", "property": "rows"}, "transform": [{"type": "window", "sort": {"field": "x", "order": "ascending"}, "frame": [-3, 0], "ops": ["average"], "fields": ["y"], "as": ["y0"]}, {"type": "formula", "as": "y0", "expr": "datum.x < 2003? null : datum.y0"}]}], "scales": [{"name": "x", "type": "band", "domain": {"data": "table", "field": "x"}, "range": "width", "padding": 0.05, "round": true}, {"name": "xn", "type": "point", "domain": {"data": "table", "field": "x"}, "range": "width", "padding": 0.05, "round": true}, {"type": "linear", "name": "y", "domain": {"data": "table", "field": "y"}, "nice": true, "range": "height"}, {"domain": ["3 years average"], "range": ["red"], "type": "ordinal", "name": "color"}], "axes": [{"orient": "bottom", "scale": "x", "labelOverlap": "parity", "encode": {"labels": {"update": {"angle": {"value": 90}, "align": {"value": "left"}, "baseline": {"value": "middle"}}}}}, {"orient": "left", "labelOverlap": "parity", "scale": "y", "format": "2s", "title": "Tree Cover Loss (ha)"}], "marks": [{"type": "rect", "from": {"data": "table"}, "encode": {"enter": {"x": {"scale": "x", "field": "x"}, "width": {"scale": "x", "band": 1}, "y": {"scale": "y", "field": "y"}, "y2": {"scale": "y", "value": 0}, "fill": {"value": "#DA6497"}}, "update": {"opacity": {"value": 1}}, "hover": {"opacity": {"value": 0.8}}}}], "legends": [], "interaction_config": [{"name": "tooltip", "config": {"fields": [{"column": "y", "property": "Loss (ha)", "type": "number", "format": ".2s"}, {"column": "x", "property": "Year", "type": "string"}]}}]}, "template": false, "createdAt": "2019-09-12T14:19:30.692Z", "updatedAt": "2019-09-12T14:19:30.693Z"}}, {"id": "eeb56f3e-6910-4d9e-9f40-389108684643", "type": "widget", "attributes": {"name": "10 countries contain approximately 70% of the world\u2019s remaining forests - 1580387784056", "dataset": "32324f22-e7f6-4e0d-bc38-d82c6484f1be", "slug": "10-countries-contain-approximately-70-of-the-worlds-remaining-forests-1580387784056", "userId": "594a8b5b3b0f7f271d303321", "description": "Top 10 countries with most tree cover in 2000. \u201cTree cover\u201d was defined as all vegetation taller than 5 meters in height. \u201cTree cover\u201d is the biophysical presence of trees and may take the form of natural forests or plantations existing over a range of canopy densities.", "source": "", "authors": "", "application": ["rw"], "verified": false, "default": false, "protected": false, "defaultEditableWidget": false, "published": true, "thumbnailUrl": "", "freeze": false, "env": "production", "queryUrl": "", "widgetConfig": {"interaction_config": [{"config": {"fields": [{"format": ".3s", "type": "number", "property": "Tree Cover (Ha)", "column": "x"}, {"type": "string", "property": "Country", "column": "y"}]}, "name": "tooltip"}], "axes": [{"scale": "x", "orient": "bottom", "format": "s", "tickCount": 5, "labelOverlap": "parity", "title": "Tree Cover (Ha)", "grid": "true"}, {"scale": "y", "orient": "left", "encode": {"labels": {"update": {"limit": {"value": 90}, "text": {"signal": "truncate(datum.value, 12)"}}}}}], "scales": [{"nice": true, "range": "width", "domain": {"field": "x", "data": "table"}, "type": "linear", "name": "x"}, {"padding": 0.05, "range": "height", "domain": {"field": "y", "data": "table"}, "type": "band", "name": "y"}], "marks": [{"encode": {"hover": {"opacity": {"value": 0.8}}, "update": {"height": {"band": 1, "scale": "y"}, "y": {"field": "y", "scale": "y"}, "x2": {"field": "x", "scale": "x"}, "x": {"value": 0, "scale": "x"}, "opacity": {"value": 1}}}, "from": {"data": "table"}, "type": "rect"}], "data": [{"format": {"property": "rows", "type": "json"}, "url": "https://wri-01.cartodb.com/api/v2/sql?q=SELECT DISTINCT(country) as y, extent_2000 as x FROM   umd_nat_staging   WHERE  thresh = 30 ORDER  BY extent_2000 DESC limit 10", "name": "table"}], "autosize": {"contains": "padding", "resize": true, "type": "pad"}}, "template": false, "createdAt": "2020-01-30T12:36:24.059Z", "updatedAt": "2020-01-30T12:36:24.059Z"}}, {"id": "156588c3-07f5-4dce-9150-727d4aa11001", "type": "widget", "attributes": {"name": "Global tree cover loss continued at a high rate in 2017 - 1580387784488", "dataset": "32324f22-e7f6-4e0d-bc38-d82c6484f1be", "slug": "Global-tree-cover-loss-continued-at-a-high-rate-in-2017-1580387784488", "userId": "594a8b5b3b0f7f271d303321", "description": "Global annual tree cover loss from 2001 to 2017. Tree cover with greater than 30%  canopy density is referred to as forest. \u201cTree cover\u201d refers to the biophysical presence of trees, which may be a part of natural forests or tree plantations. Thus, loss of tree cover may occur for many reasons, including deforestation, fire, and logging in the course of sustainable forestry operations.", "source": "", "authors": "", "application": ["rw"], "verified": false, "default": false, "protected": false, "defaultEditableWidget": false, "published": true, "thumbnailUrl": "", "freeze": false, "env": "production", "queryUrl": "", "widgetConfig": {"interaction_config": [{"config": {"fields": [{"format": ".2s", "type": "number", "property": "Loss (ha)", "column": "y"}, {"type": "string", "property": "Year", "column": "x"}]}, "name": "tooltip"}], "legends": [], "marks": [{"encode": {"hover": {"opacity": {"value": 0.8}}, "update": {"opacity": {"value": 1}}, "enter": {"fill": {"value": "#DA6497"}, "y2": {"value": 0, "scale": "y"}, "y": {"field": "y", "scale": "y"}, "width": {"band": 1, "scale": "x"}, "x": {"field": "x", "scale": "x"}}}, "from": {"data": "table"}, "type": "rect"}], "axes": [{"encode": {"labels": {"update": {"baseline": {"value": "middle"}, "align": {"value": "left"}, "angle": {"value": 90}}}}, "labelOverlap": "parity", "scale": "x", "orient": "bottom"}, {"title": "Tree Cover Loss (ha)", "format": "2s", "scale": "y", "labelOverlap": "parity", "orient": "left"}], "scales": [{"round": true, "padding": 0.05, "range": "width", "domain": {"field": "x", "data": "table"}, "type": "band", "name": "x"}, {"round": true, "padding": 0.05, "range": "width", "domain": {"field": "x", "data": "table"}, "type": "point", "name": "xn"}, {"range": "height", "nice": true, "domain": {"field": "y", "data": "table"}, "name": "y", "type": "linear"}, {"name": "color", "type": "ordinal", "range": ["red"], "domain": ["3 years average"]}], "data": [{"transform": [{"as": ["y0"], "fields": ["y"], "ops": ["average"], "frame": [-3, 0], "sort": {"order": "ascending", "field": "x"}, "type": "window"}, {"expr": "datum.x < 2003? null : datum.y0", "as": "y0", "type": "formula"}], "format": {"property": "rows", "type": "json"}, "url": "https://wri-rw.cartodb.com/api/v2/sql?q=SELECT year as x, Sum(loss) as y FROM   for_001a_tree_cover   WHERE  thresh = 30 GROUP  BY year ORDER  BY year", "name": "table"}], "autosize": {"contains": "padding", "resize": true, "type": "pad"}}, "template": false, "createdAt": "2020-01-30T12:36:24.491Z", "updatedAt": "2020-01-30T12:36:24.491Z"}}], "layer": [], "vocabulary": [{"type": "vocabulary", "attributes": {"resource": {"id": "32324f22-e7f6-4e0d-bc38-d82c6484f1be", "type": "dataset"}, "tags": ["annual", "country", "forest_cover"], "name": "knowledge_graph", "application": "rw"}}], "widgetRelevantProps": [], "layerRelevantProps": []}}