{"id": "366cbbf1-2721-4767-b58f-884e074cb7fd", "type": "dataset", "server": "https://api.resourcewatch.org", "attributes": {"name": "dis.016 Active Fault Lines", "slug": "Active-Fault-Lines", "type": "tabular", "subtitle": "GEM Global Active Faults", "application": ["rw"], "dataPath": "", "attributesPath": null, "connectorType": "rest", "provider": "cartodb", "userId": "58fde4354eecd9073107af0f", "connectorUrl": "https://wri-rw.carto.com/tables/gem_active_faults_harmonized/public", "sources": [], "tableName": "gem_active_faults_harmonized", "status": "saved", "published": true, "overwrite": false, "verified": false, "blockchain": {}, "subscribable": {}, "mainDateField": "", "env": "production", "applicationConfig": {"rw": {"layerOrder": ["47a1b1d7-e5ad-4b79-9f52-bc9435c6ca06"]}}, "geoInfo": false, "protected": false, "legend": {"date": [], "region": [], "country": [], "nested": [], "integer": [], "short": [], "byte": [], "double": [], "float": [], "half_float": [], "scaled_float": [], "boolean": [], "binary": [], "text": [], "keyword": []}, "clonedHost": {}, "errorMessage": "", "taskId": null, "createdAt": "2019-07-16T13:14:56.980Z", "updatedAt": "2019-11-11T21:21:17.046Z", "dataLastUpdated": null, "metadata": [{"id": "5d30a47682e9bb001514a9e0", "type": "metadata", "attributes": {"dataset": "366cbbf1-2721-4767-b58f-884e074cb7fd", "application": "rw", "resource": {"id": "366cbbf1-2721-4767-b58f-884e074cb7fd", "type": "dataset"}, "language": "en", "name": "Active Fault Lines", "description": "### Overview  \n  \nThis dataset showcases active fault traces of seismogenic concern, or areas that are capable of producing earthquakes, as of 2018. The dataset includes fault lines and a small number of relevant attributes, such as fault geometry, kinematics, and slip rates, that are useful for seismic hazard modeling and other tectonic applications.  \n  \n### Methodology  \n  \nThe Global Earthquake Model (GEM) Foundation synthesizes data from a set of regional and global fault datasets. Most of the datasets are collected from external sources and built into a compilation with a Python script. One can contribute to the addition and modification of the public and open GEM Global Active Faults Database through its [GitHub] (https://github.com/GEMScienceTools/gem-global-active-faults/blob/master/contributing.md). For the full documentation, please click on the \u201cLearn more\u201d button.  \n  \n### Data shown on Resource Watch Map  \n  \n[**2018 Active Fault Lines**](https://resourcewatch.org/data/explore?zoom=3&lat=0&lng=0&basemap=dark&labels=light&layers=%255B%257B%2522dataset%2522%253A%2522366cbbf1-2721-4767-b58f-884e074cb7fd%2522%252C%2522opacity%2522%253A1%252C%2522layer%2522%253A%252247a1b1d7-e5ad-4b79-9f52-bc9435c6ca06%2522%257D%255D&page=1&sort=relevance&sortDirection=-1&search=fault): *Global active fault lines as of 2018*  \n  \n### Disclaimer  \n  \nExcerpts from this description page were taken from the source metadata. Resource Watch shows only a subset of the dataset. For access to the full dataset and additional information, click on the \u201cLearn more\u201d button", "source": "GEM", "info": {"rwId": "dis.016", "data_type": "Vector", "name": "Active Fault Lines", "sources": [{"source-name": "Global Earthquake Model (GEM) Hazard Team ", "id": 0, "source-description": ""}], "technical_title": "Global Earthquake Model Global Active Fault", "functions": "Global active fault lines in 2018 \r", "cautions": "The dataset currently covers most of the deforming continental regions on Earth with the exceptions of the Malay Archipelago, Madagascar, Canada, and a few other regions. These are to be added progressively.", "citation": "Styron, Richard. 2018. \u201cGemsciencetools/gem-global-active-faults: V. 0.9.\u201d Zenodo, August 27. doi:10.5281/zenodo.1404388. Accessed through Resource Watch, (date). [www.resourcewatch.org](www.resourcewatch.org).", "license": "Creative Commons Attribution 4.0 International\r", "license_link": "https://creativecommons.org/licenses/by/4.0/", "geographic_coverage": "Global", "spatial_resolution": null, "date_of_content": "2018", "frequency_of_updates": "Irregular", "learn_more_link": "https://github.com/GEMScienceTools/gem-global-active-faults", "data_download_link": "http://wri-public-data.s3.amazonaws.com/resourcewatch/dis_016_active_fault_lines.zip", "data_download_original_link": "https://zenodo.org/record/1404388#.XS9sBOhKjIU"}, "columns": {"fz_name": {"alias": "Fault Line Name "}, "slip_type": {"alias": "Slip Type "}}, "createdAt": "2019-07-18T16:55:18.831Z", "updatedAt": "2019-12-16T15:58:00.817Z", "status": "published"}}], "widget": [{"id": "18a03391-8e9c-4ab6-8f0c-087a86fb7a7d", "type": "widget", "attributes": {"name": "new", "dataset": "366cbbf1-2721-4767-b58f-884e074cb7fd", "slug": "new", "userId": "5be3027c571862e8910f1888", "description": "", "source": "", "authors": "", "application": ["rw"], "verified": false, "default": true, "protected": false, "defaultEditableWidget": false, "published": false, "thumbnailUrl": "http://wri-api-backups.s3.amazonaws.com/resourcewatch/prod/thumbnails/18a03391-8e9c-4ab6-8f0c-087a86fb7a7d-1557734235219.png", "freeze": false, "env": "production", "queryUrl": "", "widgetConfig": {"config": {"line": {"fillOpacity": 0, "stroke": "#3BB2D0", "interpolate": "linear"}, "rect": {"fill": "#3BB2D0"}, "symbol": {"stroke": "#fff", "fill": "#3BB2D0"}, "mark": {"fill": "#3BB2D0"}, "axisY": {"gridOpacity": 0.5, "gridColor": "#A9ABAD", "ticks": false, "grid": true, "tickOpacity": 0.5, "labelBaseline": "bottom", "labelAlign": "left", "domain": false}, "axisX": {"labelBaseline": "top", "labelAlign": "center", "domainColor": "#A9ABAD", "domainWidth": 1.2, "bandPosition": 0.5}, "axis": {"tickExtra": false, "tickOpacity": 0.5, "tickColor": "#A9ABAD", "tickSize": 8, "ticks": true, "labelPadding": 10, "labelColor": "#717171", "labelFont": "Lato", "labelFontSize": 13}, "range": {"ramp": {"scheme": "purples"}, "ordinal": {"scheme": "greens"}, "category20": ["#3BB2D0", "#2C75B0", "#FAB72E", "#EF4848", "#65B60D", "#C32D7B", "#F577B9", "#5FD2B8", "#F1800F", "#9F1C00", "#A5E9E3", "#B9D765", "#393F44", "#CACCD0", "#717171"], "dotSize": [20, 250]}}, "paramsConfig": {"layer": "47a1b1d7-e5ad-4b79-9f52-bc9435c6ca06", "band": null, "areaIntersection": null, "filters": [{"notNull": false, "value": null, "operation": "contains", "type": "string", "name": "catalog_id"}], "chartType": "stacked-bar", "aggregateFunction": null, "orderBy": null, "size": null, "color": null, "category": {"type": "string", "name": "accuracy"}, "value": {"type": "string", "name": "average_dip"}, "limit": 50, "visualizationType": "map"}, "basemapLayers": {"boundaries": false, "labels": null, "basemap": "dark"}, "bbox": [-3.5156250000000004, -49.49667452747044, 3.5156250000000004, 49.49667452747045], "lng": 0, "lat": 0, "zoom": 3, "layer_id": "47a1b1d7-e5ad-4b79-9f52-bc9435c6ca06", "type": "map"}, "template": false, "createdAt": "2019-05-13T07:57:15.167Z", "updatedAt": "2019-05-13T07:57:15.167Z"}}, {"id": "c6ebfcf4-cfda-4484-8cca-7c281d82d532", "type": "widget", "attributes": {"name": "12Vizz232211", "dataset": "366cbbf1-2721-4767-b58f-884e074cb7fd", "slug": "2Vizz", "userId": "5be3027c571862e8910f1888", "description": "", "source": "", "authors": "", "application": ["rw"], "verified": false, "default": true, "protected": false, "defaultEditableWidget": false, "published": false, "thumbnailUrl": "http://wri-api-backups.s3.amazonaws.com/resourcewatch/prod/thumbnails/c6ebfcf4-cfda-4484-8cca-7c281d82d532-1557758343425.png", "freeze": false, "env": "production", "queryUrl": "", "widgetConfig": {"config": {"line": {"fillOpacity": 0, "stroke": "#3BB2D0", "interpolate": "linear"}, "rect": {"fill": "#3BB2D0"}, "symbol": {"stroke": "#fff", "fill": "#3BB2D0"}, "mark": {"fill": "#3BB2D0"}, "axisY": {"gridOpacity": 0.5, "gridColor": "#A9ABAD", "ticks": false, "grid": true, "tickOpacity": 0.5, "labelBaseline": "bottom", "labelAlign": "left", "domain": false}, "axisX": {"labelBaseline": "top", "labelAlign": "center", "domainColor": "#A9ABAD", "domainWidth": 1.2, "bandPosition": 0.5}, "axis": {"tickExtra": false, "tickOpacity": 0.5, "tickColor": "#A9ABAD", "tickSize": 8, "ticks": true, "labelPadding": 10, "labelColor": "#717171", "labelFont": "Lato", "labelFontSize": 13}, "range": {"ramp": {"scheme": "purples"}, "ordinal": {"scheme": "greens"}, "category20": ["#3BB2D0", "#2C75B0", "#FAB72E", "#EF4848", "#65B60D", "#C32D7B", "#F577B9", "#5FD2B8", "#F1800F", "#9F1C00", "#A5E9E3", "#B9D765", "#393F44", "#CACCD0", "#717171"], "dotSize": [20, 250]}}, "interaction_config": [{"config": {"fields": [{"format": ".2s", "type": "number", "property": "Wkt_geometry", "column": "y"}, {"format": ".2f", "type": "string", "property": "Wkt_geometry", "column": "x"}]}, "name": "tooltip"}], "marks": [{"encode": {"hover": {"opacity": {"value": 0.8}}, "update": {"y2": {"value": 0, "scale": "y"}, "y": {"field": "y", "scale": "y"}, "width": {"band": 1, "scale": "x"}, "x": {"field": "id", "scale": "x"}, "opacity": {"value": 1}}}, "from": {"data": "table"}, "type": "rect"}], "axes": [{"encode": {"labels": {"update": {"angle": {"signal": "width < 300 || data('table')[0].count > 10 ? -90 : 0"}, "baseline": {"signal": "width < 300 || data('table')[0].count > 10 ? 'middle' : 'top'"}, "align": {"signal": "width < 300 || data('table')[0].count > 10 ? 'right' : 'center'"}, "text": {"signal": "width < 300 || data('table')[0].count > 10 ? truncate(data('table')[datum.value - 1].x, 12) : data('table')[datum.value - 1].x"}}}}, "ticks": false, "labelOverlap": "parity", "scale": "x", "orient": "bottom"}, {"encode": {"labels": {"update": {"baseline": {"value": "bottom"}, "align": {"value": "right"}}}}, "format": "s", "labelOverlap": "parity", "scale": "y", "orient": "left"}], "scales": [{"domain": {"field": "id", "data": "table"}, "padding": 0.05, "range": "width", "type": "band", "name": "x"}, {"domain": {"field": "y", "data": "table"}, "zero": true, "nice": true, "range": "height", "type": "linear", "name": "y"}], "data": [{"format": {"property": "data", "type": "json"}, "url": "https://api.resourcewatch.org/v1/query/366cbbf1-2721-4767-b58f-884e074cb7fd?sql=SELECT%20wkt_geometry%20as%20x%2C%20wkt_geometry%20as%20y%20FROM%20gem_active_faults_harmonized%20%20%20ORDER%20BY%20wkt_geometry%20desc LIMIT 50", "transform": [{"as": "id", "type": "identifier"}, {"as": ["count"], "type": "joinaggregate"}], "name": "table"}], "paramsConfig": {"layer": null, "band": null, "areaIntersection": null, "filters": [], "chartType": "bar", "aggregateFunction": null, "orderBy": null, "size": null, "color": null, "category": {"type": "string", "name": "wkt_geometry"}, "value": {"type": "string", "name": "wkt_geometry"}, "limit": 50, "visualizationType": "chart"}}, "template": false, "createdAt": "2019-05-13T09:08:57.045Z", "updatedAt": "2019-05-13T14:39:03.387Z"}}, {"id": "4f75f9ba-7efa-44cf-bf5f-9d82634a60cd", "type": "widget", "attributes": {"name": "Active Fault Lines by Kinematics", "dataset": "366cbbf1-2721-4767-b58f-884e074cb7fd", "slug": "Test_11", "userId": "5d0901197aabc0001072e40c", "description": "Global active fault lines  in 2018", "source": "", "authors": "", "application": ["rw"], "verified": false, "default": false, "protected": false, "defaultEditableWidget": true, "published": true, "thumbnailUrl": "http://wri-api-backups.s3.amazonaws.com/resourcewatch/prod/thumbnails/4f75f9ba-7efa-44cf-bf5f-9d82634a60cd-1563475336255.png", "freeze": false, "env": "production", "queryUrl": "", "widgetConfig": {"type": "map", "layer_id": "47a1b1d7-e5ad-4b79-9f52-bc9435c6ca06", "zoom": 2, "lat": -13.543946581642604, "lng": 43.35938930511475, "basemapLayers": {"basemap": "dark", "labels": null, "boundaries": false}, "paramsConfig": {"visualizationType": "map", "limit": 50, "value": null, "category": {"type": "string", "name": "fz_name", "alias": "Fault Line Name "}, "color": null, "size": null, "orderBy": null, "aggregateFunction": null, "chartType": "bar", "filters": [], "areaIntersection": null, "band": null, "layer": "47a1b1d7-e5ad-4b79-9f52-bc9435c6ca06"}, "config": {"line": {"fillOpacity": 0, "stroke": "#3BB2D0", "interpolate": "linear"}, "rect": {"fill": "#3BB2D0"}, "symbol": {"stroke": "#fff", "fill": "#3BB2D0"}, "mark": {"fill": "#3BB2D0"}, "axisY": {"gridOpacity": 0.5, "gridColor": "#A9ABAD", "ticks": false, "grid": true, "tickOpacity": 0.5, "labelBaseline": "bottom", "labelAlign": "left", "domain": false}, "axisX": {"labelBaseline": "top", "labelAlign": "center", "domainColor": "#A9ABAD", "domainWidth": 1.2, "bandPosition": 0.5}, "axis": {"tickExtra": false, "tickOpacity": 0.5, "tickColor": "#A9ABAD", "tickSize": 8, "ticks": true, "labelPadding": 10, "labelColor": "#717171", "labelFont": "Lato", "labelFontSize": 13}, "range": {"ramp": {"scheme": "purples"}, "ordinal": {"scheme": "greens"}, "category20": ["#3BB2D0", "#2C75B0", "#FAB72E", "#EF4848", "#65B60D", "#C32D7B", "#F577B9", "#5FD2B8", "#F1800F", "#9F1C00", "#A5E9E3", "#B9D765", "#393F44", "#CACCD0", "#717171"], "dotSize": [20, 250]}}}, "template": false, "createdAt": "2019-07-18T16:52:22.831Z", "updatedAt": "2019-07-18T18:42:16.193Z"}}], "layer": [{"id": "47a1b1d7-e5ad-4b79-9f52-bc9435c6ca06", "type": "layer", "attributes": {"name": "Active Fault Lines", "slug": "Fault-Lines", "dataset": "366cbbf1-2721-4767-b58f-884e074cb7fd", "description": "Global active fault lines in 2018", "application": ["rw"], "iso": [], "provider": "cartodb", "userId": "58fde4354eecd9073107af0f", "default": true, "protected": false, "published": true, "env": "production", "layerConfig": {"body": {"layers": [{"options": {"cartocss_version": "2.3.0", "cartocss": "#dis_016_active_fault_lines {line-color: #3076ae; line-width: 1.5; line-opacity: 1;line-comp-op: screen;}", "sql": "SELECT * FROM dis_016_active_fault_lines"}, "type": "mapnik"}], "minzoom": 3, "maxzoom": 18}, "account": "wri-rw"}, "legendConfig": {"items": [{"color": "#3076ae", "name": "Active fault lines", "id": 0}], "type": "basic"}, "interactionConfig": {"output": [{"column": "fz_name", "format": null, "prefix": "", "property": "Name", "suffix": "", "type": "string"}, {"column": "slip_type", "format": null, "prefix": "", "property": "Slip Type ", "suffix": "", "type": "string"}]}, "applicationConfig": {}, "staticImageConfig": {}, "createdAt": "2019-11-11T20:53:14.909Z", "updatedAt": "2020-01-03T20:56:34.370Z"}}], "vocabulary": [{"type": "vocabulary", "attributes": {"resource": {"id": "366cbbf1-2721-4767-b58f-884e074cb7fd", "type": "dataset"}, "tags": ["global", "geospatial", "natural_disaster", "disasters", "earthquake", "SDG_12_Responsible_Consumption_and_Production", "SDG_9_Industry_Innovation_and_Infrastructure", "SDG_11_Sustainable_Cities_and_Communities", "SDG_13_Climate_Action", "SDG_17_Partnership_for_Goals", "SDG_target_9.1", "historical", "vector"], "name": "knowledge_graph", "application": "rw"}}], "widgetRelevantProps": ["fz_name", "slip_type"], "layerRelevantProps": []}}