{"id": "402533eb-d02b-425f-8926-3df88cac0128", "type": "dataset", "server": "https://api.resourcewatch.org", "attributes": {"name": "for.025 Cumulative Tree Cover Gain", "slug": "UMD-CumulativeTreeCoverGain-5m-v2", "type": "raster", "subtitle": "UMD", "application": ["rw"], "dataPath": null, "attributesPath": null, "connectorType": "rest", "provider": "gee", "userId": "5aafe4653fceab92e0793157", "connectorUrl": null, "sources": [], "tableName": "projects/wri-datalab/umd/CumulativeTreeCoverGain-5m", "status": "saved", "published": true, "overwrite": false, "verified": false, "blockchain": {}, "subscribable": {}, "mainDateField": null, "env": "production", "geoInfo": true, "protected": false, "legend": {"date": [], "region": [], "country": [], "nested": [], "integer": [], "short": [], "byte": [], "double": [], "float": [], "half_float": [], "scaled_float": [], "boolean": [], "binary": [], "text": [], "keyword": []}, "clonedHost": {}, "errorMessage": "", "taskId": null, "createdAt": "2020-02-06T15:28:02.012Z", "updatedAt": "2018-04-09T23:17:37.578Z", "dataLastUpdated": null, "metadata": [{"id": "5acc2dac21d2fa00108bb163", "type": "metadata", "attributes": {"dataset": "402533eb-d02b-425f-8926-3df88cac0128", "application": "rw", "resource": {"id": "402533eb-d02b-425f-8926-3df88cac0128", "type": "dataset"}, "language": "en", "name": "Cumulative Tree Cover Height Gain", "description": "This data set shows tree cover regrowth for South America for the period 1987-2016. Tree cover height is estimated annually using Landsat satellite imagery calibrated with LIDAR data. Pixels are marked as having regrowth when they pass above 5 meters for three consecutive years. The data for 2015-2016 is considered preliminary, as there have only been two or one, respectively, height observations - data for these years will be updated in future years and may change. This is a provisional version of the data: the full version will be released in the coming months and expanded to other parts of the tropics.", "source": "UMD", "info": {"rwId": "for.025", "data_type": "Raster", "name": "Cumulative Tree Cover Height Gain", "sources": [{"source-name": "University of Maryland", "id": 0, "source-description": ""}], "technical_title": "Cumulative Tree Cover Gain (provisional)", "functions": "Shows growth of woody vegetation to over 5 meters in height", "cautions": "This is a provisional version of this data set, which will be updated in the coming months. The data is not available for download at this time.", "citation": "University of Maryland, 2018. \"Prototype cumulative tree cover gain\". Accessed through Resource Watch, (date). [www.resourcewatch.org](www.resourcewatch.org).", "license": "Restrictions apply", "license_link": null, "geographic_coverage": "South America", "spatial_resolution": "30 m", "date_of_content": "1987-2014, 2015-2016", "frequency_of_updates": "Annual", "learn_more_link": null, "data_download_link": null, "data_download_original_link": null}, "createdAt": "2018-04-10T03:21:16.830Z", "updatedAt": "2020-02-04T19:46:31.841Z", "status": "published"}}], "widget": [{"id": "ee8e86ec-4e62-42fd-9868-0acd7da70bd9", "type": "widget", "attributes": {"name": "2010-16 Cumulative Tree Cover Gain", "dataset": "402533eb-d02b-425f-8926-3df88cac0128", "slug": "2010-16-Cumulative-Tree-Cover-Gain", "userId": "58f66f96733af88e4f563967", "description": "", "source": "", "authors": "", "application": ["rw"], "verified": false, "default": true, "protected": false, "defaultEditableWidget": true, "published": true, "freeze": false, "env": "production", "queryUrl": "", "widgetConfig": {"paramsConfig": {"layer": "72ada762-a523-48a6-9d34-77cec14e0f6c", "band": null, "areaIntersection": null, "filters": [], "chartType": null, "aggregateFunction": null, "orderBy": null, "size": null, "color": null, "category": null, "value": null, "limit": 50, "caption": null, "visualizationType": "map"}, "bbox": [-100.19531250000001, -60.930432202923335, -22.5, 23.885837699862005], "lng": -61.34765625000001, "lat": -25.48295117535532, "zoom": 3, "layer_id": "72ada762-a523-48a6-9d34-77cec14e0f6c", "type": "map"}, "template": false, "createdAt": "2018-04-09T23:31:58.606Z", "updatedAt": "2018-04-09T23:31:58.606Z"}}], "layer": [{"id": "9a563bc1-bddc-475f-9c0e-c000e6b1c106", "type": "layer", "attributes": {"name": "1988-2000 Cumulative Tree Cover Gain (Intensity)", "slug": "UMD-CumulativeTreeCoverGain-5m-v2-1988-2000-Intensity", "dataset": "402533eb-d02b-425f-8926-3df88cac0128", "description": "Areas of gross tree cover gain between 1988 and 2000, where pixels marked as gain have surpassed 5 meters in height during the time period.", "application": ["rw"], "iso": [], "provider": "gee", "userId": "5aafe4653fceab92e0793157", "default": false, "protected": false, "published": true, "env": "production", "layerConfig": {"filterDates": ["1988-01-01", "2000-01-01"], "position": "last", "provider": "gee", "isImageCollection": true, "assetId": "projects/wri-datalab/umd/CumulativeTreeCoverGain-5m", "body": {"styleType": "sld", "sldValue": "<RasterSymbolizer><ColorMap extended=\"false\" type=\"ramp\"><ColorMapEntry color=\"#000000\" label=\"None\" opacity=\"0\" quantity=\"14\" /><ColorMapEntry color=\"#e5f5f9\" label=\"Low\" quantity=\"15\" /><ColorMapEntry color=\"#99d8c9\" label=\"Medium\" quantity=\"50\" /><ColorMapEntry color=\"#2ca25f\" label=\"High\" quantity=\"75\" /></ColorMap></RasterSymbolizer>"}}, "legendConfig": {"type": "choropleth", "items": [{"name": "Low", "color": "#e5f5f9"}, {"name": "Medium", "color": "#99d8c9"}, {"name": "High", "color": "#2ca25f"}]}, "interactionConfig": {"output": []}, "applicationConfig": {}, "staticImageConfig": {}, "createdAt": "2020-02-06T15:28:02.063Z", "updatedAt": "2018-04-10T02:31:15.715Z"}}, {"id": "c259130f-ab55-4e6d-bb3f-19d234ce65ac", "type": "layer", "attributes": {"name": "2000-2010 Cumulative Tree Cover Gain (Intensity)", "slug": "UMD-CumulativeTreeCoverGain-5m-v2-2000-2010-Intensity", "dataset": "402533eb-d02b-425f-8926-3df88cac0128", "description": "Areas of gross tree cover gain between 2000 and 2010, where pixels marked as gain have surpassed 5 meters in height during the time period.", "application": ["rw"], "iso": [], "provider": "gee", "userId": "5aafe4653fceab92e0793157", "default": false, "protected": false, "published": true, "env": "production", "layerConfig": {"filterDates": ["2000-01-01", "2010-01-01"], "position": "last", "provider": "gee", "isImageCollection": true, "assetId": "projects/wri-datalab/umd/CumulativeTreeCoverGain-5m", "body": {"styleType": "sld", "sldValue": "<RasterSymbolizer><ColorMap extended=\"false\" type=\"ramp\"><ColorMapEntry color=\"#000000\" label=\"None\" opacity=\"0\" quantity=\"14\" /><ColorMapEntry color=\"#e5f5f9\" label=\"Low\" quantity=\"15\" /><ColorMapEntry color=\"#99d8c9\" label=\"Medium\" quantity=\"50\" /><ColorMapEntry color=\"#2ca25f\" label=\"High\" quantity=\"75\" /></ColorMap></RasterSymbolizer>"}}, "legendConfig": {"type": "choropleth", "items": [{"name": "Low", "color": "#e5f5f9"}, {"name": "Medium", "color": "#99d8c9"}, {"name": "High", "color": "#2ca25f"}]}, "interactionConfig": {"output": []}, "applicationConfig": {}, "staticImageConfig": {}, "createdAt": "2020-02-06T15:28:02.063Z", "updatedAt": "2018-04-10T02:30:15.149Z"}}, {"id": "72ada762-a523-48a6-9d34-77cec14e0f6c", "type": "layer", "attributes": {"name": "2010-2016 Cumulative Tree Cover Gain (Intensity)", "slug": "UMD-CumulativeTreeCoverGain-5m-v2-2010-2016-Intensity", "dataset": "402533eb-d02b-425f-8926-3df88cac0128", "description": "Areas of gross tree cover gain between 2010 and 2016, where pixels marked as gain have surpassed 5 meters in height during the time period.\n\nNOTE: This data includes provisional year(s) where we do not yet have enough data to fulfill the requirment that the tree cover height remains above 5m for at least 3 years.", "application": ["rw"], "iso": [], "provider": "gee", "userId": "5aafe4653fceab92e0793157", "default": true, "protected": false, "published": true, "env": "production", "layerConfig": {"filterDates": ["2010-01-01", "2016-01-01"], "position": "last", "provider": "gee", "isImageCollection": true, "assetId": "projects/wri-datalab/umd/CumulativeTreeCoverGain-5m", "body": {"styleType": "sld", "sldValue": "<RasterSymbolizer><ColorMap extended=\"false\" type=\"ramp\"><ColorMapEntry color=\"#000000\" label=\"None\" opacity=\"0\" quantity=\"14\" /><ColorMapEntry color=\"#e5f5f9\" label=\"Low\" quantity=\"15\" /><ColorMapEntry color=\"#99d8c9\" label=\"Medium\" quantity=\"50\" /><ColorMapEntry color=\"#2ca25f\" label=\"High\" quantity=\"75\" /></ColorMap></RasterSymbolizer>"}}, "legendConfig": {"type": "choropleth", "items": [{"name": "Low", "color": "#e5f5f9"}, {"name": "Medium", "color": "#99d8c9"}, {"name": "High", "color": "#2ca25f"}]}, "interactionConfig": {"output": []}, "applicationConfig": {}, "staticImageConfig": {}, "createdAt": "2020-02-06T15:28:02.064Z", "updatedAt": "2018-04-10T02:29:50.744Z"}}], "vocabulary": [{"type": "vocabulary", "attributes": {"resource": {"id": "402533eb-d02b-425f-8926-3df88cac0128", "type": "dataset"}, "tags": ["trees", "geospatial", "raster", "forest", "forest_cover", "south_america", "time_period", "historical"], "name": "knowledge_graph", "application": "rw"}}], "widgetRelevantProps": [], "layerRelevantProps": []}}