{"id": "4d7ce999-1e37-418f-b8a6-1816b29e901a", "type": "dataset", "server": "https://api.resourcewatch.org", "attributes": {"name": "soc.066 Population Below Poverty Line", "slug": "soc066-Population-Below-Poverty-Line", "type": "tabular", "subtitle": "", "application": ["rw"], "dataPath": "", "attributesPath": null, "connectorType": "rest", "provider": "cartodb", "userId": "5981e73b0c069f3c93dc5e2a", "connectorUrl": "https://wri-rw.carto.com/tables/soc_066_population_below_poverty_line/public", "sources": [], "tableName": "soc_066_population_below_poverty_line", "status": "saved", "published": false, "overwrite": false, "verified": false, "blockchain": {}, "subscribable": {}, "mainDateField": null, "env": "production", "geoInfo": true, "protected": false, "legend": {"date": [], "region": [], "country": [], "nested": [], "integer": [], "short": [], "byte": [], "double": [], "float": [], "half_float": [], "scaled_float": [], "boolean": [], "binary": [], "text": [], "keyword": []}, "clonedHost": {}, "errorMessage": null, "taskId": null, "createdAt": "2020-02-06T15:29:04.353Z", "updatedAt": "2018-04-05T15:30:35.849Z", "dataLastUpdated": null, "metadata": [{"id": "5a2997604949940011e2f2ff", "type": "metadata", "attributes": {"dataset": "4d7ce999-1e37-418f-b8a6-1816b29e901a", "application": "rw", "resource": {"id": "4d7ce999-1e37-418f-b8a6-1816b29e901a", "type": "dataset"}, "language": "en", "name": "Population Below Income Poverty Line", "description": "### Overview  \n  \n  \n  \n  \n  \n### Disclaimer  \n  \nExcerpts of this description page were taken from the source metadata. Resource Watch shows only a subset of the dataset. For access to the full dataset and additional information, click on the \u201cLearn more\u201d button.", "source": "World Bank Group", "info": {"rwId": "soc.066", "data_type": null, "name": "Population Below Income Poverty Line", "sources": [{"source-name": "World Bank Group", "id": 0, "source-description": ""}], "technical_title": "Poverty headcount ratio at $1.90 a day (2011 PPP) (% of population)", "functions": "Percentage of population below the poverty line of $1.90 per day", "cautions": null, "citation": null, "license": null, "license_link": null, "geographic_coverage": null, "spatial_resolution": null, "date_of_content": null, "frequency_of_updates": null, "learn_more_link": "https://data.worldbank.org/indicator/SI.POV.DDAY", "data_download_link": null, "data_download_original_link": "https://data.worldbank.org/indicator/SI.POV.DDAY"}, "createdAt": "2017-12-07T19:32:48.079Z", "updatedAt": "2019-11-11T20:39:39.651Z", "status": "published"}}], "widget": [{"id": "0ba354d9-085e-4302-a1d1-8a0fa800b4c4", "type": "widget", "attributes": {"name": "2005-2014 Percent of Population Living Below the Poverty Line", "dataset": "4d7ce999-1e37-418f-b8a6-1816b29e901a", "slug": "2005-2014-Percent-of-Population-Living-Below-the-Poverty-Line", "userId": "5980838ae24e6a1dae3dd446", "description": "", "source": "", "authors": "", "application": ["rw"], "verified": false, "default": false, "protected": false, "defaultEditableWidget": true, "published": true, "freeze": false, "env": "production", "queryUrl": "", "widgetConfig": {"paramsConfig": {"embed": {"src": ""}, "layer": "b33d6b62-92cf-49d3-a5e8-7450f4151239", "band": null, "areaIntersection": null, "filters": [], "chartType": null, "aggregateFunction": null, "orderBy": null, "size": null, "color": null, "category": null, "value": null, "limit": 500, "visualizationType": "map"}, "lng": -38.23242187500001, "lat": -2.284550660236957, "zoom": 2, "layer_id": "b33d6b62-92cf-49d3-a5e8-7450f4151239", "type": "map"}, "template": false, "createdAt": "2017-11-09T21:56:14.647Z", "updatedAt": "2017-11-09T21:56:14.647Z"}}, {"id": "5e4721ee-c0a7-41b4-9de1-49a8f4283593", "type": "widget", "attributes": {"name": "Mexico 2005-2014 Percent of Population Living Below the Poverty Line", "dataset": "4d7ce999-1e37-418f-b8a6-1816b29e901a", "slug": "Mexico-2005-2014-Percent-of-Population-Living-Below-the-Poverty-Line", "userId": "595e1604fa2bc60e3d0cbea1", "description": "Testing", "application": ["rw"], "verified": false, "default": false, "protected": false, "defaultEditableWidget": false, "published": false, "freeze": false, "env": "production", "widgetConfig": {"paramsConfig": {"layer": "b33d6b62-92cf-49d3-a5e8-7450f4151239", "band": null, "areaIntersection": null, "filters": [], "chartType": null, "aggregateFunction": null, "orderBy": null, "size": null, "color": null, "category": null, "value": null, "limit": 500, "caption": null, "visualizationType": "map"}, "bbox": [-133.24218750000003, 0.17578097424708533, -68.37890625000001, 45.460130637921004], "lng": -100.81054687500001, "lat": 24.84656534821976, "zoom": 4, "layer_id": "b33d6b62-92cf-49d3-a5e8-7450f4151239", "type": "map"}, "template": false, "createdAt": "2018-03-13T23:54:26.124Z", "updatedAt": "2018-03-13T23:54:26.124Z"}}], "layer": [{"id": "b33d6b62-92cf-49d3-a5e8-7450f4151239", "type": "layer", "attributes": {"name": "Percentage of Population Living Below the Poverty Line", "slug": "2005-2014-Percent-of-Population-Living-Below-the-Poverty-Line", "dataset": "4d7ce999-1e37-418f-b8a6-1816b29e901a", "description": "Percentage of population living below income poverty line, purchasing power parity (PPP) $1.90 a day (%) from the latest year available for each country.", "application": ["rw"], "iso": [], "provider": "cartodb", "userId": "5980838ae24e6a1dae3dd446", "default": true, "protected": false, "published": true, "env": "production", "layerConfig": {"account": "wri-rw", "body": {"maxzoom": 18, "minzoom": 3, "layers": [{"type": "mapnik", "options": {"sql": "  SELECT DISTINCT ON (data.country_name) wri.cartodb_id, wri.the_geom_webmercator, data.country_name, data.rw_country_code, data.datetime, data.year, data.yr_data FROM soc_066_population_below_poverty_line data LEFT OUTER JOIN wri_countries_a wri ON data.rw_country_code = wri.wb_a3 WHERE data.yr_data IS NOT NULL ORDER BY data.country_name, data.year DESC", "cartocss": "#layer {polygon-opacity:1; line-width:0.3; line-color:#adadad; line-opacity:1;} [yr_data>=50]{polygon-fill:#a50f15;} [yr_data>=25][yr_data<50]{polygon-fill:#de2d26;} [yr_data>=10][yr_data<25]{polygon-fill:#fb6a4a;} [yr_data>=5][yr_data<10]{polygon-fill:#fcae91;} [yr_data<5]{polygon-fill:#fee5d9;}", "cartocss_version": "2.3.0"}}], "vectorLayers": [{"paint": {"line-width": 0.3, "line-color": "#adadad", "line-opacity": 1}, "source-layer": "layer0", "type": "line", "filter": ["all"]}, {"paint": {"fill-opacity": 1}, "source-layer": "layer0", "type": "fill", "filter": ["all"]}, {"paint": {"fill-color": "#a50f15"}, "source-layer": "layer0", "type": "fill", "filter": ["all", [">=", "yr_data", 50]]}, {"paint": {"fill-color": "#de2d26"}, "source-layer": "layer0", "type": "fill", "filter": ["all", [">=", "yr_data", 25], ["<", "yr_data", 50]]}, {"paint": {"fill-color": "#fb6a4a"}, "source-layer": "layer0", "type": "fill", "filter": ["all", [">=", "yr_data", 10], ["<", "yr_data", 25]]}, {"paint": {"fill-color": "#fcae91"}, "source-layer": "layer0", "type": "fill", "filter": ["all", [">=", "yr_data", 5], ["<", "yr_data", 10]]}, {"paint": {"fill-color": "#fee5d9"}, "source-layer": "layer0", "type": "fill", "filter": ["all", ["<", "yr_data", 5]]}]}}, "legendConfig": {"items": [{"color": "#fee5d9", "name": "<5"}, {"color": "#fcae91", "name": "<10"}, {"color": "#fb6a4a", "name": "<25"}, {"color": "#de2d26", "name": "<50"}, {"color": "#a50f15", "name": "<80"}], "type": "choropleth"}, "interactionConfig": {"output": [{"column": "country_name", "format": null, "prefix": "", "property": "Country", "suffix": "", "type": "string"}, {"column": "year", "format": null, "prefix": "", "property": "Year of Data", "suffix": "", "type": "number"}, {"column": "yr_data", "format": null, "prefix": "", "property": "% of Population Living Below the Poverty Line", "suffix": "", "type": "number"}]}, "applicationConfig": {}, "staticImageConfig": {}, "createdAt": "2020-02-06T15:29:04.408Z", "updatedAt": "2019-07-23T14:14:37.556Z"}}], "vocabulary": [{"type": "vocabulary", "attributes": {"resource": {"id": "4d7ce999-1e37-418f-b8a6-1816b29e901a", "type": "dataset"}, "tags": ["population", "poverty", "table", "geospatial"], "name": "knowledge_graph", "application": "rw"}}], "widgetRelevantProps": ["country", "percentage_of_population_living_below_income_povety_line_ppp"], "layerRelevantProps": ["percentage_of_population_living_below_income_povety_line_ppp", "hdi_rank_2015"]}}