{"id": "4f7992b5-3dc0-4725-b327-d8cb439ca2f5", "type": "dataset", "server": "https://api.resourcewatch.org", "attributes": {"name": "wat.061 Aqueduct Unimproved or No Sanitation Access", "slug": "wat061-Aqueduct-Unimproved-or-No-Sanitation-Access", "type": "tabular", "subtitle": "", "application": ["rw"], "dataPath": "", "attributesPath": null, "connectorType": "rest", "provider": "cartodb", "userId": "58f63c81bd32c60206ed6b12", "connectorUrl": "https://wri-rw.carto.com/tables/wat_061_aqueduct_unimproved_or_no_sanitation_access/public", "sources": [], "tableName": "wat_061_aqueduct_unimproved_or_no_sanitation_access", "status": "saved", "published": true, "overwrite": false, "verified": false, "blockchain": {}, "subscribable": {}, "mainDateField": "", "env": "production", "geoInfo": false, "protected": false, "legend": {"date": [], "region": [], "country": [], "nested": [], "integer": [], "short": [], "byte": [], "double": [], "float": [], "half_float": [], "scaled_float": [], "boolean": [], "binary": [], "text": [], "keyword": []}, "clonedHost": {}, "errorMessage": "", "taskId": null, "createdAt": "2019-07-26T19:24:25.577Z", "updatedAt": "2019-08-06T12:42:42.157Z", "dataLastUpdated": null, "metadata": [{"id": "5d435736f9625d0012bca427", "type": "metadata", "attributes": {"dataset": "4f7992b5-3dc0-4725-b327-d8cb439ca2f5", "application": "rw", "resource": {"id": "4f7992b5-3dc0-4725-b327-d8cb439ca2f5", "type": "dataset"}, "language": "en", "name": "Aqueduct Unimproved or No Sanitation Access", "description": "### Overview  \n  \nUnimproved/No sanitation access reflects the percentage of the population using pit latrines without a slab or platform, hanging/bucket latrines, or directly disposing human waste in fields, forests, bushes, open bodies of water, beaches, other open spaces, or with solid waste [(WHO and UNICEF 2017)](https://washdata.org/data). Specifically, the indicator aligns with the unimproved and open defecation categories of the Joint Monitoring Programme (JMP)\u2014the lowest tiers of sanitation services. Higher values indicate areas where people have less access to improved sanitation services. These values were then converted into risk scores based on the thresholds defined in the methodology. These risk scores range from low (<2.5%) to extremely high water stress (>20%). The JMP statistics have been disaggregated from the country level to the sub-basin scale (HydroBASIN level 6) using gridded urban and rural population data.   \n  \n### Methodology  \n  \nData for this indicator came from the 2015 sanitation access rates published by JMP [(WHO and UNICEF 2017)](https://washdata.org/data) for urban and rural populations per country. Specifically, this indicator used the unimproved and open defecation statistics. \n\n  \n  \nFirst, country level data were matched to the Aqueduct sub-basin scale using a one-to-one geospatial intersection between Aqueduct sub-basins and countries (henceforth called intersect). \n\n  \n  \nNext, the gridded 2010 population data [(van Vuuren et al. 2007)](https://www.pbl.nl/en/publications/2006/DownscalingDriversOfGlobalEnvironmentalChangeScenarios) was parsed into urban and rural classes using a 2010 urban extent data layer [(van Huijstee et al. 2018)](https://www.pbl.nl/en/publications/towards-an-urban-preview). The total urban and rural populations were then summed per intersect.\n\n  \n  \nWithin each intersect, the urban and rural rates of access were multiplied by the urban and rural populations, respectively, and then were added together to find the number of people with access to unimproved/no sanitation. Results were aggregated up from the intersect scale to the HydroBASIN 6 scale. \n\n  \n  \nWithin each HydroBASIN 6 sub-basin, the population with access to unimproved/no sanitation was  divided by the total population to find the percent of population with access to unimproved/no sanitation. \n\n  \n  \nFinally, raw unimproved/no sanitation access values were converted to risk scores between 0 and 5, based on quantiles. These scores were placed into categories indicating how high the risk for this indicator is. The thresholds for raw unimproved/no sanitation access values and the corresponding risk scores that were used in each category are defined below as Risk Category (Risk Scores): Raw Value Thresholds.\n- Low (0-1): < 2.5%\n- Low to medium (1-2): 2.5 - 5.0%\n- Medium to high (2-3): 5.0 - 10.0%\n- High (3-4): 10.0 - 20.0%\n- Extremely high (4-5): >20.0%\n\n  \n  \nFor the full documentation, please see the source [methodology](https://www.wri.org/publication/aqueduct-30).  \n  \n### Data shown on Resource Watch Map  \n  \n- [**2015 Unimproved/No Sanitation Access**](https://resourcewatch.org/data/explore?zoom=3&lat=0&lng=0&basemap=dark&labels=light&layers=%255B%257B%2522dataset%2522%253A%25224f7992b5-3dc0-4725-b327-d8cb439ca2f5%2522%252C%2522opacity%2522%253A1%252C%2522layer%2522%253A%25225c610669-1aba-4685-b6bf-f2a234a14396%2522%257D%255D&page=1&sort=relevance&sortDirection=-1&search=wat.061): *Unimproved/No sanitation access measures the percentage of population using pit latrines without a slab or platform, or a hanging or bucket latrine. Higher values indicate areas where people have less access to improved sanitation services. Values are calculated based on data from the year 2015.*  \n  \n### Disclaimer  \n  \nExcerpts of this description page were taken from the source metadata. Resource Watch shows only a subset of the dataset. For access to the full dataset and additional information, click on the \u201cLearn more\u201d button.", "source": "WRI/JMP/PBL", "info": {"rwId": "wat.061", "data_type": "Vector", "name": "Aqueduct Unimproved or No Sanitation Access", "sources": [{"source-name": "World Resources Institute (WRI)", "id": 0, "source-description": ""}, {"source-name": "Joint Monitoring Programme (JMP)", "id": 1, "source-description": ""}, {"source-name": "PBL Netherlands Environmental Assessment Agency (PBL)", "id": 2, "source-description": ""}], "technical_title": "Unimproved or No Sanitation, Aqueduct 3.0", "functions": "Measures the percentage of population using pit latrines without a slab or platform, or a hanging or bucket latrine", "cautions": "The unimproved/no sanitation indicator is presented at a finer resolution than originally published by JMP under the assumption that access rates among rural and urban communities are consistent throughout a country. The methodology fails to account for regional and local differences in access within countries.\n\n  \n  \nResults were tailored towards large scale comparison of water related risks. The indicators have limited added value on a local scale.\n", "citation": "Hofste, R., S. Kuzma, S. Walker, E.H. Sutanudjaja, et. al. 2019. \u201cAqueduct 3.0: Updated Decision-Relevant Global Water Risk Indicators.\u201d Technical Note. Washington, DC: World Resources Institute. Available online at: https://www.wri.org/publication/aqueduct-30. Accessed through Resource Watch, (date). [www.resourcewatch.org](www.resourcewatch.org)", "license": "Creative Commons Attribution 4.0 International", "license_link": "https://creativecommons.org/licenses/by/4.0/", "geographic_coverage": "Global", "spatial_resolution": "Hydrological sub-basin (HydroBASINS 6)", "date_of_content": "2015", "frequency_of_updates": "Irregular", "learn_more_link": "https://www.wri.org/publication/aqueduct-30", "data_download_link": null, "data_download_original_link": "https://www.wri.org/resources/data-sets/aqueduct-global-maps-30-data"}, "columns": {"usa_label": {"alias": "Unimproved/No Sanitation Water Source Category (name)", "description": "Risk category of unimproved/no sanitation access, by name."}, "pfaf_id": {"alias": "Basin ID", "description": "Six digit Pfafstetter code for the hydrological basins."}, "sub_name": {"alias": "Minor River Basin", "description": "Name of the minor river basin."}, "maj_name": {"alias": "Major River Basin ", "description": "Name of the major river basin. "}, "usa_raw": {"alias": "Unimproved/No Sanitation Access Raw Value", "description": "Percentage of population using pit latrines without a slab or platform, or a hanging or bucket latrine."}, "usa_score": {"alias": "Unimproved/No Sanitation Access Score ", "description": "Unimproved/No sanitation access score (0 to 5). This is the result of applying a quantile approach to raw values. "}, "usa_cat": {"alias": "Unimproved/No Sanitation Access Category (numeric)", "description": "Risk category of unimproved/no sanitation access, by numeric integer (-1 to 4)."}}, "createdAt": "2019-08-01T21:18:46.920Z", "updatedAt": "2020-02-04T19:47:02.203Z", "status": "published"}}], "widget": [{"id": "027e23ad-c389-4546-869f-cdd94db19dea", "type": "widget", "attributes": {"name": "10 Major River Basins with the Highest Percentage of Unimproved/No Sanitation Access", "dataset": "4f7992b5-3dc0-4725-b327-d8cb439ca2f5", "slug": "Top-10-Major-Basins-Unimproved-or-No-Drinking-Sanitation-Access", "userId": "5d0901197aabc0001072e40c", "description": "Top 10 major river basins with the highest percentage of population using pit latrines without a slab or platform, or a hanging or bucket latrine. This is based on an average of raw values within each major river basin.", "source": "", "authors": "", "application": ["rw"], "verified": false, "default": false, "protected": false, "defaultEditableWidget": true, "published": true, "thumbnailUrl": "http://wri-api-backups.s3.amazonaws.com/resourcewatch/prod/thumbnails/027e23ad-c389-4546-869f-cdd94db19dea-1565031692281.png", "freeze": false, "env": "production", "queryUrl": "", "widgetConfig": {"paramsConfig": {"visualizationType": "chart", "limit": 10, "value": {"type": "number", "name": "usa_raw", "alias": "Unimproved/No Sanitation Access Raw Value"}, "category": {"type": "string", "name": "maj_name", "alias": "Major River Basin "}, "color": null, "size": null, "orderBy": null, "aggregateFunction": "avg", "chartType": "bar", "filters": [], "areaIntersection": null, "band": null, "layer": null}, "data": [{"name": "table", "transform": [{"type": "identifier", "as": "id"}, {"type": "joinaggregate", "as": ["count"]}], "url": "https://api.resourcewatch.org/v1/query/4f7992b5-3dc0-4725-b327-d8cb439ca2f5?sql=SELECT%20maj_name%20as%20x%2C%20AVG(usa_raw)%20as%20y%20FROM%20wat_061_aqueduct_unimproved_or_no_sanitation_access%20%20GROUP%20BY%20%20x%20ORDER%20BY%20y%20desc LIMIT 10", "format": {"type": "json", "property": "data"}}], "scales": [{"name": "x", "type": "band", "range": "width", "padding": 0.05, "domain": {"data": "table", "field": "id"}}, {"name": "y", "type": "linear", "range": "height", "nice": true, "zero": true, "domain": {"data": "table", "field": "y"}}], "axes": [{"orient": "bottom", "scale": "x", "labelOverlap": "parity", "ticks": false, "encode": {"labels": {"update": {"text": {"signal": "width < 300 || data('table')[0].count > 10 ? truncate(data('table')[datum.value - 1].x, 12) : data('table')[datum.value - 1].x"}, "align": {"signal": "width < 300 || data('table')[0].count > 10 ? 'right' : 'center'"}, "baseline": {"signal": "width < 300 || data('table')[0].count > 10 ? 'middle' : 'top'"}, "angle": {"signal": "width < 300 || data('table')[0].count > 10 ? -90 : 0"}}}}, "title": "Major River Basin"}, {"orient": "left", "scale": "y", "labelOverlap": "parity", "format": "s", "encode": {"labels": {"update": {"align": {"value": "right"}, "baseline": {"value": "bottom"}}}}, "title": "Proportion of Population with Unimproved/No Sanitation Access"}], "marks": [{"type": "rect", "from": {"data": "table"}, "encode": {"update": {"opacity": {"value": 1}, "x": {"scale": "x", "field": "id"}, "width": {"scale": "x", "band": 1}, "y": {"scale": "y", "field": "y"}, "y2": {"scale": "y", "value": 0}}, "hover": {"opacity": {"value": 0.8}}}}], "interaction_config": [{"name": "tooltip", "config": {"fields": [{"column": "y", "property": "Unimproved/No Sanitation Access Raw Value", "type": "number", "format": ".2s"}, {"column": "x", "property": "Major River Basin ", "type": "string", "format": ".2f"}]}}], "config": {"line": {"fillOpacity": 0, "stroke": "#3BB2D0", "interpolate": "linear"}, "rect": {"fill": "#3BB2D0"}, "symbol": {"stroke": "#fff", "fill": "#3BB2D0"}, "mark": {"fill": "#3BB2D0"}, "axisY": {"gridOpacity": 0.5, "gridColor": "#A9ABAD", "ticks": false, "grid": true, "tickOpacity": 0.5, "labelBaseline": "bottom", "labelAlign": "left", "domain": false}, "axisX": {"labelBaseline": "top", "labelAlign": "center", "domainColor": "#A9ABAD", "domainWidth": 1.2, "bandPosition": 0.5}, "axis": {"tickExtra": false, "tickOpacity": 0.5, "tickColor": "#A9ABAD", "tickSize": 8, "ticks": true, "labelPadding": 10, "labelColor": "#717171", "labelFont": "Lato", "labelFontSize": 13}, "range": {"ramp": {"scheme": "purples"}, "ordinal": {"scheme": "greens"}, "category20": ["#3BB2D0", "#2C75B0", "#FAB72E", "#EF4848", "#65B60D", "#C32D7B", "#F577B9", "#5FD2B8", "#F1800F", "#9F1C00", "#A5E9E3", "#B9D765", "#393F44", "#CACCD0", "#717171"], "dotSize": [20, 250]}}}, "template": false, "createdAt": "2019-08-02T18:32:09.561Z", "updatedAt": "2019-08-05T19:01:32.223Z"}}], "layer": [{"id": "5c610669-1aba-4685-b6bf-f2a234a14396", "type": "layer", "attributes": {"name": "2015 Unimproved/No Sanitation Access", "slug": "2015-Unimproved-or-No-Sanitation-Access_1", "dataset": "4f7992b5-3dc0-4725-b327-d8cb439ca2f5", "description": "Unimproved/No sanitation access measures the percentage of population using pit latrines without a slab or platform, or a hanging or bucket latrine. Higher values indicate areas where people have less access to improved sanitation services. Values are calculated based on data from the year 2015.", "application": ["rw"], "iso": [], "provider": "cartodb", "userId": "58f63c81bd32c60206ed6b12", "default": true, "protected": false, "published": true, "env": "production", "layerConfig": {"account": "wri-rw", "body": {"maxzoom": 18, "minzoom": 3, "layers": [{"type": "mapnik", "options": {"sql": "SELECT * FROM wat_061_aqueduct_unimproved_or_no_sanitation_access", "cartocss": "#layer {polygon-opacity:1; line-width:0; line-color:#FFF; line-opacity:0;} [usa_cat=4]{polygon-fill:#990000;}[usa_cat=3]{polygon-fill:#FF1900;} [usa_cat=2]{polygon-fill:#FF9900;} [usa_cat=1]{polygon-fill:#FFE600;} [usa_cat=0]{polygon-fill:#FFFF99;}[usa_cat=-9999]{polygon-fill:#4E4E4E;}", "cartocss_version": "2.3.0"}}], "vectorLayers": [{"paint": {"line-width": 0, "line-color": "#FFF", "line-opacity": 0}, "source-layer": "layer0", "type": "line", "filter": ["all"]}, {"paint": {"fill-opacity": 1}, "source-layer": "layer0", "type": "fill", "filter": ["all"]}, {"paint": {"fill-color": "#990000"}, "source-layer": "layer0", "type": "fill", "filter": ["all", ["==", "usa_cat", 4]]}, {"paint": {"fill-color": "#FF1900"}, "source-layer": "layer0", "type": "fill", "filter": ["all", ["==", "usa_cat", 3]]}, {"paint": {"fill-color": "#FF9900"}, "source-layer": "layer0", "type": "fill", "filter": ["all", ["==", "usa_cat", 2]]}, {"paint": {"fill-color": "#FFE600"}, "source-layer": "layer0", "type": "fill", "filter": ["all", ["==", "usa_cat", 1]]}, {"paint": {"fill-color": "#FFFF99"}, "source-layer": "layer0", "type": "fill", "filter": ["all", ["==", "usa_cat", 0]]}, {"paint": {"fill-color": "#808080"}, "source-layer": "layer0", "type": "fill", "filter": ["all", ["==", "usa_cat", -1]]}]}}, "legendConfig": {"items": [{"id": 0, "color": "#FFFF99", "name": "\u2800Low\u2800"}, {"id": 1, "color": "#FFE600", "name": "\u2800Low to\u2800 \u2800medium\u2800"}, {"id": 1, "color": "#FF9900", "name": "\u2800Medium to\u2800 \u2800high\u2800"}, {"id": 2, "color": "#FF1900", "name": "\u2800High\u2800"}, {"id": 3, "color": "#990000", "name": "\u2800Extremely\u2800 \u2800high\u2800"}, {"id": 4, "color": "#4E4E4E", "name": "\u2800No\u2800 \u2800data\u2800"}], "type": "choropleth"}, "interactionConfig": {"output": [{"type": "string", "suffix": "", "property": "Unimproved/No sanitation access", "prefix": "", "format": null, "column": "usa_label"}, {"column": "cartodb_id", "format": null, "prefix": "", "property": "Area ID", "suffix": "", "type": "number"}]}, "applicationConfig": {}, "staticImageConfig": {}, "createdAt": "2020-02-06T15:27:16.686Z", "updatedAt": "2019-08-14T18:16:40.228Z"}}], "vocabulary": [{"type": "vocabulary", "attributes": {"resource": {"id": "4f7992b5-3dc0-4725-b327-d8cb439ca2f5", "type": "dataset"}, "tags": ["geospatial", "historical", "vector", "SDG_6_Clean_Water_and_Sanitation", "water", "water_access", "water_quality", "sanitation"], "name": "knowledge_graph", "application": "rw"}}], "widgetRelevantProps": ["pfaf_id", "sub_name", "maj_name", "usa_raw", "usa_score", "usa_cat", "usa_label"], "layerRelevantProps": ["sub_name", "maj_name", "usa_label"]}}