{"id": "565c3cb1-8015-4029-b497-e9245608580f", "type": "dataset", "server": "https://api.resourcewatch.org", "attributes": {"name": "cit.014 Human Settlements Grid", "slug": "cit014-Human-Settlements-Grid", "type": "raster", "subtitle": "", "application": ["rw"], "dataPath": "", "attributesPath": null, "connectorType": "rest", "provider": "gee", "userId": "59aeb48e3fc0460001a45524", "connectorUrl": "", "sources": [], "tableName": "users/resourcewatch/cit_014_human_settlements", "status": "saved", "published": true, "overwrite": false, "verified": false, "blockchain": {}, "mainDateField": null, "env": "production", "geoInfo": true, "protected": false, "legend": {"date": [], "region": [], "country": [], "nested": [], "integer": [], "short": [], "byte": [], "double": [], "float": [], "half_float": [], "scaled_float": [], "boolean": [], "binary": [], "text": [], "keyword": []}, "clonedHost": {}, "errorMessage": null, "taskId": null, "createdAt": "2020-02-06T15:27:44.152Z", "updatedAt": "2017-11-27T21:43:40.019Z", "dataLastUpdated": null, "metadata": [{"id": "5a297d2c1b87c20012d6fec7", "type": "metadata", "attributes": {"dataset": "565c3cb1-8015-4029-b497-e9245608580f", "application": "rw", "resource": {"id": "565c3cb1-8015-4029-b497-e9245608580f", "type": "dataset"}, "language": "en", "name": "Human Settlements Grid", "description": "The Global Human Settlements Grid (GHS), produced by the European Commission Joint Research Centre (EC JRC), highlights areas with a dense population and a high degree of built-up land. It assesses the REGIO-OECD \u201cdegree of urbanization\u201d model using as input the population grid cells in 4 epochs (2015, 2000, 1990, and 1975). Each km2 grid cell has been generated by integration of built-up areas produced from Landsat image and population data derived from the Center for International Earth Science Information Network Gridded Population of the World, Version 4 (CIESIN GPW v4). These data are divided into 3 discrete categories: urban centers, urban cluster, and rural areas. Urban centers, or high density clusters, are defined as \u201ccontiguous cells (4-connectivity, gap filling) with a density of at least 1,500 inhabitants/km\u00b2 or a density of built-up greater than 50%, and a minimum of 50,000 inhabitants\u201d per cluster. Urban clusters are lower-density clusters including towns and suburbs, defined as contiguous grid cells with a population of at least 300 inhabitants per km\u00b2 or a density of built-up greater than 50% and a minimum of 5,000 inhabitants. Rural areas are defined as grid cells outside high-density clusters and urban clusters. Resource Watch shows only a subset of the data set. For access to the full data set and additional information, see the Learn More link.", "source": "EC JRC", "info": {"rwId": "cit.014", "data_type": "Raster", "name": "Human Settlements Grid", "sources": [{"source-name": "European Commission Joint Research Centre (EC JRC)", "id": 0, "source-description": ""}], "technical_title": "GHS Settlement Grid", "functions": "Location of high density clusters or urban centers with a high degree of built-up land and high population density, low-density urban clusters or towns and suburbs, and rural areas", "cautions": "This data set is an analytical product based on satellite imagery and users should use caution.", "citation": "Pesaresi, Martino, and Sergio Freire. 2016. \"GHS Settlement Grid Following the REGIO Model 2014 in Application to GHSL Landsat and CIESIN GPW v4-Multitemporal (1975-1990-2000-2015).\" European Commission, Joint Research Centre (JRC) (Dataset). PID: http://data.europa.eu/89h/jrc-ghsl-ghs_smod_pop_globe_r2016a. Accessed through Resource Watch, (date). [www.resourcewatch.org](www.resourcewatch.org).", "license": "Attribution required", "license_link": "http://ec.europa.eu/info/legal-notice_en", "geographic_coverage": "Global", "spatial_resolution": "1 km", "date_of_content": "1975, 1990, 2000, and 2015", "frequency_of_updates": null, "learn_more_link": "http://data.jrc.ec.europa.eu/dataset/jrc-ghsl-ghs_smod_pop_globe_r2016a", "data_download_link": null, "data_download_original_link": "https://ghsl.jrc.ec.europa.eu/datasets.php"}, "createdAt": "2017-12-07T17:41:00.176Z", "updatedAt": "2020-02-04T19:45:37.291Z", "status": "published"}}], "widget": [{"id": "b9186ce9-78ae-418b-a6d3-d521283ce485", "type": "widget", "attributes": {"name": "Urbanized areas in 2014 occupied 2.84 million km\u00b2, up from 1.10 million km\u00b2 in 1975, an increase of 158%", "dataset": "565c3cb1-8015-4029-b497-e9245608580f", "slug": "Urban-Expansion", "userId": "57a0aa1071e394dd32ffe137", "description": "This data set shows areas with a dense population and a high degree of built-up land", "source": "", "authors": "", "application": ["rw"], "verified": false, "default": true, "protected": false, "defaultEditableWidget": false, "published": false, "freeze": false, "env": "production", "queryUrl": "", "widgetConfig": {"autosize": {"type": "pad", "resize": true, "contains": "padding"}, "data": [{"name": "table", "values": [{"x": "2015", "length": 1685, "y": "2.84 million sq km"}, {"x": "2000", "length": 1505, "y": "2.26 million sq km"}, {"x": "1990", "length": 1367, "y": "1.87 million sq km"}, {"x": "1975", "length": 1049, "y": "1.10 million sq km"}]}], "scales": [{"name": "x", "type": "linear", "nice": true, "zero": true, "range": "width", "domain": {"data": "table", "field": "length"}}, {"name": "y", "type": "linear", "nice": true, "zero": true, "range": "height", "domain": {"data": "table", "field": "length"}}, {"name": "color", "range": "ramp", "reverse": true, "type": "ordinal", "domain": {"data": "table", "field": "x"}}], "axes": [{"orient": "bottom", "scale": "x", "title": "Extent of Urbanisation (km)", "labelOverlap": "parity"}, {"orient": "left", "scale": "y", "title": "Extent of Urbanisation (km)", "labelOverlap": "parity"}], "marks": [{"name": "area", "type": "rect", "interactive": true, "from": {"data": "table"}, "encode": {"enter": {"x": {"scale": "x", "field": "length"}, "y": {"scale": "y", "field": "length"}, "x2": {"scale": "x", "value": 0}, "y2": {"scale": "y", "value": 0}}, "update": {"fill": {"scale": "color", "field": "x"}, "fillOpacity": {"value": 1}}, "hover": {"fill": {"value": "#fff"}, "fillOpacity": {"value": 1}}}}], "legends": [{"title": "Year of Extent:", "fill": "color", "orient": "right"}], "interaction_config": [{"name": "tooltip", "config": {"fields": [{"column": "x", "property": "year", "type": "number", "format": "4"}, {"column": "y", "property": "category", "type": "string"}]}}]}, "template": false, "createdAt": "2017-11-29T10:35:23.142Z", "updatedAt": "2017-11-29T10:35:23.142Z"}}, {"id": "34a1f29a-4982-41f7-8580-f10eaeeda20e", "type": "widget", "attributes": {"name": "Spain settlement grids", "dataset": "565c3cb1-8015-4029-b497-e9245608580f", "slug": "Spain-settlement-grids", "userId": "58fde4354eecd9073107af0f", "description": "widget property test", "application": ["rw"], "verified": false, "default": false, "protected": false, "defaultEditableWidget": false, "published": false, "freeze": false, "env": "production", "widgetConfig": {"paramsConfig": {"layer": "91039b2b-6b72-4f01-92da-f385324e8aa0", "band": null, "areaIntersection": null, "filters": [], "chartType": null, "aggregateFunction": null, "orderBy": null, "size": null, "color": null, "category": null, "value": null, "limit": 500, "caption": null, "visualizationType": "map"}, "bbox": [-9.474675357341768, 34.43380809166307, 1.0282543301582339, 44.26068561009795], "lng": -4.223210513591767, "lat": 39.520721249695484, "zoom": 6, "layer_id": "91039b2b-6b72-4f01-92da-f385324e8aa0", "type": "map"}, "template": false, "createdAt": "2018-03-08T17:02:37.368Z", "updatedAt": "2018-03-08T17:02:37.368Z"}}, {"id": "66133646-9883-4b80-a793-151df4c9b1d5", "type": "widget", "attributes": {"name": "2015 Human Settlements Grid", "dataset": "565c3cb1-8015-4029-b497-e9245608580f", "slug": "Peru-Detected-Settlement-Area", "userId": "58fde4354eecd9073107af0f", "application": ["rw"], "verified": false, "default": false, "protected": false, "defaultEditableWidget": true, "published": true, "thumbnailUrl": "http://wri-api-backups.s3.amazonaws.com/resourcewatch/prod/thumbnails/66133646-9883-4b80-a793-151df4c9b1d5-1558389011450.png", "freeze": false, "env": "production", "widgetConfig": {"type": "map", "layer_id": "91039b2b-6b72-4f01-92da-f385324e8aa0", "zoom": 2, "lat": 11.295587753738996, "lng": -10.174713134765627, "bbox": [-77.49893188476564, -71.1491885804923, 57.14950561523438, 77.26144530253465], "basemapLayers": {"basemap": "dark", "labels": null, "boundaries": false}, "paramsConfig": {"visualizationType": "map", "limit": 500, "value": null, "category": null, "color": null, "size": null, "orderBy": null, "aggregateFunction": null, "chartType": null, "filters": [], "areaIntersection": null, "band": null, "layer": "91039b2b-6b72-4f01-92da-f385324e8aa0"}, "config": {"range": {"dotSize": [20, 250], "category20": ["#3BB2D0", "#2C75B0", "#FAB72E", "#EF4848", "#65B60D", "#C32D7B", "#F577B9", "#5FD2B8", "#F1800F", "#9F1C00", "#A5E9E3", "#B9D765", "#393F44", "#CACCD0", "#717171"], "ordinal": {"scheme": "greens"}, "ramp": {"scheme": "purples"}}, "axis": {"labelFontSize": 13, "labelFont": "Lato", "labelColor": "#717171", "labelPadding": 10, "ticks": true, "tickSize": 8, "tickColor": "#A9ABAD", "tickOpacity": 0.5, "tickExtra": false}, "axisX": {"bandPosition": 0.5, "domainWidth": 1.2, "domainColor": "#A9ABAD", "labelAlign": "center", "labelBaseline": "top"}, "axisY": {"domain": false, "labelAlign": "left", "labelBaseline": "bottom", "tickOpacity": 0.5, "grid": true, "ticks": false, "gridColor": "#A9ABAD", "gridOpacity": 0.5}, "mark": {"fill": "#3BB2D0"}, "symbol": {"fill": "#3BB2D0", "stroke": "#fff"}, "rect": {"fill": "#3BB2D0"}, "line": {"interpolate": "linear", "stroke": "#3BB2D0", "fillOpacity": 0}}}, "template": false, "createdAt": "2018-03-22T04:41:13.761Z", "updatedAt": "2019-05-20T21:50:11.399Z"}}, {"id": "6b71a4fa-415a-4c62-988a-c8b02b81a14c", "type": "widget", "attributes": {"name": "Urban land area nearly doubled, from 4% to 7.6% of global land mass, from 1975 to 2015", "dataset": "565c3cb1-8015-4029-b497-e9245608580f", "slug": "Urban-land-area-has-increased-from-4-76-of-global-land-mass-between-1975-and-2015", "userId": "58f63c81bd32c60206ed6b12", "description": "High density clusters or urban centers with a high degree of built-up land and high population density, low-density urban clusters or towns and suburbs, and rural areas in 2015.", "source": "", "authors": "", "application": ["rw"], "verified": false, "default": true, "protected": false, "defaultEditableWidget": true, "published": false, "freeze": false, "env": "production", "queryUrl": "", "widgetConfig": {"type": "map", "layer_id": "91039b2b-6b72-4f01-92da-f385324e8aa0", "zoom": 4, "lat": 4.911432774162951, "lng": 6.957048028707505, "bbox": [-1.40625, -22.998851594142923, 15.380859375000002, 31.728167146023935], "basemapLayers": {"basemap": "dark", "labels": null, "boundaries": false}, "paramsConfig": {"visualizationType": "map", "limit": 50, "value": null, "category": null, "color": null, "size": null, "orderBy": null, "aggregateFunction": null, "chartType": null, "filters": [], "areaIntersection": null, "band": null, "layer": "91039b2b-6b72-4f01-92da-f385324e8aa0"}, "config": null}, "template": false, "createdAt": "2018-04-05T19:58:33.780Z", "updatedAt": "2018-04-05T19:58:33.780Z"}}, {"id": "4308b0a8-85d2-4509-b74b-06796ab1eb02", "type": "widget", "attributes": {"name": "Urban land area nearly doubled, from 4% to 7.6% of global land mass, from 1975 to 2015 - 1566805168438", "dataset": "565c3cb1-8015-4029-b497-e9245608580f", "slug": "Urban-land-area-nearly-doubled-from-4-to-76-of-global-land-mass-from-1975-to-2015-1566805168438", "userId": "5d637d024ca7860011bd9e32", "description": "High density clusters or urban centers with a high degree of built-up land and high population density, low-density urban clusters or towns and suburbs, and rural areas in 2015.", "source": "", "authors": "", "application": ["rw"], "verified": false, "default": true, "protected": false, "defaultEditableWidget": true, "published": false, "freeze": false, "env": "production", "queryUrl": "", "widgetConfig": {"config": null, "paramsConfig": {"layer": "91039b2b-6b72-4f01-92da-f385324e8aa0", "band": null, "areaIntersection": null, "filters": [], "chartType": null, "aggregateFunction": null, "orderBy": null, "size": null, "color": null, "category": null, "value": null, "limit": 50, "visualizationType": "map"}, "basemapLayers": {"boundaries": false, "labels": null, "basemap": "dark"}, "bbox": [-1.40625, -22.998851594142923, 15.380859375000002, 31.728167146023935], "lng": 6.957048028707505, "lat": 4.911432774162951, "zoom": 4, "layer_id": "91039b2b-6b72-4f01-92da-f385324e8aa0", "type": "map"}, "template": false, "createdAt": "2019-08-26T07:39:28.443Z", "updatedAt": "2019-08-26T07:39:28.443Z"}}, {"id": "6120d2be-2aa7-416e-87e5-1ebfefb40de4", "type": "widget", "attributes": {"name": "Urban land area nearly doubled, from 4% to 7.6% of global land mass, from 1975 to 2015 - 1566805168702", "dataset": "565c3cb1-8015-4029-b497-e9245608580f", "slug": "Urban-land-area-nearly-doubled-from-4-to-76-of-global-land-mass-from-1975-to-2015-1566805168702", "userId": "5c12c957eb3361930a97cc9d", "description": "High density clusters or urban centers with a high degree of built-up land and high population density, low-density urban clusters or towns and suburbs, and rural areas in 2015.", "source": "", "authors": "", "application": ["rw"], "verified": false, "default": true, "protected": false, "defaultEditableWidget": true, "published": false, "freeze": false, "env": "production", "queryUrl": "", "widgetConfig": {"config": null, "paramsConfig": {"layer": "91039b2b-6b72-4f01-92da-f385324e8aa0", "band": null, "areaIntersection": null, "filters": [], "chartType": null, "aggregateFunction": null, "orderBy": null, "size": null, "color": null, "category": null, "value": null, "limit": 50, "visualizationType": "map"}, "basemapLayers": {"boundaries": false, "labels": null, "basemap": "dark"}, "bbox": [-1.40625, -22.998851594142923, 15.380859375000002, 31.728167146023935], "lng": 6.957048028707505, "lat": 4.911432774162951, "zoom": 4, "layer_id": "91039b2b-6b72-4f01-92da-f385324e8aa0", "type": "map"}, "template": false, "createdAt": "2019-08-26T07:39:28.704Z", "updatedAt": "2019-08-26T07:39:28.704Z"}}, {"id": "efdaf2e6-3080-452d-8630-88e26c7c6cda", "type": "widget", "attributes": {"name": "Urban land area nearly doubled, from 4% to 7.6% of global land mass, from 1975 to 2015 - 1566805192781", "dataset": "565c3cb1-8015-4029-b497-e9245608580f", "slug": "Urban-land-area-nearly-doubled-from-4-to-76-of-global-land-mass-from-1975-to-2015-1566805192781", "userId": "5d637d024ca7860011bd9e32", "description": "High density clusters or urban centers with a high degree of built-up land and high population density, low-density urban clusters or towns and suburbs, and rural areas in 2015.", "source": "", "authors": "", "application": ["rw"], "verified": false, "default": true, "protected": false, "defaultEditableWidget": true, "published": false, "freeze": false, "env": "production", "queryUrl": "", "widgetConfig": {"config": null, "paramsConfig": {"layer": "91039b2b-6b72-4f01-92da-f385324e8aa0", "band": null, "areaIntersection": null, "filters": [], "chartType": null, "aggregateFunction": null, "orderBy": null, "size": null, "color": null, "category": null, "value": null, "limit": 50, "visualizationType": "map"}, "basemapLayers": {"boundaries": false, "labels": null, "basemap": "dark"}, "bbox": [-1.40625, -22.998851594142923, 15.380859375000002, 31.728167146023935], "lng": 6.957048028707505, "lat": 4.911432774162951, "zoom": 4, "layer_id": "91039b2b-6b72-4f01-92da-f385324e8aa0", "type": "map"}, "template": false, "createdAt": "2019-08-26T07:39:52.782Z", "updatedAt": "2019-08-26T07:39:52.782Z"}}, {"id": "868b68db-7489-42aa-9d02-4fc39f825ab6", "type": "widget", "attributes": {"name": "Urban land area nearly doubled, from 4% to 7.6% of global land mass, from 1975 to 2015 - 1566805198585", "dataset": "565c3cb1-8015-4029-b497-e9245608580f", "slug": "Urban-land-area-nearly-doubled-from-4-to-76-of-global-land-mass-from-1975-to-2015-1566805198585", "userId": "5d637d024ca7860011bd9e32", "description": "High density clusters or urban centers with a high degree of built-up land and high population density, low-density urban clusters or towns and suburbs, and rural areas in 2015.", "source": "", "authors": "", "application": ["rw"], "verified": false, "default": true, "protected": false, "defaultEditableWidget": true, "published": false, "freeze": false, "env": "production", "queryUrl": "", "widgetConfig": {"config": null, "paramsConfig": {"layer": "91039b2b-6b72-4f01-92da-f385324e8aa0", "band": null, "areaIntersection": null, "filters": [], "chartType": null, "aggregateFunction": null, "orderBy": null, "size": null, "color": null, "category": null, "value": null, "limit": 50, "visualizationType": "map"}, "basemapLayers": {"boundaries": false, "labels": null, "basemap": "dark"}, "bbox": [-1.40625, -22.998851594142923, 15.380859375000002, 31.728167146023935], "lng": 6.957048028707505, "lat": 4.911432774162951, "zoom": 4, "layer_id": "91039b2b-6b72-4f01-92da-f385324e8aa0", "type": "map"}, "template": false, "createdAt": "2019-08-26T07:39:58.587Z", "updatedAt": "2019-08-26T07:39:58.587Z"}}, {"id": "fbe726d6-9471-4619-81b8-0ead85afe684", "type": "widget", "attributes": {"name": "Urban land area nearly doubled, from 4% to 7.6% of global land mass, from 1975 to 2015 - 1566805199039", "dataset": "565c3cb1-8015-4029-b497-e9245608580f", "slug": "Urban-land-area-nearly-doubled-from-4-to-76-of-global-land-mass-from-1975-to-2015-1566805199039", "userId": "5d637d244246e90010e20613", "description": "High density clusters or urban centers with a high degree of built-up land and high population density, low-density urban clusters or towns and suburbs, and rural areas in 2015.", "source": "", "authors": "", "application": ["rw"], "verified": false, "default": true, "protected": false, "defaultEditableWidget": true, "published": false, "freeze": false, "env": "production", "queryUrl": "", "widgetConfig": {"config": null, "paramsConfig": {"layer": "91039b2b-6b72-4f01-92da-f385324e8aa0", "band": null, "areaIntersection": null, "filters": [], "chartType": null, "aggregateFunction": null, "orderBy": null, "size": null, "color": null, "category": null, "value": null, "limit": 50, "visualizationType": "map"}, "basemapLayers": {"boundaries": false, "labels": null, "basemap": "dark"}, "bbox": [-1.40625, -22.998851594142923, 15.380859375000002, 31.728167146023935], "lng": 6.957048028707505, "lat": 4.911432774162951, "zoom": 4, "layer_id": "91039b2b-6b72-4f01-92da-f385324e8aa0", "type": "map"}, "template": false, "createdAt": "2019-08-26T07:39:59.043Z", "updatedAt": "2019-08-26T07:39:59.043Z"}}, {"id": "d3928083-166d-4dc2-8715-58aaa8c27d01", "type": "widget", "attributes": {"name": "Urban land area nearly doubled, from 4% to 7.6% of global land mass, from 1975 to 2015 - 1566805292553", "dataset": "565c3cb1-8015-4029-b497-e9245608580f", "slug": "Urban-land-area-nearly-doubled-from-4-to-76-of-global-land-mass-from-1975-to-2015-1566805292553", "userId": "5d637d244246e90010e20613", "description": "High density clusters or urban centers with a high degree of built-up land and high population density, low-density urban clusters or towns and suburbs, and rural areas in 2015.", "source": "", "authors": "", "application": ["rw"], "verified": false, "default": true, "protected": false, "defaultEditableWidget": true, "published": false, "freeze": false, "env": "production", "queryUrl": "", "widgetConfig": {"config": null, "paramsConfig": {"layer": "91039b2b-6b72-4f01-92da-f385324e8aa0", "band": null, "areaIntersection": null, "filters": [], "chartType": null, "aggregateFunction": null, "orderBy": null, "size": null, "color": null, "category": null, "value": null, "limit": 50, "visualizationType": "map"}, "basemapLayers": {"boundaries": false, "labels": null, "basemap": "dark"}, "bbox": [-1.40625, -22.998851594142923, 15.380859375000002, 31.728167146023935], "lng": 6.957048028707505, "lat": 4.911432774162951, "zoom": 4, "layer_id": "91039b2b-6b72-4f01-92da-f385324e8aa0", "type": "map"}, "template": false, "createdAt": "2019-08-26T07:41:32.555Z", "updatedAt": "2019-08-26T07:41:32.555Z"}}, {"id": "f95cd459-5d7b-4d50-855e-59d81385f803", "type": "widget", "attributes": {"name": "Urban land area nearly doubled, from 4% to 7.6% of global land mass, from 1975 to 2015 - 1569413602831", "dataset": "565c3cb1-8015-4029-b497-e9245608580f", "slug": "Urban-land-area-nearly-doubled-from-4-to-76-of-global-land-mass-from-1975-to-2015-1569413602831", "userId": "5c12c957eb3361930a97cc9d", "description": "High density clusters or urban centers with a high degree of built-up land and high population density, low-density urban clusters or towns and suburbs, and rural areas in 2015.", "source": "", "authors": "", "application": ["rw"], "verified": false, "default": true, "protected": false, "defaultEditableWidget": true, "published": false, "freeze": false, "env": "production", "queryUrl": "", "widgetConfig": {"config": null, "paramsConfig": {"layer": "91039b2b-6b72-4f01-92da-f385324e8aa0", "band": null, "areaIntersection": null, "filters": [], "chartType": null, "aggregateFunction": null, "orderBy": null, "size": null, "color": null, "category": null, "value": null, "limit": 50, "visualizationType": "map"}, "basemapLayers": {"boundaries": false, "labels": null, "basemap": "dark"}, "bbox": [-1.40625, -22.998851594142923, 15.380859375000002, 31.728167146023935], "lng": 6.957048028707505, "lat": 4.911432774162951, "zoom": 4, "layer_id": "91039b2b-6b72-4f01-92da-f385324e8aa0", "type": "map"}, "template": false, "createdAt": "2019-09-25T12:13:22.863Z", "updatedAt": "2019-09-25T12:13:22.863Z"}}, {"id": "4ddcb7ca-4225-43c8-a0e3-4cb108f3a90d", "type": "widget", "attributes": {"name": "Urban land area nearly doubled, from 4% to 7.6% of global land mass, from 1975 to 2015 - 1569499980447", "dataset": "565c3cb1-8015-4029-b497-e9245608580f", "slug": "Urban-land-area-nearly-doubled-from-4-to-76-of-global-land-mass-from-1975-to-2015-1569499980447", "userId": "5c12c957eb3361930a97cc9d", "description": "High density clusters or urban centers with a high degree of built-up land and high population density, low-density urban clusters or towns and suburbs, and rural areas in 2015.", "source": "", "authors": "", "application": ["rw"], "verified": false, "default": true, "protected": false, "defaultEditableWidget": true, "published": false, "freeze": false, "env": "production", "queryUrl": "", "widgetConfig": {"config": null, "paramsConfig": {"layer": "91039b2b-6b72-4f01-92da-f385324e8aa0", "band": null, "areaIntersection": null, "filters": [], "chartType": null, "aggregateFunction": null, "orderBy": null, "size": null, "color": null, "category": null, "value": null, "limit": 50, "visualizationType": "map"}, "basemapLayers": {"boundaries": false, "labels": null, "basemap": "dark"}, "bbox": [-1.40625, -22.998851594142923, 15.380859375000002, 31.728167146023935], "lng": 6.957048028707505, "lat": 4.911432774162951, "zoom": 4, "layer_id": "91039b2b-6b72-4f01-92da-f385324e8aa0", "type": "map"}, "template": false, "createdAt": "2019-09-26T12:13:00.450Z", "updatedAt": "2019-09-26T12:13:00.450Z"}}, {"id": "407ce918-8142-4a30-97be-220db05f2dac", "type": "widget", "attributes": {"name": "Urban land area nearly doubled, from 4% to 7.6% of global land mass, from 1975 to 2015 - 1569500039320", "dataset": "565c3cb1-8015-4029-b497-e9245608580f", "slug": "Urban-land-area-nearly-doubled-from-4-to-76-of-global-land-mass-from-1975-to-2015-1569500039320", "userId": "5c12c957eb3361930a97cc9d", "description": "High density clusters or urban centers with a high degree of built-up land and high population density, low-density urban clusters or towns and suburbs, and rural areas in 2015.", "source": "", "authors": "", "application": ["rw"], "verified": false, "default": true, "protected": false, "defaultEditableWidget": true, "published": false, "freeze": false, "env": "production", "queryUrl": "", "widgetConfig": {"config": null, "paramsConfig": {"layer": "91039b2b-6b72-4f01-92da-f385324e8aa0", "band": null, "areaIntersection": null, "filters": [], "chartType": null, "aggregateFunction": null, "orderBy": null, "size": null, "color": null, "category": null, "value": null, "limit": 50, "visualizationType": "map"}, "basemapLayers": {"boundaries": false, "labels": null, "basemap": "dark"}, "bbox": [-1.40625, -22.998851594142923, 15.380859375000002, 31.728167146023935], "lng": 6.957048028707505, "lat": 4.911432774162951, "zoom": 4, "layer_id": "91039b2b-6b72-4f01-92da-f385324e8aa0", "type": "map"}, "template": false, "createdAt": "2019-09-26T12:13:59.322Z", "updatedAt": "2019-09-26T12:13:59.322Z"}}, {"id": "027e2366-6d59-4ca3-b3b2-88890c7f6936", "type": "widget", "attributes": {"name": "Urban land area nearly doubled, from 4% to 7.6% of global land mass, from 1975 to 2015 - 1575530480859", "dataset": "565c3cb1-8015-4029-b497-e9245608580f", "slug": "Urban-land-area-nearly-doubled-from-4-to-76-of-global-land-mass-from-1975-to-2015-1575530480859", "userId": "5de8ad971b14c6001072257a", "description": "High density clusters or urban centers with a high degree of built-up land and high population density, low-density urban clusters or towns and suburbs, and rural areas in 2015.", "source": "", "authors": "", "application": ["rw"], "verified": false, "default": true, "protected": false, "defaultEditableWidget": true, "published": false, "thumbnailUrl": "http://wri-api-backups.s3.amazonaws.com/resourcewatch/prod/thumbnails/027e2366-6d59-4ca3-b3b2-88890c7f6936-1575530500256.png", "freeze": false, "env": "production", "queryUrl": "", "widgetConfig": {"type": "map", "layer_id": "91039b2b-6b72-4f01-92da-f385324e8aa0", "zoom": 4, "lat": 4.911432774162951, "lng": 6.957048028707505, "bbox": [-1.40625, -22.998851594142923, 15.380859375000002, 31.728167146023935], "basemapLayers": {"basemap": "dark", "labels": null, "boundaries": false}, "paramsConfig": {"visualizationType": "map", "limit": 50, "value": null, "category": null, "color": null, "size": null, "orderBy": null, "aggregateFunction": null, "chartType": null, "filters": [], "areaIntersection": null, "band": null, "layer": "91039b2b-6b72-4f01-92da-f385324e8aa0"}, "config": null}, "template": false, "createdAt": "2019-12-05T07:21:20.878Z", "updatedAt": "2019-12-05T07:21:20.878Z"}}], "layer": [{"id": "91039b2b-6b72-4f01-92da-f385324e8aa0", "type": "layer", "attributes": {"name": "2015 Human Settlements Grid", "slug": "Human-Settlements-Grid", "dataset": "565c3cb1-8015-4029-b497-e9245608580f", "description": "Highlights urban centers (high density clusters with a high degree of built-up land and high population density), urban clusters or towns and suburbs (low density), and rural areas in 2015.", "application": ["rw"], "iso": [], "provider": "gee", "userId": "5980838ae24e6a1dae3dd446", "default": true, "protected": false, "published": true, "env": "production", "layerConfig": {"body": {"sldValue": "<RasterSymbolizer>  <ChannelSelection>   <GrayChannel>   <SourceChannelName>4</SourceChannelName>        </GrayChannel>        </ChannelSelection>    <ColorMap  type=\"ramp\" extended=\"false\" >   '<ColorMapEntry color=\"#bcbddc\" quantity=\"0\" opacity=\"0\" />' +     '<ColorMapEntry color=\"#084594\" quantity=\"1\" opacity=\"1\" />' +  '<ColorMapEntry color=\"#6baed6\" quantity=\"2\"  />' +   '<ColorMapEntry color=\"#eff3ff\" quantity=\"3\"  />' +  </ColorMap></RasterSymbolizer>", "styleType": "sld"}, "assetId": "users/resourcewatch/cit_014_human_settlements", "type": "gee", "timeline": true, "order": 2015, "timelineLabel": "2015"}, "legendConfig": {"items": [{"color": "#084594", "name": "Rural", "id": 0}, {"color": "#6baed6", "name": " Urban clusters", "id": 1}, {"color": "#eff3ff", "name": "Urban centers", "id": 2}], "type": "choropleth"}, "interactionConfig": {}, "applicationConfig": {}, "staticImageConfig": {}, "createdAt": "2020-02-06T15:27:44.206Z", "updatedAt": "2019-06-14T15:03:20.236Z"}}, {"id": "82f25874-a66f-4933-a2c7-5471bfbfd90b", "type": "layer", "attributes": {"name": "2000 Human Settlements Grid", "slug": "2000-Human-Settlements-Grid", "dataset": "565c3cb1-8015-4029-b497-e9245608580f", "description": "Highlights urban centers (high density clusters with a high degree of built-up land and high population density), urban clusters or towns and suburbs (low density), and rural areas in 2000.", "application": ["rw"], "iso": [], "provider": "gee", "userId": "5980838ae24e6a1dae3dd446", "default": false, "protected": false, "published": true, "env": "production", "layerConfig": {"type": "gee", "assetId": "users/resourcewatch/cit_014_human_settlements", "timeline": true, "order": 2000, "timelineLabel": "2000", "body": {"styleType": "sld", "sldValue": "<RasterSymbolizer>  <ChannelSelection>   <GrayChannel>   <SourceChannelName>3</SourceChannelName>        </GrayChannel>        </ChannelSelection>    <ColorMap  type=\"ramp\" extended=\"false\" >   '<ColorMapEntry color=\"#bcbddc\" quantity=\"0\" opacity=\"0\" />' +     '<ColorMapEntry color=\"#084594\" quantity=\"1\" opacity=\"1\" />' +  '<ColorMapEntry color=\"#6baed6\" quantity=\"2\"  />' +   '<ColorMapEntry color=\"#eff3ff\" quantity=\"3\"  />' +  </ColorMap></RasterSymbolizer>"}}, "legendConfig": {"items": [{"color": "#084594", "name": "Rural", "id": 0}, {"color": "#6baed6", "name": " Urban clusters", "id": 1}, {"color": "#eff3ff", "name": "Urban centers", "id": 2}], "type": "choropleth"}, "interactionConfig": {}, "applicationConfig": {}, "staticImageConfig": {}, "createdAt": "2020-02-06T15:27:44.206Z", "updatedAt": "2019-06-14T15:07:05.091Z"}}, {"id": "14b1ed03-f1f6-4bbe-accd-bf521a83eaba", "type": "layer", "attributes": {"name": "1990 Human Settlements Grid", "slug": "1990-Human-Settlements-Grid", "dataset": "565c3cb1-8015-4029-b497-e9245608580f", "description": "Highlights urban centers (high density clusters with a high degree of built-up land and high population density), urban clusters or towns and suburbs (low density), and rural areas in 1990.", "application": ["rw"], "iso": [], "provider": "gee", "userId": "5980838ae24e6a1dae3dd446", "default": true, "protected": false, "published": true, "env": "production", "layerConfig": {"type": "gee", "assetId": "users/resourcewatch/cit_014_human_settlements", "timeline": true, "order": 1990, "timelineLabel": "1990", "body": {"styleType": "sld", "sldValue": "<RasterSymbolizer>  <ChannelSelection>   <GrayChannel>   <SourceChannelName>2</SourceChannelName>        </GrayChannel>        </ChannelSelection>    <ColorMap  type=\"ramp\" extended=\"false\" >   '<ColorMapEntry color=\"#bcbddc\" quantity=\"0\" opacity=\"0\" />' +     '<ColorMapEntry color=\"#084594\" quantity=\"1\" opacity=\"1\" />' +  '<ColorMapEntry color=\"#6baed6\" quantity=\"2\"  />' +   '<ColorMapEntry color=\"#eff3ff\" quantity=\"3\"  />' +  </ColorMap></RasterSymbolizer>"}}, "legendConfig": {"type": "choropleth", "items": [{"id": 0, "name": "Rural", "color": "#084594"}, {"id": 1, "name": " Urban clusters", "color": "#6baed6"}, {"id": 2, "name": "Urban centers", "color": "#eff3ff"}]}, "interactionConfig": {}, "applicationConfig": {}, "staticImageConfig": {}, "createdAt": "2020-02-06T15:27:44.206Z", "updatedAt": "2019-08-09T16:07:22.079Z"}}, {"id": "39aa13d7-e4a9-4d4c-9162-f628a97050ba", "type": "layer", "attributes": {"name": "1975 Human Settlements Grid", "slug": "1975-Human-Settlements-Grid", "dataset": "565c3cb1-8015-4029-b497-e9245608580f", "description": "Highlights urban centers (high density clusters with a high degree of built-up land and high population density), urban clusters or towns and suburbs (low density), and rural areas in 1975.", "application": ["rw"], "iso": [], "provider": "gee", "userId": "5980838ae24e6a1dae3dd446", "default": false, "protected": false, "published": true, "env": "production", "layerConfig": {"timelineLabel": "1975", "order": 1975, "timeline": true, "type": "gee", "assetId": "users/resourcewatch/cit_014_human_settlements", "body": {"styleType": "sld", "sldValue": "<RasterSymbolizer>  <ChannelSelection>   <GrayChannel>   <SourceChannelName>1</SourceChannelName>        </GrayChannel>        </ChannelSelection>    <ColorMap  type=\"ramp\" extended=\"false\" >   '<ColorMapEntry color=\"#bcbddc\" quantity=\"0\" opacity=\"0\" />' +     '<ColorMapEntry color=\"#084594\" quantity=\"1\" opacity=\"1\" />' +  '<ColorMapEntry color=\"#6baed6\" quantity=\"2\"  />' +   '<ColorMapEntry color=\"#eff3ff\" quantity=\"3\"  />' +  </ColorMap></RasterSymbolizer>"}}, "legendConfig": {"type": "choropleth", "items": [{"id": 0, "name": "Rural", "color": "#084594"}, {"id": 1, "name": " Urban clusters", "color": "#6baed6"}, {"id": 2, "name": "Urban centers", "color": "#eff3ff"}]}, "interactionConfig": {}, "applicationConfig": {}, "staticImageConfig": {}, "createdAt": "2020-02-06T15:27:44.206Z", "updatedAt": "2019-06-14T15:08:16.691Z"}}], "vocabulary": [{"type": "vocabulary", "attributes": {"resource": {"id": "565c3cb1-8015-4029-b497-e9245608580f", "type": "dataset"}, "tags": ["geospatial", "raster", "population", "land_cover", "urban", "historical", "settlements", "global", "SDG_11_Sustainable_Cities_and_Communities", "SDG_target_11.b"], "name": "knowledge_graph", "application": "rw"}}], "widgetRelevantProps": [], "layerRelevantProps": []}}