{"id": "5aeb8da8-3ae6-47a4-b21b-714819e93146", "type": "dataset", "server": "https://api.resourcewatch.org", "attributes": {"name": "foo.056b Ruminant Availability", "slug": "foo056-Ruminant-Availability", "type": "tabular", "subtitle": "", "application": ["rw"], "dataPath": "", "attributesPath": null, "connectorType": "rest", "provider": "cartodb", "userId": "58f63c81bd32c60206ed6b12", "connectorUrl": "https://wri-rw.carto.com/tables/foo_056b_ruminant_products/public", "sources": [], "tableName": "foo_056b_ruminant_products", "status": "saved", "published": true, "overwrite": false, "verified": false, "blockchain": {}, "subscribable": {}, "mainDateField": "", "env": "production", "geoInfo": false, "protected": false, "legend": {"date": [], "region": [], "country": [], "nested": [], "integer": [], "short": [], "byte": [], "double": [], "float": [], "half_float": [], "scaled_float": [], "boolean": [], "binary": [], "text": [], "keyword": []}, "clonedHost": {}, "errorMessage": "", "taskId": null, "createdAt": "2020-02-06T15:27:31.123Z", "updatedAt": "2019-02-01T21:05:07.269Z", "dataLastUpdated": null, "metadata": [{"id": "5bc6138d7df0720011122f06", "type": "metadata", "attributes": {"dataset": "5aeb8da8-3ae6-47a4-b21b-714819e93146", "application": "rw", "resource": {"id": "5aeb8da8-3ae6-47a4-b21b-714819e93146", "type": "dataset"}, "language": "en", "name": "Availability of Ruminant Based Foods", "description": "As nations urbanize and citizens become wealthier, people generally increase the share of resource-intensive foods\u2014such as meats and dairy\u2014in their diets. Ruminant meats (beef, lamb, goat), are particularly resource-intensive. Although some of this shift reflects health and welfare gains for many people, shifts to high-meat diets will make it harder for the world to achieve several of the United Nations Sustainable Development Goals, including those on hunger, healthy lives, water management, climate change, and terrestrial ecosystems.  \n  \nThe availability of ruminant meat data represent retail-level availability of ruminant meats (beef, lamb, goat) per capita per day across the world, from 1961-2013, with a \"business as usual\" projection, RCP 8.5, out to 2050.  Data for 1961-2013 are from FAO's Food Balance Sheets. Data for 2050 are from FAO's projection of food demand and production.  \n  \nBecause FAO projects that sub-Saharan Africa and South Asia in 2050 will still have insufficient calories to feed everyone adequately, WRI adjusted food amounts upward in those two regions to ensure 3,000 calories are available per person per day in all regions. Data for 2014-2050 are linear interpolations between observed (2013) and projected (2050) data.  \n  \nResource Watch shows only a subset of the data set. For access to the full data set and additional information, see the Learn More link.", "source": "WRI/FAO", "info": {"rwId": "foo.056b", "data_type": "Tabular", "name": "Availability of Ruminant Based Foods", "sources": [{"source-name": "World Resources Institute (WRI)", "id": 0, "source-description": ""}, {"source-name": "Food and Agriculture Organization of the United Nations (FAO)", "id": 1, "source-description": ""}], "technical_title": "Availability (proxy for consumption) per capita per day of all ruminant meats (beef, lamb, goat)", "functions": "Retail-level availability of ruminant meats (beef, lamb, goat) per capita per day across the world, from 1961-2013, with a \"business as usual\" projection, RCP 8.5, out to 2050", "cautions": "Strengths of these FAO data sources include the inclusion of nearly all of the world\u2019s countries, relatively comparable methods across countries, and open access to data. Furthermore, food availability estimates are derived from production and trade data.  \n  \nHowever, FAO food balance sheets result in estimates of dietary intake in many countries that are inconsistent with separate estimates of actual calorie consumption in those countries, typically undertaken through national diet surveys. Several factors could explain the discrepancy between FAO and national survey estimates, including underreporting of calorie consumption in national surveys, or inaccurate estimates of food waste (retail-level availability minus food waste should equal actual dietary intake).  \n  \nData for the former Soviet Union are averaged across all 15 countries, due to data availability.", "citation": "Ranganathan, J. et al. 2016. \u201cShifting Diets for a Sustainable Food Future.\u201d Working Paper, Installment 11 of Creating a Sustainable Food Future. Washington, DC: World Resources Institute. Accessible at http://www.worldresourcesreport.org. Accessed through Resource Watch, (date). [www.resourcewatch.org](www.resourcewatch.org).", "license": "Creative Commons Attribution 4.0 International", "license_link": "https://creativecommons.org/licenses/by/4.0/", "geographic_coverage": "Global", "spatial_resolution": "National", "date_of_content": "1961-2013 (measured), 2013-2050 projected", "frequency_of_updates": "FAO updates Food Balance Sheet data on a yearly basis; as of publication the latest available data year was 2013.", "learn_more_link": "http://www.wri.org/publication/shifting-diets", "data_download_link": null, "data_download_original_link": "http://www.wri.org/publication/shifting-diets"}, "columns": {"country": {"alias": "Country"}, "year": {"alias": "Year"}, "value": {"alias": " kcal/capita/day"}}, "createdAt": "2018-10-16T16:36:29.372Z", "updatedAt": "2020-02-04T19:46:23.123Z", "status": "published"}}], "widget": [{"id": "745f7151-8640-412f-b5b1-b6b83c45aeeb", "type": "widget", "attributes": {"name": "1961-2050 Availability of Ruminant Meat (Beef, Lamb, Goat) (kcal/capita/day)", "dataset": "5aeb8da8-3ae6-47a4-b21b-714819e93146", "slug": "1961-2050-Availability-of-Ruminant-Meat-Beef-Lamb-Goat-kcalcapitaday", "userId": "58f63c81bd32c60206ed6b12", "description": "", "source": "", "authors": "", "application": ["rw"], "verified": false, "default": true, "protected": false, "defaultEditableWidget": true, "published": true, "freeze": false, "env": "production", "queryUrl": "", "widgetConfig": {"config": null, "interaction_config": [{"config": {"fields": [{"format": ".2s", "type": "number", "property": "Value (sum)", "column": "y"}, {"format": "d", "type": "number", "property": "Year", "column": "x"}]}, "name": "tooltip"}], "marks": [{"encode": {"hover": {"opacity": {"value": 0.8}}, "update": {"y2": {"value": 0, "scale": "y"}, "y": {"field": "y", "scale": "y"}, "width": {"band": 1, "scale": "x"}, "x": {"field": "id", "scale": "x"}, "opacity": {"value": 1}}}, "from": {"data": "table"}, "type": "rect"}], "axes": [{"encode": {"labels": {"update": {"angle": {"signal": "width < 300 || data('table')[0].count > 10 ? -90 :0 "}, "baseline": {"signal": "width < 300 || data('table')[0].count > 10 ? 'middle' : 'top'"}, "align": {"signal": "width < 300 || data('table')[0].count > 10 ? 'right' : 'center'"}, "text": {"signal": "format(data('table')[datum.value - 1].x, 'd')"}}}}, "ticks": false, "labelOverlap": "parity", "scale": "x", "orient": "bottom"}, {"encode": {"labels": {"update": {"baseline": {"value": "bottom"}, "align": {"value": "right"}}}}, "format": "s", "labelOverlap": "parity", "scale": "y", "orient": "left"}], "scales": [{"domain": {"field": "id", "data": "table"}, "padding": 0.05, "range": "width", "type": "band", "name": "x"}, {"domain": {"field": "y", "data": "table"}, "zero": true, "nice": true, "range": "height", "type": "linear", "name": "y"}], "data": [{"format": {"property": "data", "type": "json"}, "url": "https://api.resourcewatch.org/v1/query/5aeb8da8-3ae6-47a4-b21b-714819e93146?sql=SELECT year as x, SUM(value) as y FROM foo_056b_ruminant_products  GROUP BY  x ORDER BY year asc LIMIT 481", "transform": [{"as": "id", "type": "identifier"}, {"as": ["count"], "type": "joinaggregate"}], "name": "table"}], "paramsConfig": {"layer": null, "band": null, "areaIntersection": null, "filters": [], "chartType": "bar", "aggregateFunction": "sum", "orderBy": {"orderType": "asc", "tableName": "foo_056b_ruminant_products", "datasetID": "5aeb8da8-3ae6-47a4-b21b-714819e93146", "type": "number", "name": "year"}, "size": null, "color": null, "category": {"tableName": "foo_056b_ruminant_products", "datasetID": "5aeb8da8-3ae6-47a4-b21b-714819e93146", "type": "number", "name": "year"}, "value": {"tableName": "foo_056b_ruminant_products", "datasetID": "5aeb8da8-3ae6-47a4-b21b-714819e93146", "type": "number", "name": "value"}, "limit": 481, "visualizationType": "chart"}}, "template": false, "createdAt": "2018-10-16T16:33:33.625Z", "updatedAt": "2018-10-16T16:33:33.625Z"}}], "layer": [{"id": "0749444e-94cd-4c31-ae98-b487d67709ca", "type": "layer", "attributes": {"name": "1961 Availability of Ruminant Meat (Beef, Lamb, Goat) (kcal/capita/day)", "slug": "1961-Availability-of-Ruminant-Meat-Beef-Lamb-Goat-kcalcapitaday", "dataset": "5aeb8da8-3ae6-47a4-b21b-714819e93146", "description": "The number of kilocalories per capita per day of ruminant animal meat available including beef, lamb, and goat meat.", "application": ["rw"], "iso": [], "provider": "cartodb", "userId": "58f63c81bd32c60206ed6b12", "default": true, "protected": false, "published": true, "env": "production", "layerConfig": {"body": {"layers": [{"options": {"cartocss_version": "2.3.0", "cartocss": "#layer {polygon-opacity:1; line-width:0.3; line-color:#FFF; line-opacity:1;} [value>100]{polygon-fill:#a50f15;} [value>75][value<=100]{polygon-fill:#de2d26;} [value>50][value<=75]{polygon-fill:#fb6a4a;} [value>25][value<=50]{polygon-fill:#fc9272;} [value>10][value<=25]{polygon-fill:#fcbba1;} [value<=10]{polygon-fill:#fee5d9;}", "sql": "SELECT wri.cartodb_id, ST_Transform(wri.the_geom, 3857) AS the_geom_webmercator, data.country, data.value, data.year FROM foo_056b_ruminant_products data LEFT OUTER JOIN wri_countries_a wri ON wri.name ILIKE TRIM(data.country) WHERE data.value IS NOT NULL AND data.year = '1961' AND wri.iso_a3 IS NOT NULL UNION SELECT wri.cartodb_id, ST_Transform(wri.the_geom, 3857) AS the_geom_webmercator, data.country, data.value, data.year FROM foo_056b_ruminant_products data INNER JOIN rw_aliasing_countries aliasing ON TRIM(data.country) ILIKE aliasing.alias INNER JOIN wri_countries_a wri ON wri.iso_a3 = aliasing.iso WHERE data.value IS NOT NULL"}, "type": "mapnik"}], "minzoom": 3, "maxzoom": 18, "vectorLayers": [{"paint": {"line-width": 0.3, "line-color": "#FFF", "line-opacity": 1}, "source-layer": "layer0", "type": "line", "filter": ["all"]}, {"paint": {"fill-opacity": 1}, "source-layer": "layer0", "type": "fill", "filter": ["all"]}, {"paint": {"fill-color": "#a50f15"}, "source-layer": "layer0", "type": "fill", "filter": ["all", [">", "value", 100]]}, {"paint": {"fill-color": "#de2d26"}, "source-layer": "layer0", "type": "fill", "filter": ["all", [">", "value", 75], ["<=", "value", 100]]}, {"paint": {"fill-color": "#fb6a4a"}, "source-layer": "layer0", "type": "fill", "filter": ["all", [">", "value", 50], ["<=", "value", 75]]}, {"paint": {"fill-color": "#fc9272"}, "source-layer": "layer0", "type": "fill", "filter": ["all", [">", "value", 25], ["<=", "value", 50]]}, {"paint": {"fill-color": "#fcbba1"}, "source-layer": "layer0", "type": "fill", "filter": ["all", [">", "value", 10], ["<=", "value", 25]]}, {"paint": {"fill-color": "#fee5d9"}, "source-layer": "layer0", "type": "fill", "filter": ["all", ["<=", "value", 10]]}]}, "account": "wri-rw", "timeline": true, "order": 1961, "timelineLabel": "1961"}, "legendConfig": {"items": [{"color": "#fee5d9", "name": "\u226410"}, {"color": "#fcbba1", "name": "\u226425"}, {"color": "#fc9272", "name": "\u226450"}, {"color": "#fb6a4a", "name": "\u226475"}, {"color": "#de2d26", "name": "\u2264100"}, {"color": "#a50f15", "name": ">100"}], "type": "choropleth"}, "interactionConfig": {"output": [{"type": "string", "suffix": "", "property": "Country", "prefix": "", "format": null, "column": "country"}, {"type": "number", "suffix": "", "property": "Year", "prefix": "", "format": null, "column": "year"}, {"type": "number", "suffix": "", "property": " kcal/capita/day", "prefix": "", "format": null, "column": "value"}]}, "applicationConfig": {}, "staticImageConfig": {}, "createdAt": "2020-02-06T15:27:31.169Z", "updatedAt": "2019-07-23T14:10:09.864Z"}}, {"id": "dc7a71c0-1b72-4cb3-8666-ab1b9dc9ca87", "type": "layer", "attributes": {"name": "1970 Availability of Ruminant Meat (Beef, Lamb, Goat) (kcal/capita/day)", "slug": "1970-Availability-of-Ruminant-Meat-Beef-Lamb-Goat-kcalcapitaday", "dataset": "5aeb8da8-3ae6-47a4-b21b-714819e93146", "description": "The number of kilocalories per capita per day of ruminant animal product available including beef, lamb, and goat meat.", "application": ["rw"], "iso": [], "provider": "cartodb", "userId": "58f63c81bd32c60206ed6b12", "default": false, "protected": false, "published": true, "env": "preproduction", "layerConfig": {"body": {"layers": [{"options": {"cartocss_version": "2.3.0", "cartocss": "#layer {polygon-opacity:1; line-width:0.3; line-color:#FFF; line-opacity:1;} [value>100]{polygon-fill:#a50f15;} [value>75][value<=100]{polygon-fill:#de2d26;} [value>50][value<=75]{polygon-fill:#fb6a4a;} [value>25][value<=50]{polygon-fill:#fc9272;} [value>10][value<=25]{polygon-fill:#fcbba1;} [value<=10]{polygon-fill:#fee5d9;}", "sql": "SELECT wri.cartodb_id, ST_Transform(wri.the_geom, 3857) AS the_geom_webmercator, data.country, data.value, data.year FROM foo_056b_ruminant_products data LEFT OUTER JOIN wri_countries_a wri ON wri.name ILIKE TRIM(data.country) WHERE data.value IS NOT NULL AND data.year = '1970' AND wri.iso_a3 IS NOT NULL UNION SELECT wri.cartodb_id, ST_Transform(wri.the_geom, 3857) AS the_geom_webmercator, data.country, data.value, data.year FROM foo_056b_ruminant_products data INNER JOIN rw_aliasing_countries aliasing ON TRIM(data.country) ILIKE aliasing.alias INNER JOIN wri_countries_a wri ON wri.iso_a3 = aliasing.iso WHERE data.value IS NOT NULL"}, "type": "mapnik"}], "minzoom": 3, "maxzoom": 18, "vectorLayers": [{"paint": {"line-width": 0.3, "line-color": "#FFF", "line-opacity": 1}, "source-layer": "layer0", "type": "line", "filter": ["all"]}, {"paint": {"fill-opacity": 1}, "source-layer": "layer0", "type": "fill", "filter": ["all"]}, {"paint": {"fill-color": "#a50f15"}, "source-layer": "layer0", "type": "fill", "filter": ["all", [">", "value", 100]]}, {"paint": {"fill-color": "#de2d26"}, "source-layer": "layer0", "type": "fill", "filter": ["all", [">", "value", 75], ["<=", "value", 100]]}, {"paint": {"fill-color": "#fb6a4a"}, "source-layer": "layer0", "type": "fill", "filter": ["all", [">", "value", 50], ["<=", "value", 75]]}, {"paint": {"fill-color": "#fc9272"}, "source-layer": "layer0", "type": "fill", "filter": ["all", [">", "value", 25], ["<=", "value", 50]]}, {"paint": {"fill-color": "#fcbba1"}, "source-layer": "layer0", "type": "fill", "filter": ["all", [">", "value", 10], ["<=", "value", 25]]}, {"paint": {"fill-color": "#fee5d9"}, "source-layer": "layer0", "type": "fill", "filter": ["all", ["<=", "value", 10]]}]}, "account": "wri-rw", "timeline": true, "order": 1970, "timelineLabel": "1970"}, "legendConfig": {"items": [{"color": "#fee5d9", "name": "\u226410"}, {"color": "#fcbba1", "name": "\u226425"}, {"color": "#fc9272", "name": "\u226450"}, {"color": "#fb6a4a", "name": "\u226475"}, {"color": "#de2d26", "name": "\u2264100"}, {"color": "#a50f15", "name": ">100"}], "type": "choropleth"}, "interactionConfig": {"output": [{"type": "string", "suffix": "", "property": "Country", "prefix": "", "format": null, "column": "country"}, {"type": "number", "suffix": "", "property": "Year", "prefix": "", "format": null, "column": "year"}, {"type": "number", "suffix": "", "property": " kcal/capita/day", "prefix": "", "format": null, "column": "value"}]}, "applicationConfig": {}, "staticImageConfig": {}, "createdAt": "2020-02-06T15:27:31.169Z", "updatedAt": "2019-07-23T13:56:14.288Z"}}, {"id": "4c5fcaf4-675d-42e1-bf14-0042da858d24", "type": "layer", "attributes": {"name": "1980 Availability of Ruminant Meat (Beef, Lamb, Goat) (kcal/capita/day)", "slug": "1980-Availability-of-Ruminant-Meat-Beef-Lamb-Goat-kcalcapitaday", "dataset": "5aeb8da8-3ae6-47a4-b21b-714819e93146", "description": "The number of kilocalories per capita per day of ruminant animal meat available including beef, lamb, and goat meat.", "application": ["rw"], "iso": [], "provider": "cartodb", "userId": "58f63c81bd32c60206ed6b12", "default": false, "protected": false, "published": true, "env": "production", "layerConfig": {"timelineLabel": "1980", "order": 1980, "timeline": true, "account": "wri-rw", "body": {"maxzoom": 18, "minzoom": 3, "layers": [{"type": "mapnik", "options": {"sql": "SELECT wri.cartodb_id, ST_Transform(wri.the_geom, 3857) AS the_geom_webmercator, data.country, data.value, data.year FROM foo_056b_ruminant_products data LEFT OUTER JOIN wri_countries_a wri ON wri.name ILIKE TRIM(data.country) WHERE data.value IS NOT NULL AND data.year = '1980' AND wri.iso_a3 IS NOT NULL UNION SELECT wri.cartodb_id, ST_Transform(wri.the_geom, 3857) AS the_geom_webmercator, data.country, data.value, data.year FROM foo_056b_ruminant_products data INNER JOIN rw_aliasing_countries aliasing ON TRIM(data.country) ILIKE aliasing.alias INNER JOIN wri_countries_a wri ON wri.iso_a3 = aliasing.iso WHERE data.value IS NOT NULL", "cartocss": "#layer {polygon-opacity:1; line-width:0.3; line-color:#FFF; line-opacity:1;} [value>100]{polygon-fill:#a50f15;} [value>75][value<=100]{polygon-fill:#de2d26;} [value>50][value<=75]{polygon-fill:#fb6a4a;} [value>25][value<=50]{polygon-fill:#fc9272;} [value>10][value<=25]{polygon-fill:#fcbba1;} [value<=10]{polygon-fill:#fee5d9;}", "cartocss_version": "2.3.0"}}], "vectorLayers": [{"paint": {"line-width": 0.3, "line-color": "#FFF", "line-opacity": 1}, "source-layer": "layer0", "type": "line", "filter": ["all"]}, {"paint": {"fill-opacity": 1}, "source-layer": "layer0", "type": "fill", "filter": ["all"]}, {"paint": {"fill-color": "#a50f15"}, "source-layer": "layer0", "type": "fill", "filter": ["all", [">", "value", 100]]}, {"paint": {"fill-color": "#de2d26"}, "source-layer": "layer0", "type": "fill", "filter": ["all", [">", "value", 75], ["<=", "value", 100]]}, {"paint": {"fill-color": "#fb6a4a"}, "source-layer": "layer0", "type": "fill", "filter": ["all", [">", "value", 50], ["<=", "value", 75]]}, {"paint": {"fill-color": "#fc9272"}, "source-layer": "layer0", "type": "fill", "filter": ["all", [">", "value", 25], ["<=", "value", 50]]}, {"paint": {"fill-color": "#fcbba1"}, "source-layer": "layer0", "type": "fill", "filter": ["all", [">", "value", 10], ["<=", "value", 25]]}, {"paint": {"fill-color": "#fee5d9"}, "source-layer": "layer0", "type": "fill", "filter": ["all", ["<=", "value", 10]]}]}}, "legendConfig": {"items": [{"color": "#fee5d9", "name": "\u226410"}, {"color": "#fcbba1", "name": "\u226425"}, {"color": "#fc9272", "name": "\u226450"}, {"color": "#fb6a4a", "name": "\u226475"}, {"color": "#de2d26", "name": "\u2264100"}, {"color": "#a50f15", "name": ">100"}], "type": "choropleth"}, "interactionConfig": {"output": [{"type": "string", "suffix": "", "property": "Country", "prefix": "", "format": null, "column": "country"}, {"type": "number", "suffix": "", "property": "Year", "prefix": "", "format": null, "column": "year"}, {"type": "number", "suffix": "", "property": " kcal/capita/day", "prefix": "", "format": null, "column": "value"}]}, "applicationConfig": {}, "staticImageConfig": {}, "createdAt": "2020-02-06T15:27:31.169Z", "updatedAt": "2019-07-23T13:59:56.753Z"}}, {"id": "ebb962d4-9d52-48ef-9a7c-38819989ae1a", "type": "layer", "attributes": {"name": "1990 Availability of Ruminant Meat (Beef, Lamb, Goat) (kcal/capita/day)", "slug": "1990-Availability-of-Ruminant-Meat-Beef-Lamb-Goat-kcalcapitaday", "dataset": "5aeb8da8-3ae6-47a4-b21b-714819e93146", "description": "The number of kilocalories per capita per day of ruminant animal meat available including beef, lamb, and goat meat.", "application": ["rw"], "iso": [], "provider": "cartodb", "userId": "58f63c81bd32c60206ed6b12", "default": false, "protected": false, "published": true, "env": "production", "layerConfig": {"timelineLabel": "1990", "order": 1990, "timeline": true, "account": "wri-rw", "body": {"maxzoom": 18, "minzoom": 3, "layers": [{"type": "mapnik", "options": {"sql": "SELECT wri.cartodb_id, ST_Transform(wri.the_geom, 3857) AS the_geom_webmercator, data.country, data.value, data.year FROM foo_056b_ruminant_products data LEFT OUTER JOIN wri_countries_a wri ON wri.name ILIKE TRIM(data.country) WHERE data.value IS NOT NULL AND data.year = '1990' AND wri.iso_a3 IS NOT NULL UNION SELECT wri.cartodb_id, ST_Transform(wri.the_geom, 3857) AS the_geom_webmercator, data.country, data.value, data.year FROM foo_056b_ruminant_products data INNER JOIN rw_aliasing_countries aliasing ON TRIM(data.country) ILIKE aliasing.alias INNER JOIN wri_countries_a wri ON wri.iso_a3 = aliasing.iso WHERE data.value IS NOT NULL", "cartocss": "#layer {polygon-opacity:1; line-width:0.3; line-color:#FFF; line-opacity:1;} [value>100]{polygon-fill:#a50f15;} [value>75][value<=100]{polygon-fill:#de2d26;} [value>50][value<=75]{polygon-fill:#fb6a4a;} [value>25][value<=50]{polygon-fill:#fc9272;} [value>10][value<=25]{polygon-fill:#fcbba1;} [value<=10]{polygon-fill:#fee5d9;}", "cartocss_version": "2.3.0"}}], "vectorLayers": [{"paint": {"line-width": 0.3, "line-color": "#FFF", "line-opacity": 1}, "source-layer": "layer0", "type": "line", "filter": ["all"]}, {"paint": {"fill-opacity": 1}, "source-layer": "layer0", "type": "fill", "filter": ["all"]}, {"paint": {"fill-color": "#a50f15"}, "source-layer": "layer0", "type": "fill", "filter": ["all", [">", "value", 100]]}, {"paint": {"fill-color": "#de2d26"}, "source-layer": "layer0", "type": "fill", "filter": ["all", [">", "value", 75], ["<=", "value", 100]]}, {"paint": {"fill-color": "#fb6a4a"}, "source-layer": "layer0", "type": "fill", "filter": ["all", [">", "value", 50], ["<=", "value", 75]]}, {"paint": {"fill-color": "#fc9272"}, "source-layer": "layer0", "type": "fill", "filter": ["all", [">", "value", 25], ["<=", "value", 50]]}, {"paint": {"fill-color": "#fcbba1"}, "source-layer": "layer0", "type": "fill", "filter": ["all", [">", "value", 10], ["<=", "value", 25]]}, {"paint": {"fill-color": "#fee5d9"}, "source-layer": "layer0", "type": "fill", "filter": ["all", ["<=", "value", 10]]}]}}, "legendConfig": {"items": [{"color": "#fee5d9", "name": "\u226410"}, {"color": "#fcbba1", "name": "\u226425"}, {"color": "#fc9272", "name": "\u226450"}, {"color": "#fb6a4a", "name": "\u226475"}, {"color": "#de2d26", "name": "\u2264100"}, {"color": "#a50f15", "name": ">100"}], "type": "choropleth"}, "interactionConfig": {"output": [{"type": "string", "suffix": "", "property": "Country", "prefix": "", "format": null, "column": "country"}, {"type": "number", "suffix": "", "property": "Year", "prefix": "", "format": null, "column": "year"}, {"type": "number", "suffix": "", "property": " kcal/capita/day", "prefix": "", "format": null, "column": "value"}]}, "applicationConfig": {}, "staticImageConfig": {}, "createdAt": "2020-02-06T15:27:31.170Z", "updatedAt": "2019-07-23T14:07:32.391Z"}}, {"id": "0a77fe96-23ad-4504-b082-bad75c47eee7", "type": "layer", "attributes": {"name": "2000 Availability of Ruminant Meat (Beef, Lamb, Goat) (kcal/capita/day)", "slug": "2000-Availability-of-Ruminant-Meat-Beef-Lamb-Goat-kcalcapitaday", "dataset": "5aeb8da8-3ae6-47a4-b21b-714819e93146", "description": "The number of kilocalories per capita per day of ruminant animal meat available including beef, lamb, and goat meat.", "application": ["rw"], "iso": [], "provider": "cartodb", "userId": "58f63c81bd32c60206ed6b12", "default": false, "protected": false, "published": true, "env": "production", "layerConfig": {"body": {"layers": [{"options": {"cartocss_version": "2.3.0", "cartocss": "#layer {polygon-opacity:1; line-width:0.3; line-color:#FFF; line-opacity:1;} [value>100]{polygon-fill:#a50f15;} [value>75][value<=100]{polygon-fill:#de2d26;} [value>50][value<=75]{polygon-fill:#fb6a4a;} [value>25][value<=50]{polygon-fill:#fc9272;} [value>10][value<=25]{polygon-fill:#fcbba1;} [value<=10]{polygon-fill:#fee5d9;}", "sql": "SELECT wri.cartodb_id, ST_Transform(wri.the_geom, 3857) AS the_geom_webmercator, data.country, data.value, data.year FROM foo_056b_ruminant_products data LEFT OUTER JOIN wri_countries_a wri ON wri.name ILIKE TRIM(data.country) WHERE data.value IS NOT NULL AND data.year = '2000' AND wri.iso_a3 IS NOT NULL UNION SELECT wri.cartodb_id, ST_Transform(wri.the_geom, 3857) AS the_geom_webmercator, data.country, data.value, data.year FROM foo_056b_ruminant_products data INNER JOIN rw_aliasing_countries aliasing ON TRIM(data.country) ILIKE aliasing.alias INNER JOIN wri_countries_a wri ON wri.iso_a3 = aliasing.iso WHERE data.value IS NOT NULL"}, "type": "mapnik"}], "minzoom": 3, "maxzoom": 18, "vectorLayers": [{"paint": {"line-width": 0.3, "line-color": "#FFF", "line-opacity": 1}, "source-layer": "layer0", "type": "line", "filter": ["all"]}, {"paint": {"fill-opacity": 1}, "source-layer": "layer0", "type": "fill", "filter": ["all"]}, {"paint": {"fill-color": "#a50f15"}, "source-layer": "layer0", "type": "fill", "filter": ["all", [">", "value", 100]]}, {"paint": {"fill-color": "#de2d26"}, "source-layer": "layer0", "type": "fill", "filter": ["all", [">", "value", 75], ["<=", "value", 100]]}, {"paint": {"fill-color": "#fb6a4a"}, "source-layer": "layer0", "type": "fill", "filter": ["all", [">", "value", 50], ["<=", "value", 75]]}, {"paint": {"fill-color": "#fc9272"}, "source-layer": "layer0", "type": "fill", "filter": ["all", [">", "value", 25], ["<=", "value", 50]]}, {"paint": {"fill-color": "#fcbba1"}, "source-layer": "layer0", "type": "fill", "filter": ["all", [">", "value", 10], ["<=", "value", 25]]}, {"paint": {"fill-color": "#fee5d9"}, "source-layer": "layer0", "type": "fill", "filter": ["all", ["<=", "value", 10]]}]}, "account": "wri-rw", "timeline": true, "order": 2000, "timelineLabel": "2000"}, "legendConfig": {"items": [{"color": "#fee5d9", "name": "\u226410"}, {"color": "#fcbba1", "name": "\u226425"}, {"color": "#fc9272", "name": "\u226450"}, {"color": "#fb6a4a", "name": "\u226475"}, {"color": "#de2d26", "name": "\u2264100"}, {"color": "#a50f15", "name": ">100"}], "type": "choropleth"}, "interactionConfig": {"output": [{"type": "string", "suffix": "", "property": "Country", "prefix": "", "format": null, "column": "country"}, {"type": "number", "suffix": "", "property": "Year", "prefix": "", "format": null, "column": "year"}, {"type": "number", "suffix": "", "property": " kcal/capita/day", "prefix": "", "format": null, "column": "value"}]}, "applicationConfig": {}, "staticImageConfig": {}, "createdAt": "2020-02-06T15:27:31.170Z", "updatedAt": "2019-07-23T14:05:41.366Z"}}, {"id": "78588c36-ac69-4dd1-ab21-0f15425f6bfd", "type": "layer", "attributes": {"name": "2010 Availability of Ruminant Meat (Beef, Lamb, Goat) (kcal/capita/day)", "slug": "2010-Availability-of-Ruminant-Meat-Beef-Lamb-Goat-kcalcapitaday", "dataset": "5aeb8da8-3ae6-47a4-b21b-714819e93146", "description": "The number of kilocalories per capita per day of ruminant animal meat available including beef, lamb, and goat meat.", "application": ["rw"], "iso": [], "provider": "cartodb", "userId": "58f63c81bd32c60206ed6b12", "default": false, "protected": false, "published": true, "env": "production", "layerConfig": {"body": {"layers": [{"options": {"cartocss_version": "2.3.0", "cartocss": "#layer {polygon-opacity:1; line-width:0.3; line-color:#FFF; line-opacity:1;} [value>100]{polygon-fill:#a50f15;} [value>75][value<=100]{polygon-fill:#de2d26;} [value>50][value<=75]{polygon-fill:#fb6a4a;} [value>25][value<=50]{polygon-fill:#fc9272;} [value>10][value<=25]{polygon-fill:#fcbba1;} [value<=10]{polygon-fill:#fee5d9;}", "sql": "SELECT wri.cartodb_id, ST_Transform(wri.the_geom, 3857) AS the_geom_webmercator, data.country, data.value, data.year FROM foo_056b_ruminant_products data LEFT OUTER JOIN wri_countries_a wri ON wri.name ILIKE TRIM(data.country) WHERE data.value IS NOT NULL AND data.year = '2010' AND wri.iso_a3 IS NOT NULL UNION SELECT wri.cartodb_id, ST_Transform(wri.the_geom, 3857) AS the_geom_webmercator, data.country, data.value, data.year FROM foo_056b_ruminant_products data INNER JOIN rw_aliasing_countries aliasing ON TRIM(data.country) ILIKE aliasing.alias INNER JOIN wri_countries_a wri ON wri.iso_a3 = aliasing.iso WHERE data.value IS NOT NULL"}, "type": "mapnik"}], "minzoom": 3, "maxzoom": 18, "vectorLayers": [{"paint": {"line-width": 0.3, "line-color": "#FFF", "line-opacity": 1}, "source-layer": "layer0", "type": "line", "filter": ["all"]}, {"paint": {"fill-opacity": 1}, "source-layer": "layer0", "type": "fill", "filter": ["all"]}, {"paint": {"fill-color": "#a50f15"}, "source-layer": "layer0", "type": "fill", "filter": ["all", [">", "value", 100]]}, {"paint": {"fill-color": "#de2d26"}, "source-layer": "layer0", "type": "fill", "filter": ["all", [">", "value", 75], ["<=", "value", 100]]}, {"paint": {"fill-color": "#fb6a4a"}, "source-layer": "layer0", "type": "fill", "filter": ["all", [">", "value", 50], ["<=", "value", 75]]}, {"paint": {"fill-color": "#fc9272"}, "source-layer": "layer0", "type": "fill", "filter": ["all", [">", "value", 25], ["<=", "value", 50]]}, {"paint": {"fill-color": "#fcbba1"}, "source-layer": "layer0", "type": "fill", "filter": ["all", [">", "value", 10], ["<=", "value", 25]]}, {"paint": {"fill-color": "#fee5d9"}, "source-layer": "layer0", "type": "fill", "filter": ["all", ["<=", "value", 10]]}]}, "account": "wri-rw", "timeline": true, "order": 2010, "timelineLabel": "2010"}, "legendConfig": {"items": [{"color": "#fee5d9", "name": "\u226410"}, {"color": "#fcbba1", "name": "\u226425"}, {"color": "#fc9272", "name": "\u226450"}, {"color": "#fb6a4a", "name": "\u226475"}, {"color": "#de2d26", "name": "\u2264100"}, {"color": "#a50f15", "name": ">100"}], "type": "choropleth"}, "interactionConfig": {"output": [{"type": "string", "suffix": "", "property": "Country", "prefix": "", "format": null, "column": "country"}, {"type": "number", "suffix": "", "property": "Year", "prefix": "", "format": null, "column": "year"}, {"type": "number", "suffix": "", "property": " kcal/capita/day", "prefix": "", "format": null, "column": "value"}]}, "applicationConfig": {}, "staticImageConfig": {}, "createdAt": "2020-02-06T15:27:31.170Z", "updatedAt": "2019-07-23T14:10:36.767Z"}}, {"id": "256cc955-6b22-4387-8f67-6451b8dd0c48", "type": "layer", "attributes": {"name": "2020 Availability of Ruminant Meat (Beef, Lamb, Goat) (kcal/capita/day)", "slug": "2020-Availability-of-Ruminant-Meat-Beef-Lamb-Goat-kcalcapitaday", "dataset": "5aeb8da8-3ae6-47a4-b21b-714819e93146", "description": "The number of kilocalories per capita per day of ruminant animal meat available including beef, lamb, and goat meat.", "application": ["rw"], "iso": [], "provider": "cartodb", "userId": "58f63c81bd32c60206ed6b12", "default": false, "protected": false, "published": true, "env": "production", "layerConfig": {"body": {"layers": [{"options": {"cartocss_version": "2.3.0", "cartocss": "#layer {polygon-opacity:1; line-width:0.3; line-color:#FFF; line-opacity:1;} [value>100]{polygon-fill:#a50f15;} [value>75][value<=100]{polygon-fill:#de2d26;} [value>50][value<=75]{polygon-fill:#fb6a4a;} [value>25][value<=50]{polygon-fill:#fc9272;} [value>10][value<=25]{polygon-fill:#fcbba1;} [value<=10]{polygon-fill:#fee5d9;}", "sql": "SELECT wri.cartodb_id, ST_Transform(wri.the_geom, 3857) AS the_geom_webmercator, data.country, data.value, data.year FROM foo_056b_ruminant_products data LEFT OUTER JOIN wri_countries_a wri ON wri.name ILIKE TRIM(data.country) WHERE data.value IS NOT NULL AND data.year = '2020' AND wri.iso_a3 IS NOT NULL UNION SELECT wri.cartodb_id, ST_Transform(wri.the_geom, 3857) AS the_geom_webmercator, data.country, data.value, data.year FROM foo_056b_ruminant_products data INNER JOIN rw_aliasing_countries aliasing ON TRIM(data.country) ILIKE aliasing.alias INNER JOIN wri_countries_a wri ON wri.iso_a3 = aliasing.iso WHERE data.value IS NOT NULL"}, "type": "mapnik"}], "minzoom": 3, "maxzoom": 18, "vectorLayers": [{"paint": {"line-width": 0.3, "line-color": "#FFF", "line-opacity": 1}, "source-layer": "layer0", "type": "line", "filter": ["all"]}, {"paint": {"fill-opacity": 1}, "source-layer": "layer0", "type": "fill", "filter": ["all"]}, {"paint": {"fill-color": "#a50f15"}, "source-layer": "layer0", "type": "fill", "filter": ["all", [">", "value", 100]]}, {"paint": {"fill-color": "#de2d26"}, "source-layer": "layer0", "type": "fill", "filter": ["all", [">", "value", 75], ["<=", "value", 100]]}, {"paint": {"fill-color": "#fb6a4a"}, "source-layer": "layer0", "type": "fill", "filter": ["all", [">", "value", 50], ["<=", "value", 75]]}, {"paint": {"fill-color": "#fc9272"}, "source-layer": "layer0", "type": "fill", "filter": ["all", [">", "value", 25], ["<=", "value", 50]]}, {"paint": {"fill-color": "#fcbba1"}, "source-layer": "layer0", "type": "fill", "filter": ["all", [">", "value", 10], ["<=", "value", 25]]}, {"paint": {"fill-color": "#fee5d9"}, "source-layer": "layer0", "type": "fill", "filter": ["all", ["<=", "value", 10]]}]}, "account": "wri-rw", "timeline": true, "order": 2020, "timelineLabel": "2020"}, "legendConfig": {"items": [{"color": "#fee5d9", "name": "\u226410"}, {"color": "#fcbba1", "name": "\u226425"}, {"color": "#fc9272", "name": "\u226450"}, {"color": "#fb6a4a", "name": "\u226475"}, {"color": "#de2d26", "name": "\u2264100"}, {"color": "#a50f15", "name": ">100"}], "type": "choropleth"}, "interactionConfig": {"output": [{"type": "string", "suffix": "", "property": "Country", "prefix": "", "format": null, "column": "country"}, {"type": "number", "suffix": "", "property": "Year", "prefix": "", "format": null, "column": "year"}, {"type": "number", "suffix": "", "property": " kcal/capita/day", "prefix": "", "format": null, "column": "value"}]}, "applicationConfig": {}, "staticImageConfig": {}, "createdAt": "2020-02-06T15:27:31.170Z", "updatedAt": "2019-07-23T13:57:29.101Z"}}, {"id": "61338b0a-8d26-4ba2-9635-4bd976a0a4ac", "type": "layer", "attributes": {"name": "2030 Availability of Ruminant Meat (Beef, Lamb, Goat) (kcal/capita/day)", "slug": "2030-Availability-of-Ruminant-Meat-Beef-Lamb-Goat-kcalcapitaday", "dataset": "5aeb8da8-3ae6-47a4-b21b-714819e93146", "description": "The number of kilocalories per capita per day of ruminant animal meat available including beef, lamb, and goat meat.", "application": ["rw"], "iso": [], "provider": "cartodb", "userId": "58f63c81bd32c60206ed6b12", "default": false, "protected": false, "published": true, "env": "production", "layerConfig": {"body": {"layers": [{"options": {"cartocss_version": "2.3.0", "cartocss": "#layer {polygon-opacity:1; line-width:0.3; line-color:#FFF; line-opacity:1;} [value>100]{polygon-fill:#a50f15;} [value>75][value<=100]{polygon-fill:#de2d26;} [value>50][value<=75]{polygon-fill:#fb6a4a;} [value>25][value<=50]{polygon-fill:#fc9272;} [value>10][value<=25]{polygon-fill:#fcbba1;} [value<=10]{polygon-fill:#fee5d9;}", "sql": "SELECT wri.cartodb_id, ST_Transform(wri.the_geom, 3857) AS the_geom_webmercator, data.country, data.value, data.year FROM foo_056b_ruminant_products data LEFT OUTER JOIN wri_countries_a wri ON wri.name ILIKE TRIM(data.country) WHERE data.value IS NOT NULL AND data.year = '2030' AND wri.iso_a3 IS NOT NULL UNION SELECT wri.cartodb_id, ST_Transform(wri.the_geom, 3857) AS the_geom_webmercator, data.country, data.value, data.year FROM foo_056b_ruminant_products data INNER JOIN rw_aliasing_countries aliasing ON TRIM(data.country) ILIKE aliasing.alias INNER JOIN wri_countries_a wri ON wri.iso_a3 = aliasing.iso WHERE data.value IS NOT NULL"}, "type": "mapnik"}], "minzoom": 3, "maxzoom": 18, "vectorLayers": [{"paint": {"line-width": 0.3, "line-color": "#FFF", "line-opacity": 1}, "source-layer": "layer0", "type": "line", "filter": ["all"]}, {"paint": {"fill-opacity": 1}, "source-layer": "layer0", "type": "fill", "filter": ["all"]}, {"paint": {"fill-color": "#a50f15"}, "source-layer": "layer0", "type": "fill", "filter": ["all", [">", "value", 100]]}, {"paint": {"fill-color": "#de2d26"}, "source-layer": "layer0", "type": "fill", "filter": ["all", [">", "value", 75], ["<=", "value", 100]]}, {"paint": {"fill-color": "#fb6a4a"}, "source-layer": "layer0", "type": "fill", "filter": ["all", [">", "value", 50], ["<=", "value", 75]]}, {"paint": {"fill-color": "#fc9272"}, "source-layer": "layer0", "type": "fill", "filter": ["all", [">", "value", 25], ["<=", "value", 50]]}, {"paint": {"fill-color": "#fcbba1"}, "source-layer": "layer0", "type": "fill", "filter": ["all", [">", "value", 10], ["<=", "value", 25]]}, {"paint": {"fill-color": "#fee5d9"}, "source-layer": "layer0", "type": "fill", "filter": ["all", ["<=", "value", 10]]}]}, "account": "wri-rw", "timeline": true, "order": 2030, "timelineLabel": "2030"}, "legendConfig": {"items": [{"color": "#fee5d9", "name": "\u226410"}, {"color": "#fcbba1", "name": "\u226425"}, {"color": "#fc9272", "name": "\u226450"}, {"color": "#fb6a4a", "name": "\u226475"}, {"color": "#de2d26", "name": "\u2264100"}, {"color": "#a50f15", "name": ">100"}], "type": "choropleth"}, "interactionConfig": {"output": [{"type": "string", "suffix": "", "property": "Country", "prefix": "", "format": null, "column": "country"}, {"type": "number", "suffix": "", "property": "Year", "prefix": "", "format": null, "column": "year"}, {"type": "number", "suffix": "", "property": " kcal/capita/day", "prefix": "", "format": null, "column": "value"}]}, "applicationConfig": {}, "staticImageConfig": {}, "createdAt": "2020-02-06T15:27:31.170Z", "updatedAt": "2019-07-23T14:05:24.655Z"}}, {"id": "d9dd671a-5bab-498d-826a-c1ab0ee46869", "type": "layer", "attributes": {"name": "2040 Availability of Ruminant Meat (Beef, Lamb, Goat) (kcal/capita/day)", "slug": "2040-Availability-of-Ruminant-Meat-Beef-Lamb-Goat-kcalcapitaday", "dataset": "5aeb8da8-3ae6-47a4-b21b-714819e93146", "description": "The number of kilocalories per capita per day of ruminant animal meat available including beef, lamb, and goat meat.", "application": ["rw"], "iso": [], "provider": "cartodb", "userId": "58f63c81bd32c60206ed6b12", "default": false, "protected": false, "published": true, "env": "production", "layerConfig": {"timelineLabel": "2040", "order": 2040, "timeline": true, "account": "wri-rw", "body": {"maxzoom": 18, "minzoom": 3, "layers": [{"type": "mapnik", "options": {"sql": "SELECT wri.cartodb_id, ST_Transform(wri.the_geom, 3857) AS the_geom_webmercator, data.country, data.value, data.year FROM foo_056b_ruminant_products data LEFT OUTER JOIN wri_countries_a wri ON wri.name ILIKE TRIM(data.country) WHERE data.value IS NOT NULL AND data.year = '2040' AND wri.iso_a3 IS NOT NULL UNION SELECT wri.cartodb_id, ST_Transform(wri.the_geom, 3857) AS the_geom_webmercator, data.country, data.value, data.year FROM foo_056b_ruminant_products data INNER JOIN rw_aliasing_countries aliasing ON TRIM(data.country) ILIKE aliasing.alias INNER JOIN wri_countries_a wri ON wri.iso_a3 = aliasing.iso WHERE data.value IS NOT NULL", "cartocss": "#layer {polygon-opacity:1; line-width:0.3; line-color:#FFF; line-opacity:1;} [value>100]{polygon-fill:#a50f15;} [value>75][value<=100]{polygon-fill:#de2d26;} [value>50][value<=75]{polygon-fill:#fb6a4a;} [value>25][value<=50]{polygon-fill:#fc9272;} [value>10][value<=25]{polygon-fill:#fcbba1;} [value<=10]{polygon-fill:#fee5d9;}", "cartocss_version": "2.3.0"}}], "vectorLayers": [{"paint": {"line-width": 0.3, "line-color": "#FFF", "line-opacity": 1}, "source-layer": "layer0", "type": "line", "filter": ["all"]}, {"paint": {"fill-opacity": 1}, "source-layer": "layer0", "type": "fill", "filter": ["all"]}, {"paint": {"fill-color": "#a50f15"}, "source-layer": "layer0", "type": "fill", "filter": ["all", [">", "value", 100]]}, {"paint": {"fill-color": "#de2d26"}, "source-layer": "layer0", "type": "fill", "filter": ["all", [">", "value", 75], ["<=", "value", 100]]}, {"paint": {"fill-color": "#fb6a4a"}, "source-layer": "layer0", "type": "fill", "filter": ["all", [">", "value", 50], ["<=", "value", 75]]}, {"paint": {"fill-color": "#fc9272"}, "source-layer": "layer0", "type": "fill", "filter": ["all", [">", "value", 25], ["<=", "value", 50]]}, {"paint": {"fill-color": "#fcbba1"}, "source-layer": "layer0", "type": "fill", "filter": ["all", [">", "value", 10], ["<=", "value", 25]]}, {"paint": {"fill-color": "#fee5d9"}, "source-layer": "layer0", "type": "fill", "filter": ["all", ["<=", "value", 10]]}]}}, "legendConfig": {"items": [{"color": "#fee5d9", "name": "\u226410"}, {"color": "#fcbba1", "name": "\u226425"}, {"color": "#fc9272", "name": "\u226450"}, {"color": "#fb6a4a", "name": "\u226475"}, {"color": "#de2d26", "name": "\u2264100"}, {"color": "#a50f15", "name": ">100"}], "type": "choropleth"}, "interactionConfig": {"output": [{"type": "string", "suffix": "", "property": "Country", "prefix": "", "format": null, "column": "country"}, {"type": "number", "suffix": "", "property": "Year", "prefix": "", "format": null, "column": "year"}, {"type": "number", "suffix": "", "property": " kcal/capita/day", "prefix": "", "format": null, "column": "value"}]}, "applicationConfig": {}, "staticImageConfig": {}, "createdAt": "2020-02-06T15:27:31.170Z", "updatedAt": "2019-07-23T13:56:53.710Z"}}, {"id": "ce0fc5aa-6633-48f2-8a9c-7b0cca165a28", "type": "layer", "attributes": {"name": "2050 Availability of Ruminant Meat (Beef, Lamb, Goat) (kcal/capita/day)", "slug": "2050-Availability-of-Ruminant-Meat-Beef-Lamb-Goat-kcalcapitaday", "dataset": "5aeb8da8-3ae6-47a4-b21b-714819e93146", "description": "The number of kilocalories per capita per day of ruminant animal meat available including beef, lamb, and goat meat.", "application": ["rw"], "iso": [], "provider": "cartodb", "userId": "58f63c81bd32c60206ed6b12", "default": false, "protected": false, "published": true, "env": "production", "layerConfig": {"timelineLabel": "2050", "order": 2050, "timeline": true, "account": "wri-rw", "body": {"maxzoom": 18, "minzoom": 3, "layers": [{"type": "mapnik", "options": {"sql": "SELECT wri.cartodb_id, ST_Transform(wri.the_geom, 3857) AS the_geom_webmercator, data.country, data.value, data.year FROM foo_056b_ruminant_products data LEFT OUTER JOIN wri_countries_a wri ON wri.name ILIKE TRIM(data.country) WHERE data.value IS NOT NULL AND data.year = '2050' AND wri.iso_a3 IS NOT NULL UNION SELECT wri.cartodb_id, ST_Transform(wri.the_geom, 3857) AS the_geom_webmercator, data.country, data.value, data.year FROM foo_056b_ruminant_products data INNER JOIN rw_aliasing_countries aliasing ON TRIM(data.country) ILIKE aliasing.alias INNER JOIN wri_countries_a wri ON wri.iso_a3 = aliasing.iso WHERE data.value IS NOT NULL", "cartocss": "#layer {polygon-opacity:1; line-width:0.3; line-color:#FFF; line-opacity:1;} [value>100]{polygon-fill:#a50f15;} [value>75][value<=100]{polygon-fill:#de2d26;} [value>50][value<=75]{polygon-fill:#fb6a4a;} [value>25][value<=50]{polygon-fill:#fc9272;} [value>10][value<=25]{polygon-fill:#fcbba1;} [value<=10]{polygon-fill:#fee5d9;}", "cartocss_version": "2.3.0"}}], "vectorLayers": [{"paint": {"line-width": 0.3, "line-color": "#FFF", "line-opacity": 1}, "source-layer": "layer0", "type": "line", "filter": ["all"]}, {"paint": {"fill-opacity": 1}, "source-layer": "layer0", "type": "fill", "filter": ["all"]}, {"paint": {"fill-color": "#a50f15"}, "source-layer": "layer0", "type": "fill", "filter": ["all", [">", "value", 100]]}, {"paint": {"fill-color": "#de2d26"}, "source-layer": "layer0", "type": "fill", "filter": ["all", [">", "value", 75], ["<=", "value", 100]]}, {"paint": {"fill-color": "#fb6a4a"}, "source-layer": "layer0", "type": "fill", "filter": ["all", [">", "value", 50], ["<=", "value", 75]]}, {"paint": {"fill-color": "#fc9272"}, "source-layer": "layer0", "type": "fill", "filter": ["all", [">", "value", 25], ["<=", "value", 50]]}, {"paint": {"fill-color": "#fcbba1"}, "source-layer": "layer0", "type": "fill", "filter": ["all", [">", "value", 10], ["<=", "value", 25]]}, {"paint": {"fill-color": "#fee5d9"}, "source-layer": "layer0", "type": "fill", "filter": ["all", ["<=", "value", 10]]}]}}, "legendConfig": {"items": [{"color": "#fee5d9", "name": "\u226410"}, {"color": "#fcbba1", "name": "\u226425"}, {"color": "#fc9272", "name": "\u226450"}, {"color": "#fb6a4a", "name": "\u226475"}, {"color": "#de2d26", "name": "\u2264100"}, {"color": "#a50f15", "name": ">100"}], "type": "choropleth"}, "interactionConfig": {"output": [{"type": "string", "suffix": "", "property": "Country", "prefix": "", "format": null, "column": "country"}, {"type": "number", "suffix": "", "property": "Year", "prefix": "", "format": null, "column": "year"}, {"type": "number", "suffix": "", "property": " kcal/capita/day", "prefix": "", "format": null, "column": "value"}]}, "applicationConfig": {}, "staticImageConfig": {}, "createdAt": "2020-02-06T15:27:31.170Z", "updatedAt": "2019-07-23T14:13:33.379Z"}}], "vocabulary": [{"type": "vocabulary", "attributes": {"resource": {"id": "5aeb8da8-3ae6-47a4-b21b-714819e93146", "type": "dataset"}, "tags": ["geospatial", "food_and_agriculture", "vector", "historical", "future", "global", "annual"], "name": "knowledge_graph", "application": "rw"}}], "widgetRelevantProps": ["country", "year", "value"], "layerRelevantProps": []}}