{"id": "5edefab9-c707-447e-96f9-6115149e3a87", "type": "dataset", "server": "https://api.resourcewatch.org", "attributes": {"name": "(delete?- no it is being used in water dashboard) % crop growing in high water stress area", "slug": "crop-growing-in-high-water-risk-areas-by-2040", "type": "tabular", "subtitle": null, "application": ["rw"], "dataPath": null, "attributesPath": null, "connectorType": "rest", "provider": "cartodb", "userId": "58333dcfd9f39b189ca44c75", "connectorUrl": "https://wri-01.carto.com/api/v2/sql?q=SELECT * FROM crops", "sources": [], "tableName": "crops", "status": "saved", "published": false, "overwrite": false, "verified": false, "blockchain": {}, "mainDateField": null, "env": "production", "geoInfo": true, "protected": false, "legend": {"date": [], "region": [], "country": [], "nested": [], "integer": [], "short": [], "byte": [], "double": [], "float": [], "half_float": [], "scaled_float": [], "boolean": [], "binary": [], "text": [], "keyword": []}, "clonedHost": {}, "errorMessage": null, "taskId": null, "createdAt": "2020-02-06T15:27:12.596Z", "updatedAt": "2017-12-01T10:03:48.245Z", "dataLastUpdated": null, "metadata": [], "widget": [{"id": "b66f78b3-048f-4f39-ab5d-1b069aabde90", "type": "widget", "attributes": {"name": "new wid", "dataset": "5edefab9-c707-447e-96f9-6115149e3a87", "slug": "new-wid", "userId": "5be3027c571862e8910f1888", "description": "", "source": "", "authors": "", "application": ["rw"], "verified": false, "default": false, "protected": false, "defaultEditableWidget": false, "published": false, "freeze": false, "env": "production", "queryUrl": "", "widgetConfig": {"config": {"line": {"fillOpacity": 0, "stroke": "#3BB2D0", "interpolate": "linear"}, "rect": {"fill": "#3BB2D0"}, "symbol": {"stroke": "#fff", "fill": "#3BB2D0"}, "mark": {"fill": "#3BB2D0"}, "axisY": {"gridOpacity": 0.5, "gridColor": "#A9ABAD", "ticks": false, "grid": true, "tickOpacity": 0.5, "labelBaseline": "bottom", "labelAlign": "left", "domain": false}, "axisX": {"labelBaseline": "top", "labelAlign": "center", "domainColor": "#A9ABAD", "domainWidth": 1.2, "bandPosition": 0.5}, "axis": {"tickExtra": false, "tickOpacity": 0.5, "tickColor": "#A9ABAD", "tickSize": 8, "ticks": true, "labelPadding": 10, "labelColor": "#717171", "labelFont": "Lato", "labelFontSize": 13}, "range": {"ramp": {"scheme": "purples"}, "ordinal": {"scheme": "greens"}, "category20": ["#3BB2D0", "#2C75B0", "#FAB72E", "#EF4848", "#65B60D", "#C32D7B", "#F577B9", "#5FD2B8", "#F1800F", "#9F1C00", "#A5E9E3", "#B9D765", "#393F44", "#CACCD0", "#717171"], "dotSize": [20, 250]}}, "interaction_config": [{"config": {"fields": [{"format": ".2s", "type": "number", "property": "Iso", "column": "y"}, {"format": "d", "type": "number", "property": "Cell5m", "column": "x"}]}, "name": "tooltip"}], "marks": [{"encode": {"hover": {"opacity": {"value": 0.8}}, "update": {"y2": {"value": 0, "scale": "y"}, "y": {"field": "y", "scale": "y"}, "width": {"band": 1, "scale": "x"}, "x": {"field": "id", "scale": "x"}, "opacity": {"value": 1}}}, "from": {"data": "table"}, "type": "rect"}], "axes": [{"encode": {"labels": {"update": {"angle": {"signal": "width < 300 || data('table')[0].count > 10 ? -90 : 0"}, "baseline": {"signal": "width < 300 || data('table')[0].count > 10 ? 'middle' : 'top'"}, "align": {"signal": "width < 300 || data('table')[0].count > 10 ? 'right' : 'center'"}, "text": {"signal": "format(data('table')[datum.value - 1].x, 'd')"}}}}, "ticks": false, "labelOverlap": "parity", "scale": "x", "orient": "bottom"}, {"encode": {"labels": {"update": {"baseline": {"value": "bottom"}, "align": {"value": "right"}}}}, "format": "s", "labelOverlap": "parity", "scale": "y", "orient": "left"}], "scales": [{"domain": {"field": "id", "data": "table"}, "padding": 0.05, "range": "width", "type": "band", "name": "x"}, {"domain": {"field": "y", "data": "table"}, "zero": true, "nice": true, "range": "height", "type": "linear", "name": "y"}], "data": [{"format": {"property": "data", "type": "json"}, "url": "https://api.resourcewatch.org/v1/query/5edefab9-c707-447e-96f9-6115149e3a87?sql=SELECT%20cell5m%20as%20x%2C%20iso%20as%20y%20FROM%20crops%20%20%20ORDER%20BY%20iso%20desc LIMIT 50", "transform": [{"as": "id", "type": "identifier"}, {"as": ["count"], "type": "joinaggregate"}], "name": "table"}], "paramsConfig": {"layer": null, "band": null, "areaIntersection": null, "filters": [{"type": "string", "name": "crop"}], "chartType": "bar", "aggregateFunction": null, "orderBy": null, "size": null, "color": null, "category": {"type": "number", "name": "cell5m"}, "value": {"type": "string", "name": "iso"}, "limit": 50, "visualizationType": "chart"}}, "template": false, "createdAt": "2019-05-16T16:43:10.251Z", "updatedAt": "2019-05-16T16:43:10.251Z"}}, {"id": "b5ac3ab1-8828-4068-abcd-4389d236c386", "type": "widget", "attributes": {"name": "new wid", "dataset": "5edefab9-c707-447e-96f9-6115149e3a87", "slug": "new-wid_1", "userId": "5be3027c571862e8910f1888", "description": "", "source": "", "authors": "", "application": ["rw"], "verified": false, "default": false, "protected": false, "defaultEditableWidget": false, "published": false, "thumbnailUrl": "http://wri-api-backups.s3.amazonaws.com/resourcewatch/prod/thumbnails/b5ac3ab1-8828-4068-abcd-4389d236c386-1558024992202.png", "freeze": false, "env": "production", "queryUrl": "", "widgetConfig": {"config": {"line": {"fillOpacity": 0, "stroke": "#3BB2D0", "interpolate": "linear"}, "rect": {"fill": "#3BB2D0"}, "symbol": {"stroke": "#fff", "fill": "#3BB2D0"}, "mark": {"fill": "#3BB2D0"}, "axisY": {"gridOpacity": 0.5, "gridColor": "#A9ABAD", "ticks": false, "grid": true, "tickOpacity": 0.5, "labelBaseline": "bottom", "labelAlign": "left", "domain": false}, "axisX": {"labelBaseline": "top", "labelAlign": "center", "domainColor": "#A9ABAD", "domainWidth": 1.2, "bandPosition": 0.5}, "axis": {"tickExtra": false, "tickOpacity": 0.5, "tickColor": "#A9ABAD", "tickSize": 8, "ticks": true, "labelPadding": 10, "labelColor": "#717171", "labelFont": "Lato", "labelFontSize": 13}, "range": {"ramp": {"scheme": "purples"}, "ordinal": {"scheme": "greens"}, "category20": ["#3BB2D0", "#2C75B0", "#FAB72E", "#EF4848", "#65B60D", "#C32D7B", "#F577B9", "#5FD2B8", "#F1800F", "#9F1C00", "#A5E9E3", "#B9D765", "#393F44", "#CACCD0", "#717171"], "dotSize": [20, 250]}}, "interaction_config": [{"config": {"fields": [{"format": ".2s", "type": "number", "property": "Iso", "column": "y"}, {"format": "d", "type": "number", "property": "Cell5m", "column": "x"}]}, "name": "tooltip"}], "marks": [{"encode": {"hover": {"opacity": {"value": 0.8}}, "update": {"y2": {"value": 0, "scale": "y"}, "y": {"field": "y", "scale": "y"}, "width": {"band": 1, "scale": "x"}, "x": {"field": "id", "scale": "x"}, "opacity": {"value": 1}}}, "from": {"data": "table"}, "type": "rect"}], "axes": [{"encode": {"labels": {"update": {"angle": {"signal": "width < 300 || data('table')[0].count > 10 ? -90 : 0"}, "baseline": {"signal": "width < 300 || data('table')[0].count > 10 ? 'middle' : 'top'"}, "align": {"signal": "width < 300 || data('table')[0].count > 10 ? 'right' : 'center'"}, "text": {"signal": "format(data('table')[datum.value - 1].x, 'd')"}}}}, "ticks": false, "labelOverlap": "parity", "scale": "x", "orient": "bottom"}, {"encode": {"labels": {"update": {"baseline": {"value": "bottom"}, "align": {"value": "right"}}}}, "format": "s", "labelOverlap": "parity", "scale": "y", "orient": "left"}], "scales": [{"domain": {"field": "id", "data": "table"}, "padding": 0.05, "range": "width", "type": "band", "name": "x"}, {"domain": {"field": "y", "data": "table"}, "zero": true, "nice": true, "range": "height", "type": "linear", "name": "y"}], "data": [{"format": {"property": "data", "type": "json"}, "url": "https://api.resourcewatch.org/v1/query/5edefab9-c707-447e-96f9-6115149e3a87?sql=SELECT%20cell5m%20as%20x%2C%20iso%20as%20y%20FROM%20crops%20%20%20ORDER%20BY%20iso%20desc LIMIT 50", "transform": [{"as": "id", "type": "identifier"}, {"as": ["count"], "type": "joinaggregate"}], "name": "table"}], "paramsConfig": {"layer": null, "band": null, "areaIntersection": null, "filters": [{"type": "string", "name": "crop"}], "chartType": "bar", "aggregateFunction": null, "orderBy": null, "size": null, "color": null, "category": {"type": "number", "name": "cell5m"}, "value": {"type": "string", "name": "iso"}, "limit": 50, "visualizationType": "chart"}}, "template": false, "createdAt": "2019-05-16T16:43:12.166Z", "updatedAt": "2019-05-16T16:43:12.166Z"}}], "layer": [], "vocabulary": [{"type": "vocabulary", "attributes": {"resource": {"id": "5edefab9-c707-447e-96f9-6115149e3a87", "type": "dataset"}, "tags": ["vector", "geospatial", "global", "crop"], "name": "knowledge_graph", "application": "rw"}}], "widgetRelevantProps": ["cell5m", "irrigation", "area", "prod_level", "name_cntr", "basinid", "unit", "crop", "iso"], "layerRelevantProps": ["the_geom", "the_geom_webmercator", "cell5m", "crop", "irrigation", "unit", "area", "prod_level", "name_cntr", "basinid", "iso"]}}