{"id": "6118bdae-04ed-4c36-817c-ea7eaea4f17a", "type": "dataset", "server": "https://api.resourcewatch.org", "attributes": {"name": "for.023 Tree Cover Gain - 5m", "slug": "UMD-TreeCoverGain-5m", "type": "raster", "subtitle": "UMD", "application": ["rw"], "dataPath": null, "attributesPath": null, "connectorType": "rest", "provider": "gee", "userId": "5aafe4653fceab92e0793157", "connectorUrl": null, "sources": [], "tableName": "projects/wri-datalab/umd/TreeCoverGain-5m", "status": "saved", "published": true, "overwrite": false, "verified": false, "blockchain": {}, "subscribable": {}, "mainDateField": null, "env": "production", "geoInfo": true, "protected": false, "legend": {"date": [], "region": [], "country": [], "nested": [], "integer": [], "short": [], "byte": [], "double": [], "float": [], "half_float": [], "scaled_float": [], "boolean": [], "binary": [], "text": [], "keyword": []}, "clonedHost": {}, "errorMessage": "", "taskId": null, "createdAt": "2020-02-06T15:28:01.424Z", "updatedAt": "2018-04-05T02:14:14.369Z", "dataLastUpdated": null, "metadata": [{"id": "5ac924ba976f8a0012fba879", "type": "metadata", "attributes": {"dataset": "6118bdae-04ed-4c36-817c-ea7eaea4f17a", "application": "rw", "resource": {"id": "6118bdae-04ed-4c36-817c-ea7eaea4f17a", "type": "dataset"}, "language": "en", "name": "Annual Tree Cover Gain", "description": "This data set shows tree cover regrowth for South America for the period 1987-2016. Tree cover height is estimated annually using Landsat satellite imagery calibrated with LIDAR data. Pixels are marked as having regrowth when they pass above 5 meters for three consecutive years. The data for 2015-2016 is considered preliminary, as there have only been two or one, respectively, height observations - data for these years will be updated in future years and may change. This is a provisional version of the data: the full version will be released in the coming months and expanded to other parts of the tropics.", "source": "UMD", "info": {"rwId": "for.023", "data_type": "Raster", "name": "Annual Tree Cover Gain", "sources": [{"source-name": "University of Maryland", "id": 0, "source-description": ""}], "technical_title": "Annual Tree Cover Gain (provisional)", "functions": "Shows growth of woody vegetation to over 5 meters in height", "cautions": "This is a provisional version of this data set, which will be updated in the coming months. The data is not available for download at this time.", "citation": "University of Maryland, 2018. \"Prototype annual tree cover gain\". Accessed through Resource Watch, (date). [www.resourcewatch.org](www.resourcewatch.org).", "license": "Restrictions apply", "license_link": null, "geographic_coverage": "South America", "spatial_resolution": "30 m", "date_of_content": "1987-2014, 2015-2016", "frequency_of_updates": "Annual", "learn_more_link": null, "data_download_link": null, "data_download_original_link": null}, "columns": {}, "createdAt": "2018-04-07T20:06:18.603Z", "updatedAt": "2020-02-04T19:46:31.407Z", "status": "published"}}], "widget": [{"id": "a616b764-276a-4421-943b-468d38b81b9a", "type": "widget", "attributes": {"name": "1988 Tree Cover Gain - 5m", "dataset": "6118bdae-04ed-4c36-817c-ea7eaea4f17a", "slug": "1988-Tree-Cover-Gain-5m", "userId": "58f66f96733af88e4f563967", "description": "Tree cover gain in 1988 signifies areas which had not been noted as forested areas at least 5m high for three years prior, and have been noted as forest over 5m for at least one year.", "source": "", "authors": "", "application": ["rw"], "verified": false, "default": true, "protected": false, "defaultEditableWidget": true, "published": true, "freeze": false, "env": "production", "queryUrl": "", "widgetConfig": {"paramsConfig": {"layer": "28f9b941-fcc5-4b8c-8a62-602584238c0b", "band": null, "areaIntersection": null, "filters": [], "chartType": null, "aggregateFunction": null, "orderBy": null, "size": null, "color": null, "category": null, "value": null, "limit": 50, "caption": null, "visualizationType": "map"}, "bbox": [-101.07421875, -57.89149735271031, -23.378906250000004, 29.22889003019423], "lng": -62.22656250000001, "lat": -19.973348786110602, "zoom": 3, "layer_id": "28f9b941-fcc5-4b8c-8a62-602584238c0b", "type": "map"}, "template": false, "createdAt": "2018-04-09T23:28:56.808Z", "updatedAt": "2018-04-09T23:28:56.808Z"}}], "layer": [{"id": "28f9b941-fcc5-4b8c-8a62-602584238c0b", "type": "layer", "attributes": {"name": "1988 Tree Cover Gain (Intensity)", "slug": "UMD-TreeCoverGain-5m-1988-Intensity", "dataset": "6118bdae-04ed-4c36-817c-ea7eaea4f17a", "description": "Areas of gross tree cover gain in 1988, where pixels marked as gain have surpassed 5 meters in height during the time period.", "application": ["rw"], "iso": [], "provider": "gee", "userId": "5aafe4653fceab92e0793157", "default": false, "protected": false, "published": true, "env": "production", "layerConfig": {"body": {"sldValue": "<RasterSymbolizer><ColorMap extended=\"false\" type=\"ramp\"><ColorMapEntry color=\"#000000\" label=\"None\" opacity=\"0\" quantity=\"4\" /><ColorMapEntry color=\"#e5f5f9\" label=\"Low\" quantity=\"5\" /><ColorMapEntry color=\"#99d8c9\" label=\"Medium\" quantity=\"10\" /><ColorMapEntry color=\"#2ca25f\" label=\"High\" quantity=\"20\" /></ColorMap></RasterSymbolizer>", "styleType": "sld"}, "timelineLabel": "1988", "assetId": "projects/wri-datalab/umd/TreeCoverGain-5m", "timeline": true, "isImageCollection": true, "provider": "gee", "position": "last", "order": 1988, "filterDates": ["1988-01-01", "1989-01-01"]}, "legendConfig": {"type": "choropleth", "items": [{"name": "Low", "color": "#e5f5f9"}, {"name": "Medium", "color": "#99d8c9"}, {"name": "High", "color": "#2ca25f"}]}, "interactionConfig": {"output": []}, "applicationConfig": {}, "staticImageConfig": {}, "createdAt": "2020-02-06T15:28:01.472Z", "updatedAt": "2018-04-10T02:25:44.497Z"}}, {"id": "9d277c65-6954-4e78-bedb-dfda90017ee9", "type": "layer", "attributes": {"name": "1989 Tree Cover Gain (Intensity)", "slug": "UMD-TreeCoverGain-5m-1989-Intensity", "dataset": "6118bdae-04ed-4c36-817c-ea7eaea4f17a", "description": "Areas of gross tree cover gain in 1989, where pixels marked as gain have surpassed 5 meters in height during the time period.", "application": ["rw"], "iso": [], "provider": "gee", "userId": "5aafe4653fceab92e0793157", "default": false, "protected": false, "published": true, "env": "production", "layerConfig": {"body": {"sldValue": "<RasterSymbolizer><ColorMap extended=\"false\" type=\"ramp\"><ColorMapEntry color=\"#000000\" label=\"None\" opacity=\"0\" quantity=\"4\" /><ColorMapEntry color=\"#e5f5f9\" label=\"Low\" quantity=\"5\" /><ColorMapEntry color=\"#99d8c9\" label=\"Medium\" quantity=\"10\" /><ColorMapEntry color=\"#2ca25f\" label=\"High\" quantity=\"20\" /></ColorMap></RasterSymbolizer>", "styleType": "sld"}, "timelineLabel": "1989", "assetId": "projects/wri-datalab/umd/TreeCoverGain-5m", "timeline": true, "isImageCollection": true, "provider": "gee", "position": "last", "order": 1989, "filterDates": ["1989-01-01", "1990-01-01"]}, "legendConfig": {"type": "choropleth", "items": [{"name": "Low", "color": "#e5f5f9"}, {"name": "Medium", "color": "#99d8c9"}, {"name": "High", "color": "#2ca25f"}]}, "interactionConfig": {"output": []}, "applicationConfig": {}, "staticImageConfig": {}, "createdAt": "2020-02-06T15:28:01.472Z", "updatedAt": "2018-04-10T02:26:27.432Z"}}, {"id": "5fe1ac6f-5aef-45db-b8f5-657df2a355db", "type": "layer", "attributes": {"name": "1990 Tree Cover Gain (Intensity)", "slug": "UMD-TreeCoverGain-5m-1990-Intensity", "dataset": "6118bdae-04ed-4c36-817c-ea7eaea4f17a", "description": "Areas of gross tree cover gain in 1990, where pixels marked as gain have surpassed 5 meters in height during the time period.", "application": ["rw"], "iso": [], "provider": "gee", "userId": "5aafe4653fceab92e0793157", "default": false, "protected": false, "published": true, "env": "production", "layerConfig": {"body": {"sldValue": "<RasterSymbolizer><ColorMap extended=\"false\" type=\"ramp\"><ColorMapEntry color=\"#000000\" label=\"None\" opacity=\"0\" quantity=\"4\" /><ColorMapEntry color=\"#e5f5f9\" label=\"Low\" quantity=\"5\" /><ColorMapEntry color=\"#99d8c9\" label=\"Medium\" quantity=\"10\" /><ColorMapEntry color=\"#2ca25f\" label=\"High\" quantity=\"20\" /></ColorMap></RasterSymbolizer>", "styleType": "sld"}, "timelineLabel": "1990", "assetId": "projects/wri-datalab/umd/TreeCoverGain-5m", "timeline": true, "isImageCollection": true, "provider": "gee", "position": "last", "order": 1990, "filterDates": ["1990-01-01", "1991-01-01"]}, "legendConfig": {"type": "choropleth", "items": [{"name": "Low", "color": "#e5f5f9"}, {"name": "Medium", "color": "#99d8c9"}, {"name": "High", "color": "#2ca25f"}]}, "interactionConfig": {"output": []}, "applicationConfig": {}, "staticImageConfig": {}, "createdAt": "2020-02-06T15:28:01.472Z", "updatedAt": "2018-04-10T02:26:44.857Z"}}, {"id": "dcdc5300-7ac7-4994-a669-919501bb35e7", "type": "layer", "attributes": {"name": "1991 Tree Cover Gain (Intensity)", "slug": "UMD-TreeCoverGain-5m-1991-Intensity", "dataset": "6118bdae-04ed-4c36-817c-ea7eaea4f17a", "description": "Areas of gross tree cover gain in 1991, where pixels marked as gain have surpassed 5 meters in height during the time period.", "application": ["rw"], "iso": [], "provider": "gee", "userId": "5aafe4653fceab92e0793157", "default": false, "protected": false, "published": true, "env": "production", "layerConfig": {"body": {"sldValue": "<RasterSymbolizer><ColorMap extended=\"false\" type=\"ramp\"><ColorMapEntry color=\"#000000\" label=\"None\" opacity=\"0\" quantity=\"4\" /><ColorMapEntry color=\"#e5f5f9\" label=\"Low\" quantity=\"5\" /><ColorMapEntry color=\"#99d8c9\" label=\"Medium\" quantity=\"10\" /><ColorMapEntry color=\"#2ca25f\" label=\"High\" quantity=\"20\" /></ColorMap></RasterSymbolizer>", "styleType": "sld"}, "timelineLabel": "1991", "assetId": "projects/wri-datalab/umd/TreeCoverGain-5m", "timeline": true, "isImageCollection": true, "provider": "gee", "position": "last", "order": 1991, "filterDates": ["1991-01-01", "1992-01-01"]}, "legendConfig": {"type": "choropleth", "items": [{"name": "Low", "color": "#e5f5f9"}, {"name": "Medium", "color": "#99d8c9"}, {"name": "High", "color": "#2ca25f"}]}, "interactionConfig": {"output": []}, "applicationConfig": {}, "staticImageConfig": {}, "createdAt": "2020-02-06T15:28:01.473Z", "updatedAt": "2018-04-10T02:27:19.323Z"}}, {"id": "3fa0567d-3999-49cf-bf02-9e82fe69ecf8", "type": "layer", "attributes": {"name": "1992 Tree Cover Gain (Intensity)", "slug": "UMD-TreeCoverGain-5m-1992-Intensity", "dataset": "6118bdae-04ed-4c36-817c-ea7eaea4f17a", "description": "Areas of gross tree cover gain in 1992, where pixels marked as gain have surpassed 5 meters in height during the time period.", "application": ["rw"], "iso": [], "provider": "gee", "userId": "5aafe4653fceab92e0793157", "default": false, "protected": false, "published": true, "env": "production", "layerConfig": {"body": {"sldValue": "<RasterSymbolizer><ColorMap extended=\"false\" type=\"ramp\"><ColorMapEntry color=\"#000000\" label=\"None\" opacity=\"0\" quantity=\"4\" /><ColorMapEntry color=\"#e5f5f9\" label=\"Low\" quantity=\"5\" /><ColorMapEntry color=\"#99d8c9\" label=\"Medium\" quantity=\"10\" /><ColorMapEntry color=\"#2ca25f\" label=\"High\" quantity=\"20\" /></ColorMap></RasterSymbolizer>", "styleType": "sld"}, "timelineLabel": "1992", "assetId": "projects/wri-datalab/umd/TreeCoverGain-5m", "timeline": true, "isImageCollection": true, "provider": "gee", "position": "last", "order": 1992, "filterDates": ["1992-01-01", "1993-01-01"]}, "legendConfig": {"type": "choropleth", "items": [{"name": "Low", "color": "#e5f5f9"}, {"name": "Medium", "color": "#99d8c9"}, {"name": "High", "color": "#2ca25f"}]}, "interactionConfig": {"output": []}, "applicationConfig": {}, "staticImageConfig": {}, "createdAt": "2020-02-06T15:28:01.473Z", "updatedAt": "2018-04-10T02:27:35.929Z"}}, {"id": "e40285b2-2dd3-4e04-a191-db3245d9faf3", "type": "layer", "attributes": {"name": "1993 Tree Cover Gain (Intensity)", "slug": "UMD-TreeCoverGain-5m-1993-Intensity", "dataset": "6118bdae-04ed-4c36-817c-ea7eaea4f17a", "description": "Areas of gross tree cover gain in 1993, where pixels marked as gain have surpassed 5 meters in height during the time period.", "application": ["rw"], "iso": [], "provider": "gee", "userId": "5aafe4653fceab92e0793157", "default": false, "protected": false, "published": true, "env": "production", "layerConfig": {"body": {"sldValue": "<RasterSymbolizer><ColorMap extended=\"false\" type=\"ramp\"><ColorMapEntry color=\"#000000\" label=\"None\" opacity=\"0\" quantity=\"4\" /><ColorMapEntry color=\"#e5f5f9\" label=\"Low\" quantity=\"5\" /><ColorMapEntry color=\"#99d8c9\" label=\"Medium\" quantity=\"10\" /><ColorMapEntry color=\"#2ca25f\" label=\"High\" quantity=\"20\" /></ColorMap></RasterSymbolizer>", "styleType": "sld"}, "timelineLabel": "1993", "assetId": "projects/wri-datalab/umd/TreeCoverGain-5m", "timeline": true, "isImageCollection": true, "provider": "gee", "position": "last", "order": 1993, "filterDates": ["1993-01-01", "1994-01-01"]}, "legendConfig": {"type": "choropleth", "items": [{"name": "Low", "color": "#e5f5f9"}, {"name": "Medium", "color": "#99d8c9"}, {"name": "High", "color": "#2ca25f"}]}, "interactionConfig": {"output": []}, "applicationConfig": {}, "staticImageConfig": {}, "createdAt": "2020-02-06T15:28:01.473Z", "updatedAt": "2018-04-10T02:27:50.105Z"}}, {"id": "b4167db5-2e92-4331-a203-a4225092d84b", "type": "layer", "attributes": {"name": "1994 Tree Cover Gain (Intensity)", "slug": "UMD-TreeCoverGain-5m-1994-Intensity", "dataset": "6118bdae-04ed-4c36-817c-ea7eaea4f17a", "description": "Areas of gross tree cover gain in 1994, where pixels marked as gain have surpassed 5 meters in height during the time period.", "application": ["rw"], "iso": [], "provider": "gee", "userId": "5aafe4653fceab92e0793157", "default": false, "protected": false, "published": true, "env": "production", "layerConfig": {"body": {"sldValue": "<RasterSymbolizer><ColorMap extended=\"false\" type=\"ramp\"><ColorMapEntry color=\"#000000\" label=\"None\" opacity=\"0\" quantity=\"4\" /><ColorMapEntry color=\"#e5f5f9\" label=\"Low\" quantity=\"5\" /><ColorMapEntry color=\"#99d8c9\" label=\"Medium\" quantity=\"10\" /><ColorMapEntry color=\"#2ca25f\" label=\"High\" quantity=\"20\" /></ColorMap></RasterSymbolizer>", "styleType": "sld"}, "timelineLabel": "1994", "assetId": "projects/wri-datalab/umd/TreeCoverGain-5m", "timeline": true, "isImageCollection": true, "provider": "gee", "position": "last", "order": 1994, "filterDates": ["1994-01-01", "1995-01-01"]}, "legendConfig": {"type": "choropleth", "items": [{"name": "Low", "color": "#e5f5f9"}, {"name": "Medium", "color": "#99d8c9"}, {"name": "High", "color": "#2ca25f"}]}, "interactionConfig": {"output": []}, "applicationConfig": {}, "staticImageConfig": {}, "createdAt": "2020-02-06T15:28:01.474Z", "updatedAt": "2018-04-10T02:28:05.265Z"}}, {"id": "e8d96411-0c5c-4a38-8fa0-1fc410dc300c", "type": "layer", "attributes": {"name": "1995 Tree Cover Gain (Intensity)", "slug": "UMD-TreeCoverGain-5m-1995-Intensity", "dataset": "6118bdae-04ed-4c36-817c-ea7eaea4f17a", "description": "Areas of gross tree cover gain in 1995, where pixels marked as gain have surpassed 5 meters in height during the time period.", "application": ["rw"], "iso": [], "provider": "gee", "userId": "5aafe4653fceab92e0793157", "default": false, "protected": false, "published": true, "env": "production", "layerConfig": {"body": {"sldValue": "<RasterSymbolizer><ColorMap extended=\"false\" type=\"ramp\"><ColorMapEntry color=\"#000000\" label=\"None\" opacity=\"0\" quantity=\"4\" /><ColorMapEntry color=\"#e5f5f9\" label=\"Low\" quantity=\"5\" /><ColorMapEntry color=\"#99d8c9\" label=\"Medium\" quantity=\"10\" /><ColorMapEntry color=\"#2ca25f\" label=\"High\" quantity=\"20\" /></ColorMap></RasterSymbolizer>", "styleType": "sld"}, "timelineLabel": "1995", "assetId": "projects/wri-datalab/umd/TreeCoverGain-5m", "timeline": true, "isImageCollection": true, "provider": "gee", "position": "last", "order": 1995, "filterDates": ["1995-01-01", "1996-01-01"]}, "legendConfig": {"type": "choropleth", "items": [{"name": "Low", "color": "#e5f5f9"}, {"name": "Medium", "color": "#99d8c9"}, {"name": "High", "color": "#2ca25f"}]}, "interactionConfig": {"output": []}, "applicationConfig": {}, "staticImageConfig": {}, "createdAt": "2020-02-06T15:28:01.474Z", "updatedAt": "2018-04-10T02:25:23.998Z"}}, {"id": "00ff2c2c-554f-47df-8094-981e61c00014", "type": "layer", "attributes": {"name": "1996 Tree Cover Gain (Intensity)", "slug": "UMD-TreeCoverGain-5m-1996-Intensity", "dataset": "6118bdae-04ed-4c36-817c-ea7eaea4f17a", "description": "Areas of gross tree cover gain in 1996, where pixels marked as gain have surpassed 5 meters in height during the time period.", "application": ["rw"], "iso": [], "provider": "gee", "userId": "5aafe4653fceab92e0793157", "default": false, "protected": false, "published": true, "env": "production", "layerConfig": {"body": {"sldValue": "<RasterSymbolizer><ColorMap extended=\"false\" type=\"ramp\"><ColorMapEntry color=\"#000000\" label=\"None\" opacity=\"0\" quantity=\"4\" /><ColorMapEntry color=\"#e5f5f9\" label=\"Low\" quantity=\"5\" /><ColorMapEntry color=\"#99d8c9\" label=\"Medium\" quantity=\"10\" /><ColorMapEntry color=\"#2ca25f\" label=\"High\" quantity=\"20\" /></ColorMap></RasterSymbolizer>", "styleType": "sld"}, "timelineLabel": "1996", "assetId": "projects/wri-datalab/umd/TreeCoverGain-5m", "timeline": true, "isImageCollection": true, "provider": "gee", "position": "last", "order": 1996, "filterDates": ["1996-01-01", "1997-01-01"]}, "legendConfig": {"type": "choropleth", "items": [{"name": "Low", "color": "#e5f5f9"}, {"name": "Medium", "color": "#99d8c9"}, {"name": "High", "color": "#2ca25f"}]}, "interactionConfig": {"output": []}, "applicationConfig": {}, "staticImageConfig": {}, "createdAt": "2020-02-06T15:28:01.474Z", "updatedAt": "2018-04-10T02:25:02.461Z"}}, {"id": "8ff0f47c-7287-4417-a9b2-7886426b1051", "type": "layer", "attributes": {"name": "1997 Tree Cover Gain (Intensity)", "slug": "UMD-TreeCoverGain-5m-1997-Intensity", "dataset": "6118bdae-04ed-4c36-817c-ea7eaea4f17a", "description": "Areas of gross tree cover gain in 1997, where pixels marked as gain have surpassed 5 meters in height during the time period.", "application": ["rw"], "iso": [], "provider": "gee", "userId": "5aafe4653fceab92e0793157", "default": false, "protected": false, "published": true, "env": "production", "layerConfig": {"body": {"sldValue": "<RasterSymbolizer><ColorMap extended=\"false\" type=\"ramp\"><ColorMapEntry color=\"#000000\" label=\"None\" opacity=\"0\" quantity=\"4\" /><ColorMapEntry color=\"#e5f5f9\" label=\"Low\" quantity=\"5\" /><ColorMapEntry color=\"#99d8c9\" label=\"Medium\" quantity=\"10\" /><ColorMapEntry color=\"#2ca25f\" label=\"High\" quantity=\"20\" /></ColorMap></RasterSymbolizer>", "styleType": "sld"}, "timelineLabel": "1997", "assetId": "projects/wri-datalab/umd/TreeCoverGain-5m", "timeline": true, "isImageCollection": true, "provider": "gee", "position": "last", "order": 1997, "filterDates": ["1997-01-01", "1998-01-01"]}, "legendConfig": {"type": "choropleth", "items": [{"name": "Low", "color": "#e5f5f9"}, {"name": "Medium", "color": "#99d8c9"}, {"name": "High", "color": "#2ca25f"}]}, "interactionConfig": {"output": []}, "applicationConfig": {}, "staticImageConfig": {}, "createdAt": "2020-02-06T15:28:01.474Z", "updatedAt": "2018-04-10T02:24:45.412Z"}}, {"id": "6e0a3f95-c106-41b2-b71f-8e440ca67c6a", "type": "layer", "attributes": {"name": "1998 Tree Cover Gain (Intensity)", "slug": "UMD-TreeCoverGain-5m-1998-Intensity", "dataset": "6118bdae-04ed-4c36-817c-ea7eaea4f17a", "description": "Areas of gross tree cover gain in 1998, where pixels marked as gain have surpassed 5 meters in height during the time period.", "application": ["rw"], "iso": [], "provider": "gee", "userId": "5aafe4653fceab92e0793157", "default": false, "protected": false, "published": true, "env": "production", "layerConfig": {"body": {"sldValue": "<RasterSymbolizer><ColorMap extended=\"false\" type=\"ramp\"><ColorMapEntry color=\"#000000\" label=\"None\" opacity=\"0\" quantity=\"4\" /><ColorMapEntry color=\"#e5f5f9\" label=\"Low\" quantity=\"5\" /><ColorMapEntry color=\"#99d8c9\" label=\"Medium\" quantity=\"10\" /><ColorMapEntry color=\"#2ca25f\" label=\"High\" quantity=\"20\" /></ColorMap></RasterSymbolizer>", "styleType": "sld"}, "timelineLabel": "1998", "assetId": "projects/wri-datalab/umd/TreeCoverGain-5m", "timeline": true, "isImageCollection": true, "provider": "gee", "position": "last", "order": 1998, "filterDates": ["1998-01-01", "1999-01-01"]}, "legendConfig": {"type": "choropleth", "items": [{"name": "Low", "color": "#e5f5f9"}, {"name": "Medium", "color": "#99d8c9"}, {"name": "High", "color": "#2ca25f"}]}, "interactionConfig": {"output": []}, "applicationConfig": {}, "staticImageConfig": {}, "createdAt": "2020-02-06T15:28:01.474Z", "updatedAt": "2018-04-10T02:24:31.360Z"}}, {"id": "a0b66b7b-810e-4690-844f-62e8bc85fb2f", "type": "layer", "attributes": {"name": "1999 Tree Cover Gain (Intensity)", "slug": "UMD-TreeCoverGain-5m-1999-Intensity", "dataset": "6118bdae-04ed-4c36-817c-ea7eaea4f17a", "description": "Areas of gross tree cover gain in 1999, where pixels marked as gain have surpassed 5 meters in height during the time period.", "application": ["rw"], "iso": [], "provider": "gee", "userId": "5aafe4653fceab92e0793157", "default": false, "protected": false, "published": true, "env": "production", "layerConfig": {"body": {"sldValue": "<RasterSymbolizer><ColorMap extended=\"false\" type=\"ramp\"><ColorMapEntry color=\"#000000\" label=\"None\" opacity=\"0\" quantity=\"4\" /><ColorMapEntry color=\"#e5f5f9\" label=\"Low\" quantity=\"5\" /><ColorMapEntry color=\"#99d8c9\" label=\"Medium\" quantity=\"10\" /><ColorMapEntry color=\"#2ca25f\" label=\"High\" quantity=\"20\" /></ColorMap></RasterSymbolizer>", "styleType": "sld"}, "timelineLabel": "1999", "assetId": "projects/wri-datalab/umd/TreeCoverGain-5m", "timeline": true, "isImageCollection": true, "provider": "gee", "position": "last", "order": 1999, "filterDates": ["1999-01-01", "2000-01-01"]}, "legendConfig": {"type": "choropleth", "items": [{"name": "Low", "color": "#e5f5f9"}, {"name": "Medium", "color": "#99d8c9"}, {"name": "High", "color": "#2ca25f"}]}, "interactionConfig": {"output": []}, "applicationConfig": {}, "staticImageConfig": {}, "createdAt": "2020-02-06T15:28:01.474Z", "updatedAt": "2018-04-10T02:24:11.971Z"}}, {"id": "b99fd998-d84e-4b46-a48f-3e6c871fe72a", "type": "layer", "attributes": {"name": "2000 Tree Cover Gain (Intensity)", "slug": "UMD-TreeCoverGain-5m-2000-Intensity", "dataset": "6118bdae-04ed-4c36-817c-ea7eaea4f17a", "description": "Areas of gross tree cover gain in 2000, where pixels marked as gain have surpassed 5 meters in height during the time period.", "application": ["rw"], "iso": [], "provider": "gee", "userId": "5aafe4653fceab92e0793157", "default": false, "protected": false, "published": true, "env": "production", "layerConfig": {"body": {"sldValue": "<RasterSymbolizer><ColorMap extended=\"false\" type=\"ramp\"><ColorMapEntry color=\"#000000\" label=\"None\" opacity=\"0\" quantity=\"4\" /><ColorMapEntry color=\"#e5f5f9\" label=\"Low\" quantity=\"5\" /><ColorMapEntry color=\"#99d8c9\" label=\"Medium\" quantity=\"10\" /><ColorMapEntry color=\"#2ca25f\" label=\"High\" quantity=\"20\" /></ColorMap></RasterSymbolizer>", "styleType": "sld"}, "timelineLabel": "2000", "assetId": "projects/wri-datalab/umd/TreeCoverGain-5m", "timeline": true, "isImageCollection": true, "provider": "gee", "position": "last", "order": 2000, "filterDates": ["2000-01-01", "2001-01-01"]}, "legendConfig": {"type": "choropleth", "items": [{"name": "Low", "color": "#e5f5f9"}, {"name": "Medium", "color": "#99d8c9"}, {"name": "High", "color": "#2ca25f"}]}, "interactionConfig": {"output": []}, "applicationConfig": {}, "staticImageConfig": {}, "createdAt": "2020-02-06T15:28:01.475Z", "updatedAt": "2018-04-10T02:23:32.630Z"}}, {"id": "02275274-1b26-45ef-9bb3-62bff1b894fb", "type": "layer", "attributes": {"name": "2001 Tree Cover Gain (Intensity)", "slug": "UMD-TreeCoverGain-5m-2001-Intensity", "dataset": "6118bdae-04ed-4c36-817c-ea7eaea4f17a", "description": "Areas of gross tree cover gain in 2001, where pixels marked as gain have surpassed 5 meters in height during the time period.", "application": ["rw"], "iso": [], "provider": "gee", "userId": "5aafe4653fceab92e0793157", "default": false, "protected": false, "published": true, "env": "production", "layerConfig": {"body": {"sldValue": "<RasterSymbolizer><ColorMap extended=\"false\" type=\"ramp\"><ColorMapEntry color=\"#000000\" label=\"None\" opacity=\"0\" quantity=\"4\" /><ColorMapEntry color=\"#e5f5f9\" label=\"Low\" quantity=\"5\" /><ColorMapEntry color=\"#99d8c9\" label=\"Medium\" quantity=\"10\" /><ColorMapEntry color=\"#2ca25f\" label=\"High\" quantity=\"20\" /></ColorMap></RasterSymbolizer>", "styleType": "sld"}, "timelineLabel": "2001", "assetId": "projects/wri-datalab/umd/TreeCoverGain-5m", "timeline": true, "isImageCollection": true, "provider": "gee", "position": "last", "order": 2001, "filterDates": ["2001-01-01", "2002-01-01"]}, "legendConfig": {"type": "choropleth", "items": [{"name": "Low", "color": "#e5f5f9"}, {"name": "Medium", "color": "#99d8c9"}, {"name": "High", "color": "#2ca25f"}]}, "interactionConfig": {"output": []}, "applicationConfig": {}, "staticImageConfig": {}, "createdAt": "2020-02-06T15:28:01.475Z", "updatedAt": "2018-04-10T02:23:18.270Z"}}, {"id": "03d45432-b89d-467b-a38b-123a3fa1b926", "type": "layer", "attributes": {"name": "2002 Tree Cover Gain (Intensity)", "slug": "UMD-TreeCoverGain-5m-2002-Intensity", "dataset": "6118bdae-04ed-4c36-817c-ea7eaea4f17a", "description": "Areas of gross tree cover gain in 2002, where pixels marked as gain have surpassed 5 meters in height during the time period.", "application": ["rw"], "iso": [], "provider": "gee", "userId": "5aafe4653fceab92e0793157", "default": false, "protected": false, "published": true, "env": "production", "layerConfig": {"body": {"sldValue": "<RasterSymbolizer><ColorMap extended=\"false\" type=\"ramp\"><ColorMapEntry color=\"#000000\" label=\"None\" opacity=\"0\" quantity=\"4\" /><ColorMapEntry color=\"#e5f5f9\" label=\"Low\" quantity=\"5\" /><ColorMapEntry color=\"#99d8c9\" label=\"Medium\" quantity=\"10\" /><ColorMapEntry color=\"#2ca25f\" label=\"High\" quantity=\"20\" /></ColorMap></RasterSymbolizer>", "styleType": "sld"}, "timelineLabel": "2002", "assetId": "projects/wri-datalab/umd/TreeCoverGain-5m", "timeline": true, "isImageCollection": true, "provider": "gee", "position": "last", "order": 2002, "filterDates": ["2002-01-01", "2003-01-01"]}, "legendConfig": {"type": "choropleth", "items": [{"name": "Low", "color": "#e5f5f9"}, {"name": "Medium", "color": "#99d8c9"}, {"name": "High", "color": "#2ca25f"}]}, "interactionConfig": {"output": []}, "applicationConfig": {}, "staticImageConfig": {}, "createdAt": "2020-02-06T15:28:01.475Z", "updatedAt": "2018-04-10T02:22:59.145Z"}}, {"id": "a99d2340-2a6a-4efe-83c1-856857e01001", "type": "layer", "attributes": {"name": "2003 Tree Cover Gain (Intensity)", "slug": "UMD-TreeCoverGain-5m-2003-Intensity", "dataset": "6118bdae-04ed-4c36-817c-ea7eaea4f17a", "description": "Areas of gross tree cover gain in 2003, where pixels marked as gain have surpassed 5 meters in height during the time period.", "application": ["rw"], "iso": [], "provider": "gee", "userId": "5aafe4653fceab92e0793157", "default": false, "protected": false, "published": true, "env": "production", "layerConfig": {"body": {"sldValue": "<RasterSymbolizer><ColorMap extended=\"false\" type=\"ramp\"><ColorMapEntry color=\"#000000\" label=\"None\" opacity=\"0\" quantity=\"4\" /><ColorMapEntry color=\"#e5f5f9\" label=\"Low\" quantity=\"5\" /><ColorMapEntry color=\"#99d8c9\" label=\"Medium\" quantity=\"10\" /><ColorMapEntry color=\"#2ca25f\" label=\"High\" quantity=\"20\" /></ColorMap></RasterSymbolizer>", "styleType": "sld"}, "timelineLabel": "2003", "assetId": "projects/wri-datalab/umd/TreeCoverGain-5m", "timeline": true, "isImageCollection": true, "provider": "gee", "position": "last", "order": 2003, "filterDates": ["2003-01-01", "2004-01-01"]}, "legendConfig": {"type": "choropleth", "items": [{"name": "Low", "color": "#e5f5f9"}, {"name": "Medium", "color": "#99d8c9"}, {"name": "High", "color": "#2ca25f"}]}, "interactionConfig": {"output": []}, "applicationConfig": {}, "staticImageConfig": {}, "createdAt": "2020-02-06T15:28:01.475Z", "updatedAt": "2018-04-10T02:22:43.719Z"}}, {"id": "b37ffcd7-ba43-4aaf-a073-73b60a5b7f4d", "type": "layer", "attributes": {"name": "2004 Tree Cover Gain (Intensity)", "slug": "UMD-TreeCoverGain-5m-2004-Intensity", "dataset": "6118bdae-04ed-4c36-817c-ea7eaea4f17a", "description": "Areas of gross tree cover gain in 2004, where pixels marked as gain have surpassed 5 meters in height during the time period.", "application": ["rw"], "iso": [], "provider": "gee", "userId": "5aafe4653fceab92e0793157", "default": false, "protected": false, "published": true, "env": "production", "layerConfig": {"body": {"sldValue": "<RasterSymbolizer><ColorMap extended=\"false\" type=\"ramp\"><ColorMapEntry color=\"#000000\" label=\"None\" opacity=\"0\" quantity=\"4\" /><ColorMapEntry color=\"#e5f5f9\" label=\"Low\" quantity=\"5\" /><ColorMapEntry color=\"#99d8c9\" label=\"Medium\" quantity=\"10\" /><ColorMapEntry color=\"#2ca25f\" label=\"High\" quantity=\"20\" /></ColorMap></RasterSymbolizer>", "styleType": "sld"}, "timelineLabel": "2004", "assetId": "projects/wri-datalab/umd/TreeCoverGain-5m", "timeline": true, "isImageCollection": true, "provider": "gee", "position": "last", "order": 2004, "filterDates": ["2004-01-01", "2005-01-01"]}, "legendConfig": {"type": "choropleth", "items": [{"name": "Low", "color": "#e5f5f9"}, {"name": "Medium", "color": "#99d8c9"}, {"name": "High", "color": "#2ca25f"}]}, "interactionConfig": {"output": []}, "applicationConfig": {}, "staticImageConfig": {}, "createdAt": "2020-02-06T15:28:01.475Z", "updatedAt": "2018-04-10T02:22:29.619Z"}}, {"id": "9e4b285e-08ed-4e04-90c7-cb2d8bc78c94", "type": "layer", "attributes": {"name": "2005 Tree Cover Gain (Intensity)", "slug": "UMD-TreeCoverGain-5m-2005-Intensity", "dataset": "6118bdae-04ed-4c36-817c-ea7eaea4f17a", "description": "Areas of gross tree cover gain in 2005, where pixels marked as gain have surpassed 5 meters in height during the time period.", "application": ["rw"], "iso": [], "provider": "gee", "userId": "5aafe4653fceab92e0793157", "default": false, "protected": false, "published": true, "env": "production", "layerConfig": {"body": {"sldValue": "<RasterSymbolizer><ColorMap extended=\"false\" type=\"ramp\"><ColorMapEntry color=\"#000000\" label=\"None\" opacity=\"0\" quantity=\"4\" /><ColorMapEntry color=\"#e5f5f9\" label=\"Low\" quantity=\"5\" /><ColorMapEntry color=\"#99d8c9\" label=\"Medium\" quantity=\"10\" /><ColorMapEntry color=\"#2ca25f\" label=\"High\" quantity=\"20\" /></ColorMap></RasterSymbolizer>", "styleType": "sld"}, "timelineLabel": "2005", "assetId": "projects/wri-datalab/umd/TreeCoverGain-5m", "timeline": true, "isImageCollection": true, "provider": "gee", "position": "last", "order": 2005, "filterDates": ["2005-01-01", "2006-01-01"]}, "legendConfig": {"type": "choropleth", "items": [{"name": "Low", "color": "#e5f5f9"}, {"name": "Medium", "color": "#99d8c9"}, {"name": "High", "color": "#2ca25f"}]}, "interactionConfig": {"output": []}, "applicationConfig": {}, "staticImageConfig": {}, "createdAt": "2020-02-06T15:28:01.475Z", "updatedAt": "2018-04-10T02:22:15.013Z"}}, {"id": "9f9e73bc-095d-41bf-92b4-f8710c4bcd29", "type": "layer", "attributes": {"name": "2006 Tree Cover Gain (Intensity)", "slug": "UMD-TreeCoverGain-5m-2006-Intensity", "dataset": "6118bdae-04ed-4c36-817c-ea7eaea4f17a", "description": "Areas of gross tree cover gain in 2006, where pixels marked as gain have surpassed 5 meters in height during the time period.", "application": ["rw"], "iso": [], "provider": "gee", "userId": "5aafe4653fceab92e0793157", "default": false, "protected": false, "published": true, "env": "production", "layerConfig": {"body": {"sldValue": "<RasterSymbolizer><ColorMap extended=\"false\" type=\"ramp\"><ColorMapEntry color=\"#000000\" label=\"None\" opacity=\"0\" quantity=\"4\" /><ColorMapEntry color=\"#e5f5f9\" label=\"Low\" quantity=\"5\" /><ColorMapEntry color=\"#99d8c9\" label=\"Medium\" quantity=\"10\" /><ColorMapEntry color=\"#2ca25f\" label=\"High\" quantity=\"20\" /></ColorMap></RasterSymbolizer>", "styleType": "sld"}, "timelineLabel": "2006", "assetId": "projects/wri-datalab/umd/TreeCoverGain-5m", "timeline": true, "isImageCollection": true, "provider": "gee", "position": "last", "order": 2006, "filterDates": ["2006-01-01", "2007-01-01"]}, "legendConfig": {"type": "choropleth", "items": [{"name": "Low", "color": "#e5f5f9"}, {"name": "Medium", "color": "#99d8c9"}, {"name": "High", "color": "#2ca25f"}]}, "interactionConfig": {"output": []}, "applicationConfig": {}, "staticImageConfig": {}, "createdAt": "2020-02-06T15:28:01.475Z", "updatedAt": "2018-04-10T02:22:01.163Z"}}, {"id": "71fd7d20-e426-48a3-8e2f-6e636f45e694", "type": "layer", "attributes": {"name": "2007 Tree Cover Gain (Intensity)", "slug": "UMD-TreeCoverGain-5m-2007-Intensity", "dataset": "6118bdae-04ed-4c36-817c-ea7eaea4f17a", "description": "Areas of gross tree cover gain in 2007, where pixels marked as gain have surpassed 5 meters in height during the time period.", "application": ["rw"], "iso": [], "provider": "gee", "userId": "5aafe4653fceab92e0793157", "default": false, "protected": false, "published": true, "env": "production", "layerConfig": {"body": {"sldValue": "<RasterSymbolizer><ColorMap extended=\"false\" type=\"ramp\"><ColorMapEntry color=\"#000000\" label=\"None\" opacity=\"0\" quantity=\"4\" /><ColorMapEntry color=\"#e5f5f9\" label=\"Low\" quantity=\"5\" /><ColorMapEntry color=\"#99d8c9\" label=\"Medium\" quantity=\"10\" /><ColorMapEntry color=\"#2ca25f\" label=\"High\" quantity=\"20\" /></ColorMap></RasterSymbolizer>", "styleType": "sld"}, "timelineLabel": "2007", "assetId": "projects/wri-datalab/umd/TreeCoverGain-5m", "timeline": true, "isImageCollection": true, "provider": "gee", "position": "last", "order": 2007, "filterDates": ["2007-01-01", "2008-01-01"]}, "legendConfig": {"type": "choropleth", "items": [{"name": "Low", "color": "#e5f5f9"}, {"name": "Medium", "color": "#99d8c9"}, {"name": "High", "color": "#2ca25f"}]}, "interactionConfig": {"output": []}, "applicationConfig": {}, "staticImageConfig": {}, "createdAt": "2020-02-06T15:28:01.475Z", "updatedAt": "2018-04-10T02:21:45.319Z"}}, {"id": "2894bb86-ed14-427b-a7e2-ebe38b05b2d5", "type": "layer", "attributes": {"name": "2008 Tree Cover Gain (Intensity)", "slug": "UMD-TreeCoverGain-5m-2008-Intensity", "dataset": "6118bdae-04ed-4c36-817c-ea7eaea4f17a", "description": "Areas of gross tree cover gain in 2008, where pixels marked as gain have surpassed 5 meters in height during the time period.", "application": ["rw"], "iso": [], "provider": "gee", "userId": "5aafe4653fceab92e0793157", "default": false, "protected": false, "published": true, "env": "production", "layerConfig": {"body": {"sldValue": "<RasterSymbolizer><ColorMap extended=\"false\" type=\"ramp\"><ColorMapEntry color=\"#000000\" label=\"None\" opacity=\"0\" quantity=\"4\" /><ColorMapEntry color=\"#e5f5f9\" label=\"Low\" quantity=\"5\" /><ColorMapEntry color=\"#99d8c9\" label=\"Medium\" quantity=\"10\" /><ColorMapEntry color=\"#2ca25f\" label=\"High\" quantity=\"20\" /></ColorMap></RasterSymbolizer>", "styleType": "sld"}, "timelineLabel": "2008", "assetId": "projects/wri-datalab/umd/TreeCoverGain-5m", "timeline": true, "isImageCollection": true, "provider": "gee", "position": "last", "order": 2008, "filterDates": ["2008-01-01", "2009-01-01"]}, "legendConfig": {"type": "choropleth", "items": [{"name": "Low", "color": "#e5f5f9"}, {"name": "Medium", "color": "#99d8c9"}, {"name": "High", "color": "#2ca25f"}]}, "interactionConfig": {"output": []}, "applicationConfig": {}, "staticImageConfig": {}, "createdAt": "2020-02-06T15:28:01.475Z", "updatedAt": "2018-04-10T02:21:30.460Z"}}, {"id": "077a8969-f02f-42b5-a6b7-16b1e4209887", "type": "layer", "attributes": {"name": "2009 Tree Cover Gain (Intensity)", "slug": "UMD-TreeCoverGain-5m-2009-Intensity", "dataset": "6118bdae-04ed-4c36-817c-ea7eaea4f17a", "description": "Areas of gross tree cover gain in 2009, where pixels marked as gain have surpassed 5 meters in height during the time period.", "application": ["rw"], "iso": [], "provider": "gee", "userId": "5aafe4653fceab92e0793157", "default": false, "protected": false, "published": true, "env": "production", "layerConfig": {"body": {"sldValue": "<RasterSymbolizer><ColorMap extended=\"false\" type=\"ramp\"><ColorMapEntry color=\"#000000\" label=\"None\" opacity=\"0\" quantity=\"4\" /><ColorMapEntry color=\"#e5f5f9\" label=\"Low\" quantity=\"5\" /><ColorMapEntry color=\"#99d8c9\" label=\"Medium\" quantity=\"10\" /><ColorMapEntry color=\"#2ca25f\" label=\"High\" quantity=\"20\" /></ColorMap></RasterSymbolizer>", "styleType": "sld"}, "timelineLabel": "2009", "assetId": "projects/wri-datalab/umd/TreeCoverGain-5m", "timeline": true, "isImageCollection": true, "provider": "gee", "position": "last", "order": 2009, "filterDates": ["2009-01-01", "2010-01-01"]}, "legendConfig": {"type": "choropleth", "items": [{"name": "Low", "color": "#e5f5f9"}, {"name": "Medium", "color": "#99d8c9"}, {"name": "High", "color": "#2ca25f"}]}, "interactionConfig": {"output": []}, "applicationConfig": {}, "staticImageConfig": {}, "createdAt": "2020-02-06T15:28:01.476Z", "updatedAt": "2018-04-10T02:20:58.267Z"}}, {"id": "54845a05-5368-42ae-a998-70ab9d640280", "type": "layer", "attributes": {"name": "2010 Tree Cover Gain (Intensity)", "slug": "UMD-TreeCoverGain-5m-2010-Intensity", "dataset": "6118bdae-04ed-4c36-817c-ea7eaea4f17a", "description": "Areas of gross tree cover gain in 2010, where pixels marked as gain have surpassed 5 meters in height during the time period.", "application": ["rw"], "iso": [], "provider": "gee", "userId": "5aafe4653fceab92e0793157", "default": false, "protected": false, "published": true, "env": "production", "layerConfig": {"body": {"sldValue": "<RasterSymbolizer><ColorMap extended=\"false\" type=\"ramp\"><ColorMapEntry color=\"#000000\" label=\"None\" opacity=\"0\" quantity=\"4\" /><ColorMapEntry color=\"#e5f5f9\" label=\"Low\" quantity=\"5\" /><ColorMapEntry color=\"#99d8c9\" label=\"Medium\" quantity=\"10\" /><ColorMapEntry color=\"#2ca25f\" label=\"High\" quantity=\"20\" /></ColorMap></RasterSymbolizer>", "styleType": "sld"}, "timelineLabel": "2010", "assetId": "projects/wri-datalab/umd/TreeCoverGain-5m", "timeline": true, "isImageCollection": true, "provider": "gee", "position": "last", "order": 2010, "filterDates": ["2010-01-01", "2011-01-01"]}, "legendConfig": {"type": "choropleth", "items": [{"name": "Low", "color": "#e5f5f9"}, {"name": "Medium", "color": "#99d8c9"}, {"name": "High", "color": "#2ca25f"}]}, "interactionConfig": {"output": []}, "applicationConfig": {}, "staticImageConfig": {}, "createdAt": "2020-02-06T15:28:01.476Z", "updatedAt": "2018-04-10T02:20:38.961Z"}}, {"id": "620d334f-f955-40ac-a49e-9edf240712a3", "type": "layer", "attributes": {"name": "2011 Tree Cover Gain (Intensity)", "slug": "UMD-TreeCoverGain-5m-2011-Intensity", "dataset": "6118bdae-04ed-4c36-817c-ea7eaea4f17a", "description": "Areas of gross tree cover gain in 2011, where pixels marked as gain have surpassed 5 meters in height during the time period.", "application": ["rw"], "iso": [], "provider": "gee", "userId": "5aafe4653fceab92e0793157", "default": false, "protected": false, "published": true, "env": "production", "layerConfig": {"body": {"sldValue": "<RasterSymbolizer><ColorMap extended=\"false\" type=\"ramp\"><ColorMapEntry color=\"#000000\" label=\"None\" opacity=\"0\" quantity=\"4\" /><ColorMapEntry color=\"#e5f5f9\" label=\"Low\" quantity=\"5\" /><ColorMapEntry color=\"#99d8c9\" label=\"Medium\" quantity=\"10\" /><ColorMapEntry color=\"#2ca25f\" label=\"High\" quantity=\"20\" /></ColorMap></RasterSymbolizer>", "styleType": "sld"}, "timelineLabel": "2011", "assetId": "projects/wri-datalab/umd/TreeCoverGain-5m", "timeline": true, "isImageCollection": true, "provider": "gee", "position": "last", "order": 2011, "filterDates": ["2011-01-01", "2012-01-01"]}, "legendConfig": {"type": "choropleth", "items": [{"name": "Low", "color": "#e5f5f9"}, {"name": "Medium", "color": "#99d8c9"}, {"name": "High", "color": "#2ca25f"}]}, "interactionConfig": {"output": []}, "applicationConfig": {}, "staticImageConfig": {}, "createdAt": "2020-02-06T15:28:01.476Z", "updatedAt": "2018-04-10T02:20:24.434Z"}}, {"id": "eb36d999-ce38-48a7-a7de-40d3370f8a6d", "type": "layer", "attributes": {"name": "2012 Tree Cover Gain (Intensity)", "slug": "UMD-TreeCoverGain-5m-2012-Intensity", "dataset": "6118bdae-04ed-4c36-817c-ea7eaea4f17a", "description": "Areas of gross tree cover gain in 2012, where pixels marked as gain have surpassed 5 meters in height during the time period.", "application": ["rw"], "iso": [], "provider": "gee", "userId": "5aafe4653fceab92e0793157", "default": false, "protected": false, "published": true, "env": "production", "layerConfig": {"body": {"sldValue": "<RasterSymbolizer><ColorMap extended=\"false\" type=\"ramp\"><ColorMapEntry color=\"#000000\" label=\"None\" opacity=\"0\" quantity=\"4\" /><ColorMapEntry color=\"#e5f5f9\" label=\"Low\" quantity=\"5\" /><ColorMapEntry color=\"#99d8c9\" label=\"Medium\" quantity=\"10\" /><ColorMapEntry color=\"#2ca25f\" label=\"High\" quantity=\"20\" /></ColorMap></RasterSymbolizer>", "styleType": "sld"}, "timelineLabel": "2012", "assetId": "projects/wri-datalab/umd/TreeCoverGain-5m", "timeline": true, "isImageCollection": true, "provider": "gee", "position": "last", "order": 2012, "filterDates": ["2012-01-01", "2013-01-01"]}, "legendConfig": {"type": "choropleth", "items": [{"name": "Low", "color": "#e5f5f9"}, {"name": "Medium", "color": "#99d8c9"}, {"name": "High", "color": "#2ca25f"}]}, "interactionConfig": {"output": []}, "applicationConfig": {}, "staticImageConfig": {}, "createdAt": "2020-02-06T15:28:01.476Z", "updatedAt": "2018-04-10T02:20:05.409Z"}}, {"id": "e7a1c40b-d85d-4b0f-8c3e-5261d6577de2", "type": "layer", "attributes": {"name": "2013 Tree Cover Gain (Intensity)", "slug": "UMD-TreeCoverGain-5m-2013-Intensity", "dataset": "6118bdae-04ed-4c36-817c-ea7eaea4f17a", "description": "Areas of gross tree cover gain in 2013, where pixels marked as gain have surpassed 5 meters in height during the time period.", "application": ["rw"], "iso": [], "provider": "gee", "userId": "5aafe4653fceab92e0793157", "default": false, "protected": false, "published": true, "env": "production", "layerConfig": {"body": {"sldValue": "<RasterSymbolizer><ColorMap extended=\"false\" type=\"ramp\"><ColorMapEntry color=\"#000000\" label=\"None\" opacity=\"0\" quantity=\"4\" /><ColorMapEntry color=\"#e5f5f9\" label=\"Low\" quantity=\"5\" /><ColorMapEntry color=\"#99d8c9\" label=\"Medium\" quantity=\"10\" /><ColorMapEntry color=\"#2ca25f\" label=\"High\" quantity=\"20\" /></ColorMap></RasterSymbolizer>", "styleType": "sld"}, "timelineLabel": "2013", "assetId": "projects/wri-datalab/umd/TreeCoverGain-5m", "timeline": true, "isImageCollection": true, "provider": "gee", "position": "last", "order": 2013, "filterDates": ["2013-01-01", "2014-01-01"]}, "legendConfig": {"type": "choropleth", "items": [{"name": "Low", "color": "#e5f5f9"}, {"name": "Medium", "color": "#99d8c9"}, {"name": "High", "color": "#2ca25f"}]}, "interactionConfig": {"output": []}, "applicationConfig": {}, "staticImageConfig": {}, "createdAt": "2020-02-06T15:28:01.476Z", "updatedAt": "2018-04-10T02:19:49.811Z"}}, {"id": "d4777a5f-ddfa-49c2-951d-97c574c914e2", "type": "layer", "attributes": {"name": "2014 Tree Cover Gain (Intensity)", "slug": "UMD-TreeCoverGain-5m-2014-Intensity", "dataset": "6118bdae-04ed-4c36-817c-ea7eaea4f17a", "description": "Areas of gross tree cover gain in 2014, where pixels marked as gain have surpassed 5 meters in height during the time period.", "application": ["rw"], "iso": [], "provider": "gee", "userId": "5aafe4653fceab92e0793157", "default": false, "protected": false, "published": true, "env": "production", "layerConfig": {"body": {"sldValue": "<RasterSymbolizer><ColorMap extended=\"false\" type=\"ramp\"><ColorMapEntry color=\"#000000\" label=\"None\" opacity=\"0\" quantity=\"4\" /><ColorMapEntry color=\"#e5f5f9\" label=\"Low\" quantity=\"5\" /><ColorMapEntry color=\"#99d8c9\" label=\"Medium\" quantity=\"10\" /><ColorMapEntry color=\"#2ca25f\" label=\"High\" quantity=\"20\" /></ColorMap></RasterSymbolizer>", "styleType": "sld"}, "timelineLabel": "2014", "assetId": "projects/wri-datalab/umd/TreeCoverGain-5m", "timeline": true, "isImageCollection": true, "provider": "gee", "position": "last", "order": 2014, "filterDates": ["2014-01-01", "2015-01-01"]}, "legendConfig": {"type": "choropleth", "items": [{"name": "Low", "color": "#e5f5f9"}, {"name": "Medium", "color": "#99d8c9"}, {"name": "High", "color": "#2ca25f"}]}, "interactionConfig": {"output": []}, "applicationConfig": {}, "staticImageConfig": {}, "createdAt": "2020-02-06T15:28:01.476Z", "updatedAt": "2018-04-10T02:19:33.434Z"}}, {"id": "284db69b-e011-435e-a8d5-6438d189ff39", "type": "layer", "attributes": {"name": "2015 Tree Cover Gain (Intensity)", "slug": "UMD-TreeCoverGain-5m-2015-Intensity", "dataset": "6118bdae-04ed-4c36-817c-ea7eaea4f17a", "description": "Areas of gross tree cover gain in 2015, where pixels marked as gain have surpassed 5 meters in height during the time period.\n\nNOTE: This data is considered provisional since there is not yet have enough data to fulfill the requirment that the tree cover height remains above 5m for at least 3 years.", "application": ["rw"], "iso": [], "provider": "gee", "userId": "5aafe4653fceab92e0793157", "default": false, "protected": false, "published": true, "env": "production", "layerConfig": {"body": {"sldValue": "<RasterSymbolizer><ColorMap extended=\"false\" type=\"ramp\"><ColorMapEntry color=\"#000000\" label=\"None\" opacity=\"0\" quantity=\"4\" /><ColorMapEntry color=\"#e5f5f9\" label=\"Low\" quantity=\"5\" /><ColorMapEntry color=\"#99d8c9\" label=\"Medium\" quantity=\"10\" /><ColorMapEntry color=\"#2ca25f\" label=\"High\" quantity=\"20\" /></ColorMap></RasterSymbolizer>", "styleType": "sld"}, "timelineLabel": "2015", "assetId": "projects/wri-datalab/umd/TreeCoverGain-5m", "timeline": true, "isImageCollection": true, "provider": "gee", "position": "last", "order": 2015, "filterDates": ["2015-01-01", "2016-01-01"]}, "legendConfig": {"type": "choropleth", "items": [{"name": "Low", "color": "#e5f5f9"}, {"name": "Medium", "color": "#99d8c9"}, {"name": "High", "color": "#2ca25f"}]}, "interactionConfig": {"output": []}, "applicationConfig": {}, "staticImageConfig": {}, "createdAt": "2020-02-06T15:28:01.476Z", "updatedAt": "2018-04-10T02:19:12.006Z"}}, {"id": "1d5dbab2-7c30-41d7-a502-418a50c7e39b", "type": "layer", "attributes": {"name": "2016 Tree Cover Gain (Intensity)", "slug": "UMD-TreeCoverGain-5m-2016-Intensity", "dataset": "6118bdae-04ed-4c36-817c-ea7eaea4f17a", "description": "Areas of gross tree cover gain in 2016, where pixels marked as gain have surpassed 5 meters in height during the time period.\n\nNOTE: This data is considered provisional since there is not yet have enough data to fulfill the requirment that the tree cover height remains above 5m for at least 3 years.", "application": ["rw"], "iso": [], "provider": "gee", "userId": "5aafe4653fceab92e0793157", "default": true, "protected": false, "published": true, "env": "production", "layerConfig": {"body": {"sldValue": "<RasterSymbolizer><ColorMap extended=\"false\" type=\"ramp\"><ColorMapEntry color=\"#000000\" label=\"None\" opacity=\"0\" quantity=\"4\" /><ColorMapEntry color=\"#e5f5f9\" label=\"Low\" quantity=\"5\" /><ColorMapEntry color=\"#99d8c9\" label=\"Medium\" quantity=\"10\" /><ColorMapEntry color=\"#2ca25f\" label=\"High\" quantity=\"20\" /></ColorMap></RasterSymbolizer>", "styleType": "sld"}, "timelineLabel": "2016", "assetId": "projects/wri-datalab/umd/TreeCoverGain-5m", "timeline": true, "isImageCollection": true, "provider": "gee", "position": "last", "order": 2016, "filterDates": ["2016-01-01", "2017-01-01"]}, "legendConfig": {"type": "choropleth", "items": [{"name": "Low", "color": "#e5f5f9"}, {"name": "Medium", "color": "#99d8c9"}, {"name": "High", "color": "#2ca25f"}]}, "interactionConfig": {"output": []}, "applicationConfig": {}, "staticImageConfig": {}, "createdAt": "2020-02-06T15:28:01.476Z", "updatedAt": "2018-04-10T02:18:34.711Z"}}], "vocabulary": [{"type": "vocabulary", "attributes": {"resource": {"id": "6118bdae-04ed-4c36-817c-ea7eaea4f17a", "type": "dataset"}, "tags": ["forest_cover", "geospatial", "raster", "forest", "annual", "historical", "south_america", "trees"], "name": "knowledge_graph", "application": "rw"}}], "widgetRelevantProps": [], "layerRelevantProps": []}}