{"id": "6974833b-004e-4b24-bdbc-ffbb779c1496", "type": "dataset", "server": "https://api.resourcewatch.org", "attributes": {"name": "soc.062b Internal Displacement due to Conflict", "slug": "soc062b-Internal-Displacement-due-to-Conflict", "type": "tabular", "subtitle": "", "application": ["rw"], "dataPath": "", "attributesPath": null, "connectorType": "rest", "provider": "cartodb", "userId": "5ba001878e311b7e3718740f", "connectorUrl": "https://wri-rw.carto.com/tables/soc_062_idmc_displacement/public", "sources": [], "tableName": "soc_062_idmc_displacement", "status": "saved", "published": true, "overwrite": false, "verified": false, "blockchain": {}, "subscribable": {}, "mainDateField": "", "env": "production", "applicationConfig": {"rw": {"layerOrder": ["51302051-cb75-460a-84a6-76edd023d6b8", "d14c1085-13e7-4e98-9c59-0ef81067e92b", "cb5daeb3-80ef-4e6e-8ca8-5ed0d6170b3b", "2ded374f-9ed8-4e89-8609-877348185d03", "5fad1431-a23d-415e-b46d-d6849eb52ed6", "2027b604-ae56-4308-90a3-be30fe4cad92", "48741179-fbba-47ce-aa96-0573888bcbc6", "f17a8472-e0b9-41ad-9eba-63ebc306562f", "ebd3e8b7-7ec3-41df-aff9-39b2b718973b", "374ace0a-af5c-41cb-9317-7e63b1c98083", "d74975f9-0452-4172-a5f6-d6435e9f2f1d"]}}, "geoInfo": true, "protected": false, "legend": {"date": [], "region": [], "country": [], "nested": [], "integer": [], "short": [], "byte": [], "double": [], "float": [], "half_float": [], "scaled_float": [], "boolean": [], "binary": [], "text": [], "keyword": []}, "clonedHost": {}, "errorMessage": "", "taskId": null, "createdAt": "2019-06-28T14:38:03.761Z", "updatedAt": "2019-11-11T21:50:25.277Z", "dataLastUpdated": null, "metadata": [{"id": "5d2352f982e9bb001514a9d6", "type": "metadata", "attributes": {"dataset": "6974833b-004e-4b24-bdbc-ffbb779c1496", "application": "rw", "resource": {"id": "6974833b-004e-4b24-bdbc-ffbb779c1496", "type": "dataset"}, "language": "en", "name": "Annual Internal Displacement from Conflict", "description": "### Overview  \n  \nThis dataset tracks the number of people who have been internally displaced due to conflict worldwide each year. Internal displacement refers to the forced movement of people within the country they live in. Millions of people are forced to flee their homes each year due to conflict, violence, development projects, disasters, and climate change and remain displaced within their countries of residence.\r\n  \n  \n\r\nInternally displaced persons (IDPs) can include both citizens and other habitual residents of the country, such as stateless persons. IDPs from conflict can include, but are not limited to\r\n  \n  \n- families caught between warring parties who had to flee their homes due to continuous attacks or threats; and\r\n  \n  \n- families pushed to leave their homes by constant harassment by local criminal gangs.\r\n  \n  \n\r\nSome of the typical needs and protection risks that arise in internal displacement include family separation, loss of documentation, loss of property, and further exposure to the risk of continued displacement.\r\n  \n  \n\r\nThis dataset is produced by the Internal Displacement Monitoring Centre (IDMC) with the aim of informing policy and operational decisions in order to reduce the risk of future displacement and improve the lives of IDPs worldwide. Resource Watch also shows IDMC estimates of the number of people displaced annually due to [natural disasters](https://resourcewatch.org/data/explore?zoom=3&lat=-2.110674954311376&lng=7.456691250000007&basemap=dark&labels=light&layers=%255B%257B%2522dataset%2522%253A%2522ef9945f7-d934-4a88-a02a-570f14fffefc%2522%252C%2522opacity%2522%253A1%252C%2522layer%2522%253A%25223bda62f1-7146-4dd5-bf3f-d3bfae26d0d7%2522%257D%255D&page=1&sort=relevance&sortDirection=-1&search=soc.062a) at the national level, as well as [recent internal displacement from conflict, natural disasters, and development](https://resourcewatch.org/data/explore?zoom=3&lat=-2.110674954311376&lng=7.456691250000007&basemap=dark&labels=light&layers=%255B%257B%2522dataset%2522%253A%2522d2f6245d-5b9b-4508-874b-d42a2be7d058%2522%252C%2522opacity%2522%253A1%252C%2522layer%2522%253A%25222059a368-b4f1-4c30-b874-b41e49c3c5e4%2522%257D%255D&page=1&sort=relevance&sortDirection=-1&search=soc.062c), which are monitored in near real-time and displayed on an event-by-event basis.\r\n  \n  \n### Methodology  \n  \nAfter IDMC learns that displacement due to conflict has occurred, it conducts situational monitoring within certain countries. At the end of the year, it reports the total number of people displaced in each country. For each event, information from a wide variety of different sources is compiled, generating the most comprehensive and reliable displacement estimate. These sources include national and subnational government authorities, UN agencies and other international organizations, related global databases, civil society organizations, news media outlets, and other entities. For the full documentation, please see the source [methodology](http://www.internal-displacement.org/database/methodology).\r  \n  \n### Data shown on Resource Watch Map  \n  \n- **[2008](https://resourcewatch.org/data/explore?zoom=3&lat=0&lng=0&basemap=dark&labels=light&layers=%255B%257B%2522dataset%2522%253A%25226974833b-004e-4b24-bdbc-ffbb779c1496%2522%252C%2522opacity%2522%253A1%252C%2522layer%2522%253A%2522d74975f9-0452-4172-a5f6-d6435e9f2f1d%2522%257D%255D&page=1&sort=most-viewed&sortDirection=-1&search=soc.062b), [2009](https://resourcewatch.org/data/explore?zoom=3&lat=0&lng=0&basemap=dark&labels=light&layers=%255B%257B%2522dataset%2522%253A%25226974833b-004e-4b24-bdbc-ffbb779c1496%2522%252C%2522opacity%2522%253A1%252C%2522layer%2522%253A%2522374ace0a-af5c-41cb-9317-7e63b1c98083%2522%257D%255D&page=1&sort=most-viewed&sortDirection=-1&search=soc.062b), [2010](https://resourcewatch.org/data/explore?zoom=3&lat=0&lng=0&basemap=dark&labels=light&layers=%255B%257B%2522dataset%2522%253A%25226974833b-004e-4b24-bdbc-ffbb779c1496%2522%252C%2522opacity%2522%253A1%252C%2522layer%2522%253A%2522ebd3e8b7-7ec3-41df-aff9-39b2b718973b%2522%257D%255D&page=1&sort=most-viewed&sortDirection=-1&search=soc.062b), [2011](https://resourcewatch.org/data/explore?zoom=3&lat=0&lng=0&basemap=dark&labels=light&layers=%255B%257B%2522dataset%2522%253A%25226974833b-004e-4b24-bdbc-ffbb779c1496%2522%252C%2522opacity%2522%253A1%252C%2522layer%2522%253A%2522f17a8472-e0b9-41ad-9eba-63ebc306562f%2522%257D%255D&page=1&sort=most-viewed&sortDirection=-1&search=soc.062b), [2012](https://resourcewatch.org/data/explore?zoom=3&lat=0&lng=0&basemap=dark&labels=light&layers=%255B%257B%2522dataset%2522%253A%25226974833b-004e-4b24-bdbc-ffbb779c1496%2522%252C%2522opacity%2522%253A1%252C%2522layer%2522%253A%252248741179-fbba-47ce-aa96-0573888bcbc6%2522%257D%255D&page=1&sort=most-viewed&sortDirection=-1&search=soc.062b), [2013](https://resourcewatch.org/data/explore?zoom=3&lat=0&lng=0&basemap=dark&labels=light&layers=%255B%257B%2522dataset%2522%253A%25226974833b-004e-4b24-bdbc-ffbb779c1496%2522%252C%2522opacity%2522%253A1%252C%2522layer%2522%253A%25222027b604-ae56-4308-90a3-be30fe4cad92%2522%257D%255D&page=1&sort=most-viewed&sortDirection=-1&search=soc.062b), [2014](https://resourcewatch.org/data/explore?zoom=3&lat=0&lng=0&basemap=dark&labels=light&layers=%255B%257B%2522dataset%2522%253A%25226974833b-004e-4b24-bdbc-ffbb779c1496%2522%252C%2522opacity%2522%253A1%252C%2522layer%2522%253A%25225fad1431-a23d-415e-b46d-d6849eb52ed6%2522%257D%255D&page=1&sort=most-viewed&sortDirection=-1&search=soc.062b), [2015](https://resourcewatch.org/data/explore?zoom=3&lat=0&lng=0&basemap=dark&labels=light&layers=%255B%257B%2522dataset%2522%253A%25226974833b-004e-4b24-bdbc-ffbb779c1496%2522%252C%2522opacity%2522%253A1%252C%2522layer%2522%253A%25222ded374f-9ed8-4e89-8609-877348185d03%2522%257D%255D&page=1&sort=most-viewed&sortDirection=-1&search=soc.062b), [2016](https://resourcewatch.org/data/explore?zoom=3&lat=0&lng=0&basemap=dark&labels=light&layers=%255B%257B%2522dataset%2522%253A%25226974833b-004e-4b24-bdbc-ffbb779c1496%2522%252C%2522opacity%2522%253A1%252C%2522layer%2522%253A%252251302051-cb75-460a-84a6-76edd023d6b8%2522%257D%255D&page=1&sort=most-viewed&sortDirection=-1&search=soc.062b), [2017](https://resourcewatch.org/data/explore?zoom=3&lat=0&lng=0&basemap=dark&labels=light&layers=%255B%257B%2522dataset%2522%253A%25226974833b-004e-4b24-bdbc-ffbb779c1496%2522%252C%2522opacity%2522%253A1%252C%2522layer%2522%253A%2522d14c1085-13e7-4e98-9c59-0ef81067e92b%2522%257D%255D&page=1&sort=most-viewed&sortDirection=-1&search=soc.062b), [2018](https://resourcewatch.org/data/explore?zoom=3&lat=0&lng=0&basemap=dark&labels=light&layers=%255B%257B%2522dataset%2522%253A%25226974833b-004e-4b24-bdbc-ffbb779c1496%2522%252C%2522opacity%2522%253A1%252C%2522layer%2522%253A%2522cb5daeb3-80ef-4e6e-8ca8-5ed0d6170b3b%2522%257D%255D&page=1&sort=most-viewed&sortDirection=-1&search=soc.062b) Internally Displaced People Due to Conflict (thousands)**: *Country-level estimates of the number of people considered internally displaced due to violence and conflict in the indicated year. Internally displaced people are those who are forced to flee their homes but who remain within their country's borders.*\r\n  \n  \n\r\nThis data has been mapped on Resource Watch by joining it with Natural Earth boundaries. \r\n  \n  \n### Disclaimer  \n  \nExcerpts of this description page were taken from the source metadata. Resource Watch shows only a subset of the dataset. For access to the full dataset and additional information, click on the \u201cLearn more\u201d button.", "source": "IDMC", "info": {"rwId": "soc.062b", "data_type": "Tabular", "name": "Annual Internal Displacement from Conflict", "sources": [{"source-name": "Internal Displacement Monitoring Centre (IDMC)", "id": 0, "source-description": ""}], "technical_title": "Global Internal Displacement Database", "functions": "Country-level estimates of the number of people currently considered internally displaced persons (IDPs) due to conflict", "cautions": null, "citation": "Internal Displacement Monitoring Centre (IDMC). n.d. \"Global Internal Displacement Database.\" Retrieved from www.internal-displacement.org. Accessed through Resource Watch, (date). [www.resourcewatch.org](www.resourcewatch.org).", "license": "Creative Commons Attribution-ShareAlike 4.0 International", "license_link": "https://creativecommons.org/licenses/by-sa/4.0/", "geographic_coverage": "Global", "spatial_resolution": "National", "date_of_content": "2008-2018", "frequency_of_updates": "Annual", "learn_more_link": "http://www.internal-displacement.org/database/displacement-data", "data_download_link": null, "data_download_original_link": "https://github.com/idmc-labs/IDMC-Platform-API/wiki"}, "columns": {"iso3": {"alias": "Country ISO Code"}, "name": {"alias": "Country"}, "year": {"alias": "Year"}, "conflict_new_displacements": {"alias": "New Displacements Due to Conflict"}, "conflict_stock_displacement": {"alias": "Total Number of IDPs at End of Year", "description": "Total number of internally displaced persons (IDPs) as of December 31 of indicated year."}}, "createdAt": "2019-07-08T14:28:09.257Z", "updatedAt": "2020-02-04T19:46:43.746Z", "status": "published"}}], "widget": [{"id": "901961d4-e962-4a65-9f6f-40b2e1e8c8ea", "type": "widget", "attributes": {"name": "2018 Displacements due to Conflict", "dataset": "6974833b-004e-4b24-bdbc-ffbb779c1496", "slug": "2018-Displacements-due-to-Conflict", "userId": "5ba001878e311b7e3718740f", "description": "", "source": "", "authors": "", "application": ["rw"], "verified": false, "default": false, "protected": false, "defaultEditableWidget": true, "published": true, "thumbnailUrl": "http://wri-api-backups.s3.amazonaws.com/resourcewatch/prod/thumbnails/901961d4-e962-4a65-9f6f-40b2e1e8c8ea-1573505457104.png", "freeze": false, "env": "production", "queryUrl": "", "widgetConfig": {"config": {"line": {"fillOpacity": 0, "stroke": "#3BB2D0", "interpolate": "linear"}, "rect": {"fill": "#3BB2D0"}, "symbol": {"stroke": "#fff", "fill": "#3BB2D0"}, "mark": {"fill": "#3BB2D0"}, "axisY": {"gridOpacity": 0.5, "gridColor": "#A9ABAD", "ticks": false, "grid": true, "tickOpacity": 0.5, "labelBaseline": "bottom", "labelAlign": "left", "domain": false}, "axisX": {"labelBaseline": "top", "labelAlign": "center", "domainColor": "#A9ABAD", "domainWidth": 1.2, "bandPosition": 0.5}, "axis": {"tickExtra": false, "tickOpacity": 0.5, "tickColor": "#A9ABAD", "tickSize": 8, "ticks": true, "labelPadding": 10, "labelColor": "#717171", "labelFont": "Lato", "labelFontSize": 13}, "range": {"ramp": {"scheme": "purples"}, "ordinal": {"scheme": "greens"}, "category20": ["#3BB2D0", "#2C75B0", "#FAB72E", "#EF4848", "#65B60D", "#C32D7B", "#F577B9", "#5FD2B8", "#F1800F", "#9F1C00", "#A5E9E3", "#B9D765", "#393F44", "#CACCD0", "#717171"], "dotSize": [20, 250]}}, "interaction_config": [{"config": {"fields": [{"format": ".2s", "type": "number", "property": "New Displacements Due to Conflict", "column": "y"}, {"format": ".2f", "type": "string", "property": "Country", "column": "x"}]}, "name": "tooltip"}], "marks": [{"encode": {"hover": {"opacity": {"value": 0.8}}, "update": {"y2": {"value": 0, "scale": "y"}, "y": {"field": "y", "scale": "y"}, "width": {"band": 1, "scale": "x"}, "x": {"field": "id", "scale": "x"}, "opacity": {"value": 1}}}, "from": {"data": "table"}, "type": "rect"}], "axes": [{"encode": {"labels": {"update": {"angle": {"signal": "width < 300 || data('table')[0].count > 10 ? -90 : 0"}, "baseline": {"signal": "width < 300 || data('table')[0].count > 10 ? 'middle' : 'top'"}, "align": {"signal": "width < 300 || data('table')[0].count > 10 ? 'right' : 'center'"}, "text": {"signal": "width < 300 || data('table')[0].count > 10 ? truncate(data('table')[datum.value - 1].x, 12) : data('table')[datum.value - 1].x"}}}}, "ticks": false, "labelOverlap": "parity", "scale": "x", "orient": "bottom"}, {"encode": {"labels": {"update": {"baseline": {"value": "bottom"}, "align": {"value": "right"}}}}, "format": "s", "labelOverlap": "parity", "scale": "y", "orient": "left"}], "scales": [{"domain": {"field": "id", "data": "table"}, "padding": 0.05, "range": "width", "type": "band", "name": "x"}, {"domain": {"field": "y", "data": "table"}, "zero": true, "nice": true, "range": "height", "type": "linear", "name": "y"}], "data": [{"format": {"property": "data", "type": "json"}, "url": "https://api.resourcewatch.org/v1/query/6974833b-004e-4b24-bdbc-ffbb779c1496?sql=SELECT%20name%20as%20x%2C%20conflict_new_displacements%20as%20y%20FROM%20soc_062_idmc_displacement%20WHERE%20year%20%3D%202018%20AND%20conflict_new_displacements%20%3E%3D%202%20AND%20conflict_new_displacements%20%3C%3D%203500000%20AND%20conflict_new_displacements%20IS%20NOT%20NULL%20%20ORDER%20BY%20conflict_new_displacements%20desc LIMIT 20", "transform": [{"as": "id", "type": "identifier"}, {"as": ["count"], "type": "joinaggregate"}], "name": "table"}], "paramsConfig": {"layer": null, "band": null, "areaIntersection": null, "filters": [{"notNull": false, "value": 2018, "operation": "=", "type": "number", "name": "year"}, {"notNull": true, "value": [2, 3500000], "operation": null, "type": "number", "name": "conflict_new_displacements"}], "chartType": "bar", "aggregateFunction": null, "orderBy": null, "size": null, "color": null, "category": {"type": "string", "name": "name"}, "value": {"type": "number", "name": "conflict_new_displacements"}, "limit": 20, "visualizationType": "chart"}}, "template": false, "createdAt": "2019-11-11T20:50:57.058Z", "updatedAt": "2019-11-11T20:50:57.058Z"}}], "layer": [{"id": "51302051-cb75-460a-84a6-76edd023d6b8", "type": "layer", "attributes": {"name": "2016 Internally Displaced People Due to Conflict (thousands)", "slug": "2016-Internally-Displaced-People-due-to-Natural-Disasters-thousands", "dataset": "6974833b-004e-4b24-bdbc-ffbb779c1496", "description": "Country-level estimates of the number of people considered internally displaced persons due to violence and conflict in 2016. An internally displaced person is someone who is forced to flee their home but who remains within their country's borders.", "application": ["rw"], "iso": [], "provider": "cartodb", "userId": "5ba001878e311b7e3718740f", "default": false, "protected": false, "published": true, "env": "preproduction", "layerConfig": {"account": "wri-rw", "timeline": true, "order": 2016, "timelineLabel": "2016", "body": {"maxzoom": 18, "minzoom": 3, "layers": [{"type": "mapnik", "options": {"sql": "SELECT data.cartodb_id, wri.the_geom_webmercator, wri.name, data.iso3, data.year,  data.conflict_stock_displacement, data.conflict_new_displacements, data.disaster_new_displacements FROM soc_062_idmc_displacement  data INNER JOIN wri_countries_a wri ON wri.iso_a3=data.iso3 WHERE year=2016 AND conflict_new_displacements IS NOT NULL", "cartocss": "#soc_062_idmc_displacement {polygon-opacity:1; line-width:0.5; line-color:#FFF; line-opacity:1;} [conflict_new_displacements>=1000000]{polygon-fill:#810f7c;} [conflict_new_displacements>=100000][conflict_new_displacements<1000000]{polygon-fill:#8856a7;} [conflict_new_displacements>=10000][conflict_new_displacements<100000]{polygon-fill:#8c96c6;}  [conflict_new_displacements>=1000][conflict_new_displacements<10000]{polygon-fill:#9ebcda;} [conflict_new_displacements>=100][conflict_new_displacements<1000]{polygon-fill:#bfd3e6;} [conflict_new_displacements<100]{polygon-fill:#edf8fb;}", "cartocss_version": "2.3.0"}}]}}, "legendConfig": {"items": [{"color": "#e0edf9", "name": "<1", "id": 0}, {"color": "#9ebcda", "name": "<10", "id": 1}, {"color": "#8c96c6", "name": "<100", "id": 2}, {"color": "#8856a7", "name": "<500", "id": 3}, {"color": "#810f7c", "name": "<1,000", "id": 4}], "type": "choropleth"}, "interactionConfig": {"output": [{"column": "name", "format": null, "prefix": "", "property": "Country", "suffix": "", "type": "string"}, {"column": "year", "format": null, "prefix": "", "property": "Year", "suffix": "", "type": "number"}, {"column": "conflict_new_displacements", "format": null, "prefix": "", "property": "Displacements from Conflict", "suffix": "", "type": "number"}]}, "applicationConfig": {}, "staticImageConfig": {}, "createdAt": "2020-02-06T15:29:14.983Z", "updatedAt": "2019-07-08T15:01:05.517Z"}}, {"id": "d14c1085-13e7-4e98-9c59-0ef81067e92b", "type": "layer", "attributes": {"name": "2017 Internally Displaced People Due to Conflict (thousands)", "slug": "2017-Internally-Displaced-People-due-to-Conflict-thousands", "dataset": "6974833b-004e-4b24-bdbc-ffbb779c1496", "description": "Country-level estimates of the number of people considered internally displaced persons due to violence and conflict in 2017. An internally displaced person is someone who is forced to flee their home but who remains within their country's borders.", "application": ["rw"], "iso": [], "provider": "cartodb", "userId": "5ba001878e311b7e3718740f", "default": false, "protected": false, "published": true, "env": "preproduction", "layerConfig": {"body": {"layers": [{"options": {"cartocss_version": "2.3.0", "cartocss": "#soc_062_idmc_displacement {polygon-opacity:1; line-width:0.5; line-color:#FFF; line-opacity:1;} [conflict_new_displacements>=1000000]{polygon-fill:#810f7c;} [conflict_new_displacements>=100000][conflict_new_displacements<1000000]{polygon-fill:#8856a7;} [conflict_new_displacements>=10000][conflict_new_displacements<100000]{polygon-fill:#8c96c6;}  [conflict_new_displacements>=1000][conflict_new_displacements<10000]{polygon-fill:#9ebcda;} [conflict_new_displacements>=100][conflict_new_displacements<1000]{polygon-fill:#bfd3e6;} [conflict_new_displacements<100]{polygon-fill:#edf8fb;}", "sql": "SELECT data.cartodb_id, wri.the_geom_webmercator, wri.name, data.iso3, data.year,  data.conflict_stock_displacement, data.conflict_new_displacements, data.disaster_new_displacements FROM soc_062_idmc_displacement  data INNER JOIN wri_countries_a wri ON wri.iso_a3=data.iso3 WHERE year=2017 AND conflict_new_displacements IS NOT NULL"}, "type": "mapnik"}], "minzoom": 3, "maxzoom": 18}, "timelineLabel": "2017", "order": 2017, "timeline": true, "account": "wri-rw"}, "legendConfig": {"type": "choropleth", "items": [{"id": 0, "name": "<1", "color": "#e0edf9"}, {"id": 1, "name": "<10", "color": "#9ebcda"}, {"id": 2, "name": "<100", "color": "#8c96c6"}, {"id": 3, "name": "<500", "color": "#8856a7"}, {"id": 4, "name": "<1,000", "color": "#810f7c"}]}, "interactionConfig": {"output": [{"type": "string", "suffix": "", "property": "Country", "prefix": "", "format": null, "column": "name"}, {"type": "number", "suffix": "", "property": "Year", "prefix": "", "format": null, "column": "year"}, {"type": "number", "suffix": "", "property": "Displacements from Conflict", "prefix": "", "format": null, "column": "conflict_new_displacements"}]}, "applicationConfig": {}, "staticImageConfig": {}, "createdAt": "2020-02-06T15:29:14.983Z", "updatedAt": "2019-07-08T15:01:11.254Z"}}, {"id": "cb5daeb3-80ef-4e6e-8ca8-5ed0d6170b3b", "type": "layer", "attributes": {"name": "2018 Internally Displaced People Due to Conflict (thousands)", "slug": "2018-Internally-Displaced-People-due-to-Conflict-thousands", "dataset": "6974833b-004e-4b24-bdbc-ffbb779c1496", "description": "Country-level estimates of the number of people considered internally displaced persons due to violence and conflict in 2018. An internally displaced person is someone who is forced to flee their home but who remains within their country's borders.", "application": ["rw"], "iso": [], "provider": "cartodb", "userId": "5ba001878e311b7e3718740f", "default": true, "protected": false, "published": true, "env": "preproduction", "layerConfig": {"body": {"layers": [{"options": {"cartocss_version": "2.3.0", "cartocss": "#soc_062_idmc_displacement {polygon-opacity:1; line-width:0.5; line-color:#FFF; line-opacity:1;} [conflict_new_displacements>=1000000]{polygon-fill:#810f7c;} [conflict_new_displacements>=100000][conflict_new_displacements<1000000]{polygon-fill:#8856a7;} [conflict_new_displacements>=10000][conflict_new_displacements<100000]{polygon-fill:#8c96c6;}  [conflict_new_displacements>=1000][conflict_new_displacements<10000]{polygon-fill:#9ebcda;} [conflict_new_displacements>=100][conflict_new_displacements<1000]{polygon-fill:#bfd3e6;} [conflict_new_displacements<100]{polygon-fill:#edf8fb;}", "sql": "SELECT data.cartodb_id, wri.the_geom_webmercator, wri.name, data.iso3, data.year,  data.conflict_stock_displacement, data.conflict_new_displacements, data.disaster_new_displacements FROM soc_062_idmc_displacement  data INNER JOIN wri_countries_a wri ON wri.iso_a3=data.iso3 WHERE year=2018 AND conflict_new_displacements IS NOT NULL"}, "type": "mapnik"}], "minzoom": 3, "maxzoom": 18}, "timelineLabel": "2018", "order": 2018, "timeline": true, "account": "wri-rw"}, "legendConfig": {"type": "choropleth", "items": [{"id": 0, "name": "<1", "color": "#e0edf9"}, {"id": 1, "name": "<10", "color": "#9ebcda"}, {"id": 2, "name": "<100", "color": "#8c96c6"}, {"id": 3, "name": "<500", "color": "#8856a7"}, {"id": 4, "name": "<1,000", "color": "#810f7c"}]}, "interactionConfig": {"output": [{"type": "string", "suffix": "", "property": "Country", "prefix": "", "format": null, "column": "name"}, {"type": "number", "suffix": "", "property": "Year", "prefix": "", "format": null, "column": "year"}, {"type": "number", "suffix": "", "property": "Displacements from Conflict", "prefix": "", "format": null, "column": "conflict_new_displacements"}]}, "applicationConfig": {}, "staticImageConfig": {}, "createdAt": "2020-02-06T15:29:14.983Z", "updatedAt": "2019-07-08T15:01:16.731Z"}}, {"id": "2ded374f-9ed8-4e89-8609-877348185d03", "type": "layer", "attributes": {"name": "2015 Internally Displaced People Due to Conflict (thousands)", "slug": "2015-Internally-Displaced-People-due-to-Conflict-thousands", "dataset": "6974833b-004e-4b24-bdbc-ffbb779c1496", "description": "Country-level estimates of the number of people considered internally displaced persons due to violence and conflict in 2015. An internally displaced person is someone who is forced to flee their home but who remains within their country's borders.", "application": ["rw"], "iso": [], "provider": "cartodb", "userId": "5ba001878e311b7e3718740f", "default": false, "protected": false, "published": true, "env": "preproduction", "layerConfig": {"body": {"layers": [{"options": {"cartocss_version": "2.3.0", "cartocss": "#soc_062_idmc_displacement {polygon-opacity:1; line-width:0.5; line-color:#FFF; line-opacity:1;} [conflict_new_displacements>=1000000]{polygon-fill:#810f7c;} [conflict_new_displacements>=100000][conflict_new_displacements<1000000]{polygon-fill:#8856a7;} [conflict_new_displacements>=10000][conflict_new_displacements<100000]{polygon-fill:#8c96c6;}  [conflict_new_displacements>=1000][conflict_new_displacements<10000]{polygon-fill:#9ebcda;} [conflict_new_displacements>=100][conflict_new_displacements<1000]{polygon-fill:#bfd3e6;} [conflict_new_displacements<100]{polygon-fill:#edf8fb;}", "sql": "SELECT data.cartodb_id, wri.the_geom_webmercator, wri.name, data.iso3, data.year,  data.conflict_stock_displacement, data.conflict_new_displacements, data.disaster_new_displacements FROM soc_062_idmc_displacement  data INNER JOIN wri_countries_a wri ON wri.iso_a3=data.iso3 WHERE year=2015 AND conflict_new_displacements IS NOT NULL"}, "type": "mapnik"}], "minzoom": 3, "maxzoom": 18}, "timelineLabel": "2015", "order": 2015, "timeline": true, "account": "wri-rw"}, "legendConfig": {"type": "choropleth", "items": [{"id": 0, "name": "<1", "color": "#e0edf9"}, {"id": 1, "name": "<10", "color": "#9ebcda"}, {"id": 2, "name": "<100", "color": "#8c96c6"}, {"id": 3, "name": "<500", "color": "#8856a7"}, {"id": 4, "name": "<1,000", "color": "#810f7c"}]}, "interactionConfig": {"output": []}, "applicationConfig": {}, "staticImageConfig": {}, "createdAt": "2020-02-06T15:29:14.984Z", "updatedAt": "2019-07-08T15:00:29.303Z"}}, {"id": "5fad1431-a23d-415e-b46d-d6849eb52ed6", "type": "layer", "attributes": {"name": "2014 Internally Displaced People Due to Conflict (thousands)", "slug": "2014-Internally-Displaced-People-due-to-Conflict-thousands", "dataset": "6974833b-004e-4b24-bdbc-ffbb779c1496", "description": "Country-level estimates of the number of people considered internally displaced persons due to violence and conflict in 2014. An internally displaced person is someone who is forced to flee their home but who remains within their country's borders.", "application": ["rw"], "iso": [], "provider": "cartodb", "userId": "5ba001878e311b7e3718740f", "default": false, "protected": false, "published": true, "env": "preproduction", "layerConfig": {"body": {"layers": [{"options": {"cartocss_version": "2.3.0", "cartocss": "#soc_062_idmc_displacement {polygon-opacity:1; line-width:0.5; line-color:#FFF; line-opacity:1;} [conflict_new_displacements>=1000000]{polygon-fill:#810f7c;} [conflict_new_displacements>=100000][conflict_new_displacements<1000000]{polygon-fill:#8856a7;} [conflict_new_displacements>=10000][conflict_new_displacements<100000]{polygon-fill:#8c96c6;}  [conflict_new_displacements>=1000][conflict_new_displacements<10000]{polygon-fill:#9ebcda;} [conflict_new_displacements>=100][conflict_new_displacements<1000]{polygon-fill:#bfd3e6;} [conflict_new_displacements<100]{polygon-fill:#edf8fb;}", "sql": "SELECT data.cartodb_id, wri.the_geom_webmercator, wri.name, data.iso3, data.year,  data.conflict_stock_displacement, data.conflict_new_displacements, data.disaster_new_displacements FROM soc_062_idmc_displacement  data INNER JOIN wri_countries_a wri ON wri.iso_a3=data.iso3 WHERE year=2014 AND conflict_new_displacements IS NOT NULL"}, "type": "mapnik"}], "minzoom": 3, "maxzoom": 18}, "timelineLabel": "2014", "order": 2014, "timeline": true, "account": "wri-rw"}, "legendConfig": {"type": "choropleth", "items": [{"id": 0, "name": "<1", "color": "#e0edf9"}, {"id": 1, "name": "<10", "color": "#9ebcda"}, {"id": 2, "name": "<100", "color": "#8c96c6"}, {"id": 3, "name": "<500", "color": "#8856a7"}, {"id": 4, "name": "<1,000", "color": "#810f7c"}]}, "interactionConfig": {"output": []}, "applicationConfig": {}, "staticImageConfig": {}, "createdAt": "2020-02-06T15:29:14.984Z", "updatedAt": "2019-07-08T15:00:19.447Z"}}, {"id": "2027b604-ae56-4308-90a3-be30fe4cad92", "type": "layer", "attributes": {"name": "2013 Internally Displaced People Due to Conflict (thousands)", "slug": "2013-Internally-Displaced-People-due-to-Conflict-thousands", "dataset": "6974833b-004e-4b24-bdbc-ffbb779c1496", "description": "Country-level estimates of the number of people considered internally displaced persons due to violence and conflict in 2013. An internally displaced person is someone who is forced to flee their home but who remains within their country's borders.", "application": ["rw"], "iso": [], "provider": "cartodb", "userId": "5ba001878e311b7e3718740f", "default": false, "protected": false, "published": true, "env": "preproduction", "layerConfig": {"body": {"layers": [{"options": {"cartocss_version": "2.3.0", "cartocss": "#soc_062_idmc_displacement {polygon-opacity:1; line-width:0.5; line-color:#FFF; line-opacity:1;} [conflict_new_displacements>=1000000]{polygon-fill:#810f7c;} [conflict_new_displacements>=100000][conflict_new_displacements<1000000]{polygon-fill:#8856a7;} [conflict_new_displacements>=10000][conflict_new_displacements<100000]{polygon-fill:#8c96c6;}  [conflict_new_displacements>=1000][conflict_new_displacements<10000]{polygon-fill:#9ebcda;} [conflict_new_displacements>=100][conflict_new_displacements<1000]{polygon-fill:#bfd3e6;} [conflict_new_displacements<100]{polygon-fill:#edf8fb;}", "sql": "SELECT data.cartodb_id, wri.the_geom_webmercator, wri.name, data.iso3, data.year,  data.conflict_stock_displacement, data.conflict_new_displacements, data.disaster_new_displacements FROM soc_062_idmc_displacement  data INNER JOIN wri_countries_a wri ON wri.iso_a3=data.iso3 WHERE year=2013 AND conflict_new_displacements IS NOT NULL"}, "type": "mapnik"}], "minzoom": 3, "maxzoom": 18}, "timelineLabel": "2013", "order": 2013, "timeline": true, "account": "wri-rw"}, "legendConfig": {"type": "choropleth", "items": [{"id": 0, "name": "<1", "color": "#e0edf9"}, {"id": 1, "name": "<10", "color": "#9ebcda"}, {"id": 2, "name": "<100", "color": "#8c96c6"}, {"id": 3, "name": "<500", "color": "#8856a7"}, {"id": 4, "name": "<1,000", "color": "#810f7c"}]}, "interactionConfig": {"output": []}, "applicationConfig": {}, "staticImageConfig": {}, "createdAt": "2020-02-06T15:29:14.984Z", "updatedAt": "2019-07-08T15:00:03.571Z"}}, {"id": "48741179-fbba-47ce-aa96-0573888bcbc6", "type": "layer", "attributes": {"name": "2012 Internally Displaced People Due to Conflict (thousands)", "slug": "2012-Internally-Displaced-People-due-to-Conflict-thousands", "dataset": "6974833b-004e-4b24-bdbc-ffbb779c1496", "description": "Country-level estimates of the number of people considered internally displaced persons due to violence and conflict in 2012. An internally displaced person is someone who is forced to flee their home but who remains within their country's borders.", "application": ["rw"], "iso": [], "provider": "cartodb", "userId": "5ba001878e311b7e3718740f", "default": false, "protected": false, "published": true, "env": "preproduction", "layerConfig": {"body": {"layers": [{"options": {"cartocss_version": "2.3.0", "cartocss": "#soc_062_idmc_displacement {polygon-opacity:1; line-width:0.5; line-color:#FFF; line-opacity:1;} [conflict_new_displacements>=1000000]{polygon-fill:#810f7c;} [conflict_new_displacements>=100000][conflict_new_displacements<1000000]{polygon-fill:#8856a7;} [conflict_new_displacements>=10000][conflict_new_displacements<100000]{polygon-fill:#8c96c6;}  [conflict_new_displacements>=1000][conflict_new_displacements<10000]{polygon-fill:#9ebcda;} [conflict_new_displacements>=100][conflict_new_displacements<1000]{polygon-fill:#bfd3e6;} [conflict_new_displacements<100]{polygon-fill:#edf8fb;}", "sql": "SELECT data.cartodb_id, wri.the_geom_webmercator, wri.name, data.iso3, data.year,  data.conflict_stock_displacement, data.conflict_new_displacements, data.disaster_new_displacements FROM soc_062_idmc_displacement  data INNER JOIN wri_countries_a wri ON wri.iso_a3=data.iso3 WHERE year=2012 AND conflict_new_displacements IS NOT NULL"}, "type": "mapnik"}], "minzoom": 3, "maxzoom": 18}, "timelineLabel": "2012", "order": 2012, "timeline": true, "account": "wri-rw"}, "legendConfig": {"type": "choropleth", "items": [{"id": 0, "name": "<1", "color": "#e0edf9"}, {"id": 1, "name": "<10", "color": "#9ebcda"}, {"id": 2, "name": "<100", "color": "#8c96c6"}, {"id": 3, "name": "<500", "color": "#8856a7"}, {"id": 4, "name": "<1,000", "color": "#810f7c"}]}, "interactionConfig": {"output": []}, "applicationConfig": {}, "staticImageConfig": {}, "createdAt": "2020-02-06T15:29:14.985Z", "updatedAt": "2019-07-08T15:00:08.178Z"}}, {"id": "f17a8472-e0b9-41ad-9eba-63ebc306562f", "type": "layer", "attributes": {"name": "2011 Internally Displaced People Due to Conflict (thousands)", "slug": "2011-Internally-Displaced-People-due-to-Conflict-thousands", "dataset": "6974833b-004e-4b24-bdbc-ffbb779c1496", "description": "Country-level estimates of the number of people considered internally displaced persons due to violence and conflict in 2011. An internally displaced person is someone who is forced to flee their home but who remains within their country's borders.", "application": ["rw"], "iso": [], "provider": "cartodb", "userId": "5ba001878e311b7e3718740f", "default": false, "protected": false, "published": true, "env": "preproduction", "layerConfig": {"body": {"layers": [{"options": {"cartocss_version": "2.3.0", "cartocss": "#soc_062_idmc_displacement {polygon-opacity:1; line-width:0.5; line-color:#FFF; line-opacity:1;} [conflict_new_displacements>=1000000]{polygon-fill:#810f7c;} [conflict_new_displacements>=100000][conflict_new_displacements<1000000]{polygon-fill:#8856a7;} [conflict_new_displacements>=10000][conflict_new_displacements<100000]{polygon-fill:#8c96c6;}  [conflict_new_displacements>=1000][conflict_new_displacements<10000]{polygon-fill:#9ebcda;} [conflict_new_displacements>=100][conflict_new_displacements<1000]{polygon-fill:#bfd3e6;} [conflict_new_displacements<100]{polygon-fill:#edf8fb;}", "sql": "SELECT data.cartodb_id, wri.the_geom_webmercator, wri.name, data.iso3, data.year,  data.conflict_stock_displacement, data.conflict_new_displacements, data.disaster_new_displacements FROM soc_062_idmc_displacement  data INNER JOIN wri_countries_a wri ON wri.iso_a3=data.iso3 WHERE year=2011 AND conflict_new_displacements IS NOT NULL"}, "type": "mapnik"}], "minzoom": 3, "maxzoom": 18}, "timelineLabel": "2011", "order": 2011, "timeline": true, "account": "wri-rw"}, "legendConfig": {"type": "choropleth", "items": [{"id": 0, "name": "<1", "color": "#e0edf9"}, {"id": 1, "name": "<10", "color": "#9ebcda"}, {"id": 2, "name": "<100", "color": "#8c96c6"}, {"id": 3, "name": "<500", "color": "#8856a7"}, {"id": 4, "name": "<1,000", "color": "#810f7c"}]}, "interactionConfig": {"output": []}, "applicationConfig": {}, "staticImageConfig": {}, "createdAt": "2020-02-06T15:29:14.985Z", "updatedAt": "2019-07-08T14:59:21.972Z"}}, {"id": "ebd3e8b7-7ec3-41df-aff9-39b2b718973b", "type": "layer", "attributes": {"name": "2010 Internally Displaced People Due to Conflict (thousands)", "slug": "2010-Internally-Displaced-People-due-to-Conflict-thousands", "dataset": "6974833b-004e-4b24-bdbc-ffbb779c1496", "description": "Country-level estimates of the number of people considered internally displaced persons due to violence and conflict in 2010. An internally displaced person is someone who is forced to flee their home but who remains within their country's borders.", "application": ["rw"], "iso": [], "provider": "cartodb", "userId": "5ba001878e311b7e3718740f", "default": false, "protected": false, "published": true, "env": "preproduction", "layerConfig": {"body": {"layers": [{"options": {"cartocss_version": "2.3.0", "cartocss": "#soc_062_idmc_displacement {polygon-opacity:1; line-width:0.5; line-color:#FFF; line-opacity:1;} [conflict_new_displacements>=1000000]{polygon-fill:#810f7c;} [conflict_new_displacements>=100000][conflict_new_displacements<1000000]{polygon-fill:#8856a7;} [conflict_new_displacements>=10000][conflict_new_displacements<100000]{polygon-fill:#8c96c6;}  [conflict_new_displacements>=1000][conflict_new_displacements<10000]{polygon-fill:#9ebcda;} [conflict_new_displacements>=100][conflict_new_displacements<1000]{polygon-fill:#bfd3e6;} [conflict_new_displacements<100]{polygon-fill:#edf8fb;}", "sql": "SELECT data.cartodb_id, wri.the_geom_webmercator, wri.name, data.iso3, data.year,  data.conflict_stock_displacement, data.conflict_new_displacements, data.disaster_new_displacements FROM soc_062_idmc_displacement  data INNER JOIN wri_countries_a wri ON wri.iso_a3=data.iso3 WHERE year=2010 AND conflict_new_displacements IS NOT NULL"}, "type": "mapnik"}], "minzoom": 3, "maxzoom": 18}, "timelineLabel": "2010", "order": 2010, "timeline": true, "account": "wri-rw"}, "legendConfig": {"type": "choropleth", "items": [{"id": 0, "name": "<1", "color": "#e0edf9"}, {"id": 1, "name": "<10", "color": "#9ebcda"}, {"id": 2, "name": "<100", "color": "#8c96c6"}, {"id": 3, "name": "<500", "color": "#8856a7"}, {"id": 4, "name": "<1,000", "color": "#810f7c"}]}, "interactionConfig": {"output": []}, "applicationConfig": {}, "staticImageConfig": {}, "createdAt": "2020-02-06T15:29:14.986Z", "updatedAt": "2019-07-08T14:59:16.043Z"}}, {"id": "374ace0a-af5c-41cb-9317-7e63b1c98083", "type": "layer", "attributes": {"name": "2009 Internally Displaced People Due to Conflict (thousands)", "slug": "2009-Internally-Displaced-People-due-to-Conflict-thousands", "dataset": "6974833b-004e-4b24-bdbc-ffbb779c1496", "description": "Country-level estimates of the number of people considered internally displaced persons due to violence and conflict in 2009. An internally displaced person is someone who is forced to flee their home but who remains within their country's borders.", "application": ["rw"], "iso": [], "provider": "cartodb", "userId": "5ba001878e311b7e3718740f", "default": false, "protected": false, "published": true, "env": "preproduction", "layerConfig": {"body": {"layers": [{"options": {"cartocss_version": "2.3.0", "cartocss": "#soc_062_idmc_displacement {polygon-opacity:1; line-width:0.5; line-color:#FFF; line-opacity:1;} [conflict_new_displacements>=1000000]{polygon-fill:#810f7c;} [conflict_new_displacements>=100000][conflict_new_displacements<1000000]{polygon-fill:#8856a7;} [conflict_new_displacements>=10000][conflict_new_displacements<100000]{polygon-fill:#8c96c6;}  [conflict_new_displacements>=1000][conflict_new_displacements<10000]{polygon-fill:#9ebcda;} [conflict_new_displacements>=100][conflict_new_displacements<1000]{polygon-fill:#bfd3e6;} [conflict_new_displacements<100]{polygon-fill:#edf8fb;}", "sql": "SELECT data.cartodb_id, wri.the_geom_webmercator, wri.name, data.iso3, data.year,  data.conflict_stock_displacement, data.conflict_new_displacements, data.disaster_new_displacements FROM soc_062_idmc_displacement  data INNER JOIN wri_countries_a wri ON wri.iso_a3=data.iso3 WHERE year=2009 AND conflict_new_displacements IS NOT NULL"}, "type": "mapnik"}], "minzoom": 3, "maxzoom": 18}, "timelineLabel": "2009", "order": 2009, "timeline": true, "account": "wri-rw"}, "legendConfig": {"type": "choropleth", "items": [{"id": 0, "name": "<1", "color": "#e0edf9"}, {"id": 1, "name": "<10", "color": "#9ebcda"}, {"id": 2, "name": "<100", "color": "#8c96c6"}, {"id": 3, "name": "<500", "color": "#8856a7"}, {"id": 4, "name": "<1,000", "color": "#810f7c"}]}, "interactionConfig": {"output": []}, "applicationConfig": {}, "staticImageConfig": {}, "createdAt": "2020-02-06T15:29:14.986Z", "updatedAt": "2019-07-08T14:59:13.075Z"}}, {"id": "d74975f9-0452-4172-a5f6-d6435e9f2f1d", "type": "layer", "attributes": {"name": "2008 Internally Displaced People Due to Conflict (thousands)", "slug": "2008-Internally-Displaced-People-due-to-Conflict-thousands", "dataset": "6974833b-004e-4b24-bdbc-ffbb779c1496", "description": "Country-level estimates of the number of people considered internally displaced persons due to violence and conflict in 2008. An internally displaced person is someone who is forced to flee their home but who remains within their country's borders.", "application": ["rw"], "iso": [], "provider": "cartodb", "userId": "5ba001878e311b7e3718740f", "default": false, "protected": false, "published": true, "env": "preproduction", "layerConfig": {"body": {"layers": [{"options": {"cartocss_version": "2.3.0", "cartocss": "#soc_062_idmc_displacement {polygon-opacity:1; line-width:0.5; line-color:#FFF; line-opacity:1;} [conflict_new_displacements>=1000000]{polygon-fill:#810f7c;} [conflict_new_displacements>=100000][conflict_new_displacements<1000000]{polygon-fill:#8856a7;} [conflict_new_displacements>=10000][conflict_new_displacements<100000]{polygon-fill:#8c96c6;}  [conflict_new_displacements>=1000][conflict_new_displacements<10000]{polygon-fill:#9ebcda;} [conflict_new_displacements>=100][conflict_new_displacements<1000]{polygon-fill:#bfd3e6;} [conflict_new_displacements<100]{polygon-fill:#edf8fb;}", "sql": "SELECT data.cartodb_id, wri.the_geom_webmercator, wri.name, data.iso3, data.year,  data.conflict_stock_displacement, data.conflict_new_displacements, data.disaster_new_displacements FROM soc_062_idmc_displacement  data INNER JOIN wri_countries_a wri ON wri.iso_a3=data.iso3 WHERE year=2008 AND conflict_new_displacements IS NOT NULL"}, "type": "mapnik"}], "minzoom": 3, "maxzoom": 18}, "timelineLabel": "2008", "order": 2008, "timeline": true, "account": "wri-rw"}, "legendConfig": {"type": "choropleth", "items": [{"id": 0, "name": "<1", "color": "#e0edf9"}, {"id": 1, "name": "<10", "color": "#9ebcda"}, {"id": 2, "name": "<100", "color": "#8c96c6"}, {"id": 3, "name": "<500", "color": "#8856a7"}, {"id": 4, "name": "<1,000", "color": "#810f7c"}]}, "interactionConfig": {"output": []}, "applicationConfig": {}, "staticImageConfig": {}, "createdAt": "2020-02-06T15:29:14.987Z", "updatedAt": "2019-07-08T14:59:09.903Z"}}], "vocabulary": [{"type": "vocabulary", "attributes": {"resource": {"id": "6974833b-004e-4b24-bdbc-ffbb779c1496", "type": "dataset"}, "tags": ["geospatial", "table", "global", "displaced_people", "internally_displaced", "annual", "historical", "conflict", "society"], "name": "knowledge_graph", "application": "rw"}}], "widgetRelevantProps": ["iso3", "name", "year", "conflict_stock_displacement", "conflict_new_displacements"], "layerRelevantProps": []}}