{"id": "6a27e704-92ba-4817-a1ed-bfcdb27f9de3", "type": "dataset", "server": "https://api.resourcewatch.org", "attributes": {"name": "for.008 Tree Cover Loss_replacement", "slug": "for008-Tree-Cover-Loss_replacement", "type": "raster", "subtitle": null, "application": ["rw"], "dataPath": null, "attributesPath": null, "connectorType": "rest", "provider": "gee", "userId": "5ba001878e311b7e3718740f", "connectorUrl": "", "sources": [], "tableName": "UMD/hansen/global_forest_change_2015_v1_3", "status": "saved", "published": true, "overwrite": false, "verified": false, "blockchain": {}, "subscribable": {}, "mainDateField": null, "env": "production", "applicationConfig": {"rw": {"layerOrder": ["ef7f872b-20ae-42ca-bec8-1a0d7f9ff40f", "43a39e0c-e973-48e3-9c11-942b1462ba48", "dce0e505-2b28-4b53-a859-76b7dcbae98f", "c844bff5-cb64-4f28-9178-751a52020a30", "6879c9ec-a031-497d-a5ed-3e5ffe7f456e", "a19e225e-5fc9-4668-8753-7106c01f46c1", "1925d5d8-aff4-405e-b35f-723c2af7b66c", "2e5e85fe-fe5a-4cf9-aab0-94859a0308d2", "7cede207-988c-4278-b40f-2a45793ba0a8", "5074132a-d701-4930-afcf-a6464925f1f0", "4618c60f-9d6b-4c12-a388-d805431b37da", "213499ba-ef22-4d8e-bb74-c0a1bb999192", "f7eade67-b5aa-46a8-b5d1-02ebdbad4beb", "e7320e8b-2498-4a71-a777-c40f05d8df52", "864470d1-198f-40b0-ae26-2e2983f7df45", "d8b98f3b-170f-4e3a-bdf2-898fa5593f57", "6c508fb9-1350-49f0-86a9-6d8992dabf2c", "5e9f8e1b-f8af-427f-837c-d204260a736b", "f5633172-7a8e-4469-adab-40848b4b51e6"]}}, "geoInfo": true, "protected": false, "legend": {"date": [], "region": [], "country": [], "nested": [], "integer": [], "short": [], "byte": [], "double": [], "float": [], "half_float": [], "scaled_float": [], "boolean": [], "binary": [], "text": [], "keyword": []}, "clonedHost": {}, "errorMessage": "", "taskId": null, "createdAt": "2019-10-23T16:06:41.365Z", "updatedAt": "2019-10-25T20:35:49.132Z", "dataLastUpdated": null, "metadata": [{"id": "5db07af83fcbe90013afd320", "type": "metadata", "attributes": {"dataset": "6a27e704-92ba-4817-a1ed-bfcdb27f9de3", "application": "rw", "resource": {"id": "6a27e704-92ba-4817-a1ed-bfcdb27f9de3", "type": "dataset"}, "language": "en", "name": "Tree Cover Loss", "description": "This data set, a collaboration between the GLAD (Global Land Analysis & Discovery) lab at the University of Maryland, Google, USGS, and NASA, measures areas of tree cover loss across all global land (except Antarctica and other Arctic islands) at approximately 30 \u00d7 30 meter resolution. The data were generated using multispectral satellite imagery from the Landsat 5 thematic mapper (TM), the Landsat 7 thematic mapper plus (ETM+), and the Landsat 8 Operational Land Imager (OLI) sensors. Over 1 million satellite images were processed and analyzed, including over 600,000 Landsat 7 images for the 2000-2012 interval, and more than 400,000 Landsat 5, 7, and 8 images for updates for the 2011-2017 interval. The clear land surface observations in the satellite images were assembled and a supervised learning algorithm was applied to identify per pixel tree cover loss.  \n  \n\nIn this data set, \u201ctree cover\u201d is defined as all vegetation greater than 5 meters in height, and may take the form of natural forests or plantations across a range of canopy densities. Tree cover loss is defined as \u201cstand replacement disturbance,\u201d or the complete removal of tree cover canopy at the Landsat pixel scale. Tree cover loss may be the result of human activities, including forestry practices such as timber harvesting or deforestation (the conversion of natural forest to other land uses), as well as natural causes such as disease or storm damage. Fire is another widespread cause of tree cover loss, and can be either natural or human-induced.  \n  \n\nThis data set has been updated five times since its creation, and now includes loss up to 2017 (Version 1.5). The analysis method has been modified in numerous ways, including new data for the target year, re-processed data for previous years (2011 and 2012 for the Version 1.1 update, 2012 and 2013 for the Version 1.2 update, and 2014 for the Version 1.3 update), and improved modelling and calibration. These modifications improve change detection for 2011-2017, including better detection of boreal loss due to fire, smallholder rotation agriculture in tropical forests, selective losing, and short cycle plantations. Eventually, a future \u201cVersion 2.0\u201d will include reprocessing for 2000-2010 data, but in the meantime integrated use of the original data and Version 1.5 should be performed with caution. Resource Watch shows only a subset of the data set. For access to the full data set and additional information, see the Learn More link.", "source": "UMD/Google/USGS/NASA", "info": {"rwId": "for.008", "data_type": "Raster", "name": "Tree Cover Loss", "sources": [{"source-name": "University of Maryland (UMD)", "id": 0, "source-description": ""}, {"source-name": "Google", "id": 1, "source-description": ""}, {"source-name": "United States Geological Survey (USGS)", "id": 2, "source-description": ""}, {"source-name": "National Aeronautics and Space Administration (NASA)", "id": 3, "source-description": ""}], "technical_title": "Global Forest Change 2000\u20132016", "functions": "Areas of tree cover loss from 2001 through 2017", "cautions": "In this data set, \u201ctree cover\u201d is defined as all vegetation greater than 5 meters in height, and may take the form of natural forests or plantations across a range of canopy densities. \u201cLoss\u201d indicates the removal or mortality of tree cover and can be due to a variety of factors, including mechanical harvesting, fire, disease, or storm damage. As such, \u201closs\u201d does not equate to deforestation.    \n  \nDue to variation in research methodology and date of content, tree cover, loss, and gain data sets cannot be compared accurately against each other. Accordingly, \u201cnet\u201d loss cannot be calculated by subtracting figures for tree cover gain from tree cover loss, and current (post-2000) tree cover cannot be determined by subtracting figures for annual tree cover loss from year 2000 tree cover.  The 2011-2017 data was produced using updated methodology. Comparisons between the original 2001-2010 data and the 2011-2017 update should be performed with caution.    \n  \nThe authors evaluated the overall prevalence of false positives (commission errors) in this data at 13%, and the prevalence of false negatives (omission errors) at 12%, though the accuracy varies by biome and thus may be higher or lower in any particular location. The model often misses disturbances in smallholder landscapes, resulting in lower accuracy of the data in sub-Saharan Africa, where this type of disturbance is more common. The authors are 75 percent confident that the loss occurred within the stated year, and 97 percent confident that it occurred within a year before or after. Users of the data can smooth out such uncertainty by examining the average over multiple years. ", "citation": "Hansen, M. C., P. V. Potapov, R. Moore, M. Hancher, S. A. Turubanova, A. Tyukavina, D. Thau, S. V. Stehman, S. J. Goetz, T. R. Loveland, A. Kommareddy, A. Egorov, L. Chini, C. O. Justice, and J. R. G. Townshend. 2013. \u201cHigh-Resolution Global Maps of 21st-Century Forest Cover Change.\u201d Science 342 (15 November): 850\u201353. Data available on-line from:http://earthenginepartners.appspot.com/science-2013-global-forest. Accessed through Resource Watch, (date). [www.resourcewatch.org](www.resourcewatch.org).", "license": "Creative Commons Attribution 4.0 International", "license_link": "https://creativecommons.org/licenses/by/4.0/", "geographic_coverage": "Global", "spatial_resolution": "30 m", "date_of_content": "2001-2017", "frequency_of_updates": "Annual", "learn_more_link": "http://earthenginepartners.appspot.com/science-2013-global-forest", "data_download_link": null, "data_download_original_link": "http://earthenginepartners.appspot.com/science-2013-global-forest/download_v1.4.html"}, "createdAt": "2019-10-23T16:08:24.296Z", "updatedAt": "2020-02-04T19:46:27.489Z", "status": "published"}}], "widget": [{"id": "bc6df91b-1774-4f37-ba47-3ce84d8bb9bb", "type": "widget", "attributes": {"name": "Tree cover loss", "dataset": "6a27e704-92ba-4817-a1ed-bfcdb27f9de3", "slug": "Tree-cover-loss", "userId": "5ba001878e311b7e3718740f", "application": ["rw"], "verified": false, "default": false, "protected": false, "defaultEditableWidget": false, "published": false, "freeze": false, "env": "production", "widgetConfig": {"type": "map", "layer_id": "76fa130d-3037-433e-b41d-c4510c6b78b7", "zoom": 6, "lat": 11.152051924889156, "lng": -236.77927494049075, "bbox": [-32.51953125000001, -49.49667452747044, 32.51953125000001, 49.49667452747045], "basemapLayers": {"basemap": "dark", "labels": null, "boundaries": false}, "paramsConfig": {"visualizationType": "map", "limit": 500, "value": null, "category": null, "color": null, "size": null, "orderBy": null, "aggregateFunction": null, "chartType": null, "filters": [], "areaIntersection": null, "band": null, "layer": "76fa130d-3037-433e-b41d-c4510c6b78b7"}, "config": {"range": {"dotSize": [20, 250], "category20": ["#3BB2D0", "#2C75B0", "#FAB72E", "#EF4848", "#65B60D", "#C32D7B", "#F577B9", "#5FD2B8", "#F1800F", "#9F1C00", "#A5E9E3", "#B9D765", "#393F44", "#CACCD0", "#717171"], "ordinal": {"scheme": "greens"}, "ramp": {"scheme": "purples"}}, "axis": {"labelFontSize": 13, "labelFont": "Lato", "labelColor": "#717171", "labelPadding": 10, "ticks": true, "tickSize": 8, "tickColor": "#A9ABAD", "tickOpacity": 0.5, "tickExtra": false}, "axisX": {"bandPosition": 0.5, "domainWidth": 1.2, "domainColor": "#A9ABAD", "labelAlign": "center", "labelBaseline": "top"}, "axisY": {"domain": false, "labelAlign": "left", "labelBaseline": "bottom", "tickOpacity": 0.5, "grid": true, "ticks": false, "gridColor": "#A9ABAD", "gridOpacity": 0.5}, "mark": {"fill": "#3BB2D0"}, "symbol": {"fill": "#3BB2D0", "stroke": "#fff"}, "rect": {"fill": "#3BB2D0"}, "line": {"interpolate": "linear", "stroke": "#3BB2D0", "fillOpacity": 0}}}, "template": false, "createdAt": "2019-10-23T16:08:19.579Z", "updatedAt": "2019-10-23T20:23:24.018Z"}}, {"id": "a8932de9-e9d7-44e1-88ae-9c0ad5c6f4fa", "type": "widget", "attributes": {"name": "The world lost 337 million hectares of tree cover from 2001 to 2017", "dataset": "6a27e704-92ba-4817-a1ed-bfcdb27f9de3", "slug": "The-world-lost-337-million-hectares-of-tree-cover-from-2001-to-2017_1", "userId": "5ba001878e311b7e3718740f", "description": "Areas of gross tree cover loss from 2001 to 2017 with greater than 30% canopy density. Tree cover with greater than 30%  canopy density is referred to as forest. \u201cTree cover\u201d is the biophysical presence of trees and may take the form of natural forests or plantations existing over a range of canopy densities.", "application": ["rw"], "verified": false, "default": false, "protected": false, "defaultEditableWidget": false, "published": true, "freeze": false, "env": "production", "widgetConfig": {"config": null, "paramsConfig": {"layer": "7a6e5ae9-0aa7-41fc-a711-ca40858a20a1", "band": null, "areaIntersection": null, "filters": [], "chartType": null, "aggregateFunction": null, "orderBy": null, "size": null, "color": null, "category": null, "value": null, "limit": 50, "visualizationType": "map"}, "basemapLayers": {"boundaries": false, "labels": null, "basemap": "dark"}, "bbox": [-32.51953125000001, -49.49667452747044, 32.69531250000001, 49.49667452747045], "lng": 0, "lat": 0, "zoom": 3, "layer_id": "7a6e5ae9-0aa7-41fc-a711-ca40858a20a1", "type": "map"}, "template": false, "createdAt": "2019-10-23T16:08:20.770Z", "updatedAt": "2019-10-23T16:08:20.770Z"}}, {"id": "80ce973d-9d19-45ab-acb9-889053dac11c", "type": "widget", "attributes": {"name": "The world lost 300 million hectares of tree cover from 2001 to 2016", "dataset": "6a27e704-92ba-4817-a1ed-bfcdb27f9de3", "slug": "The-world-lost-300-million-hectares-of-tree-cover-from-2001-to-2016_1", "userId": "5ba001878e311b7e3718740f", "application": ["rw"], "verified": false, "default": false, "protected": false, "defaultEditableWidget": false, "published": false, "freeze": false, "env": "production", "widgetConfig": {"type": "map", "layer_id": "76fa130d-3037-433e-b41d-c4510c6b78b7", "zoom": 2, "lat": -11.576318206817845, "lng": -39.24387216567993, "bbox": [-104.41406250000001, -77.31251993823142, 25.664062500000004, 71.07405646336098], "basemapLayers": {"basemap": "dark", "labels": null, "boundaries": false}, "paramsConfig": {"visualizationType": "map", "limit": 50, "value": null, "category": null, "color": null, "size": null, "orderBy": null, "aggregateFunction": null, "chartType": null, "filters": [], "areaIntersection": null, "band": null, "layer": "76fa130d-3037-433e-b41d-c4510c6b78b7"}, "config": {"range": {"dotSize": [20, 250], "category20": ["#3BB2D0", "#2C75B0", "#FAB72E", "#EF4848", "#65B60D", "#C32D7B", "#F577B9", "#5FD2B8", "#F1800F", "#9F1C00", "#A5E9E3", "#B9D765", "#393F44", "#CACCD0", "#717171"], "ordinal": {"scheme": "greens"}, "ramp": {"scheme": "purples"}}, "axis": {"labelFontSize": 13, "labelFont": "Lato", "labelColor": "#717171", "labelPadding": 10, "ticks": true, "tickSize": 8, "tickColor": "#A9ABAD", "tickOpacity": 0.5, "tickExtra": false}, "axisX": {"bandPosition": 0.5, "domainWidth": 1.2, "domainColor": "#A9ABAD", "labelAlign": "center", "labelBaseline": "top"}, "axisY": {"domain": false, "labelAlign": "left", "labelBaseline": "bottom", "tickOpacity": 0.5, "grid": true, "ticks": false, "gridColor": "#A9ABAD", "gridOpacity": 0.5}, "mark": {"fill": "#3BB2D0"}, "symbol": {"fill": "#3BB2D0", "stroke": "#fff"}, "rect": {"fill": "#3BB2D0"}, "line": {"interpolate": "linear", "stroke": "#3BB2D0", "fillOpacity": 0}}}, "template": false, "createdAt": "2019-10-23T16:08:20.921Z", "updatedAt": "2019-10-23T20:23:20.019Z"}}, {"id": "57be6a54-9daa-4a1b-bb28-90e32964c23c", "type": "widget", "attributes": {"name": "The world lost 337 million hectares of tree cover from 2001 to 2017", "dataset": "6a27e704-92ba-4817-a1ed-bfcdb27f9de3", "slug": "The-world-lost-337-million-hectares-of-tree-cover-from-2001-to-2017_2", "userId": "5ba001878e311b7e3718740f", "description": "Areas of gross tree cover loss from 2001 to 2017 with greater than 30% canopy density. Tree cover with greater than 30%  canopy density is referred to as forest. \u201cTree cover\u201d is the biophysical presence of trees and may take the form of natural forests or plantations existing over a range of canopy densities.", "application": ["rw"], "verified": false, "default": false, "protected": false, "defaultEditableWidget": false, "published": true, "freeze": false, "env": "production", "widgetConfig": {"type": "map", "layer_id": "7a6e5ae9-0aa7-41fc-a711-ca40858a20a1", "zoom": 3, "lat": 0, "lng": 0, "basemapLayers": {"basemap": "dark", "labels": null, "boundaries": false}, "paramsConfig": {"visualizationType": "map", "limit": 50, "value": null, "category": null, "color": null, "size": null, "orderBy": null, "aggregateFunction": null, "chartType": null, "filters": [], "areaIntersection": null, "band": null, "layer": "7a6e5ae9-0aa7-41fc-a711-ca40858a20a1"}, "config": null}, "template": false, "createdAt": "2019-10-23T16:08:21.082Z", "updatedAt": "2019-10-23T16:08:21.082Z"}}, {"id": "3a0bdaaa-05d8-496a-bbdb-95b6acc599b6", "type": "widget", "attributes": {"name": "North Eastern India - Tree cover loss", "dataset": "6a27e704-92ba-4817-a1ed-bfcdb27f9de3", "slug": "North-Eastern-India-Tree-cover-loss_1", "userId": "5ba001878e311b7e3718740f", "application": ["rw"], "verified": false, "default": false, "protected": false, "defaultEditableWidget": false, "published": false, "freeze": false, "env": "production", "widgetConfig": {"type": "map", "layer_id": "7a6e5ae9-0aa7-41fc-a711-ca40858a20a1", "zoom": 5, "lat": 24.126701958681682, "lng": 93.05419921875, "bbox": [84.94628906250001, 10.531020008464989, 101.20605468750001, 36.421282443649496], "basemapLayers": {"basemap": "dark", "labels": null, "boundaries": false}, "paramsConfig": {"visualizationType": "map", "limit": 50, "value": null, "category": null, "color": null, "size": null, "orderBy": null, "aggregateFunction": null, "chartType": null, "filters": [], "areaIntersection": null, "band": null, "layer": "7a6e5ae9-0aa7-41fc-a711-ca40858a20a1"}, "config": {"range": {"dotSize": [20, 250], "category20": ["#3BB2D0", "#2C75B0", "#FAB72E", "#EF4848", "#65B60D", "#C32D7B", "#F577B9", "#5FD2B8", "#F1800F", "#9F1C00", "#A5E9E3", "#B9D765", "#393F44", "#CACCD0", "#717171"], "ordinal": {"scheme": "greens"}, "ramp": {"scheme": "purples"}}, "axis": {"labelFontSize": 13, "labelFont": "Lato", "labelColor": "#717171", "labelPadding": 10, "ticks": true, "tickSize": 8, "tickColor": "#A9ABAD", "tickOpacity": 0.5, "tickExtra": false}, "axisX": {"bandPosition": 0.5, "domainWidth": 1.2, "domainColor": "#A9ABAD", "labelAlign": "center", "labelBaseline": "top"}, "axisY": {"domain": false, "labelAlign": "left", "labelBaseline": "bottom", "tickOpacity": 0.5, "grid": true, "ticks": false, "gridColor": "#A9ABAD", "gridOpacity": 0.5}, "mark": {"fill": "#3BB2D0"}, "symbol": {"fill": "#3BB2D0", "stroke": "#fff"}, "rect": {"fill": "#3BB2D0"}, "line": {"interpolate": "linear", "stroke": "#3BB2D0", "fillOpacity": 0}}}, "template": false, "createdAt": "2019-10-23T16:08:21.221Z", "updatedAt": "2019-10-23T20:23:14.990Z"}}, {"id": "8c8bf4df-d8eb-4ca7-966d-93aa2c34faa0", "type": "widget", "attributes": {"name": "2001-2017 Tree Cover Loss", "dataset": "6a27e704-92ba-4817-a1ed-bfcdb27f9de3", "slug": "2001-2017-Tree-Cover-Loss_4", "userId": "5ba001878e311b7e3718740f", "description": "Areas of gross tree cover loss from 2001 to 2017 with greater than 30% canopy density. Tree cover with greater than 30%  canopy density is referred to as forest. \u201cTree cover\u201d is the biophysical presence of trees and may take the form of natural forests or plantations existing over a range of canopy densities.", "application": ["rw"], "verified": false, "default": false, "protected": false, "defaultEditableWidget": true, "published": true, "freeze": false, "env": "production", "widgetConfig": {"type": "map", "layer_id": "7a6e5ae9-0aa7-41fc-a711-ca40858a20a1", "zoom": 2, "lat": 0, "lng": 0.087890625, "bbox": [-65.03906250000001, -74.49641311694309, 65.03906250000001, 74.4964131169431], "basemapLayers": {"basemap": "dark", "labels": null, "boundaries": false}, "paramsConfig": {"visualizationType": "map", "limit": 50, "value": null, "category": null, "color": null, "size": null, "orderBy": null, "aggregateFunction": null, "chartType": null, "filters": [], "areaIntersection": null, "band": null, "layer": "7a6e5ae9-0aa7-41fc-a711-ca40858a20a1"}, "config": {"range": {"dotSize": [20, 250], "category20": ["#3BB2D0", "#2C75B0", "#FAB72E", "#EF4848", "#65B60D", "#C32D7B", "#F577B9", "#5FD2B8", "#F1800F", "#9F1C00", "#A5E9E3", "#B9D765", "#393F44", "#CACCD0", "#717171"], "ordinal": {"scheme": "greens"}, "ramp": {"scheme": "purples"}}, "axis": {"labelFontSize": 13, "labelFont": "Lato", "labelColor": "#717171", "labelPadding": 10, "ticks": true, "tickSize": 8, "tickColor": "#A9ABAD", "tickOpacity": 0.5, "tickExtra": false}, "axisX": {"bandPosition": 0.5, "domainWidth": 1.2, "domainColor": "#A9ABAD", "labelAlign": "center", "labelBaseline": "top"}, "axisY": {"domain": false, "labelAlign": "left", "labelBaseline": "bottom", "tickOpacity": 0.5, "grid": true, "ticks": false, "gridColor": "#A9ABAD", "gridOpacity": 0.5}, "mark": {"fill": "#3BB2D0"}, "symbol": {"fill": "#3BB2D0", "stroke": "#fff"}, "rect": {"fill": "#3BB2D0"}, "line": {"interpolate": "linear", "stroke": "#3BB2D0", "fillOpacity": 0}}}, "template": false, "createdAt": "2019-10-23T16:08:21.357Z", "updatedAt": "2019-10-23T20:22:54.929Z"}}, {"id": "11424ec5-7270-4f60-ac77-78ddeb54c827", "type": "widget", "attributes": {"name": "Skopje Tree Cover and Loss 2001-2017", "dataset": "6a27e704-92ba-4817-a1ed-bfcdb27f9de3", "slug": "Skopje-Tree-Cover-and-Loss-2001-2017_1", "userId": "5ba001878e311b7e3718740f", "description": "", "application": ["rw"], "verified": false, "default": false, "protected": false, "defaultEditableWidget": false, "published": true, "freeze": false, "env": "production", "widgetConfig": {"url": "https://resourcewatch.org/embed/data/explore?zoom=12&lat=41.99911321131479&lng=21.424890250000026&basemap=dark&labels=light&layers=%255B%257B%2522dataset%2522%253A%25220448c79d-0ee0-42ff-9331-aeee70cef301%2522%252C%2522opacity%2522%253A1%252C%2522layer%2522%253A%25227a6e5ae9-0aa7-41fc-a711-ca40858a20a1%2522%257D%252C%257B%2522dataset%2522%253A%25220087944f-871c-44bc-b4d9-cd5acfc27023%2522%252C%2522opacity%2522%253A1%252C%2522layer%2522%253A%25227a270c3a-1161-4fb2-a613-090d3e603126%2522%257D%255D&page=1&sort=relevance&sortDirection=-1&search=tree", "type": "embed"}, "template": false, "createdAt": "2019-10-23T16:08:21.515Z", "updatedAt": "2019-10-23T16:08:21.515Z"}}, {"id": "36ac8a67-1bc6-41e6-9f56-30719144f68c", "type": "widget", "attributes": {"name": "2001-2017 Tree cover loss", "dataset": "6a27e704-92ba-4817-a1ed-bfcdb27f9de3", "slug": "2001-2017-Tree-cover-loss_1", "userId": "5ba001878e311b7e3718740f", "description": "2001-2017 Tree cover loss", "application": ["rw"], "verified": false, "default": false, "protected": false, "defaultEditableWidget": false, "published": false, "freeze": false, "env": "production", "widgetConfig": {"type": "map", "layer_id": "7a6e5ae9-0aa7-41fc-a711-ca40858a20a1", "zoom": 3, "lat": -10.660607953624762, "lng": -218.32031250000003, "bbox": [-250.83984375000003, -55.97379820507658, -185.80078125000003, 42.032974332441405], "basemapLayers": {"basemap": "dark", "labels": null, "boundaries": false}, "paramsConfig": {"visualizationType": "map", "limit": 50, "value": null, "category": null, "color": null, "size": null, "orderBy": null, "aggregateFunction": null, "chartType": null, "filters": [], "areaIntersection": null, "band": null, "layer": "7a6e5ae9-0aa7-41fc-a711-ca40858a20a1"}, "config": {"range": {"dotSize": [20, 250], "category20": ["#3BB2D0", "#2C75B0", "#FAB72E", "#EF4848", "#65B60D", "#C32D7B", "#F577B9", "#5FD2B8", "#F1800F", "#9F1C00", "#A5E9E3", "#B9D765", "#393F44", "#CACCD0", "#717171"], "ordinal": {"scheme": "greens"}, "ramp": {"scheme": "purples"}}, "axis": {"labelFontSize": 13, "labelFont": "Lato", "labelColor": "#717171", "labelPadding": 10, "ticks": true, "tickSize": 8, "tickColor": "#A9ABAD", "tickOpacity": 0.5, "tickExtra": false}, "axisX": {"bandPosition": 0.5, "domainWidth": 1.2, "domainColor": "#A9ABAD", "labelAlign": "center", "labelBaseline": "top"}, "axisY": {"domain": false, "labelAlign": "left", "labelBaseline": "bottom", "tickOpacity": 0.5, "grid": true, "ticks": false, "gridColor": "#A9ABAD", "gridOpacity": 0.5}, "mark": {"fill": "#3BB2D0"}, "symbol": {"fill": "#3BB2D0", "stroke": "#fff"}, "rect": {"fill": "#3BB2D0"}, "line": {"interpolate": "linear", "stroke": "#3BB2D0", "fillOpacity": 0}}}, "template": false, "createdAt": "2019-10-23T16:08:21.653Z", "updatedAt": "2019-10-23T20:22:43.388Z"}}, {"id": "8264c190-c95a-400d-b2a4-001d008f3159", "type": "widget", "attributes": {"name": "2001-2017 Tree Cover Loss", "dataset": "6a27e704-92ba-4817-a1ed-bfcdb27f9de3", "slug": "2001-2017-Tree-Cover-Loss_5", "userId": "5ba001878e311b7e3718740f", "application": ["rw"], "verified": false, "default": false, "protected": false, "defaultEditableWidget": false, "published": false, "freeze": false, "env": "production", "widgetConfig": {"type": "map", "layer_id": "7a6e5ae9-0aa7-41fc-a711-ca40858a20a1", "zoom": 3, "lat": 11.526451515130455, "lng": 115.65994262695314, "bbox": [83.14453125000001, -41.37680856570234, 148.18359375000003, 56.46249048388979], "basemapLayers": {"basemap": "dark", "labels": null, "boundaries": false}, "paramsConfig": {"visualizationType": "map", "limit": 50, "value": null, "category": null, "color": null, "size": null, "orderBy": null, "aggregateFunction": null, "chartType": null, "filters": [], "areaIntersection": null, "band": null, "layer": "7a6e5ae9-0aa7-41fc-a711-ca40858a20a1"}, "config": {"range": {"dotSize": [20, 250], "category20": ["#3BB2D0", "#2C75B0", "#FAB72E", "#EF4848", "#65B60D", "#C32D7B", "#F577B9", "#5FD2B8", "#F1800F", "#9F1C00", "#A5E9E3", "#B9D765", "#393F44", "#CACCD0", "#717171"], "ordinal": {"scheme": "greens"}, "ramp": {"scheme": "purples"}}, "axis": {"labelFontSize": 13, "labelFont": "Lato", "labelColor": "#717171", "labelPadding": 10, "ticks": true, "tickSize": 8, "tickColor": "#A9ABAD", "tickOpacity": 0.5, "tickExtra": false}, "axisX": {"bandPosition": 0.5, "domainWidth": 1.2, "domainColor": "#A9ABAD", "labelAlign": "center", "labelBaseline": "top"}, "axisY": {"domain": false, "labelAlign": "left", "labelBaseline": "bottom", "tickOpacity": 0.5, "grid": true, "ticks": false, "gridColor": "#A9ABAD", "gridOpacity": 0.5}, "mark": {"fill": "#3BB2D0"}, "symbol": {"fill": "#3BB2D0", "stroke": "#fff"}, "rect": {"fill": "#3BB2D0"}, "line": {"interpolate": "linear", "stroke": "#3BB2D0", "fillOpacity": 0}}}, "template": false, "createdAt": "2019-10-23T16:08:21.826Z", "updatedAt": "2019-10-23T20:22:40.094Z"}}, {"id": "3d183dfb-9add-4009-aba5-c244500c73d7", "type": "widget", "attributes": {"name": "2001-2017 Tree Cover Loss", "dataset": "6a27e704-92ba-4817-a1ed-bfcdb27f9de3", "slug": "2001-2017-Tree-Cover-Loss_6", "userId": "5ba001878e311b7e3718740f", "application": ["rw"], "verified": false, "default": false, "protected": false, "defaultEditableWidget": false, "published": false, "thumbnailUrl": "http://wri-api-backups.s3.amazonaws.com/resourcewatch/prod/thumbnails/3d183dfb-9add-4009-aba5-c244500c73d7-1571862157189.png", "freeze": false, "env": "production", "widgetConfig": {"type": "map", "layer_id": "7a6e5ae9-0aa7-41fc-a711-ca40858a20a1", "zoom": 2, "lat": 11.526451515130455, "lng": 115.65994262695314, "bbox": [50.62500000000001, -71.07405646336098, 180.70312500000003, 77.31251993823143], "basemapLayers": {"basemap": "dark", "labels": null, "boundaries": false}, "paramsConfig": {"visualizationType": "map", "limit": 50, "value": null, "category": null, "color": null, "size": null, "orderBy": null, "aggregateFunction": null, "chartType": null, "filters": [], "areaIntersection": null, "band": null, "layer": "7a6e5ae9-0aa7-41fc-a711-ca40858a20a1"}, "config": {"range": {"dotSize": [20, 250], "category20": ["#3BB2D0", "#2C75B0", "#FAB72E", "#EF4848", "#65B60D", "#C32D7B", "#F577B9", "#5FD2B8", "#F1800F", "#9F1C00", "#A5E9E3", "#B9D765", "#393F44", "#CACCD0", "#717171"], "ordinal": {"scheme": "greens"}, "ramp": {"scheme": "purples"}}, "axis": {"labelFontSize": 13, "labelFont": "Lato", "labelColor": "#717171", "labelPadding": 10, "ticks": true, "tickSize": 8, "tickColor": "#A9ABAD", "tickOpacity": 0.5, "tickExtra": false}, "axisX": {"bandPosition": 0.5, "domainWidth": 1.2, "domainColor": "#A9ABAD", "labelAlign": "center", "labelBaseline": "top"}, "axisY": {"domain": false, "labelAlign": "left", "labelBaseline": "bottom", "tickOpacity": 0.5, "grid": true, "ticks": false, "gridColor": "#A9ABAD", "gridOpacity": 0.5}, "mark": {"fill": "#3BB2D0"}, "symbol": {"fill": "#3BB2D0", "stroke": "#fff"}, "rect": {"fill": "#3BB2D0"}, "line": {"interpolate": "linear", "stroke": "#3BB2D0", "fillOpacity": 0}}}, "template": false, "createdAt": "2019-10-23T16:08:21.988Z", "updatedAt": "2019-10-23T20:22:37.146Z"}}, {"id": "bcc6acf9-04da-4651-bcb5-b82b001390f6", "type": "widget", "attributes": {"name": "2001-2017 Tree Cover Loss", "dataset": "6a27e704-92ba-4817-a1ed-bfcdb27f9de3", "slug": "2001-2017-Tree-Cover-Loss_7", "userId": "5ba001878e311b7e3718740f", "application": ["rw"], "verified": false, "default": false, "protected": false, "defaultEditableWidget": false, "published": false, "freeze": false, "env": "production", "widgetConfig": {"type": "map", "layer_id": "7a6e5ae9-0aa7-41fc-a711-ca40858a20a1", "zoom": 2, "lat": 11.526451515130455, "lng": 115.65994262695314, "bbox": [50.62500000000001, -71.07405646336098, 180.70312500000003, 77.31251993823143], "basemapLayers": {"basemap": "dark", "labels": null, "boundaries": false}, "paramsConfig": {"visualizationType": "map", "limit": 50, "value": null, "category": null, "color": null, "size": null, "orderBy": null, "aggregateFunction": null, "chartType": null, "filters": [], "areaIntersection": null, "band": null, "layer": "7a6e5ae9-0aa7-41fc-a711-ca40858a20a1"}, "config": {"range": {"dotSize": [20, 250], "category20": ["#3BB2D0", "#2C75B0", "#FAB72E", "#EF4848", "#65B60D", "#C32D7B", "#F577B9", "#5FD2B8", "#F1800F", "#9F1C00", "#A5E9E3", "#B9D765", "#393F44", "#CACCD0", "#717171"], "ordinal": {"scheme": "greens"}, "ramp": {"scheme": "purples"}}, "axis": {"labelFontSize": 13, "labelFont": "Lato", "labelColor": "#717171", "labelPadding": 10, "ticks": true, "tickSize": 8, "tickColor": "#A9ABAD", "tickOpacity": 0.5, "tickExtra": false}, "axisX": {"bandPosition": 0.5, "domainWidth": 1.2, "domainColor": "#A9ABAD", "labelAlign": "center", "labelBaseline": "top"}, "axisY": {"domain": false, "labelAlign": "left", "labelBaseline": "bottom", "tickOpacity": 0.5, "grid": true, "ticks": false, "gridColor": "#A9ABAD", "gridOpacity": 0.5}, "mark": {"fill": "#3BB2D0"}, "symbol": {"fill": "#3BB2D0", "stroke": "#fff"}, "rect": {"fill": "#3BB2D0"}, "line": {"interpolate": "linear", "stroke": "#3BB2D0", "fillOpacity": 0}}}, "template": false, "createdAt": "2019-10-23T16:08:23.163Z", "updatedAt": "2019-10-23T20:22:33.481Z"}}, {"id": "ea8ed957-6fff-4000-bbac-1b5e498567ce", "type": "widget", "attributes": {"name": "The world lost 337 million hectares of tree cover from 2001 to 2017 - 1566261132464", "dataset": "6a27e704-92ba-4817-a1ed-bfcdb27f9de3", "slug": "The-world-lost-337-million-hectares-of-tree-cover-from-2001-to-2017-1566261132464_1", "userId": "5ba001878e311b7e3718740f", "description": "Areas of gross tree cover loss from 2001 to 2017 with greater than 30% canopy density. Tree cover with greater than 30%  canopy density is referred to as forest. \u201cTree cover\u201d is the biophysical presence of trees and may take the form of natural forests or plantations existing over a range of canopy densities.", "application": ["rw"], "verified": false, "default": false, "protected": false, "defaultEditableWidget": false, "published": true, "freeze": false, "env": "production", "widgetConfig": {"config": null, "paramsConfig": {"layer": "7a6e5ae9-0aa7-41fc-a711-ca40858a20a1", "band": null, "areaIntersection": null, "filters": [], "chartType": null, "aggregateFunction": null, "orderBy": null, "size": null, "color": null, "category": null, "value": null, "limit": 50, "visualizationType": "map"}, "basemapLayers": {"boundaries": false, "labels": null, "basemap": "dark"}, "lng": 0, "lat": 0, "zoom": 3, "layer_id": "7a6e5ae9-0aa7-41fc-a711-ca40858a20a1", "type": "map"}, "template": false, "createdAt": "2019-10-23T16:08:23.313Z", "updatedAt": "2019-10-23T16:08:23.313Z"}}, {"id": "c82115b1-92d0-4123-9fc2-b464a93c91a3", "type": "widget", "attributes": {"name": "The world lost 337 million hectares of tree cover from 2001 to 2017 - 1568297970300", "dataset": "6a27e704-92ba-4817-a1ed-bfcdb27f9de3", "slug": "The-world-lost-337-million-hectares-of-tree-cover-from-2001-to-2017-1568297970300_1", "userId": "5ba001878e311b7e3718740f", "description": "Areas of gross tree cover loss from 2001 to 2017 with greater than 30% canopy density. Tree cover with greater than 30%  canopy density is referred to as forest. \u201cTree cover\u201d is the biophysical presence of trees and may take the form of natural forests or plantations existing over a range of canopy densities.", "application": ["rw"], "verified": false, "default": false, "protected": false, "defaultEditableWidget": false, "published": true, "freeze": false, "env": "production", "widgetConfig": {"config": null, "paramsConfig": {"layer": "7a6e5ae9-0aa7-41fc-a711-ca40858a20a1", "band": null, "areaIntersection": null, "filters": [], "chartType": null, "aggregateFunction": null, "orderBy": null, "size": null, "color": null, "category": null, "value": null, "limit": 50, "visualizationType": "map"}, "basemapLayers": {"boundaries": false, "labels": null, "basemap": "dark"}, "lng": 0, "lat": 0, "zoom": 3, "layer_id": "7a6e5ae9-0aa7-41fc-a711-ca40858a20a1", "type": "map"}, "template": false, "createdAt": "2019-10-23T16:08:23.556Z", "updatedAt": "2019-10-23T16:08:23.556Z"}}], "layer": [{"id": "ef7f872b-20ae-42ca-bec8-1a0d7f9ff40f", "type": "layer", "attributes": {"name": "2001 Tree Cover Loss", "slug": "2001-Tree-Cover-Loss_7", "dataset": "6a27e704-92ba-4817-a1ed-bfcdb27f9de3", "description": "Areas of gross tree cover loss in 2001 with >30% canopy density.", "application": ["rw"], "iso": [], "provider": "leaflet", "userId": "5ba001878e311b7e3718740f", "default": false, "protected": false, "published": true, "env": "production", "layerConfig": {"type": "tileLayer", "service": "leaflet", "url": "https://production-api.globalforestwatch.org/v1/true-color-tiles/loss/{z}/{x}/{y}?startYear=2001&endYear=2001", "body": {"format": "image/png", "maxZoom": 13, "attribution": "2016 wri/google/Hansen", "transparent": true}, "id": "8c2401b0-7da0-4338-b3f7-5dde24e77213", "timeline": true, "order": 2001, "dateTime": "2001-01-01", "timelineLabel": "2001"}, "legendConfig": {"type": "basic", "items": [{"name": "Tree cover loss", "color": "#DA6497"}]}, "interactionConfig": {"output": []}, "applicationConfig": {}, "staticImageConfig": {}, "createdAt": "2019-10-23T16:06:41.940Z", "updatedAt": "2019-10-23T16:06:41.940Z"}}, {"id": "43a39e0c-e973-48e3-9c11-942b1462ba48", "type": "layer", "attributes": {"name": "2001-2002 Tree Cover Loss", "slug": "2001-2002-Tree-Cover-Loss_7", "dataset": "6a27e704-92ba-4817-a1ed-bfcdb27f9de3", "description": "Areas of gross tree cover loss from 2001 to 2002 with at least 30% canopy density.", "application": ["rw"], "iso": [], "provider": "leaflet", "userId": "5ba001878e311b7e3718740f", "default": false, "protected": false, "published": true, "env": "production", "layerConfig": {"body": {"transparent": true, "attribution": "2016 wri/google/Hansen", "maxZoom": 13, "format": "image/png"}, "url": "https://production-api.globalforestwatch.org/v1/true-color-tiles/loss/{z}/{x}/{y}?startYear=2001&endYear=2002", "service": "leaflet", "type": "tileLayer", "timeline": true, "order": 2002, "dateTime": "2002-01-01", "timelineLabel": "2002"}, "legendConfig": {"type": "basic", "items": [{"name": "Tree cover loss", "color": "#DA6497"}]}, "interactionConfig": {"output": []}, "applicationConfig": {}, "staticImageConfig": {}, "createdAt": "2019-10-23T16:06:44.854Z", "updatedAt": "2019-10-23T16:06:44.854Z"}}, {"id": "dce0e505-2b28-4b53-a859-76b7dcbae98f", "type": "layer", "attributes": {"name": "2001-2003 Tree Cover Loss", "slug": "2001-2003-Tree-Cover-Loss_7", "dataset": "6a27e704-92ba-4817-a1ed-bfcdb27f9de3", "description": "Areas of gross tree cover loss from 2001 to 2003 with at least 30% canopy density.", "application": ["rw"], "iso": [], "provider": "leaflet", "userId": "5ba001878e311b7e3718740f", "default": false, "protected": false, "published": true, "env": "production", "layerConfig": {"type": "tileLayer", "service": "leaflet", "url": "https://production-api.globalforestwatch.org/v1/true-color-tiles/loss/{z}/{x}/{y}?startYear=2001&endYear=2003", "body": {"format": "image/png", "maxZoom": 13, "attribution": "2016 wri/google/Hansen", "transparent": true}, "timeline": true, "order": 2003, "dateTime": "2003-01-01", "timelineLabel": "2003"}, "legendConfig": {"type": "basic", "items": [{"name": "Tree cover loss", "color": "#DA6497"}]}, "interactionConfig": {"output": []}, "applicationConfig": {}, "staticImageConfig": {}, "createdAt": "2019-10-23T16:06:49.621Z", "updatedAt": "2019-10-23T16:06:49.621Z"}}, {"id": "c844bff5-cb64-4f28-9178-751a52020a30", "type": "layer", "attributes": {"name": "2001-2004 Tree Cover Loss", "slug": "2001-2004-Tree-Cover-Loss_7", "dataset": "6a27e704-92ba-4817-a1ed-bfcdb27f9de3", "description": "Areas of gross tree cover loss from 2001 to 2004 with at least 30% canopy density.", "application": ["rw"], "iso": [], "provider": "leaflet", "userId": "5ba001878e311b7e3718740f", "default": false, "protected": false, "published": true, "env": "production", "layerConfig": {"type": "tileLayer", "service": "leaflet", "url": "https://production-api.globalforestwatch.org/v1/true-color-tiles/loss/{z}/{x}/{y}?startYear=2001&endYear=2004", "body": {"format": "image/png", "maxZoom": 13, "attribution": "2016 wri/google/Hansen", "transparent": true}, "timeline": true, "order": 2004, "dateTime": "2004-01-01", "timelineLabel": "2004"}, "legendConfig": {"type": "basic", "items": [{"name": "Tree cover loss", "color": "#DA6497"}]}, "interactionConfig": {"output": []}, "applicationConfig": {}, "staticImageConfig": {}, "createdAt": "2019-10-23T16:06:52.982Z", "updatedAt": "2019-10-23T16:06:52.982Z"}}, {"id": "6879c9ec-a031-497d-a5ed-3e5ffe7f456e", "type": "layer", "attributes": {"name": "2001-2005 Tree Cover Loss", "slug": "2001-2005-Tree-Cover-Loss_7", "dataset": "6a27e704-92ba-4817-a1ed-bfcdb27f9de3", "description": "Areas of gross tree cover loss from 2001 to 2005 with at least 30% canopy density.", "application": ["rw"], "iso": [], "provider": "leaflet", "userId": "5ba001878e311b7e3718740f", "default": false, "protected": false, "published": true, "env": "production", "layerConfig": {"type": "tileLayer", "service": "leaflet", "url": "https://production-api.globalforestwatch.org/v1/true-color-tiles/loss/{z}/{x}/{y}?startYear=2001&endYear=2005", "body": {"format": "image/png", "maxZoom": 13, "attribution": "2016 wri/google/Hansen", "transparent": true}, "timeline": true, "order": 2005, "dateTime": "2005-01-01", "timelineLabel": "2005"}, "legendConfig": {"type": "basic", "items": [{"name": "Tree cover loss", "color": "#DA6497"}]}, "interactionConfig": {"output": []}, "applicationConfig": {}, "staticImageConfig": {}, "createdAt": "2019-10-23T16:06:57.355Z", "updatedAt": "2019-10-23T16:06:57.355Z"}}, {"id": "a19e225e-5fc9-4668-8753-7106c01f46c1", "type": "layer", "attributes": {"name": "2001-2006 Tree Cover Loss", "slug": "2001-2006-Tree-Cover-Loss_6", "dataset": "6a27e704-92ba-4817-a1ed-bfcdb27f9de3", "description": "Areas of gross tree cover loss from 2001 to 2006 with at least 30% canopy density.", "application": ["rw"], "iso": [], "provider": "leaflet", "userId": "5ba001878e311b7e3718740f", "default": false, "protected": false, "published": true, "env": "production", "layerConfig": {"type": "tileLayer", "service": "leaflet", "url": "https://production-api.globalforestwatch.org/v1/true-color-tiles/loss/{z}/{x}/{y}?startYear=2001&endYear=2006", "body": {"format": "image/png", "maxZoom": 13, "attribution": "2016 wri/google/Hansen", "transparent": true}, "id": "58e6abf3-8ee8-4623-91c0-6439dcc7d7da", "timeline": true, "order": 2006, "dateTime": "2006-01-01", "timelineLabel": "2006"}, "legendConfig": {"type": "basic", "items": [{"name": "Tree cover loss", "color": "#DA6497"}]}, "interactionConfig": {"output": []}, "applicationConfig": {}, "staticImageConfig": {}, "createdAt": "2019-10-23T16:07:02.004Z", "updatedAt": "2019-10-23T16:07:02.004Z"}}, {"id": "1925d5d8-aff4-405e-b35f-723c2af7b66c", "type": "layer", "attributes": {"name": "2001-2007 Tree Cover Loss", "slug": "2001-2007-Tree-Cover-Loss_5", "dataset": "6a27e704-92ba-4817-a1ed-bfcdb27f9de3", "description": "Areas of gross tree cover loss from 2001 to 2007 with at least 30% canopy density.", "application": ["rw"], "iso": [], "provider": "leaflet", "userId": "5ba001878e311b7e3718740f", "default": false, "protected": false, "published": true, "env": "production", "layerConfig": {"type": "tileLayer", "service": "leaflet", "url": "https://production-api.globalforestwatch.org/v1/true-color-tiles/loss/{z}/{x}/{y}?startYear=2001&endYear=2007", "body": {"format": "image/png", "maxZoom": 13, "attribution": "2016 wri/google/Hansen", "transparent": true}, "id": "b2557da2-05c4-4a16-ae94-24b7662b1134", "timeline": true, "order": 2007, "dateTime": "2007-01-01", "timelineLabel": "2007"}, "legendConfig": {"type": "basic", "items": [{"name": "Tree cover loss", "color": "#DA6497"}]}, "interactionConfig": {"output": []}, "applicationConfig": {}, "staticImageConfig": {}, "createdAt": "2019-10-23T16:07:06.393Z", "updatedAt": "2019-10-23T16:07:06.393Z"}}, {"id": "2e5e85fe-fe5a-4cf9-aab0-94859a0308d2", "type": "layer", "attributes": {"name": "2001-2008 Tree Cover Loss", "slug": "2001-2008-Tree-Cover-Loss_5", "dataset": "6a27e704-92ba-4817-a1ed-bfcdb27f9de3", "description": "Areas of gross tree cover loss from 2001 to 2008 with at least 30% canopy density.", "application": ["rw"], "iso": [], "provider": "leaflet", "userId": "5ba001878e311b7e3718740f", "default": false, "protected": false, "published": true, "env": "production", "layerConfig": {"type": "tileLayer", "service": "leaflet", "url": "https://production-api.globalforestwatch.org/v1/true-color-tiles/loss/{z}/{x}/{y}?startYear=2001&endYear=2008", "body": {"format": "image/png", "maxZoom": 13, "attribution": "2016 wri/google/Hansen", "transparent": true}, "timeline": true, "order": 2008, "dateTime": "2008-01-01", "timelineLabel": "2008"}, "legendConfig": {"type": "basic", "items": [{"name": "Tree cover loss", "color": "#DA6497"}]}, "interactionConfig": {"output": []}, "applicationConfig": {}, "staticImageConfig": {}, "createdAt": "2019-10-23T16:07:12.068Z", "updatedAt": "2019-10-23T16:07:12.068Z"}}, {"id": "7cede207-988c-4278-b40f-2a45793ba0a8", "type": "layer", "attributes": {"name": "2001-2009 Tree Cover Loss", "slug": "2001-2009-Tree-Cover-Loss_5", "dataset": "6a27e704-92ba-4817-a1ed-bfcdb27f9de3", "description": "Areas of gross tree cover loss from 2001 to 2009 with at least 30% canopy density.", "application": ["rw"], "iso": [], "provider": "leaflet", "userId": "5ba001878e311b7e3718740f", "default": false, "protected": false, "published": true, "env": "production", "layerConfig": {"type": "tileLayer", "service": "leaflet", "url": "https://production-api.globalforestwatch.org/v1/true-color-tiles/loss/{z}/{x}/{y}?startYear=2001&endYear=2009", "body": {"format": "image/png", "maxZoom": 13, "attribution": "2016 wri/google/Hansen", "transparent": true}, "timeline": true, "order": 2009, "dateTime": "2009-01-01", "timelineLabel": "2009"}, "legendConfig": {"type": "basic", "items": [{"name": "Tree cover loss", "color": "#DA6497"}]}, "interactionConfig": {"output": []}, "applicationConfig": {}, "staticImageConfig": {}, "createdAt": "2019-10-23T16:07:17.448Z", "updatedAt": "2019-10-23T16:07:17.448Z"}}, {"id": "5074132a-d701-4930-afcf-a6464925f1f0", "type": "layer", "attributes": {"name": "2001-2010 Tree Cover Loss", "slug": "2001-2010-Tree-Cover-Loss_5", "dataset": "6a27e704-92ba-4817-a1ed-bfcdb27f9de3", "description": "Areas of gross tree cover loss from 2001 to 2010 with at least 30% canopy density.", "application": ["rw"], "iso": [], "provider": "leaflet", "userId": "5ba001878e311b7e3718740f", "default": false, "protected": false, "published": true, "env": "production", "layerConfig": {"type": "tileLayer", "service": "leaflet", "url": "https://production-api.globalforestwatch.org/v1/true-color-tiles/loss/{z}/{x}/{y}?startYear=2001&endYear=2010", "body": {"format": "image/png", "maxZoom": 13, "attribution": "2016 wri/google/Hansen", "transparent": true}, "timeline": true, "order": 2010, "dateTime": "2010-01-01", "timelineLabel": "2010"}, "legendConfig": {"type": "basic", "items": [{"name": "Tree cover loss", "color": "#DA6497"}]}, "interactionConfig": {"output": []}, "applicationConfig": {}, "staticImageConfig": {}, "createdAt": "2019-10-23T16:07:21.588Z", "updatedAt": "2019-10-23T16:07:21.588Z"}}, {"id": "4618c60f-9d6b-4c12-a388-d805431b37da", "type": "layer", "attributes": {"name": "2001-2011 Tree Cover Loss", "slug": "2001-2011-Tree-Cover-Loss_5", "dataset": "6a27e704-92ba-4817-a1ed-bfcdb27f9de3", "description": "Areas of gross tree cover loss from 2001 to 2011 with at least 30% canopy density.", "application": ["rw"], "iso": [], "provider": "leaflet", "userId": "5ba001878e311b7e3718740f", "default": false, "protected": false, "published": true, "env": "production", "layerConfig": {"type": "tileLayer", "service": "leaflet", "url": "https://production-api.globalforestwatch.org/v1/true-color-tiles/loss/{z}/{x}/{y}?startYear=2001&endYear=2011", "body": {"format": "image/png", "maxZoom": 13, "attribution": "2016 wri/google/Hansen", "transparent": true}, "timeline": true, "order": 2011, "dateTime": "2011-01-01", "timelineLabel": "2011"}, "legendConfig": {"type": "basic", "items": [{"name": "Tree cover loss", "color": "#DA6497"}]}, "interactionConfig": {"output": []}, "applicationConfig": {}, "staticImageConfig": {}, "createdAt": "2019-10-23T16:07:26.253Z", "updatedAt": "2019-10-23T16:07:26.253Z"}}, {"id": "213499ba-ef22-4d8e-bb74-c0a1bb999192", "type": "layer", "attributes": {"name": "2001-2012 Tree Cover Loss", "slug": "2001-2012-Tree-Cover-Loss_4", "dataset": "6a27e704-92ba-4817-a1ed-bfcdb27f9de3", "description": "Areas of gross tree cover loss from 2001 to 2012 with at least 30% canopy density.", "application": ["rw"], "iso": [], "provider": "leaflet", "userId": "5ba001878e311b7e3718740f", "default": false, "protected": false, "published": true, "env": "production", "layerConfig": {"type": "tileLayer", "service": "leaflet", "url": "https://production-api.globalforestwatch.org/v1/true-color-tiles/loss/{z}/{x}/{y}?startYear=2001&endYear=2012", "body": {"format": "image/png", "maxZoom": 13, "attribution": "2016 wri/google/Hansen", "transparent": true}, "timeline": true, "order": 2012, "dateTime": "2012-01-01", "timelineLabel": "2012"}, "legendConfig": {"type": "basic", "items": [{"name": "Tree cover loss", "color": "#DA6497"}]}, "interactionConfig": {"output": []}, "applicationConfig": {}, "staticImageConfig": {}, "createdAt": "2019-10-23T16:07:30.529Z", "updatedAt": "2019-10-23T16:07:30.529Z"}}, {"id": "f7eade67-b5aa-46a8-b5d1-02ebdbad4beb", "type": "layer", "attributes": {"name": "2001-2013 Tree Cover Loss", "slug": "2001-2013-Tree-Cover-Loss_4", "dataset": "6a27e704-92ba-4817-a1ed-bfcdb27f9de3", "description": "Areas of gross tree cover loss from 2001 to 2013 with at least 30% canopy density.", "application": ["rw"], "iso": [], "provider": "leaflet", "userId": "5ba001878e311b7e3718740f", "default": false, "protected": false, "published": true, "env": "production", "layerConfig": {"type": "tileLayer", "service": "leaflet", "url": "https://production-api.globalforestwatch.org/v1/true-color-tiles/loss/{z}/{x}/{y}?startYear=2001&endYear=2013", "body": {"format": "image/png", "maxZoom": 13, "attribution": "2016 wri/google/Hansen", "transparent": true}, "timeline": true, "order": 2013, "dateTime": "2013-01-01", "timelineLabel": "2013"}, "legendConfig": {"type": "basic", "items": [{"name": "Tree cover loss", "color": "#DA6497"}]}, "interactionConfig": {"output": []}, "applicationConfig": {}, "staticImageConfig": {}, "createdAt": "2019-10-23T16:07:35.058Z", "updatedAt": "2019-10-23T16:07:35.058Z"}}, {"id": "e7320e8b-2498-4a71-a777-c40f05d8df52", "type": "layer", "attributes": {"name": "2001-2014 Tree Cover Loss", "slug": "2001-2014-Tree-Cover-Loss_4", "dataset": "6a27e704-92ba-4817-a1ed-bfcdb27f9de3", "description": "Areas of gross tree cover loss from 2001 to 2014 with at least 30% canopy density.", "application": ["rw"], "iso": [], "provider": "leaflet", "userId": "5ba001878e311b7e3718740f", "default": false, "protected": false, "published": true, "env": "production", "layerConfig": {"type": "tileLayer", "service": "leaflet", "url": "https://production-api.globalforestwatch.org/v1/true-color-tiles/loss/{z}/{x}/{y}?startYear=2001&endYear=2014", "body": {"format": "image/png", "maxZoom": 13, "attribution": "2016 wri/google/Hansen", "transparent": true}, "timeline": true, "order": 2014, "dateTime": "2014-01-01", "timelineLabel": "2014"}, "legendConfig": {"type": "basic", "items": [{"name": "Tree cover loss", "color": "#DA6497"}]}, "interactionConfig": {"output": []}, "applicationConfig": {}, "staticImageConfig": {}, "createdAt": "2019-10-23T16:07:40.738Z", "updatedAt": "2019-10-23T16:07:40.738Z"}}, {"id": "864470d1-198f-40b0-ae26-2e2983f7df45", "type": "layer", "attributes": {"name": "2001-2015 Tree Cover Loss", "slug": "2001-2015-Tree-Cover-Loss_4", "dataset": "6a27e704-92ba-4817-a1ed-bfcdb27f9de3", "description": "Areas of gross tree cover loss from 2001 to 2015 with at least 30% canopy density.", "application": ["rw"], "iso": [], "provider": "leaflet", "userId": "5ba001878e311b7e3718740f", "default": false, "protected": false, "published": true, "env": "production", "layerConfig": {"type": "tileLayer", "service": "leaflet", "url": "https://production-api.globalforestwatch.org/v1/true-color-tiles/loss/{z}/{x}/{y}?startYear=2001&endYear=2015", "body": {"format": "image/png", "maxZoom": 13, "attribution": "2016 wri/google/Hansen", "transparent": true}, "timeline": true, "order": 2015, "dateTime": "2015-01-01", "timelineLabel": "2015"}, "legendConfig": {"type": "basic", "items": [{"name": "Tree cover loss", "color": "#DA6497"}]}, "interactionConfig": {"output": []}, "applicationConfig": {}, "staticImageConfig": {}, "createdAt": "2019-10-23T16:07:46.771Z", "updatedAt": "2019-10-23T16:07:46.771Z"}}, {"id": "d8b98f3b-170f-4e3a-bdf2-898fa5593f57", "type": "layer", "attributes": {"name": "2001-2016 Tree Cover Loss", "slug": "2001-2016-Tree-Cover-Loss_3", "dataset": "6a27e704-92ba-4817-a1ed-bfcdb27f9de3", "description": "Areas of gross tree cover loss from 2001 to 2016 with at least 30% canopy density.", "application": ["rw"], "iso": [], "provider": "leaflet", "userId": "5ba001878e311b7e3718740f", "default": false, "protected": false, "published": true, "env": "production", "layerConfig": {"id": "ed051817-1cb3-42cc-91b5-1caaea6f8ca6", "body": {"transparent": true, "attribution": "2016 wri/google/Hansen", "maxZoom": 13, "format": "image/png"}, "url": "https://production-api.globalforestwatch.org/v1/true-color-tiles/loss/{z}/{x}/{y}?startYear=2001&endYear=2016", "service": "leaflet", "type": "tileLayer", "timeline": true, "order": 2016, "dateTime": "2016-01-01", "timelineLabel": "2016"}, "legendConfig": {"type": "basic", "items": [{"name": "Tree cover loss", "color": "#DA6497"}]}, "interactionConfig": {"output": []}, "applicationConfig": {}, "staticImageConfig": {}, "createdAt": "2019-10-23T16:07:54.544Z", "updatedAt": "2019-10-23T16:07:54.544Z"}}, {"id": "6c508fb9-1350-49f0-86a9-6d8992dabf2c", "type": "layer", "attributes": {"name": "2001-2017 Tree Cover Loss", "slug": "2001-2017-Tree-Cover-Loss_5", "dataset": "6a27e704-92ba-4817-a1ed-bfcdb27f9de3", "description": "Areas of gross tree cover loss from 2001 to 2017 with at least 30% canopy density.", "application": ["rw"], "iso": [], "provider": "leaflet", "userId": "5ba001878e311b7e3718740f", "default": false, "protected": false, "published": true, "env": "production", "layerConfig": {"dateTime": "2017-01-01", "order": 2017, "timeline": true, "timelineLabel": "2017", "body": {"transparent": true, "attribution": "2017 wri/google/Hansen", "maxZoom": 13, "format": "image/png"}, "url": "https://production-api.globalforestwatch.org/v1/true-color-tiles/loss/{z}/{x}/{y}?startYear=2001&endYear=2017", "service": "leaflet", "type": "tileLayer", "id": "7a6e5ae9-0aa7-41fc-a711-ca40858a20a1"}, "legendConfig": {"type": "basic", "items": [{"name": "Tree cover loss", "color": "#DA6497"}]}, "interactionConfig": {"output": []}, "applicationConfig": {}, "staticImageConfig": {}, "createdAt": "2019-10-23T16:08:01.564Z", "updatedAt": "2019-10-23T16:08:01.564Z"}}, {"id": "f5633172-7a8e-4469-adab-40848b4b51e6", "type": "layer", "attributes": {"name": "Tree cover loss", "slug": "Tree-cover-loss_6", "dataset": "6a27e704-92ba-4817-a1ed-bfcdb27f9de3", "description": "Tree Cover Loss", "application": ["rw"], "iso": [], "provider": "leaflet", "userId": "5ba001878e311b7e3718740f", "default": false, "protected": false, "published": true, "env": "production", "layerConfig": {"type": "tileLayer", "timeline_config": {"step": 1, "speed": 250, "interval": "years", "dateFormat": "YYYY"}, "params_config": [{"required": true, "key": "dataMaxZoom", "default": 12}, {"required": true, "key": "thresh", "default": 30}], "decode_config": [{"required": true, "key": "startDate", "default": "2001-01-01"}, {"required": true, "key": "endDate", "default": "2017-12-31"}], "decoder": "tree-cover-loss", "body": {"url": "https://storage.googleapis.com/wri-public/Hansen17/tiles/hansen_world/v1/tc{thresh}/{z}/{x}/{y}.png", "options": {"useCors": true}, "minZoom": 3, "metadata": "https://production-api.globalforestwatch.org/v1/gfw-metadata/tree_cover_loss", "maxZoom": 12, "format": "image/png"}}, "legendConfig": {"items": [{"dataMaxZoom": 12, "threshold": 30, "color": "#DC6C9A", "name": "Tree cover loss", "source": "(annual, 30m, global, Hansen/UMD/Google/USGS/NASA)", "notes": ["Displaying loss with {thresh} canopy density.", "Tree cover loss is not always deforestation."]}], "type": "basic"}, "interactionConfig": {}, "applicationConfig": {}, "staticImageConfig": {}, "createdAt": "2019-10-23T16:08:09.889Z", "updatedAt": "2019-10-23T16:08:09.889Z"}}, {"id": "5e9f8e1b-f8af-427f-837c-d204260a736b", "type": "layer", "attributes": {"name": "2001-2018 Tree Cover Loss", "slug": "2001-2018-Tree-Cover-Loss_3", "dataset": "6a27e704-92ba-4817-a1ed-bfcdb27f9de3", "description": "Areas of gross tree cover loss from 2001 to 2018 with at least 30% canopy density.", "application": ["rw"], "iso": [], "provider": "leaflet", "userId": "5ba001878e311b7e3718740f", "default": true, "protected": false, "published": true, "env": "production", "layerConfig": {"id": "7a6e5ae9-0aa7-41fc-a711-ca40858a20a1", "type": "tileLayer", "service": "leaflet", "url": "https://production-api.globalforestwatch.org/v1/true-color-tiles/loss/{z}/{x}/{y}?startYear=2001&endYear=2018", "body": {"format": "image/png", "maxZoom": 13, "attribution": "2018 wri/google/Hansen", "transparent": true}, "timelineLabel": "2018", "timeline": true, "order": 2018, "dateTime": "2018-01-01"}, "legendConfig": {"items": [{"id": 0, "color": "#DA6497", "name": "Tree cover loss"}], "type": "basic"}, "interactionConfig": {}, "applicationConfig": {}, "staticImageConfig": {}, "createdAt": "2019-10-23T16:08:17.027Z", "updatedAt": "2019-10-23T20:20:53.911Z"}}], "vocabulary": [{"type": "vocabulary", "attributes": {"resource": {"id": "6a27e704-92ba-4817-a1ed-bfcdb27f9de3", "type": "dataset"}, "tags": ["annual", "geospatial", "raster", "global", "forest_cover", "deforestation", "trees"], "name": "knowledge_graph", "application": "rw"}}], "widgetRelevantProps": [], "layerRelevantProps": []}}