{"id": "6f058503-7384-4a54-b4b5-b1046c84ba21", "type": "dataset", "server": "https://api.resourcewatch.org", "attributes": {"name": "wat.004 Global Surface Water Extent_replacement", "slug": "wat004-Global-Surface-Water-Extent_replacement", "type": "raster", "subtitle": null, "application": ["rw"], "dataPath": null, "attributesPath": null, "connectorType": "rest", "provider": "gee", "userId": "5ba001878e311b7e3718740f", "connectorUrl": "", "sources": [], "tableName": "JRC/GSW1_0/GlobalSurfaceWater", "status": "saved", "published": true, "overwrite": false, "verified": false, "blockchain": {}, "mainDateField": null, "env": "production", "geoInfo": true, "protected": false, "legend": {"date": [], "region": [], "country": [], "nested": [], "integer": [], "short": [], "byte": [], "double": [], "float": [], "half_float": [], "scaled_float": [], "boolean": [], "binary": [], "text": [], "keyword": []}, "clonedHost": {}, "errorMessage": "", "taskId": null, "createdAt": "2019-10-23T16:01:38.846Z", "updatedAt": "2019-10-25T20:35:48.172Z", "dataLastUpdated": null, "metadata": [{"id": "5db0796d3fcbe90013afd31f", "type": "metadata", "attributes": {"dataset": "6f058503-7384-4a54-b4b5-b1046c84ba21", "application": "rw", "resource": {"id": "6f058503-7384-4a54-b4b5-b1046c84ba21", "type": "dataset"}, "language": "en", "name": "Global Surface Water Extent", "description": "The Global Surface Water data set contains maps of the location and temporal distribution of surface water from 1984 to 2015 and provides statistics on the extent and change of those water surfaces. These data were generated using 3,066,102 scenes from Landsat 5, 7, and 8 acquired between March 16, 1984, and October 10, 2015. Each pixel was individually classified into water/nonwater using an expert system, and the results were collated into a monthly history for the entire time period and 2 epochs (1984-1999, 2000-2015) for change detection. The mapping layers product consists of 1 image containing 7 bands. It maps different facets of the spatial and temporal distribution of surface water over the last 32 years. Areas where water has never been detected are masked. Resource Watch shows only a subset of the data set. For access to the full data set and additional information, see the Learn More link.", "source": "EC JRC/Google", "info": {"rwId": "wat.004", "data_type": "Raster", "name": "Global Surface Water Extent", "sources": [{"source-name": "European Commission Joint Research Centre (EC JRC)", "id": 0, "source-description": ""}, {"source-name": "Google", "id": 1, "source-description": ""}], "technical_title": "JRC Global Surface Water Mapping Layers v1.0 (1984-2015)", "functions": "Location and temporal distribution of global surface water from 1984 to 2015", "cautions": "Any bodies of water smaller than 30 m resolution are not recognized. Similarly, bodies of water obscured by vegetation or built infrastructure are not recognized. Gaps in the image archives due to cloud cover or sensor failure can lead to instances of surface water being missed. Not all regions of the world are represented from the beginning of this data set in 1984. For example, parts of Siberia and Kolyma were not included in the image record until 1999 and 1995, respectively. The data were checked for errors of omission (not labeling a pixel as water when it was) and for errors of commission (labeling a pixel as water when it was not), and some of these errors were corrected. Some errors remain, partly due to errors of commission stemming from needing improved urban area and infrastructural information to help train the decision algorithms not to confuse built areas for water. A failure of Landsat 7's scan line corrector (SLC) caused the loss of about 22% of each scene, resulting in fragmented images. This occasionally led to potentially confusing results, which can be identified as sections of the water occurrence maps having a \"slatted appearance.\"", "citation": "Pekel, Jean-Fran\u00e7ois, Andrew Cottam, Noel Gorelick, and Alan S. Belward. 2016. \"High-Resolution Mapping of Global Surface Water and Its Long-Term Changes.\" Nature 540: 418-422. doi:10.1038/nature20584. Accessed through Resource Watch, (date). [www.resourcewatch.org](www.resourcewatch.org).", "license": "Source open licence", "license_link": "https://global-surface-water.appspot.com/download", "geographic_coverage": "78N-60S", "spatial_resolution": "30 m", "date_of_content": "1984-2015", "frequency_of_updates": "Varies", "learn_more_link": "https://global-surface-water.appspot.com", "data_download_link": null, "data_download_original_link": "https://global-surface-water.appspot.com/download"}, "createdAt": "2019-10-23T16:01:49.417Z", "updatedAt": "2020-02-04T19:46:52.006Z", "status": "published"}}], "widget": [{"id": "fb08973b-fa5d-4453-ba34-c7e1c5c68ff2", "type": "widget", "attributes": {"name": "Surface Water Occurrence", "dataset": "6f058503-7384-4a54-b4b5-b1046c84ba21", "slug": "Surface-Water-Occurrence_1", "userId": "5ba001878e311b7e3718740f", "description": "", "application": ["rw"], "verified": false, "default": false, "protected": false, "defaultEditableWidget": true, "published": true, "freeze": false, "env": "production", "widgetConfig": {"type": "map", "layer_id": "ab5952b9-a030-4690-9fd6-7e64382f95c7", "zoom": 3, "lat": 0, "lng": 0, "bbox": [-32.51953125000001, -49.49667452747044, 32.51953125000001, 49.49667452747045], "basemapLayers": {"basemap": "dark", "labels": null, "boundaries": false}, "paramsConfig": {"visualizationType": "map", "limit": 500, "value": null, "category": null, "color": null, "size": null, "orderBy": null, "aggregateFunction": null, "chartType": null, "filters": [], "areaIntersection": null, "band": null, "layer": "ab5952b9-a030-4690-9fd6-7e64382f95c7"}, "config": {"range": {"dotSize": [20, 250], "category20": ["#3BB2D0", "#2C75B0", "#FAB72E", "#EF4848", "#65B60D", "#C32D7B", "#F577B9", "#5FD2B8", "#F1800F", "#9F1C00", "#A5E9E3", "#B9D765", "#393F44", "#CACCD0", "#717171"], "ordinal": {"scheme": "greens"}, "ramp": {"scheme": "purples"}}, "axis": {"labelFontSize": 13, "labelFont": "Lato", "labelColor": "#717171", "labelPadding": 10, "ticks": true, "tickSize": 8, "tickColor": "#A9ABAD", "tickOpacity": 0.5, "tickExtra": false}, "axisX": {"bandPosition": 0.5, "domainWidth": 1.2, "domainColor": "#A9ABAD", "labelAlign": "center", "labelBaseline": "top"}, "axisY": {"domain": false, "labelAlign": "left", "labelBaseline": "bottom", "tickOpacity": 0.5, "grid": true, "ticks": false, "gridColor": "#A9ABAD", "gridOpacity": 0.5}, "mark": {"fill": "#3BB2D0"}, "symbol": {"fill": "#3BB2D0", "stroke": "#fff"}, "rect": {"fill": "#3BB2D0"}, "line": {"interpolate": "linear", "stroke": "#3BB2D0", "fillOpacity": 0}}}, "template": false, "createdAt": "2019-10-23T16:01:47.522Z", "updatedAt": "2019-10-23T18:13:34.609Z"}}, {"id": "5a0a80b4-6cf2-43eb-af85-c9c2958ec72a", "type": "widget", "attributes": {"name": "Zambezi surface water", "dataset": "6f058503-7384-4a54-b4b5-b1046c84ba21", "slug": "Zambezi-surface-water_1", "userId": "5ba001878e311b7e3718740f", "application": ["rw"], "verified": false, "default": false, "protected": false, "defaultEditableWidget": false, "published": false, "freeze": false, "env": "production", "widgetConfig": {"type": "map", "layer_id": "ab5952b9-a030-4690-9fd6-7e64382f95c7", "zoom": 8, "lat": -15.353843470162154, "lng": 23.083028085529808, "bbox": [22.0660400390625, -17.06728740376787, 24.098510742187504, -13.62463343823614], "basemapLayers": {"basemap": "dark", "labels": null, "boundaries": false}, "paramsConfig": {"visualizationType": "map", "limit": 500, "value": null, "category": null, "color": null, "size": null, "orderBy": null, "aggregateFunction": null, "chartType": null, "filters": [], "areaIntersection": null, "band": null, "layer": "ab5952b9-a030-4690-9fd6-7e64382f95c7"}, "config": {"range": {"dotSize": [20, 250], "category20": ["#3BB2D0", "#2C75B0", "#FAB72E", "#EF4848", "#65B60D", "#C32D7B", "#F577B9", "#5FD2B8", "#F1800F", "#9F1C00", "#A5E9E3", "#B9D765", "#393F44", "#CACCD0", "#717171"], "ordinal": {"scheme": "greens"}, "ramp": {"scheme": "purples"}}, "axis": {"labelFontSize": 13, "labelFont": "Lato", "labelColor": "#717171", "labelPadding": 10, "ticks": true, "tickSize": 8, "tickColor": "#A9ABAD", "tickOpacity": 0.5, "tickExtra": false}, "axisX": {"bandPosition": 0.5, "domainWidth": 1.2, "domainColor": "#A9ABAD", "labelAlign": "center", "labelBaseline": "top"}, "axisY": {"domain": false, "labelAlign": "left", "labelBaseline": "bottom", "tickOpacity": 0.5, "grid": true, "ticks": false, "gridColor": "#A9ABAD", "gridOpacity": 0.5}, "mark": {"fill": "#3BB2D0"}, "symbol": {"fill": "#3BB2D0", "stroke": "#fff"}, "rect": {"fill": "#3BB2D0"}, "line": {"interpolate": "linear", "stroke": "#3BB2D0", "fillOpacity": 0}}}, "template": false, "createdAt": "2019-10-23T16:01:47.739Z", "updatedAt": "2019-10-23T18:13:41.870Z"}}, {"id": "5d2acc82-85b9-4234-bed7-7260bf578543", "type": "widget", "attributes": {"name": "EC Surface Water", "dataset": "6f058503-7384-4a54-b4b5-b1046c84ba21", "slug": "EC-Surface-Water", "userId": "5ba001878e311b7e3718740f", "application": ["rw"], "verified": false, "default": false, "protected": false, "defaultEditableWidget": false, "published": false, "freeze": false, "env": "production", "widgetConfig": {"type": "map", "layer_id": "ab5952b9-a030-4690-9fd6-7e64382f95c7", "zoom": 8, "lat": -1.0667160954116675, "lng": -79.21724852174522, "bbox": [-80.23315429687501, -2.8497764266656023, -78.20068359375001, 0.7195855745039547], "basemapLayers": {"basemap": "dark", "labels": null, "boundaries": false}, "paramsConfig": {"visualizationType": "map", "limit": 500, "value": null, "category": null, "color": null, "size": null, "orderBy": null, "aggregateFunction": null, "chartType": null, "filters": [], "areaIntersection": null, "band": null, "layer": "ab5952b9-a030-4690-9fd6-7e64382f95c7"}, "config": {"range": {"dotSize": [20, 250], "category20": ["#3BB2D0", "#2C75B0", "#FAB72E", "#EF4848", "#65B60D", "#C32D7B", "#F577B9", "#5FD2B8", "#F1800F", "#9F1C00", "#A5E9E3", "#B9D765", "#393F44", "#CACCD0", "#717171"], "ordinal": {"scheme": "greens"}, "ramp": {"scheme": "purples"}}, "axis": {"labelFontSize": 13, "labelFont": "Lato", "labelColor": "#717171", "labelPadding": 10, "ticks": true, "tickSize": 8, "tickColor": "#A9ABAD", "tickOpacity": 0.5, "tickExtra": false}, "axisX": {"bandPosition": 0.5, "domainWidth": 1.2, "domainColor": "#A9ABAD", "labelAlign": "center", "labelBaseline": "top"}, "axisY": {"domain": false, "labelAlign": "left", "labelBaseline": "bottom", "tickOpacity": 0.5, "grid": true, "ticks": false, "gridColor": "#A9ABAD", "gridOpacity": 0.5}, "mark": {"fill": "#3BB2D0"}, "symbol": {"fill": "#3BB2D0", "stroke": "#fff"}, "rect": {"fill": "#3BB2D0"}, "line": {"interpolate": "linear", "stroke": "#3BB2D0", "fillOpacity": 0}}}, "template": false, "createdAt": "2019-10-23T16:01:47.898Z", "updatedAt": "2019-10-23T18:13:13.460Z"}}, {"id": "22160502-32ef-417e-bf2c-9cd7290cc5cf", "type": "widget", "attributes": {"name": "Change in surface water", "dataset": "6f058503-7384-4a54-b4b5-b1046c84ba21", "slug": "Change-in-surface-water", "userId": "5ba001878e311b7e3718740f", "application": ["rw"], "verified": false, "default": false, "protected": false, "defaultEditableWidget": false, "published": false, "freeze": false, "env": "production", "widgetConfig": {"type": "map", "layer_id": "ab5952b9-a030-4690-9fd6-7e64382f95c7", "zoom": 6, "lat": 11.730729861843136, "lng": 122.53524094820024, "bbox": [118.47656250000001, 4.674979814820256, 126.60644531250001, 18.625424540701264], "basemapLayers": {"basemap": "dark", "labels": null, "boundaries": false}, "paramsConfig": {"visualizationType": "map", "limit": 50, "value": null, "category": null, "color": null, "size": null, "orderBy": null, "aggregateFunction": null, "chartType": null, "filters": [], "areaIntersection": null, "band": null, "layer": "ab5952b9-a030-4690-9fd6-7e64382f95c7"}, "config": {"range": {"dotSize": [20, 250], "category20": ["#3BB2D0", "#2C75B0", "#FAB72E", "#EF4848", "#65B60D", "#C32D7B", "#F577B9", "#5FD2B8", "#F1800F", "#9F1C00", "#A5E9E3", "#B9D765", "#393F44", "#CACCD0", "#717171"], "ordinal": {"scheme": "greens"}, "ramp": {"scheme": "purples"}}, "axis": {"labelFontSize": 13, "labelFont": "Lato", "labelColor": "#717171", "labelPadding": 10, "ticks": true, "tickSize": 8, "tickColor": "#A9ABAD", "tickOpacity": 0.5, "tickExtra": false}, "axisX": {"bandPosition": 0.5, "domainWidth": 1.2, "domainColor": "#A9ABAD", "labelAlign": "center", "labelBaseline": "top"}, "axisY": {"domain": false, "labelAlign": "left", "labelBaseline": "bottom", "tickOpacity": 0.5, "grid": true, "ticks": false, "gridColor": "#A9ABAD", "gridOpacity": 0.5}, "mark": {"fill": "#3BB2D0"}, "symbol": {"fill": "#3BB2D0", "stroke": "#fff"}, "rect": {"fill": "#3BB2D0"}, "line": {"interpolate": "linear", "stroke": "#3BB2D0", "fillOpacity": 0}}}, "template": false, "createdAt": "2019-10-23T16:01:48.038Z", "updatedAt": "2019-10-23T18:13:03.726Z"}}, {"id": "40207341-092c-4a11-93f2-76fe6c9191c6", "type": "widget", "attributes": {"name": "Change in surface water", "dataset": "6f058503-7384-4a54-b4b5-b1046c84ba21", "slug": "Change-in-surface-water_1", "userId": "5ba001878e311b7e3718740f", "application": ["rw"], "verified": false, "default": false, "protected": false, "defaultEditableWidget": false, "published": false, "freeze": false, "env": "production", "widgetConfig": {"type": "map", "layer_id": "cd9ef373-6119-408d-9154-df2b16947cd6", "zoom": 6, "lat": 12.2476181627658, "lng": -236.70490533113482, "bbox": [-240.77636718750003, 5.200364681183489, -232.646484375, 19.12440952808487], "basemapLayers": {"basemap": "dark", "labels": null, "boundaries": false}, "paramsConfig": {"visualizationType": "map", "limit": 50, "value": null, "category": null, "color": null, "size": null, "orderBy": null, "aggregateFunction": null, "chartType": null, "filters": [], "areaIntersection": null, "band": null, "layer": "cd9ef373-6119-408d-9154-df2b16947cd6"}, "config": {"range": {"dotSize": [20, 250], "category20": ["#3BB2D0", "#2C75B0", "#FAB72E", "#EF4848", "#65B60D", "#C32D7B", "#F577B9", "#5FD2B8", "#F1800F", "#9F1C00", "#A5E9E3", "#B9D765", "#393F44", "#CACCD0", "#717171"], "ordinal": {"scheme": "greens"}, "ramp": {"scheme": "purples"}}, "axis": {"labelFontSize": 13, "labelFont": "Lato", "labelColor": "#717171", "labelPadding": 10, "ticks": true, "tickSize": 8, "tickColor": "#A9ABAD", "tickOpacity": 0.5, "tickExtra": false}, "axisX": {"bandPosition": 0.5, "domainWidth": 1.2, "domainColor": "#A9ABAD", "labelAlign": "center", "labelBaseline": "top"}, "axisY": {"domain": false, "labelAlign": "left", "labelBaseline": "bottom", "tickOpacity": 0.5, "grid": true, "ticks": false, "gridColor": "#A9ABAD", "gridOpacity": 0.5}, "mark": {"fill": "#3BB2D0"}, "symbol": {"fill": "#3BB2D0", "stroke": "#fff"}, "rect": {"fill": "#3BB2D0"}, "line": {"interpolate": "linear", "stroke": "#3BB2D0", "fillOpacity": 0}}}, "template": false, "createdAt": "2019-10-23T16:01:48.169Z", "updatedAt": "2019-10-23T18:13:02.179Z"}}, {"id": "4638d7fd-eaa4-4832-b027-9703e7b7fd9e", "type": "widget", "attributes": {"name": "Good lakes", "dataset": "6f058503-7384-4a54-b4b5-b1046c84ba21", "slug": "Good-lakes_1", "userId": "5ba001878e311b7e3718740f", "application": ["rw"], "verified": false, "default": false, "protected": false, "defaultEditableWidget": false, "published": false, "freeze": false, "env": "production", "widgetConfig": {"type": "map", "layer_id": "dc81abd0-ac91-4523-82ce-80d4be00626f", "zoom": 6, "lat": 44.01016147773225, "lng": -84.1632664203644, "bbox": [-88.22021484375, 38.65119833229951, -80.09033203125001, 48.922499263758255], "basemapLayers": {"basemap": "dark", "labels": null, "boundaries": false}, "paramsConfig": {"visualizationType": "map", "limit": 50, "value": null, "category": null, "color": null, "size": null, "orderBy": null, "aggregateFunction": null, "chartType": null, "filters": [], "areaIntersection": null, "band": null, "layer": "dc81abd0-ac91-4523-82ce-80d4be00626f"}, "config": {"range": {"dotSize": [20, 250], "category20": ["#3BB2D0", "#2C75B0", "#FAB72E", "#EF4848", "#65B60D", "#C32D7B", "#F577B9", "#5FD2B8", "#F1800F", "#9F1C00", "#A5E9E3", "#B9D765", "#393F44", "#CACCD0", "#717171"], "ordinal": {"scheme": "greens"}, "ramp": {"scheme": "purples"}}, "axis": {"labelFontSize": 13, "labelFont": "Lato", "labelColor": "#717171", "labelPadding": 10, "ticks": true, "tickSize": 8, "tickColor": "#A9ABAD", "tickOpacity": 0.5, "tickExtra": false}, "axisX": {"bandPosition": 0.5, "domainWidth": 1.2, "domainColor": "#A9ABAD", "labelAlign": "center", "labelBaseline": "top"}, "axisY": {"domain": false, "labelAlign": "left", "labelBaseline": "bottom", "tickOpacity": 0.5, "grid": true, "ticks": false, "gridColor": "#A9ABAD", "gridOpacity": 0.5}, "mark": {"fill": "#3BB2D0"}, "symbol": {"fill": "#3BB2D0", "stroke": "#fff"}, "rect": {"fill": "#3BB2D0"}, "line": {"interpolate": "linear", "stroke": "#3BB2D0", "fillOpacity": 0}}}, "template": false, "createdAt": "2019-10-23T16:01:48.310Z", "updatedAt": "2019-10-23T18:13:19.291Z"}}, {"id": "a3b8f3d2-a6a0-4719-b50c-990eca9d03c0", "type": "widget", "attributes": {"name": "1984-1999 to 2000-2015 Water Occurrence Change", "dataset": "6f058503-7384-4a54-b4b5-b1046c84ba21", "slug": "1984-1999-to-2000-2015-Water-Occurrence-Change_2", "userId": "5ba001878e311b7e3718740f", "application": ["rw"], "verified": false, "default": false, "protected": false, "defaultEditableWidget": true, "published": false, "freeze": false, "env": "production", "widgetConfig": {"type": "map", "layer_id": "cd9ef373-6119-408d-9154-df2b16947cd6", "zoom": 3, "lat": 0, "lng": 0, "bbox": [-32.51953125000001, -49.49667452747044, 32.51953125000001, 49.49667452747045], "basemapLayers": {"basemap": "dark", "labels": null, "boundaries": false}, "paramsConfig": {"visualizationType": "map", "limit": 500, "value": null, "category": null, "color": null, "size": null, "orderBy": null, "aggregateFunction": null, "chartType": null, "filters": [], "areaIntersection": null, "band": null, "layer": "cd9ef373-6119-408d-9154-df2b16947cd6"}, "config": {"range": {"dotSize": [20, 250], "category20": ["#3BB2D0", "#2C75B0", "#FAB72E", "#EF4848", "#65B60D", "#C32D7B", "#F577B9", "#5FD2B8", "#F1800F", "#9F1C00", "#A5E9E3", "#B9D765", "#393F44", "#CACCD0", "#717171"], "ordinal": {"scheme": "greens"}, "ramp": {"scheme": "purples"}}, "axis": {"labelFontSize": 13, "labelFont": "Lato", "labelColor": "#717171", "labelPadding": 10, "ticks": true, "tickSize": 8, "tickColor": "#A9ABAD", "tickOpacity": 0.5, "tickExtra": false}, "axisX": {"bandPosition": 0.5, "domainWidth": 1.2, "domainColor": "#A9ABAD", "labelAlign": "center", "labelBaseline": "top"}, "axisY": {"domain": false, "labelAlign": "left", "labelBaseline": "bottom", "tickOpacity": 0.5, "grid": true, "ticks": false, "gridColor": "#A9ABAD", "gridOpacity": 0.5}, "mark": {"fill": "#3BB2D0"}, "symbol": {"fill": "#3BB2D0", "stroke": "#fff"}, "rect": {"fill": "#3BB2D0"}, "line": {"interpolate": "linear", "stroke": "#3BB2D0", "fillOpacity": 0}}}, "template": false, "createdAt": "2019-10-23T16:01:48.447Z", "updatedAt": "2019-10-23T18:12:49.325Z"}}, {"id": "53f54066-4482-4368-9ee8-be78ae85516d", "type": "widget", "attributes": {"name": "1984-1999 to 2000-2015 Water Occurrence Change", "dataset": "6f058503-7384-4a54-b4b5-b1046c84ba21", "slug": "1984-1999-to-2000-2015-Water-Occurrence-Change_3", "userId": "5ba001878e311b7e3718740f", "application": ["rw"], "verified": false, "default": false, "protected": false, "defaultEditableWidget": false, "published": false, "freeze": false, "env": "production", "widgetConfig": {"type": "map", "layer_id": "cd9ef373-6119-408d-9154-df2b16947cd6", "zoom": 3, "lat": 0, "lng": 0, "bbox": [-32.51953125000001, -49.49667452747044, 32.51953125000001, 49.49667452747045], "basemapLayers": {"basemap": "light", "labels": null, "boundaries": false}, "paramsConfig": {"visualizationType": "map", "limit": 500, "value": null, "category": null, "color": null, "size": null, "orderBy": null, "aggregateFunction": null, "chartType": null, "filters": [], "areaIntersection": null, "band": null, "layer": "cd9ef373-6119-408d-9154-df2b16947cd6"}, "config": {"range": {"dotSize": [20, 250], "category20": ["#3BB2D0", "#2C75B0", "#FAB72E", "#EF4848", "#65B60D", "#C32D7B", "#F577B9", "#5FD2B8", "#F1800F", "#9F1C00", "#A5E9E3", "#B9D765", "#393F44", "#CACCD0", "#717171"], "ordinal": {"scheme": "greens"}, "ramp": {"scheme": "purples"}}, "axis": {"labelFontSize": 13, "labelFont": "Lato", "labelColor": "#717171", "labelPadding": 10, "ticks": true, "tickSize": 8, "tickColor": "#A9ABAD", "tickOpacity": 0.5, "tickExtra": false}, "axisX": {"bandPosition": 0.5, "domainWidth": 1.2, "domainColor": "#A9ABAD", "labelAlign": "center", "labelBaseline": "top"}, "axisY": {"domain": false, "labelAlign": "left", "labelBaseline": "bottom", "tickOpacity": 0.5, "grid": true, "ticks": false, "gridColor": "#A9ABAD", "gridOpacity": 0.5}, "mark": {"fill": "#3BB2D0"}, "symbol": {"fill": "#3BB2D0", "stroke": "#fff"}, "rect": {"fill": "#3BB2D0"}, "line": {"interpolate": "linear", "stroke": "#3BB2D0", "fillOpacity": 0}}}, "template": false, "createdAt": "2019-10-23T16:01:48.579Z", "updatedAt": "2019-10-23T18:12:36.726Z"}}], "layer": [{"id": "5bebb4a7-4fb2-427a-b5a4-9d4a0b07d70a", "type": "layer", "attributes": {"name": "1984-2015 Water Transitions", "slug": "1984-2015-Water-Transitions_4", "dataset": "6f058503-7384-4a54-b4b5-b1046c84ba21", "description": "Changes in the state and presence of water between 1984 and 2015.", "application": ["rw"], "iso": [], "provider": "leaflet", "userId": "5ba001878e311b7e3718740f", "default": false, "protected": false, "published": true, "env": "production", "layerConfig": {"body": {"transparent": true, "attribution": "2016 EC JRC/Google", "maxZoom": 13, "format": "image/png"}, "url": "https://storage.googleapis.com/global-surface-water/maptiles/transitions/{z}/{x}/{y}.png", "service": "leaflet", "type": "tileLayer", "id": "900c8598-d52e-42a9-878a-b72d02bee5b9"}, "legendConfig": {"items": [{"color": "#081ED9", "name": "Permanent"}, {"color": "#2DB051", "name": "New Permanent"}, {"color": "#910E3F", "name": "Lost Permanent"}, {"color": "#9BD9E9", "name": "Seasonal"}, {"color": "#B6E438", "name": "New Seasonal"}, {"color": "#EAB4BC", "name": "Lost Seasonal"}, {"color": "#F58640", "name": "Seasonal to Permanent"}, {"color": "#FEDC6F", "name": "Permanent to Seasonal"}, {"color": "#7F7F7F", "name": "Ephemeral Permanent"}, {"color": "#ACACAC", "name": "Ephemeral Seasonal"}], "type": "basic"}, "interactionConfig": {"output": []}, "applicationConfig": {}, "staticImageConfig": {}, "createdAt": "2019-10-23T16:01:39.572Z", "updatedAt": "2019-10-23T16:01:39.572Z"}}, {"id": "ab5952b9-a030-4690-9fd6-7e64382f95c7", "type": "layer", "attributes": {"name": "1984-2015 Water Occurrence", "slug": "1984-2015-Water-Occurrence_4", "dataset": "6f058503-7384-4a54-b4b5-b1046c84ba21", "description": "Where surface water occurred between 1984 and 2015 reflecting overall water dynamics.", "application": ["rw"], "iso": [], "provider": "leaflet", "userId": "5ba001878e311b7e3718740f", "default": true, "protected": false, "published": true, "env": "production", "layerConfig": {"type": "tileLayer", "service": "leaflet", "url": "https://storage.googleapis.com/global-surface-water/maptiles/occurrence/{z}/{x}/{y}.png", "body": {"format": "image/png", "maxZoom": 13, "attribution": "2016 EC JRC/Google", "transparent": true}, "id": "dc81abd0-ac91-4523-82ce-80d4be00626f"}, "legendConfig": {"type": "gradient", "unit": "Degrees change", "items": [{"color": "#FFFFFF", "value": ">0%", "id": 0}, {"color": "#DEBFDE", "value": "", "id": 1}, {"color": "#BD81BE", "value": "", "id": 2}, {"color": "#6352DC", "value": "", "id": 3}, {"color": "#0B24FB", "value": "100%", "id": 4}]}, "interactionConfig": {"type": "intersection", "config": {"url": "https://api.resourcewatch.org/v1/query/60be01b0-99fb-459c-8a08-b934270f8c4b?sql=select st_summarystats(rast, 'occurrence', false) as x from 'JRC/GSW1_0/GlobalSurfaceWater' where ST_INTERSECTS(ST_SetSRID(ST_GeomFromGeoJSON('{\"type\":\"Point\",\"coordinates\":[{{lng}},{{lat}}]}'),4326),the_geom)"}, "output": [{"column": "x.occurrence.mean", "property": "Water Occurence", "type": "number", "format": "0.00", "suffix": " %"}]}, "applicationConfig": {}, "staticImageConfig": {}, "createdAt": "2019-10-23T16:01:40.310Z", "updatedAt": "2019-10-23T18:12:10.666Z"}}, {"id": "8dd4970e-7a84-453c-beff-9ff0652208e5", "type": "layer", "attributes": {"name": "2014-2015 Water Seasonality", "slug": "2014-2015-Water-Seasonality_4", "dataset": "6f058503-7384-4a54-b4b5-b1046c84ba21", "description": "Based on the number of months water was present from October 2014 to October 2015. Areas with water detected during all 12 months are represented as permanent.", "application": ["rw"], "iso": [], "provider": "leaflet", "userId": "5ba001878e311b7e3718740f", "default": false, "protected": false, "published": true, "env": "production", "layerConfig": {"id": "f0ff4f4f-e840-4376-ab98-86a6415f007a", "body": {"transparent": true, "attribution": "2016 EC JRC/Google", "maxZoom": 13, "format": "image/png"}, "url": "https://storage.googleapis.com/global-surface-water/maptiles/seasonality/{z}/{x}/{y}.png", "service": "leaflet", "type": "tileLayer"}, "legendConfig": {"type": "gradient", "items": [{"color": "#F5FBFD", "value": "Seasonal"}, {"color": "#BAC4F3", "value": ""}, {"color": "#7E8CEA", "value": ""}, {"color": "#4355E1", "value": ""}, {"color": "#081ED8", "value": "Permanent"}]}, "interactionConfig": {"type": "intersection", "config": {"url": "https://api.resourcewatch.org/v1/query/60be01b0-99fb-459c-8a08-b934270f8c4b?sql=select st_summarystats(rast, 'seasonality', false) as x from 'JRC/GSW1_0/GlobalSurfaceWater' where ST_INTERSECTS(ST_SetSRID(ST_GeomFromGeoJSON('{\"type\":\"Point\",\"coordinates\":[{{lng}},{{lat}}]}'),4326),the_geom)"}, "output": [{"column": "x.seasonality.mean", "property": "Number of months water is present", "type": "number", "format": "0.00", "suffix": " "}]}, "applicationConfig": {}, "staticImageConfig": {}, "createdAt": "2019-10-23T16:01:42.284Z", "updatedAt": "2019-10-23T16:01:42.284Z"}}, {"id": "f960f794-04f2-4e12-9dbb-beab88119744", "type": "layer", "attributes": {"name": "1984-2015 Surface Water Recurrence", "slug": "1984-2015-Surface-Water-Recurrence_5", "dataset": "6f058503-7384-4a54-b4b5-b1046c84ba21", "description": "How frequently water returned to an area from year to year between 1984 and 2015.", "application": ["rw"], "iso": [], "provider": "leaflet", "userId": "5ba001878e311b7e3718740f", "default": false, "protected": false, "published": true, "env": "production", "layerConfig": {"type": "tileLayer", "service": "leaflet", "url": "https://storage.googleapis.com/global-surface-water/maptiles/recurrence/{z}/{x}/{y}.png", "body": {"format": "image/png", "maxZoom": 13, "attribution": "2016 EC JRC/Google", "transparent": true}}, "legendConfig": {"type": "gradient", "unit": "Degrees change", "items": [{"color": "#FB8737", "value": ">0%"}, {"color": "#E09E68", "value": ""}, {"color": "#CCAE8C", "value": ""}, {"color": "#B5C0B5", "value": ""}, {"color": "#9CD4E2", "value": "100%"}]}, "interactionConfig": {"type": "intersection", "config": {"url": "https://api.resourcewatch.org/v1/query/60be01b0-99fb-459c-8a08-b934270f8c4b?sql=select st_summarystats(rast, 'recurrence', false) as x from 'JRC/GSW1_0/GlobalSurfaceWater' where ST_INTERSECTS(ST_SetSRID(ST_GeomFromGeoJSON('{\"type\":\"Point\",\"coordinates\":[{{lng}},{{lat}}]}'),4326),the_geom)"}, "output": [{"column": "x.recurrence.mean", "property": "Frequency of Reccurence from year to year", "type": "number", "format": "0.00", "suffix": " "}]}, "applicationConfig": {}, "staticImageConfig": {}, "createdAt": "2019-10-23T16:01:43.337Z", "updatedAt": "2019-10-23T16:01:43.337Z"}}, {"id": "790d5616-663b-4aef-aacc-cb3029efec8a", "type": "layer", "attributes": {"name": "1984-2015 Maximum Surface Water Extent", "slug": "1984-2015-Maximum-Surface-Water-Extent_5", "dataset": "6f058503-7384-4a54-b4b5-b1046c84ba21", "description": "Maximum extent includes all areas detected as water between 1984 and 2015.", "application": ["rw"], "iso": [], "provider": "leaflet", "userId": "5ba001878e311b7e3718740f", "default": false, "protected": false, "published": true, "env": "production", "layerConfig": {"body": {"transparent": true, "attribution": "2016 EC JRC/Google", "maxZoom": 13, "format": "image/png"}, "url": "https://storage.googleapis.com/global-surface-water/maptiles/extent/{z}/{x}/{y}.png", "service": "leaflet", "type": "tileLayer", "id": "453a5edc-b9d7-4895-840e-969580ecdddd"}, "legendConfig": {"items": [{"color": "#7159FB", "name": "Water Extent"}], "type": "basic"}, "interactionConfig": {"output": []}, "applicationConfig": {}, "staticImageConfig": {}, "createdAt": "2019-10-23T16:01:44.552Z", "updatedAt": "2019-10-23T16:01:44.552Z"}}, {"id": "005b2b13-2e79-43fc-934f-3a37302aa386", "type": "layer", "attributes": {"name": "1984-2018 Water Transitions", "slug": "1984-2018-Water-Transitions_6", "dataset": "6f058503-7384-4a54-b4b5-b1046c84ba21", "description": "Changes in the state and presence of water between 1984 and 2015.", "application": ["rw"], "iso": [], "provider": "leaflet", "userId": "5ba001878e311b7e3718740f", "default": false, "protected": false, "published": true, "env": "production", "layerConfig": {"body": {"transparent": true, "attribution": "2016 EC JRC/Google", "maxZoom": 13, "format": "image/png"}, "url": "https://storage.googleapis.com/global-surface-water/tiles2018/transitions/{z}/{x}/{y}.png", "service": "leaflet", "type": "tileLayer", "id": "60be01b0-99fb-459c-8a08-b934270f8c4b"}, "legendConfig": {"items": [{"color": "#081ED9", "name": "Permanent", "id": 0}, {"color": "#2DB051", "name": "New Permanent", "id": 1}, {"color": "#910E3F", "name": "Lost Permanent", "id": 2}, {"color": "#9BD9E9", "name": "Seasonal", "id": 3}, {"color": "#B6E438", "name": "New Seasonal", "id": 4}, {"color": "#EAB4BC", "name": "Lost Seasonal", "id": 5}, {"color": "#F58640", "name": "Seasonal to Permanent", "id": 6}, {"color": "#FEDC6F", "name": "Permanent to Seasonal", "id": 7}, {"color": "#7F7F7F", "name": "Ephemeral Permanent", "id": 8}, {"color": "#ACACAC", "name": "Ephemeral Seasonal", "id": 9}], "type": "basic"}, "interactionConfig": {}, "applicationConfig": {}, "staticImageConfig": {}, "createdAt": "2019-10-23T16:01:46.943Z", "updatedAt": "2019-10-23T16:01:46.943Z"}}], "vocabulary": [{"type": "vocabulary", "attributes": {"resource": {"id": "6f058503-7384-4a54-b4b5-b1046c84ba21", "type": "dataset"}, "tags": ["geospatial", "raster", "global", "water_extent", "surface_water", "river", "lake"], "name": "knowledge_graph", "application": "rw"}}], "widgetRelevantProps": [], "layerRelevantProps": []}}