{"id": "75d5e90e-2baa-4664-a3fb-9e136c1c5535", "type": "dataset", "server": "https://api.resourcewatch.org", "attributes": {"name": "soc.073 Gridded GDP", "slug": "soc073-Gridded-GDP", "type": "raster", "subtitle": "", "application": ["rw"], "dataPath": "", "attributesPath": null, "connectorType": "rest", "provider": "gee", "userId": "58f66f96733af88e4f563967", "connectorUrl": "", "sources": [], "tableName": "users/resourcewatch_wri/soc_073_gridded_gdp", "status": "saved", "published": true, "overwrite": false, "verified": false, "blockchain": {}, "subscribable": {}, "mainDateField": "", "env": "production", "geoInfo": true, "protected": false, "legend": {"date": [], "region": [], "country": [], "nested": [], "integer": [], "short": [], "byte": [], "double": [], "float": [], "half_float": [], "scaled_float": [], "boolean": [], "binary": [], "text": [], "keyword": []}, "clonedHost": {}, "errorMessage": "", "taskId": null, "createdAt": "2020-02-06T15:28:06.798Z", "updatedAt": "2019-05-07T20:09:46.469Z", "dataLastUpdated": null, "metadata": [{"id": "5ac924cb0e87fb00118d44e6", "type": "metadata", "attributes": {"dataset": "75d5e90e-2baa-4664-a3fb-9e136c1c5535", "application": "rw", "resource": {"id": "75d5e90e-2baa-4664-a3fb-9e136c1c5535", "type": "dataset"}, "language": "en", "name": "Gridded Gross Domestic Product", "description": "### Overview  \n  \nGross domestic product (GDP) is a key economic indicator that measures the monetary value of goods and services provided within that area. The gridded GDP dataset used national GDP, gridded population data, and other factors to estimate GDP at a 30 arc-second resolution for 1990, 2000 and 2015. This gridded GDP dataset is important because it can be used for research at the sub-national level.    \n  \nGDP measurements are in purchasing power parity (PPP) in 2011 U.S. dollars. The data was created at Aalto University. The authors also created the [GDP per capita](https://resourcewatch.org/data/explore/soc073a) dataset.  \n  \n### Methodology  \n  \nTo create a high resolution, complete picture of GDP, the author first calculated GDP per capita using the World bank Development Indicators database. For missing countries, they used data from the Central Intelligence Agency World Factbook. The temporal coverage of both the national and sub-national data varied considerably. To fill in the missing values, temporal interpolation and extrapolation approaches were used.  \n  \nTo be consistent between the sub-national and national datasets, and to ensure the data set would represent official national statistics, the authors did not use the sub-national GDP per capita directly, but instead used the sub-national data to scale national GDP per capita. This was done for each year by first calculating population-weighted national GDP per capita from sub-national GDP per capita data and the HYDE 3.2 population data set. This output was then used in each sub-national unit to calculate the ratio between population-weighted national GDP and reported sub-national GDP. The final sub-national GDP per capita (in PPP) was calculated by multiplying the ratio with the reported national GDP per capita.  \n  \nReported sub-national data were used preferentially, followed by interpolated and extrapolated sub-national data, together with national averages. To estimate the total GDP of each grid cell, the authors multiplied the GDP per capita by grid specific population data using two different spatial resolutions: 5 arc-minutes (10 km at equator) and 30 arc-seconds (1 km at equator). Lower resolution population data were taken from HYDE 3.2 which includes annual data for the year 1990 and for the years 2000-2015 with a resolution of 5 arc-min. Thus, for the years 1991-1999 they needed to use the interpolated population between 1990 and 2000. Higher resolution population data were adapted from the Global Human Settlement (GHS) population grid which has data for the years 1990, 2000 and 2015 with a resolution of 30 arc-seconds. For the full documentation, please click on the \u201cLearn more\u201d button.  \n  \n### Data shown on Resource Watch Map  \n  \n- [**1990**](https://resourcewatch.org/data/explore?zoom=3&lat=15.961329081596647&lng=0&basemap=dark&labels=none&layers=%255B%257B%2522dataset%2522%253A%252275d5e90e-2baa-4664-a3fb-9e136c1c5535%2522%252C%2522opacity%2522%253A1%252C%2522layer%2522%253A%25225e159bc4-5ff2-41f5-86d0-12416ceb0256%2522%257D%255D&page=1&sort=most-viewed&sortDirection=-1), [**2000**](https://resourcewatch.org/data/explore?zoom=3&lat=15.961329081596647&lng=0&basemap=dark&labels=none&layers=%255B%257B%2522dataset%2522%253A%252275d5e90e-2baa-4664-a3fb-9e136c1c5535%2522%252C%2522opacity%2522%253A1%252C%2522layer%2522%253A%252259c33507-cdd7-41d1-87fb-509649c95017%2522%257D%255D&page=1&sort=most-viewed&sortDirection=-1), [**2015**](https://resourcewatch.org/data/explore?zoom=3&lat=15.961329081596647&lng=0&basemap=dark&labels=none&layers=%255B%257B%2522dataset%2522%253A%252275d5e90e-2baa-4664-a3fb-9e136c1c5535%2522%252C%2522opacity%2522%253A1%252C%2522layer%2522%253A%252259c4d394-f5a2-459d-a1a2-2a19e4823244%2522%257D%255D&page=1&sort=most-viewed&sortDirection=-1) **Gross Domestic Product (2011 USD, millions)**: *Gross domestic product (GDP), based on Purchasing Power Parity, in 2011 US dollars. GDP is the total value of goods produced and services provided in one grid cell.*   \n  \nAdditional data on GDP per capita and Human Development Index are available from the data provider. Please see the \"Download from source\" button to find this data on the source website.  \n  \n### Disclaimer  \n  \nExcerpts of this description page were taken from the source metadata. Resource Watch shows only a subset of the dataset. For access to the full dataset and additional information, click on the \u201cLearn more\u201d button.", "source": "Aalto University", "info": {"rwId": "soc.073", "data_type": "Raster", "name": "Gridded Gross Domestic Product", "sources": [{"source-name": "Aalto University", "id": 0, "source-description": ""}], "technical_title": "Gridded global datasets for Gross Domestic Product and Human Development Index over 1990-2015: GDP PPP 30arcsec v2", "functions": "High resolution gridded gross domestic product (GDP) (Purchasing Power Parity)", "cautions": "National and sub-national GDP figures are available for different countries during different years. In order to obtain a complete global record for all countries in the period 1990-2015, an interpolation technique referred to as a thin plate spline is used to fill in national and sub-national GDP figures for countries in between observations, and an extrapolation technique employing national or regional trends is used to complete missing records at the beginning of end of the time period. Due to the methodology of using sub-national data to distribution national GDP figures, the resolution of the gridded GDP figures is dependent on the locally available highest resolution sub-national data. While the data is delivered at a 5 arc-min resolution, many gridded values will be the same when they fall within the same administrative boundary for which sub-national GDP data was available.", "citation": "(1) Kummu M, Taka M, Guillaume JHA (2018) Gridded global datasets for Gross Domestic Product and Human Development Index over 1990-2015. Scientific Data 5: 180004. https://doi.org/10.1038/sdata.2018.4. Accessed through Resource Watch, (date). [www.resourcewatch.org](www.resourcewatch.org).  \n  \n(2) Kummu M, Taka M, Guillaume JHA (2018) Data from: Gridded global datasets for Gross Domestic Product and Human Development Index over 1990-2015. Dryad Digital Repository. https://doi.org/10.5061/dryad.dk1j0. Accessed through Resource Watch, (date). [www.resourcewatch.org](www.resourcewatch.org).", "license": "Creative Commons Public Domain Dedication ", "license_link": "https://creativecommons.org/publicdomain/zero/1.0/", "geographic_coverage": "Global", "spatial_resolution": "30 arc seconds", "date_of_content": "1990-2015", "frequency_of_updates": "Irregular", "learn_more_link": "http://www.nature.com/articles/sdata20184", "data_download_link": null, "data_download_original_link": "http://datadryad.org/resource/doi:10.5061/dryad.dk1j0 "}, "createdAt": "2018-04-07T20:06:35.196Z", "updatedAt": "2020-02-04T19:46:46.773Z", "status": "published"}}], "widget": [{"id": "5d7107cc-7d17-4a7f-92cd-f62bf2b73df2", "type": "widget", "attributes": {"name": "2015 Gross Domestic Product (2011 USD, millions)", "dataset": "75d5e90e-2baa-4664-a3fb-9e136c1c5535", "slug": "2015-Gross-Domestic-Product-2011-USD-millions", "userId": "5980838ae24e6a1dae3dd446", "description": "", "source": "", "authors": "", "application": ["rw"], "verified": false, "default": false, "protected": false, "defaultEditableWidget": true, "published": true, "freeze": false, "env": "production", "queryUrl": "", "widgetConfig": {"config": null, "paramsConfig": {"layer": "59c4d394-f5a2-459d-a1a2-2a19e4823244", "band": null, "areaIntersection": null, "filters": [], "chartType": null, "aggregateFunction": null, "orderBy": null, "size": null, "color": null, "category": null, "value": null, "limit": 50, "visualizationType": "map"}, "basemapLayers": {"boundaries": false, "labels": null, "basemap": "dark"}, "bbox": [-61.34765625000001, -49.49667452747044, 61.34765625000001, 49.49667452747045], "lng": 0, "lat": 0, "zoom": 3, "layer_id": "59c4d394-f5a2-459d-a1a2-2a19e4823244", "type": "map"}, "template": false, "createdAt": "2019-02-20T15:49:38.187Z", "updatedAt": "2019-02-20T15:49:38.187Z"}}, {"id": "2b16021d-e665-4d96-b77b-72c9e24897ea", "type": "widget", "attributes": {"name": "Skopje 2015 Gridded GDP", "dataset": "75d5e90e-2baa-4664-a3fb-9e136c1c5535", "slug": "Skopje-2015-Gridded-GDP", "userId": "58f63c81bd32c60206ed6b12", "description": "", "source": "", "authors": "", "application": ["rw"], "verified": false, "default": false, "protected": false, "defaultEditableWidget": false, "published": false, "freeze": false, "env": "production", "queryUrl": "", "widgetConfig": {"type": "embed", "url": "https://preproduction.resourcewatch.org/embed/data/explore?zoom=12&lat=41.99911321131479&lng=21.424890250000026&basemap=dark&labels=light&layers=%255B%257B%2522dataset%2522%253A%252275d5e90e-2baa-4664-a3fb-9e136c1c5535%2522%252C%2522opacity%2522%253A0.5%252C%2522layer%2522%253A%252259c4d394-f5a2-459d-a1a2-2a19e4823244%2522%257D%255D&page=1&sort=relevance&sortDirection=-1&search=soc.073"}, "template": false, "createdAt": "2019-02-21T01:39:36.798Z", "updatedAt": "2019-02-21T01:39:36.798Z"}}, {"id": "01f89630-baa6-4bbf-976b-0025f64d8d77", "type": "widget", "attributes": {"name": "2015 Gross Domestic Product (2011 USD, millions)", "dataset": "75d5e90e-2baa-4664-a3fb-9e136c1c5535", "slug": "2015-Gross-Domestic-Product-2011-USD-millions_1", "userId": "5d67db513b2ae200105e4d90", "application": ["rw"], "verified": false, "default": false, "protected": false, "defaultEditableWidget": false, "published": false, "thumbnailUrl": "http://wri-api-backups.s3.amazonaws.com/resourcewatch/prod/thumbnails/01f89630-baa6-4bbf-976b-0025f64d8d77-1567087467538.png", "freeze": false, "env": "production", "widgetConfig": {"config": {"line": {"fillOpacity": 0, "stroke": "#3BB2D0", "interpolate": "linear"}, "rect": {"fill": "#3BB2D0"}, "symbol": {"stroke": "#fff", "fill": "#3BB2D0"}, "mark": {"fill": "#3BB2D0"}, "axisY": {"gridOpacity": 0.5, "gridColor": "#A9ABAD", "ticks": false, "grid": true, "tickOpacity": 0.5, "labelBaseline": "bottom", "labelAlign": "left", "domain": false}, "axisX": {"labelBaseline": "top", "labelAlign": "center", "domainColor": "#A9ABAD", "domainWidth": 1.2, "bandPosition": 0.5}, "axis": {"tickExtra": false, "tickOpacity": 0.5, "tickColor": "#A9ABAD", "tickSize": 8, "ticks": true, "labelPadding": 10, "labelColor": "#717171", "labelFont": "Lato", "labelFontSize": 13}, "range": {"ramp": {"scheme": "purples"}, "ordinal": {"scheme": "greens"}, "category20": ["#3BB2D0", "#2C75B0", "#FAB72E", "#EF4848", "#65B60D", "#C32D7B", "#F577B9", "#5FD2B8", "#F1800F", "#9F1C00", "#A5E9E3", "#B9D765", "#393F44", "#CACCD0", "#717171"], "dotSize": [20, 250]}}, "paramsConfig": {"layer": "59c4d394-f5a2-459d-a1a2-2a19e4823244", "band": null, "areaIntersection": null, "filters": [], "chartType": null, "aggregateFunction": null, "orderBy": null, "size": null, "color": null, "category": null, "value": null, "limit": 50, "visualizationType": "map"}, "basemapLayers": {"boundaries": false, "labels": null, "basemap": "dark"}, "bbox": [17.339944839477543, 21.65742882058664, 49.463968276977546, 34.234512916743476], "lng": 33.401956558227546, "lat": 28.130128329220007, "zoom": 6, "layer_id": "59c4d394-f5a2-459d-a1a2-2a19e4823244", "type": "map"}, "template": false, "createdAt": "2019-08-29T14:04:27.255Z", "updatedAt": "2019-08-29T14:04:27.255Z"}}, {"id": "2e082593-9896-4cbf-90bf-ab4ed3c1e918", "type": "widget", "attributes": {"name": "2015 Gross Domestic Product (2011 USD, millions)", "dataset": "75d5e90e-2baa-4664-a3fb-9e136c1c5535", "slug": "2015-Gross-Domestic-Product-2011-USD-millions_2", "userId": "5d67db513b2ae200105e4d90", "description": "Egypt", "application": ["rw"], "verified": false, "default": false, "protected": false, "defaultEditableWidget": false, "published": false, "thumbnailUrl": "http://wri-api-backups.s3.amazonaws.com/resourcewatch/prod/thumbnails/2e082593-9896-4cbf-90bf-ab4ed3c1e918-1567087483569.png", "freeze": false, "env": "production", "widgetConfig": {"config": {"line": {"fillOpacity": 0, "stroke": "#3BB2D0", "interpolate": "linear"}, "rect": {"fill": "#3BB2D0"}, "symbol": {"stroke": "#fff", "fill": "#3BB2D0"}, "mark": {"fill": "#3BB2D0"}, "axisY": {"gridOpacity": 0.5, "gridColor": "#A9ABAD", "ticks": false, "grid": true, "tickOpacity": 0.5, "labelBaseline": "bottom", "labelAlign": "left", "domain": false}, "axisX": {"labelBaseline": "top", "labelAlign": "center", "domainColor": "#A9ABAD", "domainWidth": 1.2, "bandPosition": 0.5}, "axis": {"tickExtra": false, "tickOpacity": 0.5, "tickColor": "#A9ABAD", "tickSize": 8, "ticks": true, "labelPadding": 10, "labelColor": "#717171", "labelFont": "Lato", "labelFontSize": 13}, "range": {"ramp": {"scheme": "purples"}, "ordinal": {"scheme": "greens"}, "category20": ["#3BB2D0", "#2C75B0", "#FAB72E", "#EF4848", "#65B60D", "#C32D7B", "#F577B9", "#5FD2B8", "#F1800F", "#9F1C00", "#A5E9E3", "#B9D765", "#393F44", "#CACCD0", "#717171"], "dotSize": [20, 250]}}, "paramsConfig": {"layer": "59c4d394-f5a2-459d-a1a2-2a19e4823244", "band": null, "areaIntersection": null, "filters": [], "chartType": null, "aggregateFunction": null, "orderBy": null, "size": null, "color": null, "category": null, "value": null, "limit": 50, "visualizationType": "map"}, "basemapLayers": {"boundaries": false, "labels": null, "basemap": "dark"}, "bbox": [17.339944839477543, 21.65742882058664, 49.463968276977546, 34.234512916743476], "lng": 33.401956558227546, "lat": 28.130128329220007, "zoom": 6, "layer_id": "59c4d394-f5a2-459d-a1a2-2a19e4823244", "type": "map"}, "template": false, "createdAt": "2019-08-29T14:04:43.519Z", "updatedAt": "2019-08-29T14:04:43.519Z"}}], "layer": [{"id": "59c4d394-f5a2-459d-a1a2-2a19e4823244", "type": "layer", "attributes": {"name": "2015 Gross Domestic Product (2011 USD, millions)", "slug": "2015-Gross-Domestic-Product-2011-USD", "dataset": "75d5e90e-2baa-4664-a3fb-9e136c1c5535", "description": "Gross domestic product (GDP), based on purchasing power parity, in 2011 US dollars. GDP is the total value of goods and services provided in each grid cell for 2015.", "application": ["rw"], "iso": [], "provider": "gee", "userId": "5980838ae24e6a1dae3dd446", "default": true, "protected": false, "published": true, "env": "production", "layerConfig": {"body": {"sldValue": "<RasterSymbolizer>    <ColorMap  type=\"ramp\" extended=\"false\" >   '<ColorMapEntry color=\"#253494\" quantity=\"10000\" />' +    '<ColorMapEntry color=\"#2c7fb8\" quantity=\"100000\"/>' +    '<ColorMapEntry color=\"#41b6c4\" quantity=\"500000\"  />' +   '<ColorMapEntry color=\"#7fcdbb\" quantity=\"1000000\"/>' +    '<ColorMapEntry color=\"#c7e9b4\" quantity=\"10000000\" />' +  '<ColorMapEntry color=\"#ffffcc\" quantity=\"100000000\"  />' +      '<ColorMapEntry color=\"#ffffd9\" quantity=\"9043062784\" />' +  </ColorMap></RasterSymbolizer>", "styleType": "sld"}, "assetId": "users/resourcewatch_wri/soc_073_gridded_gdp/soc_073_gdp_ppp_30arcsec_2015", "type": "gee", "isImageCollection": false, "timeline": true, "order": 2015, "timelineLabel": "2015"}, "legendConfig": {"items": [{"color": "#253494", "name": "\u22640.01", "id": 0}, {"color": "#2c7fb8", "name": "\u22640.1", "id": 1}, {"color": "#41b6c4", "name": "\u22640.5", "id": 2}, {"color": "#7fcdbb", "name": "\u22641", "id": 3}, {"color": "#c7e9b4", "name": "\u226410", "id": 4}, {"color": "#ffffcc", "name": "\u2264100", "id": 5}, {"color": "#ffffd9", "name": ">100", "id": 6}], "type": "choropleth"}, "interactionConfig": {"type": "intersection", "config": {"url": "https://api.resourcewatch.org/v1/query/75d5e90e-2baa-4664-a3fb-9e136c1c5535?sql=select st_summarystats(rast, 'b1', false) as x from 'users/resourcewatch_wri/soc_073_gridded_gdp/soc_073_gdp_ppp_30arcsec_2015' where ST_INTERSECTS(ST_SetSRID(ST_GeomFromGeoJSON('{\"type\":\"Point\",\"coordinates\":[{{lng}},{{lat}}]}'),4326),the_geom)"}, "output": [{"column": "x.b1.mean", "property": "2015 GDP (2011 USD) ", "type": "number", "format": "0.00", "suffix": " "}]}, "applicationConfig": {}, "staticImageConfig": {}, "createdAt": "2020-02-06T15:28:06.949Z", "updatedAt": "2019-06-18T17:29:48.075Z"}}, {"id": "59c33507-cdd7-41d1-87fb-509649c95017", "type": "layer", "attributes": {"name": "2000 Gross Domestic Product (2011 USD, millions)", "slug": "2000-Gross-Domestic-Product-2011-USD-millions", "dataset": "75d5e90e-2baa-4664-a3fb-9e136c1c5535", "description": "Gross domestic product (GDP), based on purchasing power parity, in 2011 US dollars. GDP is the total value of goods and services provided in each grid cell for 2000.", "application": ["rw"], "iso": [], "provider": "gee", "userId": "5980838ae24e6a1dae3dd446", "default": false, "protected": false, "published": true, "env": "production", "layerConfig": {"body": {"sldValue": "<RasterSymbolizer>    <ColorMap  type=\"ramp\" extended=\"false\" >   '<ColorMapEntry color=\"#253494\" quantity=\"10000\" />' +    '<ColorMapEntry color=\"#2c7fb8\" quantity=\"100000\"/>' +    '<ColorMapEntry color=\"#41b6c4\" quantity=\"500000\"  />' +   '<ColorMapEntry color=\"#7fcdbb\" quantity=\"1000000\"/>' +    '<ColorMapEntry color=\"#c7e9b4\" quantity=\"10000000\" />' +  '<ColorMapEntry color=\"#ffffcc\" quantity=\"100000000\"  />' +      '<ColorMapEntry color=\"#ffffd9\" quantity=\"9043062784\" />' +  </ColorMap></RasterSymbolizer>", "styleType": "sld"}, "assetId": "users/resourcewatch_wri/soc_073_gridded_gdp/soc_073_gdp_ppp_30arcsec_2000", "type": "gee", "isImageCollection": false, "timeline": true, "order": 2000, "timelineLabel": "2000"}, "legendConfig": {"type": "choropleth", "items": [{"name": "\u22640.01", "color": "#253494", "id": 0}, {"name": "\u22640.1", "color": "#2c7fb8", "id": 1}, {"name": "\u22640.5", "color": "#41b6c4", "id": 2}, {"name": "\u22641", "color": "#7fcdbb", "id": 3}, {"name": "\u226410", "color": "#c7e9b4", "id": 4}, {"name": "\u2264100", "color": "#ffffcc", "id": 5}, {"name": ">100", "color": "#ffffd9", "id": 6}]}, "interactionConfig": {}, "applicationConfig": {}, "staticImageConfig": {}, "createdAt": "2020-02-06T15:28:06.949Z", "updatedAt": "2019-05-09T14:52:47.340Z"}}, {"id": "5e159bc4-5ff2-41f5-86d0-12416ceb0256", "type": "layer", "attributes": {"name": "1990 Gross Domestic Product (2011 USD, millions)", "slug": "1990-Gross-Domestic-Product-2011-USD-millions", "dataset": "75d5e90e-2baa-4664-a3fb-9e136c1c5535", "description": "Gross domestic product (GDP), based on purchasing power parity, in 2011 US dollars. GDP is the total value of goods and services provided in each grid cell for 1990.", "application": ["rw"], "iso": [], "provider": "gee", "userId": "5980838ae24e6a1dae3dd446", "default": false, "protected": false, "published": true, "env": "production", "layerConfig": {"timelineLabel": "1990", "order": 1990, "timeline": true, "body": {"sldValue": "<RasterSymbolizer>    <ColorMap  type=\"ramp\" extended=\"false\" >   '<ColorMapEntry color=\"#253494\" quantity=\"10000\" />' +    '<ColorMapEntry color=\"#2c7fb8\" quantity=\"100000\"/>' +    '<ColorMapEntry color=\"#41b6c4\" quantity=\"500000\"  />' +   '<ColorMapEntry color=\"#7fcdbb\" quantity=\"1000000\"/>' +    '<ColorMapEntry color=\"#c7e9b4\" quantity=\"10000000\" />' +  '<ColorMapEntry color=\"#ffffcc\" quantity=\"100000000\"  />' +      '<ColorMapEntry color=\"#ffffd9\" quantity=\"9043062784\" />' +  </ColorMap></RasterSymbolizer>", "styleType": "sld"}, "assetId": "users/resourcewatch_wri/soc_073_gridded_gdp/soc_073_gdp_ppp_30arcsec_1990", "type": "gee", "isImageCollection": false}, "legendConfig": {"type": "choropleth", "items": [{"name": "\u22640.01", "color": "#253494", "id": 0}, {"name": "\u22640.1", "color": "#2c7fb8", "id": 1}, {"name": "\u22640.5", "color": "#41b6c4", "id": 2}, {"name": "\u22641", "color": "#7fcdbb", "id": 3}, {"name": "\u226410", "color": "#c7e9b4", "id": 4}, {"name": "\u2264100", "color": "#ffffcc", "id": 5}, {"name": ">100", "color": "#ffffd9", "id": 6}]}, "interactionConfig": {}, "applicationConfig": {}, "staticImageConfig": {}, "createdAt": "2020-02-06T15:28:06.949Z", "updatedAt": "2019-05-09T14:52:23.658Z"}}], "vocabulary": [{"type": "vocabulary", "attributes": {"resource": {"id": "75d5e90e-2baa-4664-a3fb-9e136c1c5535", "type": "dataset"}, "tags": ["geospatial", "raster", "global", "gdp", "poverty", "inequality", "economic", "society", "historical"], "name": "knowledge_graph", "application": "rw"}}], "widgetRelevantProps": [], "layerRelevantProps": []}}