{"id": "7d822935-9a89-4a2f-83b0-1d743ca67413", "type": "dataset", "server": "https://api.resourcewatch.org", "attributes": {"name": "for.005 Global Mangroves_replacement", "slug": "for005-Global-Mangroves_replacement", "type": "tabular", "subtitle": null, "application": ["rw"], "dataPath": null, "attributesPath": null, "connectorType": "rest", "provider": "cartodb", "userId": "5ba001878e311b7e3718740f", "connectorUrl": "https://wri-01.carto.com/tables/mangrove_2010/public", "sources": [], "tableName": "mangrove_2010", "status": "saved", "published": true, "overwrite": false, "verified": false, "blockchain": {}, "mainDateField": null, "env": "production", "geoInfo": true, "protected": false, "legend": {"date": [], "region": [], "country": [], "nested": [], "integer": [], "short": [], "byte": [], "double": [], "float": [], "half_float": [], "scaled_float": [], "boolean": [], "binary": [], "text": [], "keyword": []}, "clonedHost": {}, "errorMessage": "", "taskId": null, "createdAt": "2019-10-23T16:12:57.742Z", "updatedAt": "2019-10-25T20:35:56.046Z", "dataLastUpdated": null, "metadata": [{"id": "5db07c0e9a0398001317b3d8", "type": "metadata", "attributes": {"dataset": "7d822935-9a89-4a2f-83b0-1d743ca67413", "application": "rw", "resource": {"id": "7d822935-9a89-4a2f-83b0-1d743ca67413", "type": "dataset"}, "language": "en", "name": "Mangrove Forests", "description": "This data set was generated by Aberystwyth University and soloEO within the framework of the Global Mangrove Watch (GMW) project, which is a part of the Japan Aerospace Exploration Agency\u2019s Kyoto and Carbon Initiative and the Mangrove Capital Africa Programme coordinated by Wetlands International and financed by DOB Ecology. The map (v1.2) depicts the global extent of mangrove forests for the year 2010, derived by Random Forest Classification of both L-band radar (ALOS PALSAR) and optical (Landsat-5, -7) data. All satellite data and software used to derive the GMW mangrove maps are available in the public domain. Approximately 15,000 Landsat scenes and 1,500 ALOS PALSAR (1 x 1 degree) mosaic tiles were used to create mosaics of optical and radar data covering the tropical, subtropical, and temperate coastlines of the Americas, Africa, Asia, and Oceania where mangroves occur. The classification was confined using a mangrove habitat mask, which defined regions where mangrove ecosystems can be expected to exist. The mangrove habitat definition was based on geographical parameters such as latitude, elevation, and distance from ocean water. Training for the habitat mask and classification of the 2010 mangrove mask was based on a randomly sample of 38 million points using the mangrove masks (for the year 2000) of Giri et al. (2011) and Spalding et al. (2010) and the water occurrence layer defined by Pekel et al. (2017). Resource Watch shows only a subset of the data set. For access to the full data set and additional information, see the Learn More link.", "source": "UNEP-WCMC", "info": {"rwId": "for.005", "data_type": "Vector", "name": "Mangrove Forests", "sources": [{"source-name": "United Nations Environment Programme World Conservation Monitoring Centre (UNEP-WCMC)", "id": 0, "source-description": ""}], "technical_title": "Global Distribution of Mangroves USGS, Version 1.3", "functions": "Global extent of mangrove forests in 2010", "cautions": "The Landsat-7 ETM+ scanline error affects the classification in certain areas, resulting in striping artefacts in the data. Classification accuracy was assessed with over 53,800 randomly sampled points across 20 randomly selected regions. Overall accuracy was 95.25%, while User\u2019s and Producer\u2019s accuracies for the mangrove class were estimated at 97.5% and 94.0%, respectively. Users should be aware that this is a global-scale data set, generated with a single methodology applied over all regions. As such, the accuracy of the map may vary between locations. Factors such as satellite data availability (due to clouds, cloud shadows, and Landsat-7 ETM+ scanline error), mangrove species composition and level of degradation all influence the accuracy. The mangrove seaward border is generally more accurately defined than the landward side, where the distinction between mangrove and certain terrestrial vegetation types (e.g., tropical rainforest) can be lower. Areas known to be missing in this version (v1.2) of the data set include Bermuda (UK); Europa Island (France); Fiji, east of longitude 180\u00b0E; Maldives; Nicobar Islands (India); Guam and Saipan (United States); Peru, south of latitude 4\u00b0S; Kosrae island (Micronesia); and Wallis and Futuna Islands (France).", "citation": "Giri C, Ochieng E, Tieszen LL, Zhu Z, Singh A, Loveland T, Masek J, Duke N (2011). \"Status and distribution of mangrove forests of the world using earth observation satellite data (version 1.3, updated by UNEP-WCMC).\" Global Ecology and Biogeography 20: 154-159. doi: 10.1111/j.1466-8238.2010.00584.x. http://data.unep-wcmc.org/datasets/4. Accessed through Resource Watch, (date). [www.resourcewatch.org](www.resourcewatch.org).", "license": "Restrictions apply", "license_link": "https://www.unep-wcmc.org/policies", "geographic_coverage": "Global", "spatial_resolution": null, "date_of_content": "2010", "frequency_of_updates": null, "learn_more_link": "http://data.unep-wcmc.org/datasets/4", "data_download_link": null, "data_download_original_link": "http://data.unep-wcmc.org/datasets/4"}, "columns": {"cartodb_id": {"alias": "Area ID "}}, "createdAt": "2019-10-23T16:13:02.470Z", "updatedAt": "2020-02-04T19:46:25.363Z", "status": "published"}}], "widget": [{"id": "a91aada6-6b3d-4f9f-b76b-90a16176c980", "type": "widget", "attributes": {"name": "13 million hectares of mangroves provide important goods and services globally", "dataset": "7d822935-9a89-4a2f-83b0-1d743ca67413", "slug": "13-million-hectares-of-mangroves-provide-important-goods-and-services-globally_1", "userId": "5ba001878e311b7e3718740f", "description": "Global extent of mangrove forests in 2010. Mangroves are trees and shrubs grows in tropical coastal swamps.", "application": ["rw"], "verified": false, "default": false, "protected": false, "defaultEditableWidget": true, "published": true, "freeze": false, "env": "production", "widgetConfig": {"type": "map", "layer_id": "70ea28f9-7e35-421e-a504-56b7a2e1ac1c", "zoom": 6, "lat": 22.14060181015615, "lng": 89.20568794012071, "bbox": [85.14404296875, 15.390135715305217, 93.27392578125001, 28.5941685062326], "basemapLayers": {"basemap": "dark", "labels": null, "boundaries": false}, "paramsConfig": {"visualizationType": "map", "limit": 50, "value": null, "category": null, "color": null, "size": null, "orderBy": null, "aggregateFunction": null, "chartType": "bar", "filters": [], "areaIntersection": null, "band": null, "layer": "70ea28f9-7e35-421e-a504-56b7a2e1ac1c"}, "config": {"range": {"dotSize": [20, 250], "category20": ["#3BB2D0", "#2C75B0", "#FAB72E", "#EF4848", "#65B60D", "#C32D7B", "#F577B9", "#5FD2B8", "#F1800F", "#9F1C00", "#A5E9E3", "#B9D765", "#393F44", "#CACCD0", "#717171"], "ordinal": {"scheme": "greens"}, "ramp": {"scheme": "purples"}}, "axis": {"labelFontSize": 13, "labelFont": "Lato", "labelColor": "#717171", "labelPadding": 10, "ticks": true, "tickSize": 8, "tickColor": "#A9ABAD", "tickOpacity": 0.5, "tickExtra": false}, "axisX": {"bandPosition": 0.5, "domainWidth": 1.2, "domainColor": "#A9ABAD", "labelAlign": "center", "labelBaseline": "top"}, "axisY": {"domain": false, "labelAlign": "left", "labelBaseline": "bottom", "tickOpacity": 0.5, "grid": true, "ticks": false, "gridColor": "#A9ABAD", "gridOpacity": 0.5}, "mark": {"fill": "#3BB2D0"}, "symbol": {"fill": "#3BB2D0", "stroke": "#fff"}, "rect": {"fill": "#3BB2D0"}, "line": {"interpolate": "linear", "stroke": "#3BB2D0", "fillOpacity": 0}}}, "template": false, "createdAt": "2019-10-23T16:13:01.188Z", "updatedAt": "2019-10-23T19:51:22.571Z"}}, {"id": "3fe78bc5-4573-4a45-b198-de9f5b18f43c", "type": "widget", "attributes": {"name": "13 million hectares of mangroves provide important goods and services globally - 1566261131999", "dataset": "7d822935-9a89-4a2f-83b0-1d743ca67413", "slug": "13-million-hectares-of-mangroves-provide-important-goods-and-services-globally-1566261131999_1", "userId": "5ba001878e311b7e3718740f", "description": "Global extent of mangrove forests in 2010. Mangroves are trees and shrubs grows in tropical coastal swamps.", "application": ["rw"], "verified": false, "default": false, "protected": false, "defaultEditableWidget": false, "published": true, "freeze": false, "env": "production", "widgetConfig": {"type": "map", "layer_id": "70ea28f9-7e35-421e-a504-56b7a2e1ac1c", "zoom": 7, "lat": 22.14060181015615, "lng": 89.20568794012071, "bbox": [87.10180610418323, 18.796077591449063, 91.30956977605821, 25.40755416168446], "basemapLayers": {"basemap": "dark", "labels": null, "boundaries": false}, "paramsConfig": {"visualizationType": "map", "limit": 50, "value": null, "category": null, "color": null, "size": null, "orderBy": null, "aggregateFunction": null, "chartType": "bar", "filters": [], "areaIntersection": null, "band": null, "layer": "70ea28f9-7e35-421e-a504-56b7a2e1ac1c"}, "config": null}, "template": false, "createdAt": "2019-10-23T16:13:01.322Z", "updatedAt": "2019-10-23T16:13:01.322Z"}}, {"id": "18119b1b-c443-4663-8d61-2f8c74d56408", "type": "widget", "attributes": {"name": "13 million hectares of mangroves provide important goods and services globally - 1568297969739", "dataset": "7d822935-9a89-4a2f-83b0-1d743ca67413", "slug": "13-million-hectares-of-mangroves-provide-important-goods-and-services-globally-1568297969739_1", "userId": "5ba001878e311b7e3718740f", "description": "Global extent of mangrove forests in 2010. Mangroves are trees and shrubs grows in tropical coastal swamps.", "application": ["rw"], "verified": false, "default": false, "protected": false, "defaultEditableWidget": false, "published": true, "freeze": false, "env": "production", "widgetConfig": {"type": "map", "layer_id": "70ea28f9-7e35-421e-a504-56b7a2e1ac1c", "zoom": 7, "lat": 22.14060181015615, "lng": 89.20568794012071, "bbox": [87.10180610418323, 18.796077591449063, 91.30956977605821, 25.40755416168446], "basemapLayers": {"basemap": "dark", "labels": null, "boundaries": false}, "paramsConfig": {"visualizationType": "map", "limit": 50, "value": null, "category": null, "color": null, "size": null, "orderBy": null, "aggregateFunction": null, "chartType": "bar", "filters": [], "areaIntersection": null, "band": null, "layer": "70ea28f9-7e35-421e-a504-56b7a2e1ac1c"}, "config": null}, "template": false, "createdAt": "2019-10-23T16:13:01.465Z", "updatedAt": "2019-10-23T16:13:01.465Z"}}], "layer": [{"id": "0656fa31-8611-4a43-9d75-55738cecbe23", "type": "layer", "attributes": {"name": "2010 Mangrove Forests", "slug": "2010-Mangrove-Forests_1", "dataset": "7d822935-9a89-4a2f-83b0-1d743ca67413", "description": "Mangrove forests in 2010.", "application": ["rw"], "iso": [], "provider": "cartodb", "userId": "5ba001878e311b7e3718740f", "default": true, "protected": false, "published": true, "env": "production", "layerConfig": {"body": {"layers": [{"options": {"cartocss_version": "2.3.0", "cartocss": "#layer {polygon-opacity: 0.9;polygon-fill:#368c2b;line-color: #368c2b;line-width: 0.1;line-opacity: 1;}", "sql": "SELECT * FROM mangrove_2010"}, "type": "mapnik"}], "minzoom": 3, "maxzoom": 18, "vectorLayers": [{"paint": {"line-color": " #368c2b", "line-width": 0, "line-opacity": 1}, "source-layer": "layer0", "type": "line", "filter": ["all"]}, {"paint": {"fill-opacity": 0.9, "fill-color": "#368c2b"}, "source-layer": "layer0", "type": "fill", "filter": ["all"]}]}, "account": "wri-01"}, "legendConfig": {"items": [{"color": "#368c2b", "name": "Mangrove forests", "id": 0}], "type": "basic"}, "interactionConfig": {"output": [{"column": "cartodb_id", "format": null, "prefix": "", "property": "Area ID", "suffix": "", "type": "number"}]}, "applicationConfig": {}, "staticImageConfig": {}, "createdAt": "2019-10-23T16:12:58.342Z", "updatedAt": "2019-10-23T19:51:29.261Z"}}], "vocabulary": [{"type": "vocabulary", "attributes": {"resource": {"id": "7d822935-9a89-4a2f-83b0-1d743ca67413", "type": "dataset"}, "tags": ["geospatial", "global", "vector", "forest", "historical", "mangroves", "coast", "coastal_erosion", "coral_reef", "SDG_1_No_Poverty", "SDG_target_1.4", "SDG_target_1.5", "SDG_target_1.b", "SDG_target_2.3", "SDG_target_2.4", "SDG_2_Zero_Hunger", "SDG_5_Gender_Equality", "SDG_target_5.5", "SDG_target_5.a", "SDG_6_Clean_Water_and_Sanitation", "SDG_target_6.1", "SDG_target_6.2", "SDG_target_6.3", "SDG_target_6.4", "SDG_target_6.5", "SDG_target_6.6", "SDG_target_6.a", "SDG_target_6.b", "SDG_8_Decent_Work_and_Economic_Growth", "SDG_target_8.3", "SDG_target_8.4", "SDG_target_8.9", "SDG_9_Industry_Innovation_and_Infrastructure", "SDG_target_9.1", "SDG_target_9.5", "SDG_target_9.a", "SDG_11_Sustainable_Cities_and_Communities", "SDG_target_11.3", "SDG_target_11.4", "SDG_target_11.5", "SDG_target_11.6", "SDG_target_11.7", "SDG_target_11.a", "SDG_target_11.b", "SDG_13_Climate_Action", "SDG_target_13.1", "SDG_target_13.2", "SDG_target_13.3", "SDG_14_Life_below_Water", "SDG_target_14.1", "SDG_target_14.2", "SDG_target_14.3", "SDG_target_14.4", "SDG_target_14.5", "SDG_target_14.7", "SDG_target_14.b", "SDG_target_14.c", "SDG_15_Life_on_Land", "SDG_target_15.1", "SDG_target_15.2", "SDG_target_15.3", "SDG_target_15.4", "SDG_target_15.5", "SDG_target_15.6", "SDG_target_15.7", "SDG_target_15.8", "SDG_target_15.9", "SDG_target_15.a", "SDG_target_15.b", "SDG_target_15.c"], "name": "knowledge_graph", "application": "rw"}}], "widgetRelevantProps": ["pxlval"], "layerRelevantProps": ["cartodb_id"]}}