{"id": "890b3400-ebed-46d1-a6d1-c2a87d49270d", "type": "dataset", "server": "https://api.resourcewatch.org", "attributes": {"name": "foo.037 Maize, Rice, Soybeans, and Wheat Yield Trends", "slug": "foo037-Maize-Rice-Soybeans-and-Wheat-Yield-Trends", "type": "raster", "subtitle": "Earthstat", "application": ["rw"], "dataPath": "", "attributesPath": null, "connectorType": "rest", "provider": "gee", "userId": "58f66f96733af88e4f563967", "connectorUrl": "", "sources": [], "tableName": "users/resourcewatch/foo_037_crops_yield_trends_percent", "status": "saved", "published": true, "overwrite": false, "verified": false, "blockchain": {}, "mainDateField": null, "env": "production", "geoInfo": true, "protected": false, "legend": {"date": [], "region": [], "country": [], "nested": [], "integer": [], "short": [], "byte": [], "double": [], "float": [], "half_float": [], "scaled_float": [], "boolean": [], "binary": [], "text": [], "keyword": []}, "clonedHost": {}, "errorMessage": "[Automatic Validation] ConnectorFailed -> Invalid Dataset", "taskId": null, "createdAt": "2020-02-06T15:28:04.151Z", "updatedAt": "2017-11-16T21:25:17.003Z", "dataLastUpdated": null, "metadata": [{"id": "59de3ff14886ed001151a1dd", "type": "metadata", "attributes": {"dataset": "890b3400-ebed-46d1-a6d1-c2a87d49270d", "application": "rw", "resource": {"id": "890b3400-ebed-46d1-a6d1-c2a87d49270d", "type": "dataset"}, "language": "en", "name": "Maize, Rice, Soybean, and Wheat Yield Trends", "description": "This geospatial crop database was created by EarthStat, the University of Minnesota's Institute on the Environment and the Land Use (UMN IonE), and the Global Environment Lab at the University of British Columbia (LUGE Lab at UBC). It covers the period between 1961 and 2008 annually and tracks maize, rice, wheat, and soybean performance across about 13,500 political units. These data were further quality controlled, standardized, and converted into yield information at 3 variable spatial levels based on data availability: national, state, and county/district/munic\u00edpios/departments, and geographic units. Data availability varied among regions. Missing data values were more common in the early years of the data set. Average values from a 5-year window were then used to interpolate missing subnational data, constrained by values from the political unit within which the data were nested. EarthStat linearly regressed 20 years of crop yields (1989-2008) in each political unit to determine the average linear rates of yield improvement over the observed period. Yield trends were analyzed by parsimoniously choosing among regression models of increasing order at each political unit for each crop: an intercept-only model, a linear model, a quadratic model, and a cubic model. EarthStat used the Akaike Information Criterion to decide which model best fit the observed data. Next, F-tests were conducted at each political unit to determine the quality of the model fit against the null hypothesis of a constant model. Population data and their projections per country were from the UN medium variant projections. Crop production was determined using the projected crop yields at current observed rates of yield change and harvested areas fixed at ~2007. Per capita harvested production is the ratio of production to population, and a greater than \u00b110% change from ~2007 is considered significant either in the short (2025) or long term (2050). Resource Watch shows only a subset of the data set. For access to the full data set and additional information, see the Learn More link.", "source": "EarthStat/UMN IonE/LUGE Lab at UBC", "info": {"rwId": "foo.037", "data_type": "Raster", "name": "Maize, Rice, Soybean, and Wheat Yield Trends", "sources": [{"source-name": "EarthStat", "id": 0, "source-description": ""}, {"source-name": "University of Minnesota's Institute on the Environment (UMN IonE)", "id": 1, "source-description": ""}, {"source-name": "Land Use and Global Environment Lab at the University of British Columbia (LUGE Lab at UBC)", "id": 2, "source-description": ""}], "technical_title": "Yield Trends for Maize, Soybean, Rice and Wheat", "functions": "Change in yield (percent/year) for maize, rice, soybean, and wheat crops from 1989 to 2008", "cautions": "These data do not contain unique data for each grid cell as they are aggregated based on administrative unit reporting. These data are compiled using information gathered from individual countries' agricultural censuses. These data may be accurate to country level, admin1 level, or admin2 level. Data quality may be poor in some countries and years where complete or true information is lacking because of political strife, weak institutions, incentives to misreport data, lack of access to proprietary data, and so on.", "citation": "(1) Ray DK, N Ramankutty, ND Mueller, PC West, JA Foley. 2012. Recent patterns of crop yield growth, stagnation, and collapse. Nature Communications. 3:1293 doi: 10.1038/ncomms2296. Accessed through Resource Watch, (date). [www.resourcewatch.org](www.resourcewatch.org).  \n  \n(2) Ray DK, ND Mueller, PC West, JA Foley. 2013. Yield trends are insufficient to double global crop production by 2050. Public Library of Science - ONE. doi: 10.1371/journal.pone.006642. Accessed through Resource Watch, (date). [www.resourcewatch.org](www.resourcewatch.org).", "license": "Restrictions apply", "license_link": "http://www.earthstat.org/wp-content/uploads/METADATA_GHGEmissions.pdf", "geographic_coverage": "Global", "spatial_resolution": "5 arc minute", "date_of_content": "1989-2008", "frequency_of_updates": null, "learn_more_link": "http://www.earthstat.org/wp-content/uploads/METADATA_YieldTrends.pdf", "data_download_link": null, "data_download_original_link": "http://www.earthstat.org/yield-trends-changes-maize-soybean-rice-wheat/"}, "createdAt": "2017-10-11T15:59:45.375Z", "updatedAt": "2020-02-04T19:46:19.182Z", "status": "published"}}], "widget": [{"id": "ef6c72d5-3d95-4d06-a6db-a2739be99438", "type": "widget", "attributes": {"name": "1961-2008 Maize Yield Trends (% change)", "dataset": "890b3400-ebed-46d1-a6d1-c2a87d49270d", "slug": "1961-2008-Maize-Yield-Trends-change", "userId": "5980838ae24e6a1dae3dd446", "description": "", "source": "", "authors": "", "application": ["rw"], "verified": false, "default": false, "protected": false, "defaultEditableWidget": true, "published": true, "freeze": false, "env": "production", "queryUrl": "", "widgetConfig": {"paramsConfig": {"embed": {"src": ""}, "layer": "09757d50-4e8e-471b-9cde-87ef6279bc7a", "band": null, "areaIntersection": null, "filters": [], "chartType": null, "aggregateFunction": null, "orderBy": null, "size": null, "color": null, "category": null, "value": null, "limit": 500, "visualizationType": "map"}, "lng": 0, "lat": 0, "zoom": 3, "layer_id": "09757d50-4e8e-471b-9cde-87ef6279bc7a", "type": "map"}, "template": false, "createdAt": "2018-01-18T16:12:00.578Z", "updatedAt": "2018-01-18T16:12:00.578Z"}}, {"id": "36139b5c-bc7c-4e60-8729-4958060dc233", "type": "widget", "attributes": {"name": "1961-2008 Maize Yield Trends (% change)", "dataset": "890b3400-ebed-46d1-a6d1-c2a87d49270d", "slug": "1961-2008-Maize-Yield-Trends-change_1", "userId": "5ac8ce94a216a5ccdfcc5a6e", "application": ["rw"], "verified": false, "default": false, "protected": false, "defaultEditableWidget": false, "published": false, "freeze": false, "env": "production", "widgetConfig": {"paramsConfig": {"layer": "ec2b33b2-bc91-4d72-9303-1a9cfb0baa8b", "band": null, "areaIntersection": null, "filters": [], "chartType": null, "aggregateFunction": null, "orderBy": null, "size": null, "color": null, "category": null, "value": null, "limit": 500, "caption": null, "visualizationType": "map"}, "bbox": [-141.00292861461642, 18.784091646023334, -66.55956923961641, 57.21513250144482], "lng": -103.78124892711641, "lat": 40.691031290528215, "zoom": 4, "layer_id": "ec2b33b2-bc91-4d72-9303-1a9cfb0baa8b", "type": "map"}, "template": false, "createdAt": "2018-04-10T01:28:27.005Z", "updatedAt": "2018-04-10T01:28:27.005Z"}}, {"id": "5fd93acb-7c70-4930-8afa-bb2c90a533cd", "type": "widget", "attributes": {"name": "1961-2008 Maize Yield Trends (% change)", "dataset": "890b3400-ebed-46d1-a6d1-c2a87d49270d", "slug": "1961-2008-Maize-Yield-Trends-change_2", "userId": "5b2aaae32d0dd154592600db", "application": ["rw"], "verified": false, "default": false, "protected": false, "defaultEditableWidget": false, "published": false, "freeze": false, "env": "production", "widgetConfig": {"config": null, "paramsConfig": {"layer": "09757d50-4e8e-471b-9cde-87ef6279bc7a", "band": null, "areaIntersection": null, "filters": [], "chartType": null, "aggregateFunction": null, "orderBy": null, "size": null, "color": null, "category": null, "value": null, "limit": 500, "visualizationType": "map"}, "basemapLayers": {"boundaries": false, "labels": null, "basemap": "dark"}, "lng": 0, "lat": 0, "zoom": 3, "layer_id": "09757d50-4e8e-471b-9cde-87ef6279bc7a", "type": "map"}, "template": false, "createdAt": "2018-06-20T19:53:01.136Z", "updatedAt": "2018-06-20T19:53:01.136Z"}}, {"id": "539284f5-a24a-4c36-8c72-7865d2b9f7f0", "type": "widget", "attributes": {"name": "1961-2008 Wheat Yield Trends (% change)", "dataset": "890b3400-ebed-46d1-a6d1-c2a87d49270d", "slug": "1961-2008-Wheat-Yield-Trends-change_1", "userId": "5b4e17b103d4e76dbb3c673c", "description": "", "source": "", "authors": "", "application": ["rw"], "verified": false, "default": false, "protected": false, "defaultEditableWidget": false, "published": true, "freeze": false, "env": "production", "queryUrl": "", "widgetConfig": {"config": null, "paramsConfig": {"layer": "ec2b33b2-bc91-4d72-9303-1a9cfb0baa8b", "band": null, "areaIntersection": null, "filters": [], "chartType": null, "aggregateFunction": null, "orderBy": null, "size": null, "color": null, "category": null, "value": null, "limit": 50, "visualizationType": "map"}, "basemapLayers": {"boundaries": false, "labels": null, "basemap": "dark"}, "bbox": [-132.40310668945315, -39.64059509088577, 112.98751831054689, 85.48570461976281], "lng": -9.707794189453127, "lat": 56.36448946802297, "zoom": 2, "layer_id": "ec2b33b2-bc91-4d72-9303-1a9cfb0baa8b", "type": "map"}, "template": false, "createdAt": "2019-01-25T19:47:44.538Z", "updatedAt": "2019-01-25T19:47:44.538Z"}}], "layer": [{"id": "09757d50-4e8e-471b-9cde-87ef6279bc7a", "type": "layer", "attributes": {"name": "1989-2008 Maize Yield Trends (% change/year)", "slug": "1961-2008-Crop-Yield-Trends-change", "dataset": "890b3400-ebed-46d1-a6d1-c2a87d49270d", "description": "The annual percentage yield change (% change/year) for maize crops between 1989 to 2008.", "application": ["rw"], "iso": [], "provider": "gee", "userId": "5980838ae24e6a1dae3dd446", "default": true, "protected": false, "published": true, "env": "production", "layerConfig": {"body": {"sldValue": "<RasterSymbolizer>  <ChannelSelection>   <GrayChannel>   <SourceChannelName>1</SourceChannelName>        </GrayChannel>        </ChannelSelection>    <ColorMap  type=\"ramp\" extended=\"false\" >      '<ColorMapEntry color=\"#d73027\" quantity=\"-10\"  />' +    '<ColorMapEntry color=\"#f46d43\" quantity=\"-2\"  />' + <ColorMapEntry color=\"#fdae61\" quantity=\"-1\"  />' + <ColorMapEntry color=\"#fee08b\" quantity=\"0\"  />' +   '<ColorMapEntry color=\"#d9ef8b\" quantity=\"1\"  />' + '<ColorMapEntry color=\"#a6d96a\" quantity=\"2\"  />' +  '<ColorMapEntry color=\"#66bd63\" quantity=\"10\"  />' +  '<ColorMapEntry color=\"#1a9850\" quantity=\"50\"  />' +   </ColorMap></RasterSymbolizer>", "styleType": "sld"}, "assetId": "users/resourcewatch/foo_037_crops_yield_trends_percent", "type": "gee"}, "legendConfig": {"type": "choropleth", "items": [{"name": "\u2264-10", "color": "#d73027", "id": 0}, {"name": "\u2264-2", "color": "#f46d43", "id": 1}, {"name": "\u2264-1", "color": "#fdae61", "id": 2}, {"name": "\u22640", "color": "#fee08b", "id": 3}, {"name": "\u22641", "color": "#d9ef8b", "id": 4}, {"name": "\u22642", "color": "#a6d96a", "id": 5}, {"name": "\u226410", "color": "#66bd63", "id": 6}, {"name": ">10", "color": "#1a9850", "id": 7}]}, "interactionConfig": {"type": "intersection", "config": {"url": "https://api.resourcewatch.org/v1/query/890b3400-ebed-46d1-a6d1-c2a87d49270d?sql=select st_summarystats(rast, 'b1', false) as x from 'users/resourcewatch/foo_037_crops_yield_trends_percent' where ST_INTERSECTS(ST_SetSRID(ST_GeomFromGeoJSON('{\"type\":\"Point\",\"coordinates\":[{{lng}},{{lat}}]}'),4326),the_geom)"}, "output": [{"column": "x.b1.mean", "property": "Maize Yield Change", "type": "number", "format": "0.0", "suffix": " % change/year"}]}, "applicationConfig": {}, "staticImageConfig": {}, "createdAt": "2020-02-06T15:28:04.220Z", "updatedAt": "2019-07-17T13:59:07.210Z"}}, {"id": "26c64ca5-ec19-4d5e-9fa0-d552cb8278fc", "type": "layer", "attributes": {"name": "1989-2008 Rice Yield Trends (% change/year)", "slug": "1961-2008-Rice-Yield-Trends-change", "dataset": "890b3400-ebed-46d1-a6d1-c2a87d49270d", "description": "The annual percentage yield change (% change/year) for rice crops between 1989 to 2008.", "application": ["rw"], "iso": [], "provider": "gee", "userId": "5980838ae24e6a1dae3dd446", "default": false, "protected": false, "published": true, "env": "production", "layerConfig": {"type": "gee", "assetId": "users/resourcewatch/foo_037_crops_yield_trends_percent", "body": {"styleType": "sld", "sldValue": "<RasterSymbolizer>  <ChannelSelection>   <GrayChannel>   <SourceChannelName>2</SourceChannelName>        </GrayChannel>        </ChannelSelection>    <ColorMap  type=\"ramp\" extended=\"false\" >      '<ColorMapEntry color=\"#d73027\" quantity=\"-10\"  />' +    '<ColorMapEntry color=\"#f46d43\" quantity=\"-2\"  />' + <ColorMapEntry color=\"#fdae61\" quantity=\"-1\"  />' + <ColorMapEntry color=\"#fee08b\" quantity=\"0\"  />' +   '<ColorMapEntry color=\"#d9ef8b\" quantity=\"1\"  />' + '<ColorMapEntry color=\"#a6d96a\" quantity=\"2\"  />' +  '<ColorMapEntry color=\"#66bd63\" quantity=\"10\"  />' +  '<ColorMapEntry color=\"#1a9850\" quantity=\"50\"  />' +   </ColorMap></RasterSymbolizer>"}}, "legendConfig": {"items": [{"color": "#d73027", "name": "\u2264-10", "id": 0}, {"color": "#f46d43", "name": "\u2264-2", "id": 1}, {"color": "#fdae61", "name": "\u2264-1", "id": 2}, {"color": "#fee08b", "name": "\u22640", "id": 3}, {"color": "#d9ef8b", "name": "\u22641", "id": 4}, {"color": "#a6d96a", "name": "\u22642", "id": 5}, {"color": "#66bd63", "name": "\u226410", "id": 6}, {"color": "#1a9850", "name": ">10", "id": 7}], "type": "choropleth"}, "interactionConfig": {"type": "intersection", "config": {"url": "https://api.resourcewatch.org/v1/query/890b3400-ebed-46d1-a6d1-c2a87d49270d?sql=select st_summarystats(rast, 'b2', false) as x from 'users/resourcewatch/foo_037_crops_yield_trends_percent' where ST_INTERSECTS(ST_SetSRID(ST_GeomFromGeoJSON('{\"type\":\"Point\",\"coordinates\":[{{lng}},{{lat}}]}'),4326),the_geom)"}, "output": [{"column": "x.b2.mean", "property": "Rice Yield Change", "type": "number", "format": "0.0", "suffix": " % change/year"}]}, "applicationConfig": {}, "staticImageConfig": {}, "createdAt": "2020-02-06T15:28:04.221Z", "updatedAt": "2019-07-17T13:59:19.726Z"}}, {"id": "f8ee0d9b-3f42-41c6-be40-c921b2cbdba5", "type": "layer", "attributes": {"name": "1989-2008 Soybean Yield Trends (% change/year)", "slug": "1961-2008-Soybean-Yield-Trends-change", "dataset": "890b3400-ebed-46d1-a6d1-c2a87d49270d", "description": "The annual percentage yield change (% change/year) for soybean crops between 1989 to 2008.", "application": ["rw"], "iso": [], "provider": "gee", "userId": "5980838ae24e6a1dae3dd446", "default": false, "protected": false, "published": true, "env": "production", "layerConfig": {"type": "gee", "assetId": "users/resourcewatch/foo_037_crops_yield_trends_percent", "body": {"styleType": "sld", "sldValue": "<RasterSymbolizer>  <ChannelSelection>   <GrayChannel>   <SourceChannelName>3</SourceChannelName>        </GrayChannel>        </ChannelSelection>    <ColorMap  type=\"ramp\" extended=\"false\" >      '<ColorMapEntry color=\"#d73027\" quantity=\"-10\"  />' +    '<ColorMapEntry color=\"#f46d43\" quantity=\"-2\"  />' + <ColorMapEntry color=\"#fdae61\" quantity=\"-1\"  />' + <ColorMapEntry color=\"#fee08b\" quantity=\"0\"  />' +   '<ColorMapEntry color=\"#d9ef8b\" quantity=\"1\"  />' + '<ColorMapEntry color=\"#a6d96a\" quantity=\"2\"  />' +  '<ColorMapEntry color=\"#66bd63\" quantity=\"10\"  />' +  '<ColorMapEntry color=\"#1a9850\" quantity=\"50\"  />' +   </ColorMap></RasterSymbolizer>"}}, "legendConfig": {"items": [{"color": "#d73027", "name": "\u2264-10", "id": 0}, {"color": "#f46d43", "name": "\u2264-2", "id": 1}, {"color": "#fdae61", "name": "\u2264-1", "id": 2}, {"color": "#fee08b", "name": "\u22640", "id": 3}, {"color": "#d9ef8b", "name": "\u22641", "id": 4}, {"color": "#a6d96a", "name": "\u22642", "id": 5}, {"color": "#66bd63", "name": "\u226410", "id": 6}, {"color": "#1a9850", "name": ">10", "id": 7}], "type": "choropleth"}, "interactionConfig": {"type": "intersection", "config": {"url": "https://api.resourcewatch.org/v1/query/890b3400-ebed-46d1-a6d1-c2a87d49270d?sql=select st_summarystats(rast, 'b3', false) as x from 'users/resourcewatch/foo_037_crops_yield_trends_percent' where ST_INTERSECTS(ST_SetSRID(ST_GeomFromGeoJSON('{\"type\":\"Point\",\"coordinates\":[{{lng}},{{lat}}]}'),4326),the_geom)"}, "output": [{"column": "x.b3.mean", "property": "Soybean Yield Change", "type": "number", "format": "0.0", "suffix": " % change/year"}]}, "applicationConfig": {}, "staticImageConfig": {}, "createdAt": "2020-02-06T15:28:04.221Z", "updatedAt": "2019-07-17T13:59:30.649Z"}}, {"id": "ec2b33b2-bc91-4d72-9303-1a9cfb0baa8b", "type": "layer", "attributes": {"name": "1989-2008 Wheat Yield Trends (% change/year)", "slug": "1961-2008-Wheat-Yield-Trends-change", "dataset": "890b3400-ebed-46d1-a6d1-c2a87d49270d", "description": "The annual percentage yield change (% change/year) for wheat crops between 1989 to 2008.", "application": ["rw"], "iso": [], "provider": "gee", "userId": "5980838ae24e6a1dae3dd446", "default": false, "protected": false, "published": true, "env": "production", "layerConfig": {"type": "gee", "assetId": "users/resourcewatch/foo_037_crops_yield_trends_percent", "body": {"styleType": "sld", "sldValue": "<RasterSymbolizer>  <ChannelSelection>   <GrayChannel>   <SourceChannelName>4</SourceChannelName>        </GrayChannel>        </ChannelSelection>    <ColorMap  type=\"ramp\" extended=\"false\" >      '<ColorMapEntry color=\"#d73027\" quantity=\"-10\"  />' +    '<ColorMapEntry color=\"#f46d43\" quantity=\"-2\"  />' + <ColorMapEntry color=\"#fdae61\" quantity=\"-1\"  />' + <ColorMapEntry color=\"#fee08b\" quantity=\"0\"  />' +   '<ColorMapEntry color=\"#d9ef8b\" quantity=\"1\"  />' + '<ColorMapEntry color=\"#a6d96a\" quantity=\"2\"  />' +  '<ColorMapEntry color=\"#66bd63\" quantity=\"10\"  />' +  '<ColorMapEntry color=\"#1a9850\" quantity=\"50\"  />' +   </ColorMap></RasterSymbolizer>"}}, "legendConfig": {"items": [{"color": "#d73027", "name": "\u2264-10", "id": 0}, {"color": "#f46d43", "name": "\u2264-2", "id": 1}, {"color": "#fdae61", "name": "\u2264-1", "id": 2}, {"color": "#fee08b", "name": "\u22640", "id": 3}, {"color": "#d9ef8b", "name": "\u22641", "id": 4}, {"color": "#a6d96a", "name": "\u22642", "id": 5}, {"color": "#66bd63", "name": "\u226410", "id": 6}, {"color": "#1a9850", "name": ">10", "id": 7}], "type": "choropleth"}, "interactionConfig": {"type": "intersection", "config": {"url": "https://api.resourcewatch.org/v1/query/890b3400-ebed-46d1-a6d1-c2a87d49270d?sql=select st_summarystats(rast, 'b4', false) as x from 'users/resourcewatch/foo_037_crops_yield_trends_percent' where ST_INTERSECTS(ST_SetSRID(ST_GeomFromGeoJSON('{\"type\":\"Point\",\"coordinates\":[{{lng}},{{lat}}]}'),4326),the_geom)"}, "output": [{"column": "x.b4.mean", "property": "Wheat Yield Change", "type": "number", "format": "0.0", "suffix": " % change/year"}]}, "applicationConfig": {}, "staticImageConfig": {}, "createdAt": "2020-02-06T15:28:04.222Z", "updatedAt": "2019-07-17T13:59:46.257Z"}}], "vocabulary": [{"type": "vocabulary", "attributes": {"resource": {"id": "890b3400-ebed-46d1-a6d1-c2a87d49270d", "type": "dataset"}, "tags": ["geospatial", "raster", "crop", "crop_yield", "global", "historical", "food_production"], "name": "knowledge_graph", "application": "rw"}}], "widgetRelevantProps": [], "layerRelevantProps": []}}