{"id": "8f92a786-0b80-4746-8d14-85a70898d4ba", "type": "dataset", "server": "https://api.resourcewatch.org", "attributes": {"name": "soc.100a HYDE Historical Population", "slug": "soc088a-HYDE-Historical-Population-2", "type": "raster", "subtitle": "", "application": ["rw"], "dataPath": "", "attributesPath": null, "connectorType": "rest", "provider": "gee", "userId": "5b4e17b103d4e76dbb3c673c", "connectorUrl": "", "sources": [], "tableName": "users/resourcewatchlandcover/HYDE/Baseline/Population", "status": "saved", "published": false, "overwrite": false, "verified": false, "blockchain": {}, "subscribable": {}, "mainDateField": "", "env": "production", "applicationConfig": {"rw": {"layerOrder": ["7306c607-ae0c-4193-ae9e-cedf4663c149", "563b45c4-466a-46a6-8490-d0da7b88c49c", "591175b8-21b5-4f23-a5ed-bcb62ea481a4", "004fcf02-e2b1-4603-8a44-daf18ab67d3b", "f51ecdde-e120-4829-a0b8-5cb0025da9b9", "70991e2b-1fa7-4655-a38e-01cd81f2a819", "57ae5eff-7dac-494f-9d40-5e8630966f48", "165997b5-2434-4093-a622-6761d850af23", "676d1f1d-c731-427d-bde2-39b059748455", "bca5bd1a-108c-4516-ac1e-e71adb042b1a", "f43d2412-87f6-4f44-aec8-adb5ee2f76d9", "82674187-7bd7-445e-8464-35138a82f253", "e246221c-883f-4ae8-891e-fa77550f9b2d", "1377668a-c690-4c66-a9ab-13654aea6706", "5d2236cd-fcd7-400b-9c9c-06f87e97733e"]}}, "geoInfo": true, "protected": false, "legend": {"date": [], "region": [], "country": [], "nested": [], "integer": [], "short": [], "byte": [], "double": [], "float": [], "half_float": [], "scaled_float": [], "boolean": [], "binary": [], "text": [], "keyword": []}, "clonedHost": {}, "errorMessage": "", "taskId": null, "createdAt": "2019-11-21T22:08:09.022Z", "updatedAt": "2019-11-21T22:11:50.435Z", "dataLastUpdated": null, "metadata": [{"id": "5c1153e41b989f0011b4efc9", "type": "metadata", "attributes": {"dataset": "8f92a786-0b80-4746-8d14-85a70898d4ba", "application": "rw", "resource": {"id": "8f92a786-0b80-4746-8d14-85a70898d4ba", "type": "dataset"}, "language": "en", "name": "Historical Gridded Population", "description": "### Overview  \n  \nThe History Database of the Global Environment (HYDE version 3.2), is a combination of gridded historical population and land use estimates. The authors used historical records to model population at the province level and land use areas at the national level through time; then used algorithms to spatially distribute the total population and land use areas to 5 arc minute pixels (about 10 kilometers at the equator).  \n  \n\n\nHYDE is the first spatially explicit estimate of population and land use going back to 10,000 BC. Population is represented by maps of total, urban, and rural population, population density and built-up area. This dataset on Resource Watch describes the population data of HYDE, and the land use data can be viewed here.  \n  \n\n \nThe dataset has global coverage from 10,000 BC to 2017 AD at a resolution of 5 arc minutes (about 10 km). HYDE was developed by the PBL Netherlands Environmental Assessment Agency, and is used by the World Climate Research Program Coupled Model Intercomparison Project ([CMIP6](https://www.wcrp-climate.org/wgcm-cmip/wgcm-cmip6)).   \n  \n### Methodology  \n  \nThe authors estimated population totals at the state or province level by using a variety of historical sources and then used algorithms to spatially distribute the state level population to 5 arc minute pixels.   \n  \n\n\nThe basis for the state level population data is the United Nations World Populations Prospects (2008 Revision) for the 1950\u20132017 period. The pre-1950 historical estimates were largely taken from McEvedy and Jones (1978), Livi-Bacci (2007), and Maddison (2001). The authors supplemented these sources with the sub-national population numbers of Populstat (Lahmeyer, personal communication, 2004) and many other country specific sources. The country specific sources of population estimates are outlined in the supplementary information of their [methodology](https://www.earth-syst-sci-data.net/9/927/2017/). The authors then used interpolation techniques to fill in gaps between population sources.   \n  \n\n\nFor the present population spatial distribution, the authors used the spatial patterns from the Gridded Population of the World (GPW v3) and LandScan (2014) for the year 2012 to allocate the total population for each administrative unit to the 5 arc minute pixel level. LandScan is a global population database with information on population totals at 1 km resolution from the Department of Energy\u2019s Oak Ridge National Laboratory. In order to distribute the state level population to the pixel resolution (5 arc minutes), the 2012 population patterns from LandScan are gradually replaced with weighting maps based on various proxies such as soil suitability, slope, distance to water and case studies from several disciplines (e.g. history, archaeology).  \n  \n\n\nFor simplicity, current administrative level boundaries (town, county, etc.) were kept constant over time, and every historical source was adjusted to match the current subnational boundaries (e.g. by taking fractions of former larger empires). Country and regional totals were then checked against other historical estimates. For the full documentation, please see the [source methodology](https://www.earth-syst-sci-data.net/9/927/2017/).  \n  \n### Data shown on Resource Watch Map  \n  \n**[0](https://resourcewatch.org/data/explore?zoom=3&lat=0&lng=0&basemap=dark&labels=light&layers=%255B%257B%2522dataset%2522%253A%25228f92a786-0b80-4746-8d14-85a70898d4ba%2522%252C%2), [200](https://resourcewatch.org/data/explore?zoom=3&lat=0&lng=0&basemap=dark&labels=light&layers=%255B%257B%2522dataset%2522%253A%25228f92a786-0b80-4746-8d14-85a70898d4ba%2522%252C%2522opacity%2522%253A1%252C%2522layer%2522%253A%25221377668a-c690-4c66-a9ab-13654aea6706%2522%257D%255D&page=1&sort=relevance&sortDirection=-1&search=soc100a), [400](https://resourcewatch.org/data/explore?zoom=3&lat=0&lng=0&basemap=dark&labels=light&layers=%255B%257B%2522dataset%2522%253A%25228f92a786-0b80-4746-8d14-85a70898d4ba%2522%252C%2522opacity%2522%253A1%252C%2522layer%2522%253A%2522004fcf02-e2b1-4603-8a44-daf18ab67d3b%2522%257D%255D&page=1&sort=relevance&sortDirection=-1&search=soc100a), [600](https://resourcewatch.org/data/explore?zoom=3&lat=0&lng=0&basemap=dark&labels=light&layers=%255B%257B%2522dataset%2522%253A%25228f92a786-0b80-4746-8d14-85a70898d4ba%2522%252C%2522opacity%2522%253A1%252C%2522layer%2522%253A%2522591175b8-21b5-4f23-a5ed-bcb62ea481a4%2522%257D%255D&page=1&sort=relevance&sortDirection=-1&search=soc100a), [800](https://resourcewatch.org/data/explore?zoom=3&lat=0&lng=0&basemap=dark&labels=light&layers=%255B%257B%2522dataset%2522%253A%25228f92a786-0b80-4746-8d14-85a70898d4ba%2522%252C%2522opacity%2522%253A1%252C%2522layer%2522%253A%2522563b45c4-466a-46a6-8490-d0da7b88c49c%2522%257D%255D&page=1&sort=relevance&sortDirection=-1&search=soc100a), [1000](https://resourcewatch.org/data/explore?zoom=3&lat=0&lng=0&basemap=dark&labels=light&layers=%255B%257B%2522dataset%2522%253A%25228f92a786-0b80-4746-8d14-85a70898d4ba%2522%252C%2522opacity%2522%253A1%252C%2522layer%2522%253A%2522e246221c-883f-4ae8-891e-fa77550f9b2d%2522%257D%255D&page=1&sort=relevance&sortDirection=-1&search=soc100a), [1200](https://resourcewatch.org/data/explore?zoom=3&lat=0&lng=0&basemap=dark&labels=light&layers=%255B%257B%2522dataset%2522%253A%25228f92a786-0b80-4746-8d14-85a70898d4ba%2522%252C%2522opacity%2522%253A1%252C%2522layer%2522%253A%252282674187-7bd7-445e-8464-35138a82f253%2522%257D%255D&page=1&sort=relevance&sortDirection=-1&search=soc100a), [1400](https://resourcewatch.org/data/explore?zoom=3&lat=0&lng=0&basemap=dark&labels=light&layers=%255B%257B%2522dataset%2522%253A%25228f92a786-0b80-4746-8d14-85a70898d4ba%2522%252C%2522opacity%2522%253A1%252C%2522layer%2522%253A%2522f43d2412-87f6-4f44-aec8-adb5ee2f76d9%2522%257D%255D&page=1&sort=relevance&sortDirection=-1&search=soc100a), [1500](https://resourcewatch.org/data/explore?zoom=3&lat=0&lng=0&basemap=dark&labels=light&layers=%255B%257B%2522dataset%2522%253A%25228f92a786-0b80-4746-8d14-85a70898d4ba%2522%252C%2522opacity%2522%253A1%252C%2522layer%2522%253A%25227306c607-ae0c-4193-ae9e-cedf4663c149%2522%257D%255D&page=1&sort=relevance&sortDirection=-1&search=soc100a), [1600](https://resourcewatch.org/data/explore?zoom=3&lat=0&lng=0&basemap=dark&labels=light&layers=%255B%257B%2522dataset%2522%253A%25228f92a786-0b80-4746-8d14-85a70898d4ba%2522%252C%2522opacity%2522%253A1%252C%2522layer%2522%253A%2522bca5bd1a-108c-4516-ac1e-e71adb042b1a%2522%257D%255D&page=1&sort=relevance&sortDirection=-1&search=soc100a), [1700](https://resourcewatch.org/data/explore?zoom=3&lat=0&lng=0&basemap=dark&labels=light&layers=%255B%257B%2522dataset%2522%253A%25228f92a786-0b80-4746-8d14-85a70898d4ba%2522%252C%2522opacity%2522%253A1%252C%2522layer%2522%253A%2522676d1f1d-c731-427d-bde2-39b059748455%2522%257D%255D&page=1&sort=relevance&sortDirection=-1&search=soc100a), [1800](https://resourcewatch.org/data/explore?zoom=3&lat=0&lng=0&basemap=dark&labels=light&layers=%255B%257B%2522dataset%2522%253A%25228f92a786-0b80-4746-8d14-85a70898d4ba%2522%252C%2522opacity%2522%253A1%252C%2522layer%2522%253A%2522f51ecdde-e120-4829-a0b8-5cb0025da9b9%2522%257D%255D&page=1&sort=relevance&sortDirection=-1&search=soc100a), [1900](https://resourcewatch.org/data/explore?zoom=3&lat=0&lng=0&basemap=dark&labels=light&layers=%255B%257B%2522dataset%2522%253A%25228f92a786-0b80-4746-8d14-85a70898d4ba%2522%252C%2522opacity%2522%253A1%252C%2522layer%2522%253A%2522165997b5-2434-4093-a622-6761d850af23%2522%257D%255D&page=1&sort=relevance&sortDirection=-1&search=soc100a), [2000](https://resourcewatch.org/data/explore?zoom=3&lat=0&lng=0&basemap=dark&labels=light&layers=%255B%257B%2522dataset%2522%253A%25228f92a786-0b80-4746-8d14-85a70898d4ba%2522%252C%2522opacity%2522%253A1%252C%2522layer%2522%253A%252257ae5eff-7dac-494f-9d40-5e8630966f48%2522%257D%255D&page=1&sort=relevance&sortDirection=-1&search=soc100a), [2017](https://resourcewatch.org/data/explore?zoom=3&lat=0&lng=0&basemap=dark&labels=light&layers=%255B%257B%2522dataset%2522%253A%25228f92a786-0b80-4746-8d14-85a70898d4ba%2522%252C%2522opacity%2522%253A1%252C%2522layer%2522%253A%252270991e2b-1fa7-4655-a38e-01cd81f2a819%2522%257D%255D&page=1&sort=relevance&sortDirection=-1&search=soc100a) Population Density (inhabitants per square km)**: *Historical population density estimates for the given year in units of inhabitants per square kilometer.*  \n  \n\n\nAdditional data is available from the source provider. The HYDE dataset has additional population data including population count, rural population count, urban population count, and urban built-up area. HYDE also provides data on land use including pasture areas, irrigated crops and rainfed crops. Finally, the HYDE dataset provides this land use data categorized under Anthropogenic Biomes. The HYDE dataset covers 10,000 BC to 2017 at the following time intervals: every 1000 years from 10,000 BC to 0 AD, every 100 years from 0 AD to 1700 AD, every 10 years from 1700 AD to 2000, and every year from 2000 to 2017. Please click on the \u201cLearn More\u201d button to find this data on the source website.  \n  \n  \n### Disclaimer  \n  \nExcerpts of this description page were taken from the source metadata. Resource Watch shows only a subset of the dataset. For access to the full dataset and additional information, click on the \u201cLearn more\u201d button.", "source": "Utrecht U/PBL", "info": {"rwId": "soc.100a", "data_type": "Raster", "name": "Historical Gridded Population", "sources": [{"source-name": "Utrecht University(Utrecht U)", "id": 0, "source-description": ""}, {"source-name": " Netherlands Environmental Assessment Agency(PBL)", "id": 1, "source-description": ""}], "technical_title": "History Database of the Global Environment (HYDE version 3.2)", "functions": "Historical population estimates from 10,000 BC through 2017", "cautions": "There can be many uncertainties related to working with historical data. In general, good historical data (with sufficient temporal and spatial resolution) are scarce for many topics. Some sources are unique, with the disadvantage of having no other independent data source to verify with. Data are often only available in hard copy, not in digital format. While many historical population sources were used in the creation of this data set, there are still gaps between sources. In this case the researchers used interpolation techniques to fill in missing data.  \n  \n\n\nPopulation estimates were projected through the past for each province or state of every country by  using data from numerous global and country specific population estimates. For simplicity, current administrative level (town, county, etc.) boundaries were kept constant over time, and every historical source was adjusted to match the current subnational boundaries (e.g. by taking fractions of former larger empires). Country and regional totals were then checked against other historical estimates.  \n  \n\n\nThe HYDE database does not claim to give a complete overview of global environmental change for the past centuries, but only tries to assist researchers in providing times series of indicators of global change. The HYDE authors also stress that population and land use estimates have large uncertainties especially in the distant past.   \n", "citation": "Klein Goldewijk, K., A. Beusen, J. Doelman and E. Stehfest (2017), Anthropogenic land-use estimates for the Holocene; HYDE 3.2, Earth System Science Data, under review. Accessed through Resource Watch, (date). [www.resourcewatch.org](www.resourcewatch.org).", "license": "Creative Commons Attribution 3.0 Unported", "license_link": "https://creativecommons.org/licenses/by/3.0/", "geographic_coverage": "Global", "spatial_resolution": "5 arc minutes", "date_of_content": "10,000BC-2017", "frequency_of_updates": "Once", "learn_more_link": "https://themasites.pbl.nl/tridion/en/themasites/hyde/index.html ", "data_download_link": null, "data_download_original_link": "https://themasites.pbl.nl/tridion/en/themasites/hyde/download/index-2.html "}, "createdAt": "2018-12-12T18:31:00.210Z", "updatedAt": "2020-02-04T19:46:50.819Z", "status": "published"}}], "widget": [{"id": "783646eb-47de-4528-9712-65c23ae1aadb", "type": "widget", "attributes": {"name": "1800 AD Population Density (inhabitants per square km)", "dataset": "8f92a786-0b80-4746-8d14-85a70898d4ba", "slug": "1800-AD-Population-Density-inhabitants-per-square-km", "userId": "5b4e17b103d4e76dbb3c673c", "description": "Historical population density estimates in units of inhabitants per square kilometer for the year 1800 AD from the HYDE 3.2 data set. The model used current administrative boundaries (current counties, countries, etc.) to show how human population and land use have transformed the earth.", "source": "", "authors": "", "application": ["rw"], "verified": false, "default": true, "protected": false, "defaultEditableWidget": true, "published": true, "freeze": false, "env": "production", "queryUrl": "", "widgetConfig": {"config": null, "paramsConfig": {"layer": "ec25f85e-2729-43df-9b9e-fd32a064a65b", "band": null, "areaIntersection": null, "filters": [], "chartType": null, "aggregateFunction": null, "orderBy": null, "size": null, "color": null, "category": null, "value": null, "limit": 50, "visualizationType": "map"}, "basemapLayers": {"boundaries": false, "labels": null, "basemap": "dark"}, "bbox": [-57.630844116210945, -18.837414648639335, 65.06446838378908, 68.4542192455744], "lng": 3.716812133789063, "lat": 35.43941441533686, "zoom": 3, "layer_id": "ec25f85e-2729-43df-9b9e-fd32a064a65b", "type": "map"}, "template": false, "createdAt": "2019-03-14T17:58:02.366Z", "updatedAt": "2019-03-14T17:58:02.366Z"}}, {"id": "2a800d71-220f-4ef0-a6e5-2af12ac49acb", "type": "widget", "attributes": {"name": "Human history is the history of urbanization.", "dataset": "8f92a786-0b80-4746-8d14-85a70898d4ba", "slug": "Human-history-is-the-history-of-urbanization", "userId": "5c2f894a8464fa99d87f3bbb", "description": "Historical population density estimates in units of inhabitants per square kilometer for the year 0 AD from the HYDE 3.2 data set. The model used current administrative boundaries (current counties, countries, etc.) to show how human population and land use have transformed the earth.", "source": "", "authors": "", "application": ["rw"], "verified": false, "default": false, "protected": false, "defaultEditableWidget": false, "published": true, "freeze": false, "env": "production", "queryUrl": "", "widgetConfig": {"url": "https://resourcewatch.org/embed/map-swipe?zoom=1&lat=0&lng=0&layers=7306c607-ae0c-4193-ae9e-cedf4663c149,70991e2b-1fa7-4655-a38e-01cd81f2a819", "type": "embed", "height": 1000, "width": 400}, "template": false, "createdAt": "2019-05-29T19:12:25.976Z", "updatedAt": "2019-11-21T22:37:14.065Z"}}], "layer": [{"id": "7306c607-ae0c-4193-ae9e-cedf4663c149", "type": "layer", "attributes": {"name": "1500 AD Population Density (inhabitants per square km)", "slug": "1500-AD-Population-Density-inhabitants-per-square-km-prod", "dataset": "8f92a786-0b80-4746-8d14-85a70898d4ba", "description": "Historical population density estimates in units of inhabitants per square kilometer for the year 1500 AD from the HYDE 3.2 data set. The model used current administrative boundaries (current counties, countries, etc.) to show how human population and land use have transformed the earth.", "application": ["rw"], "iso": [], "provider": "gee", "userId": "5ba001878e311b7e3718740f", "default": false, "protected": false, "published": true, "env": "production", "layerConfig": {"type": "gee", "assetId": "users/resourcewatchlandcover/HYDE/Baseline/Population/Pop_1500AD", "isImageCollection": false, "body": {"styleType": "sld", "sldValue": "<RasterSymbolizer> <ChannelSelection>   <GrayChannel>   <SourceChannelName>popd</SourceChannelName> </GrayChannel> </ChannelSelection> <ColorMap type=\"intervals\" extended=\"false\" > '<ColorMapEntry color=\"#0088F9\" quantity=\"0\" opacity=\"0\"/>'+'<ColorMapEntry color=\"#0088F9\" quantity=\"10\" opacity=\"1\"/>'+'<ColorMapEntry color=\"#28FFFD\" quantity=\"25\"/>'+   '<ColorMapEntry color=\"#01EAA9\" quantity=\"50\" />'+ '<ColorMapEntry color=\"#22FB23\" quantity=\"100\" />'+   '<ColorMapEntry color=\"#ABF602\" quantity=\"250\" />'+   '<ColorMapEntry color=\"#FEF923\" quantity=\"500\" />'+ '<ColorMapEntry color=\"#FD912A\" quantity=\"1000\" />'+ '<ColorMapEntry color=\"#FB272A\" quantity=\"300000000000\"/>'+  </ColorMap></RasterSymbolizer>"}, "timelineLabel": "1500", "order": 1500, "timeline": true}, "legendConfig": {"type": "choropleth", "items": [{"id": 0, "name": "\u226410", "color": "#0088F9"}, {"id": 1, "name": "\u226425", "color": "#28FFFD"}, {"id": 2, "name": "\u226450", "color": "#01EAA9"}, {"id": 3, "name": "\u2264100", "color": "#22FB23"}, {"id": 4, "name": "\u2264250", "color": "#ABF602"}, {"id": 5, "name": "\u2264500", "color": "#FEF923"}, {"id": 6, "name": "\u22641000", "color": "#FD912A"}, {"id": 7, "name": ">1000", "color": "#FB272A"}]}, "interactionConfig": {}, "applicationConfig": {}, "staticImageConfig": {}, "createdAt": "2019-10-09T18:29:33.065Z", "updatedAt": "2019-10-09T18:42:32.579Z"}}, {"id": "563b45c4-466a-46a6-8490-d0da7b88c49c", "type": "layer", "attributes": {"name": "800 AD Population Density (inhabitants per square km)", "slug": "800-AD-Population-Density-inhabitants-per-square-km_1", "dataset": "8f92a786-0b80-4746-8d14-85a70898d4ba", "description": "Historical population density estimates in units of inhabitants per square kilometer for the year 800 AD from the HYDE 3.2 data set. The model used current administrative boundaries (current counties, countries, etc.) to show how human population and land use have transformed the earth.", "application": ["rw"], "iso": [], "provider": "gee", "userId": "5ba001878e311b7e3718740f", "default": false, "protected": false, "published": true, "env": "production", "layerConfig": {"type": "gee", "assetId": "users/resourcewatchlandcover/HYDE/Baseline/Population/Pop_800AD", "isImageCollection": false, "body": {"styleType": "sld", "sldValue": "<RasterSymbolizer> <ChannelSelection>   <GrayChannel>   <SourceChannelName>popd</SourceChannelName> </GrayChannel> </ChannelSelection> <ColorMap type=\"intervals\" extended=\"false\" > '<ColorMapEntry color=\"#0088F9\" quantity=\"0\" opacity=\"0\"/>'+'<ColorMapEntry color=\"#0088F9\" quantity=\"10\" opacity=\"1\"/>'+'<ColorMapEntry color=\"#28FFFD\" quantity=\"25\"/>'+   '<ColorMapEntry color=\"#01EAA9\" quantity=\"50\" />'+ '<ColorMapEntry color=\"#22FB23\" quantity=\"100\" />'+   '<ColorMapEntry color=\"#ABF602\" quantity=\"250\" />'+   '<ColorMapEntry color=\"#FEF923\" quantity=\"500\" />'+ '<ColorMapEntry color=\"#FD912A\" quantity=\"1000\" />'+ '<ColorMapEntry color=\"#FB272A\" quantity=\"300000000000\"/>'+  </ColorMap></RasterSymbolizer>"}, "timelineLabel": "800", "order": 800, "timeline": true}, "legendConfig": {"type": "choropleth", "items": [{"name": "\u226410", "color": "#0088F9", "id": 0}, {"name": "\u226425", "color": "#28FFFD", "id": 1}, {"name": "\u226450", "color": "#01EAA9", "id": 2}, {"name": "\u2264100", "color": "#22FB23", "id": 3}, {"name": "\u2264250", "color": "#ABF602", "id": 4}, {"name": "\u2264500", "color": "#FEF923", "id": 5}, {"name": "\u22641000", "color": "#FD912A", "id": 6}, {"name": ">1000", "color": "#FB272A", "id": 7}]}, "interactionConfig": {}, "applicationConfig": {}, "staticImageConfig": {}, "createdAt": "2019-10-09T18:39:44.024Z", "updatedAt": "2019-10-09T18:39:44.024Z"}}, {"id": "591175b8-21b5-4f23-a5ed-bcb62ea481a4", "type": "layer", "attributes": {"name": "600 AD Population Density (inhabitants per square km)", "slug": "600-AD-Population-Density-inhabitants-per-square-km_1", "dataset": "8f92a786-0b80-4746-8d14-85a70898d4ba", "description": "Historical population density estimates in units of inhabitants per square kilometer for the year 600 AD from the HYDE 3.2 data set. The model used current administrative boundaries (current counties, countries, etc.) to show how human population and land use have transformed the earth.", "application": ["rw"], "iso": [], "provider": "gee", "userId": "5ba001878e311b7e3718740f", "default": false, "protected": false, "published": true, "env": "production", "layerConfig": {"type": "gee", "assetId": "users/resourcewatchlandcover/HYDE/Baseline/Population/Pop_600AD", "isImageCollection": false, "body": {"styleType": "sld", "sldValue": "<RasterSymbolizer> <ChannelSelection>   <GrayChannel>   <SourceChannelName>popd</SourceChannelName> </GrayChannel> </ChannelSelection> <ColorMap type=\"intervals\" extended=\"false\" > '<ColorMapEntry color=\"#0088F9\" quantity=\"0\" opacity=\"0\"/>'+'<ColorMapEntry color=\"#0088F9\" quantity=\"10\" opacity=\"1\"/>'+'<ColorMapEntry color=\"#28FFFD\" quantity=\"25\"/>'+   '<ColorMapEntry color=\"#01EAA9\" quantity=\"50\" />'+ '<ColorMapEntry color=\"#22FB23\" quantity=\"100\" />'+   '<ColorMapEntry color=\"#ABF602\" quantity=\"250\" />'+   '<ColorMapEntry color=\"#FEF923\" quantity=\"500\" />'+ '<ColorMapEntry color=\"#FD912A\" quantity=\"1000\" />'+ '<ColorMapEntry color=\"#FB272A\" quantity=\"300000000000\"/>'+  </ColorMap></RasterSymbolizer>"}, "timelineLabel": "600", "order": 600, "timeline": true}, "legendConfig": {"type": "choropleth", "items": [{"name": "\u226410", "color": "#0088F9", "id": 0}, {"name": "\u226425", "color": "#28FFFD", "id": 1}, {"name": "\u226450", "color": "#01EAA9", "id": 2}, {"name": "\u2264100", "color": "#22FB23", "id": 3}, {"name": "\u2264250", "color": "#ABF602", "id": 4}, {"name": "\u2264500", "color": "#FEF923", "id": 5}, {"name": "\u22641000", "color": "#FD912A", "id": 6}, {"name": ">1000", "color": "#FB272A", "id": 7}]}, "interactionConfig": {}, "applicationConfig": {}, "staticImageConfig": {}, "createdAt": "2019-10-09T18:40:33.599Z", "updatedAt": "2019-10-09T18:40:33.599Z"}}, {"id": "004fcf02-e2b1-4603-8a44-daf18ab67d3b", "type": "layer", "attributes": {"name": "400 AD Population Density (inhabitants per square km)", "slug": "400-AD-Population-Density-inhabitants-per-square-km_1", "dataset": "8f92a786-0b80-4746-8d14-85a70898d4ba", "description": "Historical population density estimates in units of inhabitants per square kilometer for the year 400 AD from the HYDE 3.2 data set. The model used current administrative boundaries (current counties, countries, etc.) to show how human population and land use have transformed the earth.", "application": ["rw"], "iso": [], "provider": "gee", "userId": "5ba001878e311b7e3718740f", "default": false, "protected": false, "published": true, "env": "production", "layerConfig": {"type": "gee", "assetId": "users/resourcewatchlandcover/HYDE/Baseline/Population/Pop_400AD", "isImageCollection": false, "body": {"styleType": "sld", "sldValue": "<RasterSymbolizer> <ChannelSelection>   <GrayChannel>   <SourceChannelName>popd</SourceChannelName> </GrayChannel> </ChannelSelection> <ColorMap type=\"intervals\" extended=\"false\" > '<ColorMapEntry color=\"#0088F9\" quantity=\"0\" opacity=\"0\"/>'+'<ColorMapEntry color=\"#0088F9\" quantity=\"10\" opacity=\"1\"/>'+'<ColorMapEntry color=\"#28FFFD\" quantity=\"25\"/>'+   '<ColorMapEntry color=\"#01EAA9\" quantity=\"50\" />'+ '<ColorMapEntry color=\"#22FB23\" quantity=\"100\" />'+   '<ColorMapEntry color=\"#ABF602\" quantity=\"250\" />'+   '<ColorMapEntry color=\"#FEF923\" quantity=\"500\" />'+ '<ColorMapEntry color=\"#FD912A\" quantity=\"1000\" />'+ '<ColorMapEntry color=\"#FB272A\" quantity=\"300000000000\"/>'+  </ColorMap></RasterSymbolizer>"}, "timelineLabel": "400", "order": 400, "timeline": true}, "legendConfig": {"type": "choropleth", "items": [{"name": "\u226410", "color": "#0088F9", "id": 0}, {"name": "\u226425", "color": "#28FFFD", "id": 1}, {"name": "\u226450", "color": "#01EAA9", "id": 2}, {"name": "\u2264100", "color": "#22FB23", "id": 3}, {"name": "\u2264250", "color": "#ABF602", "id": 4}, {"name": "\u2264500", "color": "#FEF923", "id": 5}, {"name": "\u22641000", "color": "#FD912A", "id": 6}, {"name": ">1000", "color": "#FB272A", "id": 7}]}, "interactionConfig": {}, "applicationConfig": {}, "staticImageConfig": {}, "createdAt": "2019-10-09T18:41:43.422Z", "updatedAt": "2019-10-09T18:41:43.422Z"}}, {"id": "f51ecdde-e120-4829-a0b8-5cb0025da9b9", "type": "layer", "attributes": {"name": "1800 AD Population Density (inhabitants per square km)", "slug": "1800-AD-Population-Density-inhabitants-per-square-km_1", "dataset": "8f92a786-0b80-4746-8d14-85a70898d4ba", "description": "Historical population density estimates in units of inhabitants per square kilometer for the year 1800 AD from the HYDE 3.2 data set. The model used current administrative boundaries (current counties, countries, etc.) to show how human population and land use have transformed the earth.", "application": ["rw"], "iso": [], "provider": "gee", "userId": "5ba001878e311b7e3718740f", "default": false, "protected": false, "published": true, "env": "production", "layerConfig": {"timeline": true, "order": 1800, "timelineLabel": "1800", "body": {"sldValue": "<RasterSymbolizer> <ChannelSelection>   <GrayChannel>   <SourceChannelName>popd</SourceChannelName> </GrayChannel> </ChannelSelection> <ColorMap type=\"intervals\" extended=\"false\" > '<ColorMapEntry color=\"#0088F9\" quantity=\"0\" opacity=\"0\"/>'+'<ColorMapEntry color=\"#0088F9\" quantity=\"10\" opacity=\"1\"/>'+'<ColorMapEntry color=\"#28FFFD\" quantity=\"25\"/>'+   '<ColorMapEntry color=\"#01EAA9\" quantity=\"50\" />'+ '<ColorMapEntry color=\"#22FB23\" quantity=\"100\" />'+   '<ColorMapEntry color=\"#ABF602\" quantity=\"250\" />'+   '<ColorMapEntry color=\"#FEF923\" quantity=\"500\" />'+ '<ColorMapEntry color=\"#FD912A\" quantity=\"1000\" />'+ '<ColorMapEntry color=\"#FB272A\" quantity=\"300000000000\"/>'+  </ColorMap></RasterSymbolizer>", "styleType": "sld"}, "isImageCollection": false, "assetId": "users/resourcewatchlandcover/HYDE/Baseline/Population/Pop_1800AD", "type": "gee"}, "legendConfig": {"items": [{"color": "#0088F9", "name": "\u226410", "id": 0}, {"color": "#28FFFD", "name": "\u226425", "id": 1}, {"color": "#01EAA9", "name": "\u226450", "id": 2}, {"color": "#22FB23", "name": "\u2264100", "id": 3}, {"color": "#ABF602", "name": "\u2264250", "id": 4}, {"color": "#FEF923", "name": "\u2264500", "id": 5}, {"color": "#FD912A", "name": "\u22641000", "id": 6}, {"color": "#FB272A", "name": ">1000", "id": 7}], "type": "choropleth"}, "interactionConfig": {}, "applicationConfig": {}, "staticImageConfig": {}, "createdAt": "2019-10-09T18:44:26.215Z", "updatedAt": "2019-10-09T18:44:26.215Z"}}, {"id": "70991e2b-1fa7-4655-a38e-01cd81f2a819", "type": "layer", "attributes": {"name": "2017 AD Population Density (inhabitants per square km)", "slug": "2017-AD-Population-Density-inhabitants-per-square-km", "dataset": "8f92a786-0b80-4746-8d14-85a70898d4ba", "description": "Historical population density estimates in units of inhabitants per square kilometer for the year 2017 AD from the HYDE 3.2 data set. The model used current administrative boundaries (current counties, countries, etc.) to show how human population and land use have transformed the earth.", "application": ["rw"], "iso": [], "provider": "gee", "userId": "5ba001878e311b7e3718740f", "default": false, "protected": false, "published": true, "env": "production", "layerConfig": {"timeline": true, "order": 2017, "timelineLabel": "2017", "body": {"sldValue": "<RasterSymbolizer> <ChannelSelection>   <GrayChannel>   <SourceChannelName>popd</SourceChannelName> </GrayChannel> </ChannelSelection> <ColorMap type=\"intervals\" extended=\"false\" > '<ColorMapEntry color=\"#0088F9\" quantity=\"0\" opacity=\"0\"/>'+'<ColorMapEntry color=\"#0088F9\" quantity=\"10\" opacity=\"1\"/>'+'<ColorMapEntry color=\"#28FFFD\" quantity=\"25\"/>'+   '<ColorMapEntry color=\"#01EAA9\" quantity=\"50\" />'+ '<ColorMapEntry color=\"#22FB23\" quantity=\"100\" />'+   '<ColorMapEntry color=\"#ABF602\" quantity=\"250\" />'+   '<ColorMapEntry color=\"#FEF923\" quantity=\"500\" />'+ '<ColorMapEntry color=\"#FD912A\" quantity=\"1000\" />'+ '<ColorMapEntry color=\"#FB272A\" quantity=\"300000000000\"/>'+  </ColorMap></RasterSymbolizer>", "styleType": "sld"}, "isImageCollection": false, "assetId": "users/resourcewatchlandcover/HYDE/Baseline/Population/Pop_2017AD", "type": "gee"}, "legendConfig": {"items": [{"color": "#0088F9", "name": "\u226410", "id": 0}, {"color": "#28FFFD", "name": "\u226425", "id": 1}, {"color": "#01EAA9", "name": "\u226450", "id": 2}, {"color": "#22FB23", "name": "\u2264100", "id": 3}, {"color": "#ABF602", "name": "\u2264250", "id": 4}, {"color": "#FEF923", "name": "\u2264500", "id": 5}, {"color": "#FD912A", "name": "\u22641000", "id": 6}, {"color": "#FB272A", "name": ">1000", "id": 7}], "type": "choropleth"}, "interactionConfig": {}, "applicationConfig": {}, "staticImageConfig": {}, "createdAt": "2019-10-09T18:45:17.468Z", "updatedAt": "2019-10-09T18:45:17.468Z"}}, {"id": "57ae5eff-7dac-494f-9d40-5e8630966f48", "type": "layer", "attributes": {"name": "2000 AD Population Density (inhabitants per square km)", "slug": "2000-AD-Population-Density-inhabitants-per-square-km_1", "dataset": "8f92a786-0b80-4746-8d14-85a70898d4ba", "description": "Historical population density estimates in units of inhabitants per square kilometer for the year 2000 AD from the HYDE 3.2 data set. The model used current administrative boundaries (current counties, countries, etc.) to show how human population and land use have transformed the earth.", "application": ["rw"], "iso": [], "provider": "gee", "userId": "5ba001878e311b7e3718740f", "default": false, "protected": false, "published": true, "env": "production", "layerConfig": {"timeline": true, "order": 2000, "timelineLabel": "2000", "body": {"sldValue": "<RasterSymbolizer> <ChannelSelection>   <GrayChannel>   <SourceChannelName>popd</SourceChannelName> </GrayChannel> </ChannelSelection> <ColorMap type=\"intervals\" extended=\"false\" > '<ColorMapEntry color=\"#0088F9\" quantity=\"0\" opacity=\"0\"/>'+'<ColorMapEntry color=\"#0088F9\" quantity=\"10\" opacity=\"1\"/>'+'<ColorMapEntry color=\"#28FFFD\" quantity=\"25\"/>'+   '<ColorMapEntry color=\"#01EAA9\" quantity=\"50\" />'+ '<ColorMapEntry color=\"#22FB23\" quantity=\"100\" />'+   '<ColorMapEntry color=\"#ABF602\" quantity=\"250\" />'+   '<ColorMapEntry color=\"#FEF923\" quantity=\"500\" />'+ '<ColorMapEntry color=\"#FD912A\" quantity=\"1000\" />'+ '<ColorMapEntry color=\"#FB272A\" quantity=\"300000000000\"/>'+  </ColorMap></RasterSymbolizer>", "styleType": "sld"}, "isImageCollection": false, "assetId": "users/resourcewatchlandcover/HYDE/Baseline/Population/Pop_2000AD", "type": "gee"}, "legendConfig": {"items": [{"color": "#0088F9", "name": "\u226410", "id": 0}, {"color": "#28FFFD", "name": "\u226425", "id": 1}, {"color": "#01EAA9", "name": "\u226450", "id": 2}, {"color": "#22FB23", "name": "\u2264100", "id": 3}, {"color": "#ABF602", "name": "\u2264250", "id": 4}, {"color": "#FEF923", "name": "\u2264500", "id": 5}, {"color": "#FD912A", "name": "\u22641000", "id": 6}, {"color": "#FB272A", "name": ">1000", "id": 7}], "type": "choropleth"}, "interactionConfig": {}, "applicationConfig": {}, "staticImageConfig": {}, "createdAt": "2019-10-09T18:46:01.969Z", "updatedAt": "2019-10-09T18:46:01.969Z"}}, {"id": "165997b5-2434-4093-a622-6761d850af23", "type": "layer", "attributes": {"name": "1900 AD Population Density (inhabitants per square km)", "slug": "1900-AD-Population-Density-inhabitants-per-square-km_1", "dataset": "8f92a786-0b80-4746-8d14-85a70898d4ba", "description": "Historical population density estimates in units of inhabitants per square kilometer for the year 1900 AD from the HYDE 3.2 data set. The model used current administrative boundaries (current counties, countries, etc.) to show how human population and land use have transformed the earth.", "application": ["rw"], "iso": [], "provider": "gee", "userId": "5ba001878e311b7e3718740f", "default": false, "protected": false, "published": true, "env": "production", "layerConfig": {"timeline": true, "order": 1900, "timelineLabel": "1900", "body": {"sldValue": "<RasterSymbolizer> <ChannelSelection>   <GrayChannel>   <SourceChannelName>popd</SourceChannelName> </GrayChannel> </ChannelSelection> <ColorMap type=\"intervals\" extended=\"false\" > '<ColorMapEntry color=\"#0088F9\" quantity=\"0\" opacity=\"0\"/>'+'<ColorMapEntry color=\"#0088F9\" quantity=\"10\" opacity=\"1\"/>'+'<ColorMapEntry color=\"#28FFFD\" quantity=\"25\"/>'+   '<ColorMapEntry color=\"#01EAA9\" quantity=\"50\" />'+ '<ColorMapEntry color=\"#22FB23\" quantity=\"100\" />'+   '<ColorMapEntry color=\"#ABF602\" quantity=\"250\" />'+   '<ColorMapEntry color=\"#FEF923\" quantity=\"500\" />'+ '<ColorMapEntry color=\"#FD912A\" quantity=\"1000\" />'+ '<ColorMapEntry color=\"#FB272A\" quantity=\"300000000000\"/>'+  </ColorMap></RasterSymbolizer>", "styleType": "sld"}, "isImageCollection": false, "assetId": "users/resourcewatchlandcover/HYDE/Baseline/Population/Pop_1900AD", "type": "gee"}, "legendConfig": {"items": [{"color": "#0088F9", "name": "\u226410", "id": 0}, {"color": "#28FFFD", "name": "\u226425", "id": 1}, {"color": "#01EAA9", "name": "\u226450", "id": 2}, {"color": "#22FB23", "name": "\u2264100", "id": 3}, {"color": "#ABF602", "name": "\u2264250", "id": 4}, {"color": "#FEF923", "name": "\u2264500", "id": 5}, {"color": "#FD912A", "name": "\u22641000", "id": 6}, {"color": "#FB272A", "name": ">1000", "id": 7}], "type": "choropleth"}, "interactionConfig": {}, "applicationConfig": {}, "staticImageConfig": {}, "createdAt": "2019-10-09T18:46:40.641Z", "updatedAt": "2019-10-09T18:46:40.641Z"}}, {"id": "676d1f1d-c731-427d-bde2-39b059748455", "type": "layer", "attributes": {"name": "1700 AD Population Density (inhabitants per square km)", "slug": "1700-AD-Population-Density-inhabitants-per-square-km", "dataset": "8f92a786-0b80-4746-8d14-85a70898d4ba", "description": "Historical population density estimates in units of inhabitants per square kilometer for the year 1700 AD from the HYDE 3.2 data set. The model used current administrative boundaries (current counties, countries, etc.) to show how human population and land use have transformed the earth.", "application": ["rw"], "iso": [], "provider": "gee", "userId": "5ba001878e311b7e3718740f", "default": false, "protected": false, "published": true, "env": "production", "layerConfig": {"timeline": true, "order": 1700, "timelineLabel": "1700", "body": {"sldValue": "<RasterSymbolizer> <ChannelSelection>   <GrayChannel>   <SourceChannelName>popd</SourceChannelName> </GrayChannel> </ChannelSelection> <ColorMap type=\"intervals\" extended=\"false\" > '<ColorMapEntry color=\"#0088F9\" quantity=\"0\" opacity=\"0\"/>'+'<ColorMapEntry color=\"#0088F9\" quantity=\"10\" opacity=\"1\"/>'+'<ColorMapEntry color=\"#28FFFD\" quantity=\"25\"/>'+   '<ColorMapEntry color=\"#01EAA9\" quantity=\"50\" />'+ '<ColorMapEntry color=\"#22FB23\" quantity=\"100\" />'+   '<ColorMapEntry color=\"#ABF602\" quantity=\"250\" />'+   '<ColorMapEntry color=\"#FEF923\" quantity=\"500\" />'+ '<ColorMapEntry color=\"#FD912A\" quantity=\"1000\" />'+ '<ColorMapEntry color=\"#FB272A\" quantity=\"300000000000\"/>'+  </ColorMap></RasterSymbolizer>", "styleType": "sld"}, "isImageCollection": false, "assetId": "users/resourcewatchlandcover/HYDE/Baseline/Population/Pop_1700AD", "type": "gee"}, "legendConfig": {"items": [{"color": "#0088F9", "name": "\u226410", "id": 0}, {"color": "#28FFFD", "name": "\u226425", "id": 1}, {"color": "#01EAA9", "name": "\u226450", "id": 2}, {"color": "#22FB23", "name": "\u2264100", "id": 3}, {"color": "#ABF602", "name": "\u2264250", "id": 4}, {"color": "#FEF923", "name": "\u2264500", "id": 5}, {"color": "#FD912A", "name": "\u22641000", "id": 6}, {"color": "#FB272A", "name": ">1000", "id": 7}], "type": "choropleth"}, "interactionConfig": {}, "applicationConfig": {}, "staticImageConfig": {}, "createdAt": "2019-10-09T18:47:24.382Z", "updatedAt": "2019-10-09T18:47:24.382Z"}}, {"id": "bca5bd1a-108c-4516-ac1e-e71adb042b1a", "type": "layer", "attributes": {"name": "1600 AD Population Density (inhabitants per square km)", "slug": "1600-AD-Population-Density-inhabitants-per-square-km_2", "dataset": "8f92a786-0b80-4746-8d14-85a70898d4ba", "description": "Historical population density estimates in units of inhabitants per square kilometer for the year 1600 AD from the HYDE 3.2 data set. The model used current administrative boundaries (current counties, countries, etc.) to show how human population and land use have transformed the earth.", "application": ["rw"], "iso": [], "provider": "gee", "userId": "5ba001878e311b7e3718740f", "default": false, "protected": false, "published": true, "env": "production", "layerConfig": {"timeline": true, "order": 1600, "timelineLabel": "1600", "body": {"sldValue": "<RasterSymbolizer> <ChannelSelection>   <GrayChannel>   <SourceChannelName>popd</SourceChannelName> </GrayChannel> </ChannelSelection> <ColorMap type=\"intervals\" extended=\"false\" > '<ColorMapEntry color=\"#0088F9\" quantity=\"0\" opacity=\"0\"/>'+'<ColorMapEntry color=\"#0088F9\" quantity=\"10\" opacity=\"1\"/>'+'<ColorMapEntry color=\"#28FFFD\" quantity=\"25\"/>'+   '<ColorMapEntry color=\"#01EAA9\" quantity=\"50\" />'+ '<ColorMapEntry color=\"#22FB23\" quantity=\"100\" />'+   '<ColorMapEntry color=\"#ABF602\" quantity=\"250\" />'+   '<ColorMapEntry color=\"#FEF923\" quantity=\"500\" />'+ '<ColorMapEntry color=\"#FD912A\" quantity=\"1000\" />'+ '<ColorMapEntry color=\"#FB272A\" quantity=\"300000000000\"/>'+  </ColorMap></RasterSymbolizer>", "styleType": "sld"}, "isImageCollection": false, "assetId": "users/resourcewatchlandcover/HYDE/Baseline/Population/Pop_1600AD", "type": "gee"}, "legendConfig": {"items": [{"color": "#0088F9", "name": "\u226410", "id": 0}, {"color": "#28FFFD", "name": "\u226425", "id": 1}, {"color": "#01EAA9", "name": "\u226450", "id": 2}, {"color": "#22FB23", "name": "\u2264100", "id": 3}, {"color": "#ABF602", "name": "\u2264250", "id": 4}, {"color": "#FEF923", "name": "\u2264500", "id": 5}, {"color": "#FD912A", "name": "\u22641000", "id": 6}, {"color": "#FB272A", "name": ">1000", "id": 7}], "type": "choropleth"}, "interactionConfig": {}, "applicationConfig": {}, "staticImageConfig": {}, "createdAt": "2019-10-09T18:49:51.332Z", "updatedAt": "2019-10-09T18:49:51.332Z"}}, {"id": "f43d2412-87f6-4f44-aec8-adb5ee2f76d9", "type": "layer", "attributes": {"name": "1400 AD Population Density (inhabitants per square km)", "slug": "1400-AD-Population-Density-inhabitants-per-square-km_2", "dataset": "8f92a786-0b80-4746-8d14-85a70898d4ba", "description": "Historical population density estimates in units of inhabitants per square kilometer for the year 1400 AD from the HYDE 3.2 data set. The model used current administrative boundaries (current counties, countries, etc.) to show how human population and land use have transformed the earth.", "application": ["rw"], "iso": [], "provider": "gee", "userId": "5ba001878e311b7e3718740f", "default": false, "protected": false, "published": true, "env": "production", "layerConfig": {"timeline": true, "order": 1400, "timelineLabel": "1400", "body": {"sldValue": "<RasterSymbolizer> <ChannelSelection>   <GrayChannel>   <SourceChannelName>popd</SourceChannelName> </GrayChannel> </ChannelSelection> <ColorMap type=\"intervals\" extended=\"false\" > '<ColorMapEntry color=\"#0088F9\" quantity=\"0\" opacity=\"0\"/>'+'<ColorMapEntry color=\"#0088F9\" quantity=\"10\" opacity=\"1\"/>'+'<ColorMapEntry color=\"#28FFFD\" quantity=\"25\"/>'+   '<ColorMapEntry color=\"#01EAA9\" quantity=\"50\" />'+ '<ColorMapEntry color=\"#22FB23\" quantity=\"100\" />'+   '<ColorMapEntry color=\"#ABF602\" quantity=\"250\" />'+   '<ColorMapEntry color=\"#FEF923\" quantity=\"500\" />'+ '<ColorMapEntry color=\"#FD912A\" quantity=\"1000\" />'+ '<ColorMapEntry color=\"#FB272A\" quantity=\"300000000000\"/>'+  </ColorMap></RasterSymbolizer>", "styleType": "sld"}, "isImageCollection": false, "assetId": "users/resourcewatchlandcover/HYDE/Baseline/Population/Pop_1400AD", "type": "gee"}, "legendConfig": {"items": [{"color": "#0088F9", "name": "\u226410", "id": 0}, {"color": "#28FFFD", "name": "\u226425", "id": 1}, {"color": "#01EAA9", "name": "\u226450", "id": 2}, {"color": "#22FB23", "name": "\u2264100", "id": 3}, {"color": "#ABF602", "name": "\u2264250", "id": 4}, {"color": "#FEF923", "name": "\u2264500", "id": 5}, {"color": "#FD912A", "name": "\u22641000", "id": 6}, {"color": "#FB272A", "name": ">1000", "id": 7}], "type": "choropleth"}, "interactionConfig": {}, "applicationConfig": {}, "staticImageConfig": {}, "createdAt": "2019-10-09T18:50:31.878Z", "updatedAt": "2019-10-09T18:50:31.878Z"}}, {"id": "82674187-7bd7-445e-8464-35138a82f253", "type": "layer", "attributes": {"name": "1200 AD Population Density (inhabitants per square km)", "slug": "1200-AD-Population-Density-inhabitants-per-square-km_1", "dataset": "8f92a786-0b80-4746-8d14-85a70898d4ba", "description": "Historical population density estimates in units of inhabitants per square kilometer for the year 1200 AD from the HYDE 3.2 data set. The model used current administrative boundaries (current counties, countries, etc.) to show how human population and land use have transformed the earth.", "application": ["rw"], "iso": [], "provider": "gee", "userId": "5ba001878e311b7e3718740f", "default": false, "protected": false, "published": true, "env": "production", "layerConfig": {"timeline": true, "order": 1200, "timelineLabel": "1200", "body": {"sldValue": "<RasterSymbolizer> <ChannelSelection>   <GrayChannel>   <SourceChannelName>popd</SourceChannelName> </GrayChannel> </ChannelSelection> <ColorMap type=\"intervals\" extended=\"false\" > '<ColorMapEntry color=\"#0088F9\" quantity=\"0\" opacity=\"0\"/>'+'<ColorMapEntry color=\"#0088F9\" quantity=\"10\" opacity=\"1\"/>'+'<ColorMapEntry color=\"#28FFFD\" quantity=\"25\"/>'+   '<ColorMapEntry color=\"#01EAA9\" quantity=\"50\" />'+ '<ColorMapEntry color=\"#22FB23\" quantity=\"100\" />'+   '<ColorMapEntry color=\"#ABF602\" quantity=\"250\" />'+   '<ColorMapEntry color=\"#FEF923\" quantity=\"500\" />'+ '<ColorMapEntry color=\"#FD912A\" quantity=\"1000\" />'+ '<ColorMapEntry color=\"#FB272A\" quantity=\"300000000000\"/>'+  </ColorMap></RasterSymbolizer>", "styleType": "sld"}, "isImageCollection": false, "assetId": "users/resourcewatchlandcover/HYDE/Baseline/Population/Pop_1200AD", "type": "gee"}, "legendConfig": {"items": [{"color": "#0088F9", "name": "\u226410", "id": 0}, {"color": "#28FFFD", "name": "\u226425", "id": 1}, {"color": "#01EAA9", "name": "\u226450", "id": 2}, {"color": "#22FB23", "name": "\u2264100", "id": 3}, {"color": "#ABF602", "name": "\u2264250", "id": 4}, {"color": "#FEF923", "name": "\u2264500", "id": 5}, {"color": "#FD912A", "name": "\u22641000", "id": 6}, {"color": "#FB272A", "name": ">1000", "id": 7}], "type": "choropleth"}, "interactionConfig": {"items": [{"color": "#0088F9", "name": "\u226410", "id": 0}, {"color": "#28FFFD", "name": "\u226425", "id": 1}, {"color": "#01EAA9", "name": "\u226450", "id": 2}, {"color": "#22FB23", "name": "\u2264100", "id": 3}, {"color": "#ABF602", "name": "\u2264250", "id": 4}, {"color": "#FEF923", "name": "\u2264500", "id": 5}, {"color": "#FD912A", "name": "\u22641000", "id": 6}, {"color": "#FB272A", "name": ">1000", "id": 7}], "type": "choropleth"}, "applicationConfig": {}, "staticImageConfig": {}, "createdAt": "2019-10-09T18:51:14.501Z", "updatedAt": "2020-01-27T22:40:04.991Z"}}, {"id": "e246221c-883f-4ae8-891e-fa77550f9b2d", "type": "layer", "attributes": {"name": "1000 AD Population Density (inhabitants per square km)", "slug": "1000-AD-Population-Density-inhabitants-per-square-km_1", "dataset": "8f92a786-0b80-4746-8d14-85a70898d4ba", "description": "Historical population density estimates in units of inhabitants per square kilometer for the year 1000 AD from the HYDE 3.2 data set. The model used current administrative boundaries (current counties, countries, etc.) to show how human population and land use have transformed the earth.", "application": ["rw"], "iso": [], "provider": "gee", "userId": "5ba001878e311b7e3718740f", "default": false, "protected": false, "published": true, "env": "production", "layerConfig": {"type": "gee", "assetId": "users/resourcewatchlandcover/HYDE/Baseline/Population/Pop_1000AD", "isImageCollection": false, "body": {"styleType": "sld", "sldValue": "<RasterSymbolizer> <ChannelSelection>   <GrayChannel>   <SourceChannelName>popd</SourceChannelName> </GrayChannel> </ChannelSelection> <ColorMap type=\"intervals\" extended=\"false\" > '<ColorMapEntry color=\"#0088F9\" quantity=\"0\" opacity=\"0\"/>'+'<ColorMapEntry color=\"#0088F9\" quantity=\"10\" opacity=\"1\"/>'+'<ColorMapEntry color=\"#28FFFD\" quantity=\"25\"/>'+   '<ColorMapEntry color=\"#01EAA9\" quantity=\"50\" />'+ '<ColorMapEntry color=\"#22FB23\" quantity=\"100\" />'+   '<ColorMapEntry color=\"#ABF602\" quantity=\"250\" />'+   '<ColorMapEntry color=\"#FEF923\" quantity=\"500\" />'+ '<ColorMapEntry color=\"#FD912A\" quantity=\"1000\" />'+ '<ColorMapEntry color=\"#FB272A\" quantity=\"300000000000\"/>'+  </ColorMap></RasterSymbolizer>"}, "timelineLabel": "1000", "order": 1000, "timeline": true}, "legendConfig": {"type": "choropleth", "items": [{"name": "\u226410", "color": "#0088F9", "id": 0}, {"name": "\u226425", "color": "#28FFFD", "id": 1}, {"name": "\u226450", "color": "#01EAA9", "id": 2}, {"name": "\u2264100", "color": "#22FB23", "id": 3}, {"name": "\u2264250", "color": "#ABF602", "id": 4}, {"name": "\u2264500", "color": "#FEF923", "id": 5}, {"name": "\u22641000", "color": "#FD912A", "id": 6}, {"name": ">1000", "color": "#FB272A", "id": 7}]}, "interactionConfig": {"type": "choropleth", "items": [{"name": "\u226410", "color": "#0088F9", "id": 0}, {"name": "\u226425", "color": "#28FFFD", "id": 1}, {"name": "\u226450", "color": "#01EAA9", "id": 2}, {"name": "\u2264100", "color": "#22FB23", "id": 3}, {"name": "\u2264250", "color": "#ABF602", "id": 4}, {"name": "\u2264500", "color": "#FEF923", "id": 5}, {"name": "\u22641000", "color": "#FD912A", "id": 6}, {"name": ">1000", "color": "#FB272A", "id": 7}]}, "applicationConfig": {}, "staticImageConfig": {}, "createdAt": "2019-10-09T18:51:55.988Z", "updatedAt": "2019-10-09T19:00:12.271Z"}}, {"id": "1377668a-c690-4c66-a9ab-13654aea6706", "type": "layer", "attributes": {"name": "200 AD Population Density (inhabitants per square km)", "slug": "200-AD-Population-Density-inhabitants-per-square-km_1", "dataset": "8f92a786-0b80-4746-8d14-85a70898d4ba", "description": "Historical population density estimates in units of inhabitants per square kilometer for the year 200 AD from the HYDE 3.2 data set. The model used current administrative boundaries (current counties, countries, etc.) to show how human population and land use have transformed the earth.", "application": ["rw"], "iso": [], "provider": "gee", "userId": "5ba001878e311b7e3718740f", "default": false, "protected": false, "published": true, "env": "production", "layerConfig": {"type": "gee", "assetId": "users/resourcewatchlandcover/HYDE/Baseline/Population/Pop_200AD", "isImageCollection": false, "body": {"styleType": "sld", "sldValue": "<RasterSymbolizer> <ChannelSelection>   <GrayChannel>   <SourceChannelName>popd</SourceChannelName> </GrayChannel> </ChannelSelection> <ColorMap type=\"intervals\" extended=\"false\" > '<ColorMapEntry color=\"#0088F9\" quantity=\"0\" opacity=\"0\"/>'+'<ColorMapEntry color=\"#0088F9\" quantity=\"10\" opacity=\"1\"/>'+'<ColorMapEntry color=\"#28FFFD\" quantity=\"25\"/>'+   '<ColorMapEntry color=\"#01EAA9\" quantity=\"50\" />'+ '<ColorMapEntry color=\"#22FB23\" quantity=\"100\" />'+   '<ColorMapEntry color=\"#ABF602\" quantity=\"250\" />'+   '<ColorMapEntry color=\"#FEF923\" quantity=\"500\" />'+ '<ColorMapEntry color=\"#FD912A\" quantity=\"1000\" />'+ '<ColorMapEntry color=\"#FB272A\" quantity=\"300000000000\"/>'+  </ColorMap></RasterSymbolizer>"}, "timelineLabel": "200", "order": 200, "timeline": true}, "legendConfig": {"type": "choropleth", "items": [{"name": "\u226410", "color": "#0088F9", "id": 0}, {"name": "\u226425", "color": "#28FFFD", "id": 1}, {"name": "\u226450", "color": "#01EAA9", "id": 2}, {"name": "\u2264100", "color": "#22FB23", "id": 3}, {"name": "\u2264250", "color": "#ABF602", "id": 4}, {"name": "\u2264500", "color": "#FEF923", "id": 5}, {"name": "\u22641000", "color": "#FD912A", "id": 6}, {"name": ">1000", "color": "#FB272A", "id": 7}]}, "interactionConfig": {}, "applicationConfig": {}, "staticImageConfig": {}, "createdAt": "2019-10-09T18:52:31.473Z", "updatedAt": "2019-10-09T18:52:31.473Z"}}, {"id": "5d2236cd-fcd7-400b-9c9c-06f87e97733e", "type": "layer", "attributes": {"name": "0 AD Population Density (inhabitants per square km)", "slug": "0-AD-Population-Density-inhabitants-per-square-km_1", "dataset": "8f92a786-0b80-4746-8d14-85a70898d4ba", "description": "Historical population density estimates in units of inhabitants per square kilometer for the year 0 AD from the HYDE 3.2 data set. The model used current administrative boundaries (current counties, countries, etc.) to show how human population and land use have transformed the earth.", "application": ["rw"], "iso": [], "provider": "gee", "userId": "5ba001878e311b7e3718740f", "default": true, "protected": false, "published": true, "env": "production", "layerConfig": {"timeline": true, "order": 0, "timelineLabel": "0", "body": {"sldValue": "<RasterSymbolizer> <ChannelSelection>   <GrayChannel>   <SourceChannelName>popd</SourceChannelName> </GrayChannel> </ChannelSelection> <ColorMap type=\"intervals\" extended=\"false\" > '<ColorMapEntry color=\"#0088F9\" quantity=\"0\" opacity=\"0\"/>'+'<ColorMapEntry color=\"#0088F9\" quantity=\"10\" opacity=\"1\"/>'+'<ColorMapEntry color=\"#28FFFD\" quantity=\"25\"/>'+   '<ColorMapEntry color=\"#01EAA9\" quantity=\"50\" />'+ '<ColorMapEntry color=\"#22FB23\" quantity=\"100\" />'+   '<ColorMapEntry color=\"#ABF602\" quantity=\"250\" />'+   '<ColorMapEntry color=\"#FEF923\" quantity=\"500\" />'+ '<ColorMapEntry color=\"#FD912A\" quantity=\"1000\" />'+ '<ColorMapEntry color=\"#FB272A\" quantity=\"300000000000\"/>'+  </ColorMap></RasterSymbolizer>", "styleType": "sld"}, "isImageCollection": false, "assetId": "users/resourcewatchlandcover/HYDE/Baseline/Population/Pop_0AD", "type": "gee"}, "legendConfig": {"items": [{"color": "#0088F9", "name": "\u226410", "id": 0}, {"color": "#28FFFD", "name": "\u226425", "id": 1}, {"color": "#01EAA9", "name": "\u226450", "id": 2}, {"color": "#22FB23", "name": "\u2264100", "id": 3}, {"color": "#ABF602", "name": "\u2264250", "id": 4}, {"color": "#FEF923", "name": "\u2264500", "id": 5}, {"color": "#FD912A", "name": "\u22641000", "id": 6}, {"color": "#FB272A", "name": ">1000", "id": 7}], "type": "choropleth"}, "interactionConfig": {}, "applicationConfig": {}, "staticImageConfig": {}, "createdAt": "2019-10-09T18:53:10.064Z", "updatedAt": "2019-10-09T18:53:10.064Z"}}], "vocabulary": [{"type": "vocabulary", "attributes": {"resource": {"id": "8f92a786-0b80-4746-8d14-85a70898d4ba", "type": "dataset"}, "tags": ["historical", "global", "population", "human_activity", "geospatial", "society"], "name": "knowledge_graph", "application": "rw"}}], "widgetRelevantProps": [], "layerRelevantProps": []}}