{"id": "91c74fed-812c-4c22-bd91-7aaaf3f8c38d", "type": "dataset", "server": "https://api.resourcewatch.org", "attributes": {"name": "foo.055 Gridded Livestock [Archived]", "slug": "foo055-Gridded-Livestock", "type": "raster", "subtitle": "", "application": ["rw"], "dataPath": "", "attributesPath": null, "connectorType": "rest", "provider": "gee", "userId": "5b4e17b103d4e76dbb3c673c", "connectorUrl": "", "sources": [], "tableName": "users/resourcewatch/foo_055_gridded_livestock_cattle", "status": "saved", "published": false, "overwrite": false, "verified": false, "blockchain": {}, "subscribable": {}, "mainDateField": "", "env": "production", "geoInfo": true, "protected": false, "legend": {"date": [], "region": [], "country": [], "nested": [], "integer": [], "short": [], "byte": [], "double": [], "float": [], "half_float": [], "scaled_float": [], "boolean": [], "binary": [], "text": [], "keyword": []}, "clonedHost": {}, "errorMessage": "", "taskId": null, "createdAt": "2019-09-04T19:16:05.502Z", "updatedAt": "2019-09-04T19:16:05.504Z", "dataLastUpdated": null, "metadata": [{"id": "5b9ad8a086c48f00102d0a07", "type": "metadata", "attributes": {"dataset": "91c74fed-812c-4c22-bd91-7aaaf3f8c38d", "application": "rw", "resource": {"id": "91c74fed-812c-4c22-bd91-7aaaf3f8c38d", "type": "dataset"}, "language": "en", "name": "[Archived] Gridded Livestock", "description": "_**This dataset has been archived, and we will no longer be updating or maintaining it. We recommend using [this dataset](6b523d76-ca2d-4059-b0a6-d90a6b8ba5a6) as a replacement.**_\n  \nThe GLW is a global livestock mapping project by the Food and Agriculture Organization's Animal Production and Health Division (FAO-AGA). The data shows livestock distributions for the year 2006 at a 0.05\u00b0 resolution.The methodology and sources of data are fully described in a document entitled: \"The Gridded Livestock of the World. FAO (2007)\". In summary, for each country the most recent available sub-national livestock census data and corresponding administrative boundaries have been collected. These are then converted into densities, excluding land unsuitable for livestock (either monogastric or ruminant), to provide the 'observed' data. The data are then disaggregated based on statistical relations with some environmental variables in similar agro-ecological zones to produce the 'predicted' distribution. The predicted data are further manipulated to match national census totals for the year 2000 according to the FAOSTAT database. The project also includes: a global network of data providers on livestock and sub-national boundaries; an Oracle database in which these data are managed and processed; a system for predicting livestock distributions based on environmental data and an interactive web application, the Global Livestock Production and Health Atlas (GLiPHA), through which data are viewed and disseminated. The files are in a raster GRID format. Pixel values represent actual densities (per square kilometre). These data have been produced by FAO's Animal Production and Health Division in collaboration with ERGO and the TALA research group, University of Oxford, UK.", "source": "FAO/Oxford", "info": {"rwId": "foo.055 [Archived]", "data_type": "Raster", "name": "[Archived] Gridded Livestock", "sources": [{"source-name": "Food and Agriculture Organization (FAO)", "id": 0, "source-description": ""}, {"source-name": "University of Oxford (Oxford)", "id": 1, "source-description": ""}], "technical_title": "Gridded Livestock of the World (GLW)", "functions": "Distribution of cattle, chicken, ducks, pigs, sheep and goats for the year 2006", "cautions": "The accuracy of the predictions varied significantly according to species and the level of detail in the input training data, and were comparable to those found by Van Boeckel et al. (2011) in Asia, Van Boeckel et al. (2012) in Thailand, and Prosser et al. (2011) in Asia. The administrative level of the training data had a strong influence on model accuracy; with greater accuracy observed with higher administrative levels of training data for both cattle in Brazil and chickens in Thailand. Accuracy also varies in areas where production is highly intensive. As production intensifies it becomes increasingly detached from the land resource base (for example as feeds are brought in that are grown in completely different places) and thus more difficult to predict based on spatial, agro-ecological variables. This effect is particularly marked for chickens and pigs, where the locations of intensive farming units often have more to do with accessibility to markets or to inputs of one sort or another, than to the agro-ecological characteristics of the land that can be quantified through remotely sensed variables. With general trends toward intensified production, the modelling could be improved in the future by incorporating a wider set of anthropogenic, socio-economic and perhaps demand- or trade-related predictor variables.", "citation": "Robinson TP, Wint GRW, Conchedda G, Van Boeckel TP, Ercoli V, Palamara E, et al. (2014) Mapping the Global Distribution of Livestock. PLoS ONE 9(5): e96084. https://doi.org/10.1371/journal.pone.0096084 Accessed through Resource Watch, (date). [www.resourcewatch.org](www.resourcewatch.org).", "license": "Attribution Required", "license_link": "https://livestock.geo-wiki.org/disclaimer/", "geographic_coverage": "Global", "spatial_resolution": "30 arc minute", "date_of_content": "2006", "frequency_of_updates": null, "learn_more_link": "http://www.fao.org/ag/againfo/resources/en/glw/home.html", "data_download_link": null, "data_download_original_link": "https://livestock.geo-wiki.org/home-2/"}, "createdAt": "2018-09-13T21:37:36.790Z", "updatedAt": "2020-02-04T19:46:22.264Z", "status": "published"}}], "widget": [{"id": "d7a4c989-03bd-449d-9f72-4de976b3db21", "type": "widget", "attributes": {"name": "2006 Cattle Density (cattle/km^2)", "dataset": "91c74fed-812c-4c22-bd91-7aaaf3f8c38d", "slug": "2006-Cattle-Density-cattlekm2", "userId": "5980838ae24e6a1dae3dd446", "description": "", "source": "", "authors": "", "application": ["rw"], "verified": false, "default": false, "protected": false, "defaultEditableWidget": true, "published": true, "freeze": false, "env": "production", "queryUrl": "", "widgetConfig": {"config": null, "paramsConfig": {"layer": "0c1161a1-0bce-4d53-b2c6-22c79404b9fe", "band": null, "areaIntersection": null, "filters": [], "chartType": null, "aggregateFunction": null, "orderBy": null, "size": null, "color": null, "category": null, "value": null, "limit": 50, "visualizationType": "map"}, "basemapLayers": {"boundaries": false, "labels": null, "basemap": "dark"}, "bbox": [-61.34765625000001, -49.49667452747044, 61.34765625000001, 49.49667452747045], "lng": 0, "lat": 0, "zoom": 3, "layer_id": "0c1161a1-0bce-4d53-b2c6-22c79404b9fe", "type": "map"}, "template": false, "createdAt": "2018-09-18T22:35:24.952Z", "updatedAt": "2018-09-18T22:35:24.952Z"}}], "layer": [{"id": "0c1161a1-0bce-4d53-b2c6-22c79404b9fe", "type": "layer", "attributes": {"name": "2006 Cattle Density (cattle/km^2)", "slug": "Cattle", "dataset": "91c74fed-812c-4c22-bd91-7aaaf3f8c38d", "description": "Distribution of cattle per square kilometer for the year 2006.", "application": ["rw"], "iso": [], "provider": "gee", "userId": "5b4e17b103d4e76dbb3c673c", "default": true, "protected": false, "published": true, "env": "production", "layerConfig": {"type": "gee", "assetId": "users/resourcewatch/foo_055_gridded_livestock_cattle", "isImageCollection": false, "body": {"styleType": "sld", "sldValue": "<RasterSymbolizer> <ColorMap type=\"ramp\" extended=\"false\" > '<ColorMapEntry color=\"#FFFFE5\" quantity=\"0\" opacity=\"0\" />'+'<ColorMapEntry color=\"#FFFFE5\" quantity=\"1\" opacity=\"1\" />'+   '<ColorMapEntry color=\"#FFF7BC\" quantity=\"5\" />'+ '<ColorMapEntry color=\"#FEE391\" quantity=\"10\" />'+   '<ColorMapEntry color=\"#FEC44F\" quantity=\"20\" />'+   '<ColorMapEntry color=\"#FE9929\" quantity=\"50\" />'+    '<ColorMapEntry color=\"#EC7014\" quantity=\"100\" />'+  '<ColorMapEntry color=\"#CC4C02\" quantity=\"250\"/>'+ '<ColorMapEntry color=\"#8C2D04\" quantity=\"3000000\" />'+  </ColorMap></RasterSymbolizer>"}}, "legendConfig": {"items": [{"color": "#FFFFE5", "name": "\u22641"}, {"color": "#FFF7BC", "name": "\u22645"}, {"color": "#FEE391", "name": "\u226410"}, {"color": "#FEC44F", "name": "\u226420"}, {"color": "#FE9929", "name": "\u226450"}, {"color": "#EC7014", "name": "\u2264100"}, {"color": "#CC4C02", "name": "\u2264250"}, {"color": "#8C2D04", "name": ">250"}], "type": "choropleth"}, "interactionConfig": {"output": []}, "applicationConfig": {}, "staticImageConfig": {}, "createdAt": "2020-02-06T15:29:05.643Z", "updatedAt": "2018-09-18T21:48:44.457Z"}}, {"id": "d8b481ea-bb4d-4847-9b27-2d4e43484732", "type": "layer", "attributes": {"name": "2006 Goat Density (goats/km^2)", "slug": "Goats", "dataset": "91c74fed-812c-4c22-bd91-7aaaf3f8c38d", "description": "Distribution of goats per square kilometer for the year 2006.", "application": ["rw"], "iso": [], "provider": "gee", "userId": "5b4e17b103d4e76dbb3c673c", "default": false, "protected": false, "published": true, "env": "production", "layerConfig": {"type": "gee", "assetId": "users/resourcewatch/foo_055_gridded_livestock_goats", "isImageCollection": false, "body": {"styleType": "sld", "sldValue": "<RasterSymbolizer> <ColorMap type=\"ramp\" extended=\"false\" > '<ColorMapEntry color=\"#fff7fb\" quantity=\"0\" opacity=\"0\"/>'+   '<ColorMapEntry color=\"#ece2f0\" quantity=\"1\" opacity=\"1\"/>'+ '<ColorMapEntry color=\"#d0d1e6\" quantity=\"5\" />'+ '<ColorMapEntry color=\"#a6bddb\" quantity=\"10\"/>'+ '<ColorMapEntry color=\"#67a9cf\" quantity=\"20\" />'+'<ColorMapEntry color=\"#3690c0\" quantity=\"50\" />'+   '<ColorMapEntry color=\"#02818a\" quantity=\"100\"/>'+   '<ColorMapEntry color=\"#016c59\" quantity=\"250\" />'+ '<ColorMapEntry color=\"#014636\" quantity=\"3000000\" />'+  </ColorMap></RasterSymbolizer>"}}, "legendConfig": {"items": [{"color": "#fff7fb", "name": "\u22641"}, {"color": "#ece2f0", "name": "\u22645"}, {"color": "#d0d1e6", "name": "\u226410"}, {"color": "#67a9cf", "name": "\u226420"}, {"color": "#3690c0", "name": "\u226450"}, {"color": "#02818a", "name": "\u2264100"}, {"color": "#016c59", "name": "\u2264250"}, {"color": "#014636", "name": ">250"}], "type": "choropleth"}, "interactionConfig": {"output": []}, "applicationConfig": {}, "staticImageConfig": {}, "createdAt": "2020-02-06T15:29:05.643Z", "updatedAt": "2018-09-20T20:44:18.437Z"}}, {"id": "a5c30714-dc54-481c-9e88-78d98bb64b04", "type": "layer", "attributes": {"name": "2006 Sheep Density (sheep/km^2)", "slug": "Sheep", "dataset": "91c74fed-812c-4c22-bd91-7aaaf3f8c38d", "description": "Distribution of sheep per square kilometer for the year 2006.", "application": ["rw"], "iso": [], "provider": "gee", "userId": "5b4e17b103d4e76dbb3c673c", "default": false, "protected": false, "published": true, "env": "production", "layerConfig": {"type": "gee", "assetId": "users/resourcewatch/foo_055_gridded_livestock_sheep", "isImageCollection": false, "body": {"styleType": "sld", "sldValue": "<RasterSymbolizer> <ColorMap type=\"ramp\" extended=\"false\" > '<ColorMapEntry color=\"#f7fcfd\" quantity=\"0\" opacity=\"0\"/>'+ '<ColorMapEntry color=\"#e0ecf4\" quantity=\"1\" opacity=\"1\"/>'+ '<ColorMapEntry color=\"#bfd3e6\" quantity=\"5\" />'+   '<ColorMapEntry color=\"#9ebcda\" quantity=\"10\" />'+   '<ColorMapEntry color=\"#8c96c6\" quantity=\"20\" />'+  '<ColorMapEntry color=\"#8c6bb1\" quantity=\"50\"/>'+ '<ColorMapEntry color=\"#88419d\" quantity=\"100\" />'+    '<ColorMapEntry color=\"#810f7c\" quantity=\"250\"/>'+     '<ColorMapEntry color=\"#4d004b\" quantity=\"3000000\" />'+ </ColorMap></RasterSymbolizer>"}}, "legendConfig": {"items": [{"color": "#e0ecf4", "name": "\u22641"}, {"color": "#bfd3e6", "name": "\u22645"}, {"color": "#9ebcda", "name": "\u226410"}, {"color": "#8c96c6", "name": "\u226420"}, {"color": "#8c6bb1", "name": "\u226450"}, {"color": "#88419d", "name": "\u2264100"}, {"color": "#810f7c", "name": "\u2264250"}, {"color": "#4d004b", "name": ">250"}], "type": "choropleth"}, "interactionConfig": {"output": []}, "applicationConfig": {}, "staticImageConfig": {}, "createdAt": "2020-02-06T15:29:05.643Z", "updatedAt": "2018-09-18T22:44:05.441Z"}}, {"id": "ba2525d1-9640-4128-9f6a-913bbcb3cf53", "type": "layer", "attributes": {"name": "2006 Pig Density (pigs/km^2)", "slug": "Pigs", "dataset": "91c74fed-812c-4c22-bd91-7aaaf3f8c38d", "description": "Distribution of pigs per square kilometer for the year 2006.", "application": ["rw"], "iso": [], "provider": "gee", "userId": "5b4e17b103d4e76dbb3c673c", "default": false, "protected": false, "published": true, "env": "production", "layerConfig": {"type": "gee", "assetId": "users/resourcewatch/foo_055_gridded_livestock_pigs", "isImageCollection": false, "body": {"styleType": "sld", "sldValue": "<RasterSymbolizer> <ColorMap type=\"ramp\" extended=\"false\" > '<ColorMapEntry color=\"#fde0dd\" quantity=\"0\" opacity=\"0\"/>' +'<ColorMapEntry color=\"#fde0dd\" quantity=\"1\" opacity=\"1\"/>' + '<ColorMapEntry color=\"#fcc5c0\" quantity=\"5\" opacity=\"1\"/>' + '<ColorMapEntry color=\"#fa9fb5\" quantity=\"10\" opacity=\"1\"/>' + '<ColorMapEntry color=\"#f768a1\" quantity=\"20\" opacity=\"1\"/>' + '<ColorMapEntry color=\"#dd3497\" quantity=\"50\" opacity=\"1\"/>' + '<ColorMapEntry color=\"#ae017e\" quantity=\"100\" opacity=\"1\"/>' + '<ColorMapEntry color=\"#7a0177\" quantity=\"250\" opacity=\"1\"/>' + '<ColorMapEntry color=\"#49006a\" quantity=\"3000000\" opacity=\"1\"/>' </ColorMap></RasterSymbolizer>"}}, "legendConfig": {"items": [{"color": "#fde0dd", "name": "\u22641"}, {"color": "#fcc5c0", "name": "\u22645"}, {"color": "#fa9fb5", "name": "\u226410"}, {"color": "#f768a1", "name": "\u226420"}, {"color": "#dd3497", "name": "\u226450"}, {"color": "#ae017e", "name": "\u2264100"}, {"color": "#7a0177", "name": "\u2264250"}, {"color": "#49006a", "name": ">250"}], "type": "choropleth"}, "interactionConfig": {"output": []}, "applicationConfig": {}, "staticImageConfig": {}, "createdAt": "2020-02-06T15:29:05.643Z", "updatedAt": "2018-09-18T21:45:38.800Z"}}, {"id": "201cfc07-a59d-4a32-8e05-436536c71751", "type": "layer", "attributes": {"name": "2006 Duck Density (ducks/km^2)", "slug": "Chicken", "dataset": "91c74fed-812c-4c22-bd91-7aaaf3f8c38d", "description": "Distribution of ducks per square kilometer for the year 2006.", "application": ["rw"], "iso": [], "provider": "gee", "userId": "5b4e17b103d4e76dbb3c673c", "default": false, "protected": false, "published": true, "env": "production", "layerConfig": {"body": {"sldValue": "<RasterSymbolizer> <ColorMap type=\"intervals\" extended=\"false\" > '<ColorMapEntry color=\"#ffffcc\" quantity=\"0\" opacity=\"0\" />'+  '<ColorMapEntry color=\"#ffffcc\" quantity=\"1\" opacity=\"1\"/>'+  '<ColorMapEntry color=\"#ffeda0\" quantity=\"50\" />'+  '<ColorMapEntry color=\"#fed976\" quantity=\"100\"/>'+   '<ColorMapEntry color=\"#feb24c\" quantity=\"250\" />'+ '<ColorMapEntry color=\"#fd8d3c\" quantity=\"500\" />'+  '<ColorMapEntry color=\"#fc4e2a\" quantity=\"1000\" />'+ '<ColorMapEntry color=\"#e31a1c\" quantity=\"2500\"/>'+   '<ColorMapEntry color=\"#bd0026\" quantity=\"10000\" />'+ '<ColorMapEntry color=\"#800026\" quantity=\"30000000\" />'+  </ColorMap></RasterSymbolizer>", "styleType": "sld"}, "isImageCollection": false, "assetId": "users/resourcewatch/foo_055_gridded_livestock_ducks", "type": "gee"}, "legendConfig": {"type": "choropleth", "items": [{"name": "\u22641", "color": "#ffffcc"}, {"name": "\u226450", "color": "#ffeda0"}, {"name": "\u2264100", "color": "#fed976"}, {"name": "\u2264250", "color": "#feb24c"}, {"name": "\u2264500", "color": "#fd8d3c"}, {"name": "\u22641,000", "color": "#fc4e2a"}, {"name": "\u22642,500", "color": "#e31a1c"}, {"name": "\u226410,000 ", "color": "#bd0026"}, {"name": ">10,000", "color": "#800026"}]}, "interactionConfig": {"output": []}, "applicationConfig": {}, "staticImageConfig": {}, "createdAt": "2020-02-06T15:29:05.643Z", "updatedAt": "2018-09-19T13:31:07.901Z"}}, {"id": "ea8954e3-5244-4c8c-ae4f-ff317cf50fd3", "type": "layer", "attributes": {"name": "2006 Chicken Density (chickens/km^2)", "slug": "Chicken_1", "dataset": "91c74fed-812c-4c22-bd91-7aaaf3f8c38d", "description": "Distribution of chickens per square kilometer for the year 2006.", "application": ["rw"], "iso": [], "provider": "gee", "userId": "5b4e17b103d4e76dbb3c673c", "default": false, "protected": false, "published": true, "env": "production", "layerConfig": {"type": "gee", "assetId": "users/resourcewatch/foo_055_gridded_livestock_chicken", "isImageCollection": false, "body": {"styleType": "sld", "sldValue": "<RasterSymbolizer> <ColorMap type=\"intervals\" extended=\"false\" >  '<ColorMapEntry color=\"#fff7ec\" quantity=\"0\" opacity=\"0\" />'+   '<ColorMapEntry color=\"#fff7ec\" quantity=\"1\" opacity=\"1\" />'+   '<ColorMapEntry color=\"#fee8c8\" quantity=\"50\" />'+ '<ColorMapEntry color=\"#fdd49e\" quantity=\"100\" />'+ '<ColorMapEntry color=\"#fdbb84\" quantity=\"250\"/>'+'<ColorMapEntry color=\"#fc8d59\" quantity=\"500\" />'+   '<ColorMapEntry color=\"#ef6548\" quantity=\"1000\" />'+  '<ColorMapEntry color=\"#d7301f\" quantity=\"2500\" />'+  '<ColorMapEntry color=\"#b30000\" quantity=\"10000\" />'+ '<ColorMapEntry color=\"#7f0000\" quantity=\"30000000\" />'+ </ColorMap></RasterSymbolizer>"}}, "legendConfig": {"items": [{"color": "#fff7ec", "name": "\u22641"}, {"color": "#fee8c8", "name": "\u226450"}, {"color": "#fdd49e", "name": "\u2264100"}, {"color": "#fdbb84", "name": "\u2264250"}, {"color": "#fc8d59", "name": "\u2264500"}, {"color": "#ef6548", "name": "\u22641000"}, {"color": "#d7301f", "name": "\u22642,500"}, {"color": "#b30000", "name": "\u226410,000"}, {"color": "#7f0000", "name": ">10,000"}], "type": "choropleth"}, "interactionConfig": {"output": []}, "applicationConfig": {}, "staticImageConfig": {}, "createdAt": "2020-02-06T15:29:05.643Z", "updatedAt": "2018-09-19T13:30:08.179Z"}}], "vocabulary": [{"type": "vocabulary", "attributes": {"resource": {"id": "91c74fed-812c-4c22-bd91-7aaaf3f8c38d", "type": "dataset"}, "tags": ["global", "raster", "agriculture", "food_and_agriculture", "animal", "livestock", "beef", "lamb"], "name": "knowledge_graph", "application": "rw"}}], "widgetRelevantProps": [], "layerRelevantProps": []}}