{"id": "98b8e4f5-d961-463a-8732-7116de16808c", "type": "dataset", "server": "https://api.resourcewatch.org", "attributes": {"name": "wat.052 Aqueduct Interannual Variability", "slug": "wat052-Aqueduct-Interannual-Variability", "type": "tabular", "subtitle": "", "application": ["rw"], "dataPath": "", "attributesPath": null, "connectorType": "rest", "provider": "cartodb", "userId": "58f63c81bd32c60206ed6b12", "connectorUrl": "https://wri-rw.carto.com/tables/wat_052_aqueduct_interannual_variability/public", "sources": [], "tableName": "wat_052_aqueduct_interannual_variability", "status": "saved", "published": true, "overwrite": false, "verified": false, "blockchain": {}, "subscribable": {}, "mainDateField": "", "env": "production", "geoInfo": false, "protected": false, "legend": {"date": [], "region": [], "country": [], "nested": [], "integer": [], "short": [], "byte": [], "double": [], "float": [], "half_float": [], "scaled_float": [], "boolean": [], "binary": [], "text": [], "keyword": []}, "clonedHost": {}, "errorMessage": "", "taskId": null, "createdAt": "2019-07-24T15:43:48.894Z", "updatedAt": "2019-08-06T12:43:03.639Z", "dataLastUpdated": null, "metadata": [{"id": "5d40993d806b68001248593a", "type": "metadata", "attributes": {"dataset": "98b8e4f5-d961-463a-8732-7116de16808c", "application": "rw", "resource": {"id": "98b8e4f5-d961-463a-8732-7116de16808c", "type": "dataset"}, "language": "en", "name": "Aqueduct Interannual Variability", "description": "### Overview  \n  \nInterannual variability measures the average between-year variability of available water supply, including both renewable surface and groundwater supplies. Higher values indicate wider variations in available supply from year to year. These values were then converted into risk scores based on the thresholds defined in the methodology. These risk scores range from low variability (coefficient of variation <0.25) to extremely high variability (coefficient of variation >1.0). Interannual variability values are available per sub-basin (HydroBASIN level 6).  \n  \n### Methodology  \n  \nAqueduct used the global hydrological model, PCRaster Global Water Balance (PCR-GLOBWB\n2), to calculate five indicators. Interannual variability is one of those indicators and was calculated using the available water supply time series from the default PCR-GLOBWB 2. \n\n  \n  \nInterannual or between-year variability is defined as the coefficient of variation (CV) of available water from year to year for each sub-basin. The CV was calculated by dividing the standard deviation (SD) of the available water across years by the mean. The CV per sub-basin was determined for each individual month, as well as annually.\n\n  \n  \nFinally, raw interannual variability values were converted to risk scores between 0 and 5, based on quantiles. These scores were placed into categories indicating how high the risk for this indicator is. The thresholds for raw interannual variability values and the corresponding risk scores that were used in each category are defined below as Risk Category (Risk Scores): Raw Value Thresholds.\n\n- Low (0-1): < 0.25\n- Low to medium (1-2): 0.25 - 0.50\n- Medium to high (2-3): 0.50 - 0.75\n- High (3-4): 0.75 - 1.0\n- Extremely high (4-5): > 1.0\n\n  \n  \nFor the full documentation, please see the source [methodology](https://www.wri.org/publication/aqueduct-30).  \n  \n### Data shown on Resource Watch Map  \n  \n- [**1960 to 2014 Interannual Variability of Available Water Supply**](https://resourcewatch.org/data/explore?zoom=3&lat=0&lng=0&basemap=dark&labels=light&layers=%255B%257B%2522dataset%2522%253A%252298b8e4f5-d961-463a-8732-7116de16808c%2522%252C%2522opacity%2522%253A1%252C%2522layer%2522%253A%252284f6f132-c85a-480d-9c91-ae24cfa2aa2e%2522%257D%255D&page=1&sort=relevance&sortDirection=-1&search=wat.052): *Interannual variability measures the average between-year variability of available water supply, including both renewable surface and groundwater supplies. Higher values indicate wider variations in available supply from year to year. Values are calculated based on data from years 1960 to 2014.*  \n  \n### Disclaimer  \n  \nExcerpts of this description page were taken from the source metadata. Resource Watch shows only a subset of the dataset. For access to the full dataset and additional information, click on the \u201cLearn more\u201d button.", "source": "WRI/Utrecht University", "info": {"rwId": "wat.052 ", "data_type": "Vector", "name": "Aqueduct Interannual Variability", "sources": [{"source-name": "World Resources Institute (WRI)", "id": 0, "source-description": ""}, {"source-name": "Utrecht University", "id": 1, "source-description": ""}], "technical_title": "Interannual Variability, Aqueduct 3.0", "functions": "Measures the average between-year variability of available water supply, including both renewable surface and groundwater supplies", "cautions": "Although the underlying models have been validated, the results were not. Interannual variability remains subjective and cannot be measured directly. The lack of direct validation makes it impossible to assess some of the parameters in our calculation such as the length of the input time series, regression method and optimal moving window size.\n\n  \n  \nIn addition, the full timeseries of PCR-GLOBWB 2 (1960 to 2014) was analyzed. Interannual variability using different ranges was not analyzed. The human and climatic influence and on available water is likely to be more profound in recent years.\n\n  \n  \nCoastal and island sub-basins were often grouped to make the area of the sub-basins more homogeneous. The assumption of shared water resources might not hold in aggregated coastal sub-basins.\n \n  \n  \nWater resources in PCR-GLOBWB 2 were pooled in abstraction zones. This assumption differs from the sub-basin approach in Aqueduct. This was one of the prime reasons for further processing of the PCR-GLOBWB 2 data.\n \n  \n  \nResults were tailored towards large scale comparison of water related risks. The indicators have limited added value on a local scale.\n", "citation": "Hofste, R., S. Kuzma, S. Walker, E.H. Sutanudjaja, et. al. 2019. \u201cAqueduct 3.0: Updated Decision-Relevant Global Water Risk Indicators.\u201d Technical Note. Washington, DC: World Resources Institute. Available online at: https://www.wri.org/publication/aqueduct-30. Accessed through Resource Watch, (date). [www.resourcewatch.org](www.resourcewatch.org)", "license": "Creative Commons Attribution 4.0 International", "license_link": "https://creativecommons.org/licenses/by/4.0/", "geographic_coverage": "Global", "spatial_resolution": "Hydrological sub-basin (HydroBASINS 6)", "date_of_content": "1960-2014", "frequency_of_updates": "Irregular", "learn_more_link": "https://www.wri.org/publication/aqueduct-30", "data_download_link": null, "data_download_original_link": "https://www.wri.org/resources/data-sets/aqueduct-global-maps-30-data"}, "columns": {"iav_cat": {"alias": "Interannual Variability Category (numeric)", "description": "Risk category of interannual variability, by numeric integer (-1 to 4)."}, "iav_label": {"alias": "Interannual Variability Category (name)", "description": "Risk category of interannual variability, by name."}, "pfaf_id": {"alias": "Basin ID", "description": "Six digit Pfafstetter code for the hydrological basins."}, "sub_name": {"alias": "Minor River Basin", "description": "Name of the minor river basin."}, "iav_raw": {"alias": "Interannual Variability Raw Value ", "description": "The average between-year variability of available water supply, including both renewable surface and groundwater supplies."}, "maj_name": {"alias": "Major River Basin ", "description": "Name of the major river basin."}, "iav_score": {"description": "Interannual variability score (0 to 5). This is the result of applying a quantile approach to raw values. ", "alias": "Interannual Variability Score "}}, "createdAt": "2019-07-30T19:23:41.954Z", "updatedAt": "2020-02-04T19:47:00.028Z", "status": "published"}}], "widget": [{"id": "7f4ef125-6577-40b8-b0c5-fb2038f70105", "type": "widget", "attributes": {"name": "10 Major River Basins with the Highest Interannual Variability", "dataset": "98b8e4f5-d961-463a-8732-7116de16808c", "slug": "Top-10-Major-Basins-Interannual-Variability", "userId": "5d0901197aabc0001072e40c", "description": "Top 10 major river basins with the highest average interannual variability, based on raw interannual variability values.", "source": "", "authors": "", "application": ["rw"], "verified": false, "default": false, "protected": false, "defaultEditableWidget": true, "published": true, "thumbnailUrl": "http://wri-api-backups.s3.amazonaws.com/resourcewatch/prod/thumbnails/7f4ef125-6577-40b8-b0c5-fb2038f70105-1565031121782.png", "freeze": false, "env": "production", "queryUrl": "", "widgetConfig": {"paramsConfig": {"visualizationType": "chart", "limit": 10, "value": {"type": "number", "name": "iav_raw", "alias": "Interannual Variability Raw Value "}, "category": {"type": "string", "name": "maj_name", "alias": "Major River Basin "}, "color": null, "size": null, "orderBy": null, "aggregateFunction": "avg", "chartType": "bar", "filters": [{"type": "string", "name": "maj_name", "alias": "Major River Basin "}], "areaIntersection": null, "band": null, "layer": null}, "data": [{"name": "table", "transform": [{"type": "identifier", "as": "id"}, {"type": "joinaggregate", "as": ["count"]}], "url": "https://api.resourcewatch.org/v1/query/98b8e4f5-d961-463a-8732-7116de16808c?sql=SELECT%20maj_name%20as%20x%2C%20AVG(iav_raw)%20as%20y%20FROM%20wat_052_aqueduct_interannual_variability%20%20GROUP%20BY%20%20x%20ORDER%20BY%20y%20desc LIMIT 10", "format": {"type": "json", "property": "data"}}], "scales": [{"name": "x", "type": "band", "range": "width", "padding": 0.05, "domain": {"data": "table", "field": "id"}}, {"name": "y", "type": "linear", "range": "height", "nice": true, "zero": true, "domain": {"data": "table", "field": "y"}}], "axes": [{"orient": "bottom", "scale": "x", "labelOverlap": "parity", "ticks": false, "encode": {"labels": {"update": {"text": {"signal": "width < 300 || data('table')[0].count > 10 ? truncate(data('table')[datum.value - 1].x, 12) : data('table')[datum.value - 1].x"}, "align": {"signal": "width < 300 || data('table')[0].count > 10 ? 'right' : 'center'"}, "baseline": {"signal": "width < 300 || data('table')[0].count > 10 ? 'middle' : 'top'"}, "angle": {"signal": "width < 300 || data('table')[0].count > 10 ? -90 : 0"}}}}, "title": "Major River Basin"}, {"orient": "left", "scale": "y", "labelOverlap": "parity", "format": "s", "encode": {"labels": {"update": {"align": {"value": "right"}, "baseline": {"value": "bottom"}}}}, "title": "Average Interannual Variability Value"}], "marks": [{"type": "rect", "from": {"data": "table"}, "encode": {"update": {"opacity": {"value": 1}, "x": {"scale": "x", "field": "id"}, "width": {"scale": "x", "band": 1}, "y": {"scale": "y", "field": "y"}, "y2": {"scale": "y", "value": 0}}, "hover": {"opacity": {"value": 0.8}}}}], "interaction_config": [{"name": "tooltip", "config": {"fields": [{"column": "y", "property": "Interannual Variability Raw Value ", "type": "number", "format": ".2s"}, {"column": "x", "property": "Major River Basin ", "type": "string", "format": ".2f"}]}}], "config": {"line": {"fillOpacity": 0, "stroke": "#3BB2D0", "interpolate": "linear"}, "rect": {"fill": "#3BB2D0"}, "symbol": {"stroke": "#fff", "fill": "#3BB2D0"}, "mark": {"fill": "#3BB2D0"}, "axisY": {"gridOpacity": 0.5, "gridColor": "#A9ABAD", "ticks": false, "grid": true, "tickOpacity": 0.5, "labelBaseline": "bottom", "labelAlign": "left", "domain": false}, "axisX": {"labelBaseline": "top", "labelAlign": "center", "domainColor": "#A9ABAD", "domainWidth": 1.2, "bandPosition": 0.5}, "axis": {"tickExtra": false, "tickOpacity": 0.5, "tickColor": "#A9ABAD", "tickSize": 8, "ticks": true, "labelPadding": 10, "labelColor": "#717171", "labelFont": "Lato", "labelFontSize": 13}, "range": {"ramp": {"scheme": "purples"}, "ordinal": {"scheme": "greens"}, "category20": ["#3BB2D0", "#2C75B0", "#FAB72E", "#EF4848", "#65B60D", "#C32D7B", "#F577B9", "#5FD2B8", "#F1800F", "#9F1C00", "#A5E9E3", "#B9D765", "#393F44", "#CACCD0", "#717171"], "dotSize": [20, 250]}}}, "template": false, "createdAt": "2019-08-02T17:29:04.883Z", "updatedAt": "2019-08-05T18:52:01.574Z"}}], "layer": [{"id": "84f6f132-c85a-480d-9c91-ae24cfa2aa2e", "type": "layer", "attributes": {"name": "1960-2014 Interannual Variability of Available Water Supply", "slug": "1960-2014-Interannual-Variability-of-Available-Water-Supply_1", "dataset": "98b8e4f5-d961-463a-8732-7116de16808c", "description": "Interannual variability measures the average between-year variability of available water supply, including both renewable surface and groundwater supplies. Higher values indicate wider variations in available supply from year to year. Values are calculated based on data from years 1960 to 2014.", "application": ["rw"], "iso": [], "provider": "cartodb", "userId": "58f63c81bd32c60206ed6b12", "default": true, "protected": false, "published": true, "env": "production", "layerConfig": {"body": {"layers": [{"options": {"cartocss_version": "2.3.0", "cartocss": "#layer {polygon-opacity:1; line-width:0; line-color:#FFF; line-opacity:0;} [iav_cat=4]{polygon-fill:#990000;}[iav_cat=3]{polygon-fill:#FF1900;} [iav_cat=2]{polygon-fill:#FF9900;} [iav_cat=1]{polygon-fill:#FFE600;} [iav_cat=0]{polygon-fill:#FFFF99;}[iav_cat=-9999]{polygon-fill:#4E4E4E;}", "sql": "SELECT * FROM wat_052_aqueduct_interannual_variability"}, "type": "mapnik"}], "minzoom": 3, "maxzoom": 18, "vectorLayers": [{"paint": {"line-width": 0, "line-color": "#FFF", "line-opacity": 0}, "source-layer": "layer0", "type": "line", "filter": ["all"]}, {"paint": {"fill-opacity": 1}, "source-layer": "layer0", "type": "fill", "filter": ["all"]}, {"paint": {"fill-color": "#990000"}, "source-layer": "layer0", "type": "fill", "filter": ["all", ["==", "iav_cat", 4]]}, {"paint": {"fill-color": "#FF1900"}, "source-layer": "layer0", "type": "fill", "filter": ["all", ["==", "iav_cat", 3]]}, {"paint": {"fill-color": "#FF9900"}, "source-layer": "layer0", "type": "fill", "filter": ["all", ["==", "iav_cat", 2]]}, {"paint": {"fill-color": "#FFE600"}, "source-layer": "layer0", "type": "fill", "filter": ["all", ["==", "iav_cat", 1]]}, {"paint": {"fill-color": "#FFFF99"}, "source-layer": "layer0", "type": "fill", "filter": ["all", ["==", "iav_cat", 0]]}, {"paint": {"fill-color": "#808080"}, "source-layer": "layer0", "type": "fill", "filter": ["all", ["==", "iav_cat", -1]]}]}, "account": "wri-rw"}, "legendConfig": {"items": [{"id": 0, "color": "#FFFF99", "name": "\u2800Low\u2800"}, {"id": 1, "color": "#FFE600", "name": "\u2800Low to\u2800 \u2800medium\u2800"}, {"id": 1, "color": "#FF9900", "name": "\u2800Medium to\u2800 \u2800high\u2800"}, {"id": 2, "color": "#FF1900", "name": "\u2800High\u2800"}, {"id": 3, "color": "#990000", "name": "\u2800Extremely\u2800 \u2800high\u2800"}, {"id": 4, "color": "#4E4E4E", "name": "\u2800No\u2800 \u2800data\u2800"}], "type": "choropleth"}, "interactionConfig": {"output": [{"column": "iav_label", "format": null, "prefix": "", "property": "Interannual variability", "suffix": "", "type": "string"}, {"column": "cartodb_id", "format": null, "prefix": "", "property": "Area ID", "suffix": "", "type": "number"}]}, "applicationConfig": {}, "staticImageConfig": {}, "createdAt": "2020-02-06T15:27:16.125Z", "updatedAt": "2019-08-14T18:12:27.186Z"}}], "vocabulary": [{"type": "vocabulary", "attributes": {"resource": {"id": "98b8e4f5-d961-463a-8732-7116de16808c", "type": "dataset"}, "tags": ["geospatial", "historical", "vector", "water", "SDG_6_Clean_Water_and_Sanitation", "global"], "name": "knowledge_graph", "application": "rw"}}], "widgetRelevantProps": ["pfaf_id", "sub_name", "maj_name", "iav_raw", "iav_score", "iav_cat", "iav_label"], "layerRelevantProps": ["sub_name", "maj_name", "iav_label"]}}