{"id": "a290675c-9528-4a51-8201-f6c2d7848744", "type": "dataset", "server": "https://api.resourcewatch.org", "attributes": {"name": "cli.008 Greenhouse Gas Emissions by Country and Sector", "slug": "cli008-Greenhouse-Gas-Emissions-by-Country-and-Sector-Full-Longform", "type": "tabular", "subtitle": "", "application": ["rw"], "dataPath": "", "attributesPath": null, "connectorType": "rest", "provider": "cartodb", "userId": "5981e73b0c069f3c93dc5e2a", "connectorUrl": "https://wri-rw.carto.com/tables/cli_008_greenhouse_gas_emissions_country_sector_edit_1/public", "sources": [], "tableName": "cli_008_greenhouse_gas_emissions_country_sector_edit_1", "status": "saved", "published": true, "overwrite": false, "verified": false, "blockchain": {}, "subscribable": {}, "mainDateField": null, "env": "production", "applicationConfig": {"rw": {"layerOrder": ["09aa80be-d7c8-4008-98fb-8adbd3a2e05b", "dfa33500-402b-4776-b633-379a9a4a8284", "b000b754-3b2f-4b6a-a3c4-ff7ef4c882ff", "980685c2-68a6-4d00-96ef-dd94ecd2d0d5", "c0c8ee6e-5cd4-4c9d-bd10-ce6545b26fef", "366cf379-12c7-4dca-9eb3-df5a237cb2c1", "5730a618-fbcb-4e97-943e-f31b6f51f084"]}}, "geoInfo": true, "protected": false, "legend": {"date": [], "region": [], "country": [], "nested": [], "integer": [], "short": [], "byte": [], "double": [], "float": [], "half_float": [], "scaled_float": [], "boolean": [], "binary": [], "text": [], "keyword": []}, "clonedHost": {}, "errorMessage": "", "taskId": null, "createdAt": "2019-10-16T14:29:42.125Z", "updatedAt": "2019-10-16T14:29:42.131Z", "dataLastUpdated": null, "metadata": [{"id": "5aa96a2ea868a60012bc069c", "type": "metadata", "attributes": {"dataset": "a290675c-9528-4a51-8201-f6c2d7848744", "application": "rw", "resource": {"id": "a290675c-9528-4a51-8201-f6c2d7848744", "type": "dataset"}, "language": "en", "name": "Greenhouse Gas Emissions by Country and Economic Sector", "description": "The Climate Analysis Indicators Tool (CAIT) Historical Emissions released by World Resources Institute (WRI) is part of the larger CAIT Climate Data Explorer. CAIT is a suite of online data and visualization tools that support the many dimensions of climate policy making. It provides free, open, user-friendly access to world-class climate data. As of October 2017, CAIT Historical Emission data contain sector-level greenhouse gas (GHG) emissions data for 191 countries and the European Union (EU) for the period 1990-2014, including emissions of the 6 major GHGs from most major sources and sinks. CAIT draws on key climate-relevant data from respected research centers, government agencies, and international bodies. It also contains historical country-level carbon dioxide (CO\u2082) emissions data going back to 1850, and energy subsector CO\u2082 emissions data going back to 1971. Resource Watch shows only a subset of the data set. For access to the full data set and additional information, see the Learn More link.", "source": "WRI", "info": {"rwId": "cli.008", "data_type": "Tabular", "name": "Greenhouse Gas Emissions by Country and Economic Sector", "sources": [{"source-name": "World Resources Institute (WRI)", "id": 0, "source-description": ""}], "technical_title": "Climate Analysis Indicators Tool (CAIT) Historical Emissions", "functions": "Historical emissions data from 191 countries and the European Union (EU) for 1990-2014", "cautions": "To maximize the benefits of the different databases, while promoting completeness and accuracy, CAIT compiles data for CO\u2082 from fossil fuels with different data sources in order to make cross-country comparisons and offer related analyses. Yet comparability can be endangered when data points from different sources (using different methodologies) are placed side-by-side.", "citation": "World Resources Institute. 2017. \"CAIT Climate Data Explorer.\" Washington, DC: WRI. Available online at: http://cait.wri.org. Accessed through Resource Watch, (date).  [www.resourcewatch.org](www.resourcewatch.org).", "license": "Creative Commons Attribution 4.0 International", "license_link": "https://creativecommons.org/licenses/by/4.0/", "geographic_coverage": "Global", "spatial_resolution": "National", "date_of_content": "1850-2014", "frequency_of_updates": "Annual", "learn_more_link": "http://www.wri.org/resources/data-sets/cait-historical-emissions-data-countries-us-states-unfccc", "data_download_link": "https://wri-public-data.s3.amazonaws.com/resourcewatch/cli_008_greenhouse_gas_emissions_country_sector.zip", "data_download_original_link": "http://www.wri.org/resources/data-sets/cait-historical-emissions-data-countries-us-states-unfccc"}, "columns": {"country": {"alias": "Country"}, "year": {"alias": "Year", "description": " "}, "total_ghg_emissions_excluding_land_use_change_and_forestry_mtc": {"alias": "Total GHG Emissions Excluding Land Use Change & Forestry (MtCO\u2082e)", "description": "Total greenhouse gas emissions inmetric megatons of carbon dioxide equivalent, excluding land use change and forestry"}, "total_ghg_emissions_including_land_use_change_and_forestry_mtc": {"alias": "Total GHG Emissions Including Land Use Change & Forestry (Mt CO\u2082e)", "description": "Total greenhouse gas emissions in metric megatons of carbon dioxide equivalent  including land use change and forestry"}, "total_co2_excluding_land_use_change_and_forestry_mtco2": {"description": "Total greenhouse gas emissions in million metric tons of carbon dioxide excluding land use change and forestry", "alias": "Total CO\u2082 Emissions Excluding Land Use Change & Forestry (Mt CO\u2082e)"}, "total_ch4_mtco2e": {"alias": "Total CH\u2084 Emissions (MMT CO\u2082e)", "description": "Total methane emissions in million metric tons of carbon dioxide equivalent"}, "total_n2o_mtco2e": {"alias": "Total N\u2082O Emissions (Mt CO\u2082e) ", "description": "Total nitrous oxide emissions in metric megatons of carbon dioxide equivalent "}, "total_f_gas_mtco2e": {"alias": "Total F-Gas Emissions (Mt CO\u2082e)", "description": "Total fluorinated gas emissions in metric megatons of carbon dioxide equivalent "}, "total_co2_including_land_use_change_and_forestry_mtco2": {"alias": "Total CO\u2082 Emissions Including Land Use Change & Forestry (Mt CO\u2082e)", "description": "Total greenhouse gas emissions in metric megatons of carbon dioxide equivalent , including land use change and forestry"}, "total_ch4_including_land_use_change_and_forestry_mtco2e": {"alias": "Total CH\u2084 Emissions Including Land Use Change & Forestry (Mt CO\u2082e)", "description": "Total methane emissions in million metric tons of carbon dioxide equivalent including land use change and forestry"}, "total_n2o_including_land_use_change_and_forestry_mtco2e": {"alias": "Total N\u2082O Emissions Including Land Use Change & Forestry (Mt CO\u2082e)", "description": "Total nitrous oxide emissions in metric megatons of carbon dioxide equivalent including land use change and forestry"}, "energy_mtco2e": {"alias": "Energy Sector Emissions (Mt CO\u2082e)", "description": "Energy sector emissions in million metric tons of carbon dioxide equivalent"}, "industrial_processes_mtco2e": {"alias": "Industrial Processes Emissions (Mt CO\u2082e)", "description": "Industrial processes emissions in million metric tons of carbon dioxide equivalent"}, "agriculture_mtco2e": {"alias": "Agriculture Emissions (Mt CO\u2082e) ", "description": "Agricultural emissions in million metric tons of carbon dioxide equivalent"}, "waste_mtco2e": {"alias": "Waste Emissions (Mt CO\u2082e)", "description": "Waste emissions in metric megatons of carbon dioxide equivalent "}, "land_use_change_and_forestry_mtco2e": {"alias": "Land Use Change & Forestry Emissions (Mt CO\u2082e)", "description": "Land use change and forestry emissions in million metric tons of carbon dioxide equivalent"}, "bunker_fuels_mtco2e": {"alias": "Bunker Fuels Emissions (Mt CO\u2082e)", "description": "Bunker fuels emissions in million metric tons of carbon dioxide equivalent"}, "electricity_heat_mtco2e": {"alias": "Electricity and Heat Emissions (Mt CO\u2082e)", "description": "Electricity and heat emissions in million metric tons of carbon dioxide equivalent"}, "manufacturing_construction_mtco2e": {"alias": "Manufacturing and Construction Emissions (Mt CO\u2082e)", "description": "Manufacturing and construction emissions in million metric tons of carbon dioxide equivalent"}, "transportation_mtco2e": {"alias": "Transportation Emissions  (Mt CO\u2082e)", "description": "Transportation emissions in metric megatons of carbon dioxide equivalent "}, "other_fuel_combustion_mtco2e": {"alias": "Other Fuel Combustion Emissions (Mt CO\u2082e)", "description": "Other fuel combustion emissions in million metric tons of carbon dioxide equivalent"}, "fugitive_emissions_mtco2e": {"alias": "Fugitive Emissions (Mt CO\u2082e)", "description": "Estimated unintended emissions in million metric tons of carbon dioxide equivalent"}, "rw_country_code": {"alias": "ISO Code", "description": " "}, "rw_country_name": {"alias": "Country"}}, "createdAt": "2018-03-14T18:30:06.077Z", "updatedAt": "2020-02-04T19:45:48.846Z", "status": "published"}}], "widget": [{"id": "ed53f98b-990d-49ab-aa73-cdd71d0bdd75", "type": "widget", "attributes": {"name": "The energy sector is the major contributor of greenhouse gas emissions", "dataset": "a290675c-9528-4a51-8201-f6c2d7848744", "slug": "1990-2014-Greenhouse-Gas-Emissions-by-Sector", "userId": "5981e73b0c069f3c93dc5e2a", "description": "Emissions by sector", "source": "", "authors": "", "application": ["rw"], "verified": false, "default": false, "protected": false, "defaultEditableWidget": false, "published": true, "freeze": false, "env": "production", "queryUrl": "", "widgetConfig": {"interaction_config": [{"config": {"fields": [{"format": ".3s", "type": "number", "property": "Emissions (t CO2e)", "column": "datum.y"}, {"type": "string", "property": "Sector", "column": "datum.sector"}, {"type": "string", "property": "Year", "column": "datum.x"}]}, "name": "tooltip"}], "legends": [{"orient": "right", "fill": "color", "title": "Sector"}], "marks": [{"name": "areas", "type": "group", "from": {"facet": {"name": "series", "data": "table", "groupby": "sector"}}, "marks": [{"type": "area", "from": {"data": "series"}, "encode": {"enter": {"interpolate": {"value": "monotone"}, "x": {"scale": "x", "field": "x"}, "width": {"offset": "-1", "band": 1, "scale": "x"}, "y": {"scale": "y", "field": "y0"}, "y2": {"scale": "y", "field": "y1"}, "fill": {"scale": "color", "field": "sector"}}, "update": {"fillOpacity": {"value": 1}}, "hover": {"fillOpacity": {"value": 0.5}}}}]}, {"name": "pointss", "interactive": false, "type": "symbol", "from": {"data": "table"}, "encode": {"enter": {"x": {"scale": "x", "field": "x"}, "y": {"scale": "y", "field": "y1"}, "opacity": {"value": 0}}}}, {"name": "points", "interactive": false, "type": "symbol", "from": {"data": "dots"}, "encode": {"enter": {"x": {"scale": "x", "field": "x"}, "y": {"scale": "y", "field": "y1"}}, "update": {"fill": {"scale": "color", "field": "sector"}, "stroke": {"value": "#fff"}, "opacity": {"value": 1}}}}, {"name": "cell", "type": "path", "from": {"data": "pointss"}, "transform": [{"type": "voronoi", "x": "datum.x", "y": "datum.y", "size": [{"signal": "width"}, {"signal": "height"}], "sort": {"order": "descending", "field": "sector"}}], "encode": {"update": {"fill": {"value": "red"}, "path": {"field": "path"}, "opacity": {"value": 0}}}}], "axes": [{"encode": {"labels": {"update": {"baseline": {"value": "middle"}, "align": {"value": "middle"}, "angle": {"value": 90}, "limit": {"value": 50}}}}, "labelPadding": 6, "labelOverlap": "parity", "zindex": 1, "scale": "x", "orient": "bottom"}, {"labelOverlap": "parity", "zindex": 0, "scale": "y", "orient": "left", "format": ".0s", "title": "Greenhouse Gas Emissions (tonnes CO2e)"}], "scales": [{"domain": {"field": "x", "data": "table"}, "range": "width", "type": "point", "name": "x"}, {"domain": {"field": "y1", "data": "table"}, "zero": true, "nice": false, "range": "height", "type": "linear", "name": "y"}, {"domain": {"field": "sector", "data": "table"}, "range": "category", "type": "ordinal", "name": "color"}], "data": [{"transform": [{"type": "formula", "as": "agriculture", "expr": "datum.agriculture*1000000"}, {"type": "formula", "as": "bunker_fuels", "expr": "datum.bunker_fuels*1000000"}, {"type": "formula", "as": "energy", "expr": "datum.energy*1000000"}, {"type": "formula", "as": "industrial_processes", "expr": "datum.industrial_processes*1000000"}, {"type": "formula", "as": "land_use_change_and_forestry", "expr": "datum.land_use_change_and_forestry*1000000"}, {"type": "formula", "as": "waste", "expr": "datum.waste*1000000"}, {"fields": ["agriculture", "bunker_fuels", "energy", "industrial_processes", "land_use_change_and_forestry", "waste"], "as": ["sector", "y"], "type": "fold"}, {"expr": "replace(upper(slice(datum.sector,0,1))+slice(datum.sector,1),/_/g,' ')", "as": "sector", "type": "formula"}, {"sort": {"order": "descending", "field": "sector"}, "groupby": ["x"], "field": "y", "type": "stack"}], "format": {"property": "rows", "type": "json"}, "url": "https://wri-rw.carto.com/api/v2/sql?q=SELECT year AS x, SUM(agriculture_mtco2e) AS agriculture, SUM(bunker_fuels_mtco2e) AS bunker_fuels, SUM(energy_mtco2e) AS energy, SUM(industrial_processes_mtco2e) AS industrial_processes, SUM(land_use_change_and_forestry_mtco2e) AS land_use_change_and_forestry, SUM(waste_mtco2e) AS waste FROM cli_008_greenhouse_gas_emissions_country_sector_edit_1 GROUP BY year ORDER BY year ASC", "name": "table"}, {"name": "dots", "source": "table", "transform": [{"type": "filter", "expr": "hover && hover.datum.x === datum.x && hover.datum.y === datum.y"}]}], "signals": [{"name": "hover", "value": null, "on": [{"events": "@cell:mouseover", "update": "datum"}, {"events": "@cell:mouseout", "update": "null"}]}], "autosize": {"contains": "padding", "resize": true, "type": "pad"}}, "template": false, "createdAt": "2018-03-13T14:50:50.649Z", "updatedAt": "2018-03-13T14:50:50.649Z"}}, {"id": "95f4e35c-9f02-4d06-b439-a7fb9f5d71f8", "type": "widget", "attributes": {"name": "Total GHG Emissions Including Land Use Change and Forestry", "dataset": "a290675c-9528-4a51-8201-f6c2d7848744", "slug": "Total-GHG-Emissions-Including-Land-Use-Change-and-Forestry-Metric-Tons-of-CO2-Equivalent", "userId": "5981e73b0c069f3c93dc5e2a", "description": "This chart defines the top 10 emitters based on their total annual emissions, also known as \u201cabsolute emissions.\u201d Why? Over time, the absolute amount of GHGs emitted is what ultimately affects atmospheric concentrations of GHGs and the global carbon budget (see cumulative emissions, below). So the largest absolute emitters today have a larger role to play in determining the climate of the future. Regardless of other factors, these total annual numbers will have to be reduced for the top 10 emitters if global warming is to be limited to 2 degrees C.", "source": "", "authors": "", "application": ["rw"], "verified": false, "default": false, "protected": false, "defaultEditableWidget": false, "published": true, "freeze": false, "env": "production", "queryUrl": "", "widgetConfig": {"autosize": {"contains": "padding", "resize": true, "type": "pad"}, "signals": [{"on": [{"update": "datum", "events": "@cell:mouseover"}, {"update": "null", "events": "@cell:mouseout"}], "value": null, "name": "hover"}], "data": [{"format": {"property": "rows", "type": "json"}, "url": "https://wri-rw.carto.com/api/v2/sql?q=SELECT year as x,  total_ghg_emissions_including_land_use_change_and_forestry_mtc*1000000 as y FROM cli_008_greenhouse_gas_emissions_country_sector_edit_1 WHERE (year >= 2000) AND country='World' ORDER BY year ASC", "name": "table"}, {"transform": [{"expr": "hover && hover.datum.x === datum.x", "type": "filter"}], "source": "table", "name": "dots"}], "scales": [{"domain": {"field": "x", "data": "table"}, "range": "width", "zero": false, "nice": false, "type": "linear", "name": "x"}, {"domain": {"field": "y", "data": "table"}, "range": "height", "zero": true, "nice": true, "type": "linear", "name": "y"}, {"domain": {"field": "x", "data": "table"}, "type": "ordinal", "reverse": true, "range": "ramp", "name": "color"}], "axes": [{"labelOverlap": "parity", "format": "4f", "scale": "x", "orient": "bottom"}, {"labelOverlap": "parity", "title": "Greenhouse Gas Emissions (tonnes CO2e)", "scale": "y", "format": "2s", "orient": "left"}], "marks": [{"encode": {"enter": {"y": {"field": "y", "scale": "y"}, "x": {"field": "x", "scale": "x"}}}, "from": {"data": "table"}, "interactive": false, "type": "line", "name": "lines"}, {"encode": {"update": {"opacity": {"value": 1}}, "enter": {"y": {"field": "y", "scale": "y"}, "x": {"field": "x", "scale": "x"}}}, "from": {"data": "dots"}, "type": "symbol", "interactive": false, "name": "points"}, {"encode": {"update": {"opacity": {"value": 0}, "path": {"field": "path"}, "fill": {"value": "red"}}}, "transform": [{"size": [{"signal": "width"}, {"signal": "height"}], "y": "datum.y", "x": "datum.x", "type": "voronoi"}], "from": {"data": "lines"}, "type": "path", "name": "cell"}], "interaction_config": [{"config": {"fields": [{"format": ",.3s", "type": "number", "property": "Emissions (t CO2e)", "column": "datum.y"}, {"format": ".4", "type": "number", "property": "Year", "column": "datum.x"}]}, "name": "tooltip"}]}, "template": false, "createdAt": "2018-03-13T18:26:58.638Z", "updatedAt": "2018-03-13T18:26:58.638Z"}}, {"id": "3b97739a-7c11-4e9b-a318-b101cb5ed761", "type": "widget", "attributes": {"name": "Just a few countries contribute to X percent of GHG emissions", "dataset": "a290675c-9528-4a51-8201-f6c2d7848744", "slug": "Top-10-GHG-Emitting-Countries", "userId": "58f63c81bd32c60206ed6b12", "description": "The highest greenhouse gas (GHG) emitters including emissions related to land use change and forestry from 2000-2014.", "source": "", "authors": "", "application": ["rw"], "verified": false, "default": false, "protected": false, "defaultEditableWidget": false, "published": true, "freeze": false, "env": "production", "queryUrl": "", "widgetConfig": {"paramsConfig": {"visualizationType": "chart", "caption": null, "limit": 305, "value": {"tableName": "cli_008_greenhouse_gas_emissions_country_sector_edit_1", "datasetID": "a290675c-9528-4a51-8201-f6c2d7848744", "type": "number", "name": "total_ghg_emissions_including_land_use_change_and_forestry_mtc", "alias": "Total GHG Emissions Including Land Use Change & Forestry (MtCO\u2082e)"}, "category": {"tableName": "cli_008_greenhouse_gas_emissions_country_sector_edit_1", "datasetID": "a290675c-9528-4a51-8201-f6c2d7848744", "type": "string", "name": "country", "alias": "Country"}, "color": null, "size": null, "orderBy": {"orderType": "desc", "tableName": "cli_008_greenhouse_gas_emissions_country_sector_edit_1", "datasetID": "a290675c-9528-4a51-8201-f6c2d7848744", "type": "number", "name": "sum(total_ghg_emissions_including_land_use_change_and_forestry_mtc)", "alias": "Total GHG Emissions Including Land Use Change & Forestry (MtCO\u2082e)"}, "aggregateFunction": "sum", "chartType": "bar", "filters": [{"notNull": true, "value": [-88, 48893], "tableName": "cli_008_greenhouse_gas_emissions_country_sector_edit_1", "datasetID": "a290675c-9528-4a51-8201-f6c2d7848744", "type": "number", "name": "total_ghg_emissions_including_land_use_change_and_forestry_mtc", "alias": "Total GHG Emissions Including Land Use Change & Forestry (MtCO\u2082e)"}, {"value": ["China", "United States of America", "Russian Federation", "India", "Indonesia", "Brazil", "Japan", "Germany", "Canada", "Ukraine", "Iraq"], "tableName": "cli_008_greenhouse_gas_emissions_country_sector_edit_1", "datasetID": "a290675c-9528-4a51-8201-f6c2d7848744", "type": "string", "name": "country", "alias": "Country"}, {"name": "year", "alias": "Year", "type": "number", "datasetID": "a290675c-9528-4a51-8201-f6c2d7848744", "tableName": "cli_008_greenhouse_gas_emissions_country_sector_edit_1"}], "areaIntersection": null, "band": null, "layer": null}, "data": [{"name": "table", "url": "https://api.resourcewatch.org/v1/query/a290675c-9528-4a51-8201-f6c2d7848744?sql=SELECT country as x, SUM(total_ghg_emissions_including_land_use_change_and_forestry_mtc) as y FROM cli_008_greenhouse_gas_emissions_country_sector_edit_1 WHERE total_ghg_emissions_including_land_use_change_and_forestry_mtc >= -88 AND total_ghg_emissions_including_land_use_change_and_forestry_mtc <= 48893 AND total_ghg_emissions_including_land_use_change_and_forestry_mtc IS NOT NULL AND country IN ('China', 'United States of America', 'Russian Federation', 'India', 'Indonesia', 'Brazil', 'Japan', 'Germany', 'Canada', 'Ukraine', 'Iraq') GROUP BY  x ORDER BY sum(total_ghg_emissions_including_land_use_change_and_forestry_mtc) desc LIMIT 305", "format": {"type": "json", "property": "data"}}, {"name": "stats", "source": "table", "transform": [{"type": "aggregate", "fields": ["x"], "ops": ["distinct"], "as": ["value"]}, {"type": "extent", "field": "value", "signal": "extent"}]}], "scales": [{"name": "x", "type": "band", "range": "width", "padding": 0.05, "domain": {"data": "table", "field": "x"}}, {"name": "y", "type": "linear", "range": "height", "nice": true, "zero": true, "domain": {"data": "table", "field": "y"}}], "axes": [{"orient": "bottom", "scale": "x", "labelOverlap": "parity", "ticks": false, "encode": {"labels": {"update": {"align": {"signal": "width < 300 || extent[1] > 10 ? 'right' : 'center'"}, "baseline": {"signal": "width < 300 || extent[1] > 10 ? 'middle' : 'top'"}, "angle": {"signal": "width < 300 || extent[1] > 10 ? -90 :0 "}}}}}, {"orient": "left", "scale": "y", "labelOverlap": "parity", "encode": {"labels": {"update": {"align": {"value": "right"}, "baseline": {"value": "bottom"}}}}}], "marks": [{"type": "rect", "from": {"data": "table"}, "encode": {"update": {"opacity": {"value": 1}, "x": {"scale": "x", "field": "x"}, "width": {"scale": "x", "band": 1}, "y": {"scale": "y", "field": "y"}, "y2": {"scale": "y", "value": 0}}, "hover": {"opacity": {"value": 0.8}}}}], "interaction_config": [{"name": "tooltip", "config": {"fields": [{"column": "y", "property": "Total GHG Emissions Including Land Use Change & Forestry (MtCO\u2082e)", "type": "number", "format": ".2s"}, {"column": "x", "property": "Country", "type": "string", "format": ".2f"}]}}]}, "template": false, "createdAt": "2018-03-14T18:37:59.919Z", "updatedAt": "2018-03-14T18:37:59.919Z"}}, {"id": "6a3a0472-5cb3-46e9-b1c9-e214ba9053e4", "type": "widget", "attributes": {"name": "1990-2014 Total GHG Emissions, Including Land Use Change and Forestry (MMT CO\u2082e)", "dataset": "a290675c-9528-4a51-8201-f6c2d7848744", "slug": "1990-2014-Total-GHG-Emissions-Including-Land-Use-Change-and-Forestry-Metric-Tons-of-CO2-Equivalent", "userId": "58f63c81bd32c60206ed6b12", "description": "", "source": "", "authors": "", "application": ["rw"], "verified": false, "default": false, "protected": false, "defaultEditableWidget": true, "published": true, "thumbnailUrl": "http://wri-api-backups.s3.amazonaws.com/resourcewatch/prod/thumbnails/6a3a0472-5cb3-46e9-b1c9-e214ba9053e4-1556735096196.png", "freeze": false, "env": "production", "queryUrl": "", "widgetConfig": {"paramsConfig": {"visualizationType": "chart", "limit": 500, "value": {"tableName": "cli_008_greenhouse_gas_emissions_country_sector_edit_1", "datasetID": "a290675c-9528-4a51-8201-f6c2d7848744", "type": "number", "name": "total_ghg_emissions_including_land_use_change_and_forestry_mtc", "alias": "Total GHG Emissions Including Land Use Change & Forestry (MMT CO\u2082e)"}, "category": {"tableName": "cli_008_greenhouse_gas_emissions_country_sector_edit_1", "datasetID": "a290675c-9528-4a51-8201-f6c2d7848744", "type": "number", "name": "year", "alias": "Year"}, "color": null, "size": null, "orderBy": {"orderType": "asc", "tableName": "cli_008_greenhouse_gas_emissions_country_sector_edit_1", "datasetID": "a290675c-9528-4a51-8201-f6c2d7848744", "type": "number", "name": "year", "alias": "Year"}, "aggregateFunction": "sum", "chartType": "bar", "filters": [], "areaIntersection": null, "band": null, "layer": null}, "data": [{"name": "table", "transform": [{"type": "identifier", "as": "id"}, {"type": "joinaggregate", "as": ["count"]}], "url": "https://api.resourcewatch.org/v1/query/a290675c-9528-4a51-8201-f6c2d7848744?sql=SELECT%20year%20as%20x%2C%20SUM(total_ghg_emissions_including_land_use_change_and_forestry_mtc)%20as%20y%20FROM%20cli_008_greenhouse_gas_emissions_country_sector_edit_1%20%20GROUP%20BY%20%20x%20ORDER%20BY%20year%20asc LIMIT 500", "format": {"type": "json", "property": "data"}}], "scales": [{"name": "x", "type": "band", "range": "width", "padding": 0.05, "domain": {"data": "table", "field": "id"}}, {"name": "y", "type": "linear", "range": "height", "nice": true, "zero": true, "domain": {"data": "table", "field": "y"}}], "axes": [{"orient": "bottom", "scale": "x", "labelOverlap": "parity", "ticks": false, "encode": {"labels": {"update": {"text": {"signal": "format(data('table')[datum.value - 1].x, 'd')"}, "align": {"signal": "width < 300 || data('table')[0].count > 10 ? 'right' : 'center'"}, "baseline": {"signal": "width < 300 || data('table')[0].count > 10 ? 'middle' : 'top'"}, "angle": {"signal": "width < 300 || data('table')[0].count > 10 ? -90 : 0"}}}}}, {"orient": "left", "scale": "y", "labelOverlap": "parity", "format": "s", "encode": {"labels": {"update": {"align": {"value": "right"}, "baseline": {"value": "bottom"}}}}}], "marks": [{"type": "rect", "from": {"data": "table"}, "encode": {"update": {"opacity": {"value": 1}, "x": {"scale": "x", "field": "id"}, "width": {"scale": "x", "band": 1}, "y": {"scale": "y", "field": "y"}, "y2": {"scale": "y", "value": 0}}, "hover": {"opacity": {"value": 0.8}}}}], "interaction_config": [{"name": "tooltip", "config": {"fields": [{"column": "y", "property": "Total GHG Emissions Including Land Use Change & Forestry (MMT CO\u2082e)", "type": "number", "format": ".2s"}, {"column": "x", "property": "Year", "type": "number", "format": "d"}]}}], "config": {"range": {"dotSize": [20, 250], "category20": ["#3BB2D0", "#2C75B0", "#FAB72E", "#EF4848", "#65B60D", "#C32D7B", "#F577B9", "#5FD2B8", "#F1800F", "#9F1C00", "#A5E9E3", "#B9D765", "#393F44", "#CACCD0", "#717171"], "ordinal": {"scheme": "greens"}, "ramp": {"scheme": "purples"}}, "axis": {"labelFontSize": 13, "labelFont": "Lato", "labelColor": "#717171", "labelPadding": 10, "ticks": true, "tickSize": 8, "tickColor": "#A9ABAD", "tickOpacity": 0.5, "tickExtra": false}, "axisX": {"bandPosition": 0.5, "domainWidth": 1.2, "domainColor": "#A9ABAD", "labelAlign": "center", "labelBaseline": "top"}, "axisY": {"domain": false, "labelAlign": "left", "labelBaseline": "bottom", "tickOpacity": 0.5, "grid": true, "ticks": false, "gridColor": "#A9ABAD", "gridOpacity": 0.5}, "mark": {"fill": "#3BB2D0"}, "symbol": {"fill": "#3BB2D0", "stroke": "#fff"}, "rect": {"fill": "#3BB2D0"}, "line": {"interpolate": "linear", "stroke": "#3BB2D0", "fillOpacity": 0}}}, "template": false, "createdAt": "2018-03-15T02:36:46.020Z", "updatedAt": "2019-05-01T18:24:56.113Z"}}, {"id": "ce7c5609-5950-40a2-ba09-01b4cfa8493f", "type": "widget", "attributes": {"name": "EC GHG emissions (excl. LUCF)", "dataset": "a290675c-9528-4a51-8201-f6c2d7848744", "slug": "Peru-GHG-emissions-excl-LUCF", "userId": "58fde4354eecd9073107af0f", "application": ["rw"], "verified": false, "default": false, "protected": false, "defaultEditableWidget": false, "published": false, "freeze": false, "env": "production", "widgetConfig": {"paramsConfig": {"visualizationType": "chart", "caption": null, "limit": 500, "value": {"tableName": "cli_008_greenhouse_gas_emissions_country_sector_edit_1", "datasetID": "a290675c-9528-4a51-8201-f6c2d7848744", "type": "number", "alias": "Total GHG Emissions Excluding Land Use Change & Forestry (MtCO\u2082e)", "name": "total_ghg_emissions_excluding_land_use_change_and_forestry_mtc"}, "category": {"tableName": "cli_008_greenhouse_gas_emissions_country_sector_edit_1", "datasetID": "a290675c-9528-4a51-8201-f6c2d7848744", "type": "number", "alias": "Year", "name": "year"}, "color": null, "size": null, "orderBy": null, "aggregateFunction": null, "chartType": "bar", "filters": [{"value": ["Ecuador"], "tableName": "cli_008_greenhouse_gas_emissions_country_sector_edit_1", "datasetID": "a290675c-9528-4a51-8201-f6c2d7848744", "type": "string", "alias": "Country", "name": "country"}], "areaIntersection": null, "band": null, "layer": null}, "data": [{"name": "table", "url": "https://api.resourcewatch.org/v1/query/a290675c-9528-4a51-8201-f6c2d7848744?sql=SELECT year as x, total_ghg_emissions_excluding_land_use_change_and_forestry_mtc as y FROM cli_008_greenhouse_gas_emissions_country_sector_edit_1 WHERE country IN ('Ecuador')   LIMIT 500", "format": {"type": "json", "property": "data"}}, {"name": "stats", "source": "table", "transform": [{"type": "aggregate", "fields": ["x"], "ops": ["distinct"], "as": ["value"]}, {"type": "extent", "field": "value", "signal": "extent"}]}], "scales": [{"name": "x", "type": "band", "range": "width", "padding": 0.05, "domain": {"data": "table", "field": "x"}}, {"name": "y", "type": "linear", "range": "height", "nice": true, "zero": true, "domain": {"data": "table", "field": "y"}}], "axes": [{"orient": "bottom", "scale": "x", "labelOverlap": "parity", "ticks": false, "encode": {"labels": {"update": {"align": {"signal": "width < 300 || extent[1] > 10 ? 'right' : 'center'"}, "baseline": {"signal": "width < 300 || extent[1] > 10 ? 'middle' : 'top'"}, "angle": {"signal": "width < 300 || extent[1] > 10 ? -90 :0 "}, "text": {"signal": "format(datum.value, 'd')"}}}}}, {"orient": "left", "scale": "y", "labelOverlap": "parity", "encode": {"labels": {"update": {"align": {"value": "right"}, "baseline": {"value": "bottom"}}}}}], "marks": [{"type": "rect", "from": {"data": "table"}, "encode": {"update": {"opacity": {"value": 1}, "x": {"scale": "x", "field": "x"}, "width": {"scale": "x", "band": 1}, "y": {"scale": "y", "field": "y"}, "y2": {"scale": "y", "value": 0}}, "hover": {"opacity": {"value": 0.8}}}}], "interaction_config": [{"name": "tooltip", "config": {"fields": [{"column": "y", "property": "Total GHG Emissions Excluding Land Use Change & Forestry (MtCO\u2082e)", "type": "number", "format": ".2s"}, {"column": "x", "property": "Year", "type": "number", "format": "d"}]}}]}, "template": false, "createdAt": "2018-03-22T04:23:02.957Z", "updatedAt": "2018-03-22T04:23:02.957Z"}}], "layer": [{"id": "09aa80be-d7c8-4008-98fb-8adbd3a2e05b", "type": "layer", "attributes": {"name": "2014 Total GHG Emissions, Excluding Land-Use Change and Forestry (Mt CO\u2082e)", "slug": "2014-Total-GHG-Emissions-Excluding-Land-Use-Change-and-Forestry-MtCOe", "dataset": "a290675c-9528-4a51-8201-f6c2d7848744", "description": "Total greenhouse gas (GHG) emissions by country, excluding land-use change and forestry,  for 2014. GHG emissions are measured in metric megatons of carbon dioxide equivalent (Mt CO\u2082e).", "application": ["rw"], "iso": [], "provider": "cartodb", "userId": "5981e73b0c069f3c93dc5e2a", "default": true, "protected": false, "published": true, "env": "production", "layerConfig": {"body": {"layers": [{"options": {"cartocss_version": "2.3.0", "cartocss": "#cli_008_greenhouse_gas_emissions_country_sector {polygon-opacity:1;  line-width: 0.5; line-opacity:1; line-color: #FFF;}  [total_ghg_emissions_excluding_land_use_change_and_forestry_mtc>=1000]{polygon-fill:#b30000;} [total_ghg_emissions_excluding_land_use_change_and_forestry_mtc>=500][total_ghg_emissions_excluding_land_use_change_and_forestry_mtc<1000]{polygon-fill:#e34a33;} [total_ghg_emissions_excluding_land_use_change_and_forestry_mtc>=100][total_ghg_emissions_excluding_land_use_change_and_forestry_mtc<500]{polygon-fill:#fc8d59;} [total_ghg_emissions_excluding_land_use_change_and_forestry_mtc>=20][total_ghg_emissions_excluding_land_use_change_and_forestry_mtc<100]{polygon-fill:#fdcc8a;} [total_ghg_emissions_excluding_land_use_change_and_forestry_mtc<20]{polygon-fill:#fef0d9;}", "sql": "SELECT wri.cartodb_id, wri.the_geom_webmercator, data.rw_country_name, data.year, data.total_ghg_emissions_excluding_land_use_change_and_forestry_mtc FROM cli_008_greenhouse_gas_emissions_country_sector_edit_1 data LEFT OUTER JOIN wri_countries_a wri ON data.rw_country_name = wri.name WHERE data.total_ghg_emissions_excluding_land_use_change_and_forestry_mtc IS NOT NULL and data.year=2014 and data.country NOT LIKE 'World' and data.country NOT LIKE 'European Union (28)'"}, "type": "mapnik"}], "minzoom": 3, "maxzoom": 18, "vectorLayers": [{"paint": {"line-width": 0.5, "line-opacity": 1, "line-color": " #FFF"}, "source-layer": "layer0", "type": "line", "filter": ["all"]}, {"paint": {"fill-opacity": 1}, "source-layer": "layer0", "type": "fill", "filter": ["all"]}, {"paint": {"fill-color": "#b30000"}, "source-layer": "layer0", "type": "fill", "filter": ["all", [">=", "total_ghg_emissions_excluding_land_use_change_and_forestry_mtc", 1000]]}, {"paint": {"fill-color": "#e34a33"}, "source-layer": "layer0", "type": "fill", "filter": ["all", [">=", "total_ghg_emissions_excluding_land_use_change_and_forestry_mtc", 500], ["<", "total_ghg_emissions_excluding_land_use_change_and_forestry_mtc", 1000]]}, {"paint": {"fill-color": "#fc8d59"}, "source-layer": "layer0", "type": "fill", "filter": ["all", [">=", "total_ghg_emissions_excluding_land_use_change_and_forestry_mtc", 100], ["<", "total_ghg_emissions_excluding_land_use_change_and_forestry_mtc", 500]]}, {"paint": {"fill-color": "#fdcc8a"}, "source-layer": "layer0", "type": "fill", "filter": ["all", [">=", "total_ghg_emissions_excluding_land_use_change_and_forestry_mtc", 25], ["<", "total_ghg_emissions_excluding_land_use_change_and_forestry_mtc", 100]]}, {"paint": {"fill-color": "#fef0d9"}, "source-layer": "layer0", "type": "fill", "filter": ["all", ["<", "total_ghg_emissions_excluding_land_use_change_and_forestry_mtc", 25]]}]}, "account": "wri-rw"}, "legendConfig": {"items": [{"color": "#fef0d9", "name": "<20", "id": 0}, {"color": "#fdcc8a", "name": "<100", "id": 1}, {"color": "#fc8d59", "name": "<500", "id": 2}, {"color": "#e34a33", "name": "<1,000", "id": 3}, {"color": "#b30000", "name": ">1,000", "id": 4}], "type": "choropleth"}, "interactionConfig": {"output": [{"column": "rw_country_name", "format": null, "prefix": "", "property": "Country", "suffix": "", "type": "string"}, {"column": "total_ghg_emissions_excluding_land_use_change_and_forestry_mtc", "format": null, "prefix": "", "property": "Total Emissions (Excluding Land-Use Change and Forestry)", "suffix": " Mt CO\u2082e", "type": "number"}, {"column": "cartodb_id", "format": null, "prefix": "", "property": "Area ID", "suffix": ""}]}, "applicationConfig": {}, "staticImageConfig": {}, "createdAt": "2019-10-10T19:28:01.739Z", "updatedAt": "2019-10-15T15:04:26.216Z"}}, {"id": "dfa33500-402b-4776-b633-379a9a4a8284", "type": "layer", "attributes": {"name": "2014 Transportation  Emissions (Mt CO\u2082e)", "slug": "2014-Transportation-Emissions-MMT-COe", "dataset": "a290675c-9528-4a51-8201-f6c2d7848744", "description": "Transportation greenhouse gas (GHG) emissions by country for 2014. GHG emissions are measured in metric megatons of carbon dioxide equivalent (Mt CO\u2082e).", "application": ["rw"], "iso": [], "provider": "cartodb", "userId": "5d0901197aabc0001072e40c", "default": false, "protected": false, "published": true, "env": "preproduction", "layerConfig": {"body": {"layers": [{"options": {"cartocss_version": "2.3.0", "cartocss": "#cli_008_greenhouse_gas_emissions_country_sector {polygon-opacity:1;  line-width: 0.5; line-opacity:1; line-color: #FFF;}  [transportation_mtco2e>=1000]{polygon-fill:#b30000;} [transportation_mtco2e>=500][transportation_mtco2e<1000]{polygon-fill:#e34a33;} [transportation_mtco2e>=100][transportation_mtco2e<500]{polygon-fill:#fc8d59;} [transportation_mtco2e>=20][transportation_mtco2e<100]{polygon-fill:#fdcc8a;} [transportation_mtco2e<20]{polygon-fill:#fef0d9;}", "sql": "SELECT wri.cartodb_id, wri.the_geom_webmercator, data.rw_country_name, data.year, data.transportation_mtco2e FROM cli_008_greenhouse_gas_emissions_country_sector_edit_1 data LEFT OUTER JOIN wri_countries_a wri ON data.rw_country_name = wri.name WHERE data.transportation_mtco2e IS NOT NULL and data.year=2014 and data.country NOT LIKE 'World' and data.country NOT LIKE 'European Union (28)'"}, "type": "mapnik"}], "minzoom": 3, "maxzoom": 18, "vectorLayers": [{"paint": {"line-width": 0.5, "line-opacity": 1, "line-color": " #FFF"}, "source-layer": "layer0", "type": "line", "filter": ["all"]}, {"paint": {"fill-opacity": 1}, "source-layer": "layer0", "type": "fill", "filter": ["all"]}, {"paint": {"fill-color": "#b30000"}, "source-layer": "layer0", "type": "fill", "filter": ["all", [">=", "transportation_mtco2e", 1000]]}, {"paint": {"fill-color": "#e34a33"}, "source-layer": "layer0", "type": "fill", "filter": ["all", [">=", "transportation_mtco2e", 500], ["<", "transportation_mtco2e", 1000]]}, {"paint": {"fill-color": "#fc8d59"}, "source-layer": "layer0", "type": "fill", "filter": ["all", [">=", "transportation_mtco2e", 100], ["<", "transportation_mtco2e", 500]]}, {"paint": {"fill-color": "#fdcc8a"}, "source-layer": "layer0", "type": "fill", "filter": ["all", [">=", "transportation_mtco2e", 25], ["<", "transportation_mtco2e", 100]]}, {"paint": {"fill-color": "#fef0d9"}, "source-layer": "layer0", "type": "fill", "filter": ["all", ["<", "transportation_mtco2e", 25]]}]}, "account": "wri-rw"}, "legendConfig": {"items": [{"color": "#fef0d9", "name": "<20", "id": 0}, {"color": "#fdcc8a", "name": "<100", "id": 1}, {"color": "#fc8d59", "name": "<500", "id": 2}, {"color": "#e34a33", "name": "<1,000", "id": 3}, {"color": "#b30000", "name": ">1,000", "id": 4}], "type": "choropleth"}, "interactionConfig": {"output": [{"column": "rw_country_name", "format": null, "prefix": "", "property": "Country", "suffix": ""}, {"column": "transportation_mtco2e", "format": null, "prefix": "", "property": "Transportation Emissions ", "suffix": " Mt CO\u2082e"}, {"column": "cartodb_id", "format": null, "prefix": "", "property": "Area ID", "suffix": ""}]}, "applicationConfig": {}, "staticImageConfig": {}, "createdAt": "2019-10-10T18:49:28.342Z", "updatedAt": "2019-10-16T14:39:36.015Z"}}, {"id": "b000b754-3b2f-4b6a-a3c4-ff7ef4c882ff", "type": "layer", "attributes": {"name": "2014 Energy Emissions (Mt CO\u2082e)", "slug": "2014-Energy-Emissions-MMT-COe", "dataset": "a290675c-9528-4a51-8201-f6c2d7848744", "description": "Energy greenhouse gas (GHG) emissions by country for 2014. GHG emissions are measured in metric megatons of carbon dioxide equivalent (Mt CO\u2082e).", "application": ["rw"], "iso": [], "provider": "cartodb", "userId": "5d0901197aabc0001072e40c", "default": false, "protected": false, "published": true, "env": "preproduction", "layerConfig": {"body": {"layers": [{"options": {"cartocss_version": "2.3.0", "cartocss": "#cli_008_greenhouse_gas_emissions_country_sector {polygon-opacity:1;  line-width: 0.5; line-opacity:1; line-color: #FFF;}  [energy_mtco2e>=1000]{polygon-fill:#b30000;} [energy_mtco2e>=500][energy_mtco2e<1000]{polygon-fill:#e34a33;} [energy_mtco2e>=100][energy_mtco2e<500]{polygon-fill:#fc8d59;} [energy_mtco2e>=20][energy_mtco2e<100]{polygon-fill:#fdcc8a;} [energy_mtco2e<20]{polygon-fill:#fef0d9;}", "sql": "SELECT wri.cartodb_id, wri.the_geom_webmercator, data.rw_country_name, data.year, data.energy_mtco2e FROM cli_008_greenhouse_gas_emissions_country_sector_edit_1 data LEFT OUTER JOIN wri_countries_a wri ON data.rw_country_name = wri.name WHERE data.energy_mtco2e IS NOT NULL and data.year=2014 and data.country NOT LIKE 'World' and data.country NOT LIKE 'European Union (28)'"}, "type": "mapnik"}], "minzoom": 3, "maxzoom": 18, "vectorLayers": [{"paint": {"line-width": 0.5, "line-opacity": 1, "line-color": " #FFF"}, "source-layer": "layer0", "type": "line", "filter": ["all"]}, {"paint": {"fill-opacity": 1}, "source-layer": "layer0", "type": "fill", "filter": ["all"]}, {"paint": {"fill-color": "#b30000"}, "source-layer": "layer0", "type": "fill", "filter": ["all", [">=", "energy_mtco2e", 1000]]}, {"paint": {"fill-color": "#e34a33"}, "source-layer": "layer0", "type": "fill", "filter": ["all", [">=", "energy_mtco2e", 500], ["<", "energy_mtco2e", 1000]]}, {"paint": {"fill-color": "#fc8d59"}, "source-layer": "layer0", "type": "fill", "filter": ["all", [">=", "energy_mtco2e", 100], ["<", "energy_mtco2e", 500]]}, {"paint": {"fill-color": "#fdcc8a"}, "source-layer": "layer0", "type": "fill", "filter": ["all", [">=", "energy_mtco2e", 25], ["<", "energy_mtco2e", 100]]}, {"paint": {"fill-color": "#fef0d9"}, "source-layer": "layer0", "type": "fill", "filter": ["all", ["<", "energy_mtco2e", 25]]}]}, "account": "wri-rw"}, "legendConfig": {"items": [{"color": "#fef0d9", "name": "<20", "id": 0}, {"color": "#fdcc8a", "name": "<100", "id": 1}, {"color": "#fc8d59", "name": "<500", "id": 2}, {"color": "#e34a33", "name": "<1,000", "id": 3}, {"color": "#b30000", "name": ">1,000", "id": 4}], "type": "choropleth"}, "interactionConfig": {"output": [{"column": "rw_country_name", "format": null, "prefix": "", "property": "Country ", "suffix": ""}, {"column": "energy_mtco2e", "format": null, "prefix": "", "property": "Energy Emissions", "suffix": " Mt CO\u2082e"}, {"column": "cartodb_id", "format": null, "prefix": "", "property": "Area ID", "suffix": ""}]}, "applicationConfig": {}, "staticImageConfig": {}, "createdAt": "2019-10-10T19:27:07.405Z", "updatedAt": "2019-10-15T15:06:13.574Z"}}, {"id": "980685c2-68a6-4d00-96ef-dd94ecd2d0d5", "type": "layer", "attributes": {"name": "2014 Land Use and Forestry Emissions (Mt CO\u2082e)", "slug": "2014-Land-Use-and-Forestry-Emissions-MMT-COe", "dataset": "a290675c-9528-4a51-8201-f6c2d7848744", "description": "Land use and forestry greenhouse gas (GHG) emissions by country for 2014. GHG emissions are measured in metric megatons of carbon dioxide equivalent (Mt CO\u2082e).", "application": ["rw"], "iso": [], "provider": "cartodb", "userId": "5d0901197aabc0001072e40c", "default": false, "protected": false, "published": true, "env": "preproduction", "layerConfig": {"body": {"layers": [{"options": {"cartocss_version": "2.3.0", "cartocss": "#cli_008_greenhouse_gas_emissions_country_sector {polygon-opacity:1;  line-width: 0.5; line-opacity:1; line-color: #FFF;}  [land_use_change_and_forestry_mtco2e>=1000]{polygon-fill:#b30000;} [land_use_change_and_forestry_mtco2e>=200][land_use_change_and_forestry_mtco2e<1000]{polygon-fill:#e34a33;} [land_use_change_and_forestry_mtco2e>=0][land_use_change_and_forestry_mtco2e<200]{polygon-fill:#fc8d59;} [land_use_change_and_forestry_mtco2e>=-200][land_use_change_and_forestry_mtco2e<0]{polygon-fill:#fdcc8a;} [land_use_change_and_forestry_mtco2e<-200]{polygon-fill:#fef0d9;}", "sql": "SELECT wri.cartodb_id, wri.the_geom_webmercator, data.rw_country_name, data.year, data.land_use_change_and_forestry_mtco2e FROM cli_008_greenhouse_gas_emissions_country_sector_edit_1 data LEFT OUTER JOIN wri_countries_a wri ON data.rw_country_name = wri.name WHERE data.land_use_change_and_forestry_mtco2e IS NOT NULL and data.year=2014 and data.country NOT LIKE 'World' and data.country NOT LIKE 'European Union (28)'"}, "type": "mapnik"}], "minzoom": 3, "maxzoom": 18, "vectorLayers": [{"paint": {"line-width": 0.5, "line-opacity": 1, "line-color": " #FFF"}, "source-layer": "layer0", "type": "line", "filter": ["all"]}, {"paint": {"fill-opacity": 1}, "source-layer": "layer0", "type": "fill", "filter": ["all"]}, {"paint": {"fill-color": "#b30000"}, "source-layer": "layer0", "type": "fill", "filter": ["all", [">=", "land_use_change_and_forestry_mtco2e", 1000]]}, {"paint": {"fill-color": "#e34a33"}, "source-layer": "layer0", "type": "fill", "filter": ["all", [">=", "land_use_change_and_forestry_mtco2e", 500], ["<", "land_use_change_and_forestry_mtco2e", 1000]]}, {"paint": {"fill-color": "#fc8d59"}, "source-layer": "layer0", "type": "fill", "filter": ["all", [">=", "land_use_change_and_forestry_mtco2e", 100], ["<", "land_use_change_and_forestry_mtco2e", 500]]}, {"paint": {"fill-color": "#fdcc8a"}, "source-layer": "layer0", "type": "fill", "filter": ["all", [">=", "land_use_change_and_forestry_mtco2e", 25], ["<", "land_use_change_and_forestry_mtco2e", 100]]}, {"paint": {"fill-color": "#fef0d9"}, "source-layer": "layer0", "type": "fill", "filter": ["all", ["<", "land_use_change_and_forestry_mtco2e", 25]]}]}, "account": "wri-rw"}, "legendConfig": {"items": [{"color": "#fef0d9", "name": "<-200", "id": 0}, {"color": "#fdcc8a", "name": "<0", "id": 1}, {"color": "#fc8d59", "name": "<200", "id": 2}, {"color": "#e34a33", "name": "<1,000", "id": 3}, {"color": "#b30000", "name": ">1,000", "id": 4}], "type": "choropleth"}, "interactionConfig": {"output": [{"column": "rw_country_name", "format": null, "prefix": "", "property": "Country ", "suffix": ""}, {"column": "land_use_change_and_forestry_mtco2e", "format": null, "prefix": "", "property": "Land Use Change and Forestry Emissions", "suffix": "Mt CO\u2082e"}, {"column": "cartodb_id", "format": null, "prefix": "", "property": "Area ID", "suffix": ""}]}, "applicationConfig": {}, "staticImageConfig": {}, "createdAt": "2019-10-10T19:37:05.476Z", "updatedAt": "2019-10-15T15:06:29.409Z"}}, {"id": "c0c8ee6e-5cd4-4c9d-bd10-ce6545b26fef", "type": "layer", "attributes": {"name": "2014 Agriculture Emissions  (Mt CO\u2082e)", "slug": "2014-Agriculture-Emissions-MMT-COe", "dataset": "a290675c-9528-4a51-8201-f6c2d7848744", "description": "Agriculture greenhouse gas (GHG) emissions by country for 2014. GHG emissions are measured in metric megatons of carbon dioxide equivalent (Mt CO\u2082e).", "application": ["rw"], "iso": [], "provider": "cartodb", "userId": "5d0901197aabc0001072e40c", "default": false, "protected": false, "published": true, "env": "preproduction", "layerConfig": {"body": {"layers": [{"options": {"cartocss_version": "2.3.0", "cartocss": "#cli_008_greenhouse_gas_emissions_country_sector {polygon-opacity:1;  line-width: 0.5; line-opacity:1; line-color: #FFF;}  [agriculture_mtco2e>=750]{polygon-fill:#b30000;} [agriculture_mtco2e>=500][agriculture_mtco2e<750]{polygon-fill:#e34a33;} [agriculture_mtco2e>=100][agriculture_mtco2e<500]{polygon-fill:#fc8d59;} [agriculture_mtco2e>=20][agriculture_mtco2e<100]{polygon-fill:#fdcc8a;} [agriculture_mtco2e<20]{polygon-fill:#fef0d9;}", "sql": "SELECT wri.cartodb_id, wri.the_geom_webmercator, data.rw_country_name, data.year, data.agriculture_mtco2e FROM cli_008_greenhouse_gas_emissions_country_sector_edit_1 data LEFT OUTER JOIN wri_countries_a wri ON data.rw_country_name = wri.name WHERE data.agriculture_mtco2e IS NOT NULL and data.year=2014 and data.country NOT LIKE 'World' and data.country NOT LIKE 'European Union (28)'"}, "type": "mapnik"}], "minzoom": 3, "maxzoom": 18, "vectorLayers": [{"paint": {"line-width": 0.5, "line-opacity": 1, "line-color": " #FFF"}, "source-layer": "layer0", "type": "line", "filter": ["all"]}, {"paint": {"fill-opacity": 1}, "source-layer": "layer0", "type": "fill", "filter": ["all"]}, {"paint": {"fill-color": "#b30000"}, "source-layer": "layer0", "type": "fill", "filter": ["all", [">=", "agriculture_mtco2e", 1000]]}, {"paint": {"fill-color": "#e34a33"}, "source-layer": "layer0", "type": "fill", "filter": ["all", [">=", "agriculture_mtco2e", 500], ["<", "agriculture_mtco2e", 1000]]}, {"paint": {"fill-color": "#fc8d59"}, "source-layer": "layer0", "type": "fill", "filter": ["all", [">=", "agriculture_mtco2e", 100], ["<", "agriculture_mtco2e", 500]]}, {"paint": {"fill-color": "#fdcc8a"}, "source-layer": "layer0", "type": "fill", "filter": ["all", [">=", "agriculture_mtco2e", 25], ["<", "agriculture_mtco2e", 100]]}, {"paint": {"fill-color": "#fef0d9"}, "source-layer": "layer0", "type": "fill", "filter": ["all", ["<", "agriculture_mtco2e", 25]]}]}, "account": "wri-rw"}, "legendConfig": {"items": [{"color": "#fef0d9", "name": "<20", "id": 0}, {"color": "#fdcc8a", "name": "<100", "id": 1}, {"color": "#fc8d59", "name": "<500", "id": 2}, {"color": "#e34a33", "name": "<1,000", "id": 3}, {"color": "#b30000", "name": ">750", "id": 4}], "type": "choropleth"}, "interactionConfig": {"output": [{"column": "rw_country_name", "format": null, "prefix": "", "property": "Country", "suffix": ""}, {"column": "agriculture_mtco2e", "format": null, "prefix": "", "property": "Agriculture Emissions ", "suffix": "Mt CO\u2082e"}, {"column": "cartodb_id", "format": null, "prefix": "", "property": "Area ID", "suffix": ""}]}, "applicationConfig": {}, "staticImageConfig": {}, "createdAt": "2019-10-11T15:22:50.847Z", "updatedAt": "2019-10-15T15:05:49.176Z"}}, {"id": "366cf379-12c7-4dca-9eb3-df5a237cb2c1", "type": "layer", "attributes": {"name": "2014 Industrial Processes Emissions (Mt CO\u2082e)", "slug": "2014-Industrial-Processes-Emissions-MMT-COe", "dataset": "a290675c-9528-4a51-8201-f6c2d7848744", "description": "Industrial processes emissions by country, for 2014. GHG emissions are measured in metric megatons of carbon dioxide equivalent (Mt CO\u2082e).", "application": ["rw"], "iso": [], "provider": "cartodb", "userId": "5d0901197aabc0001072e40c", "default": false, "protected": false, "published": true, "env": "preproduction", "layerConfig": {"body": {"layers": [{"options": {"cartocss_version": "2.3.0", "cartocss": "#cli_008_greenhouse_gas_emissions_country_sector {polygon-opacity:1;  line-width: 0.5; line-opacity:1; line-color: #FFF;}  [industrial_processes_mtco2e>=500]{polygon-fill:#b30000;} [industrial_processes_mtco2e>=200][industrial_processes_mtco2e<500]{polygon-fill:#e34a33;} [industrial_processes_mtco2e>=100][industrial_processes_mtco2e<200]{polygon-fill:#fc8d59;} [industrial_processes_mtco2e>=10][industrial_processes_mtco2e<100]{polygon-fill:#fdcc8a;} [industrial_processes_mtco2e<10]{polygon-fill:#fef0d9;}", "sql": "SELECT wri.cartodb_id, wri.the_geom_webmercator, data.rw_country_name, data.year, data.industrial_processes_mtco2e FROM cli_008_greenhouse_gas_emissions_country_sector_edit_1 data LEFT OUTER JOIN wri_countries_a wri ON data.rw_country_name = wri.name WHERE data.industrial_processes_mtco2e IS NOT NULL and data.year=2014 and data.country NOT LIKE 'World' and data.country NOT LIKE 'European Union (28)'"}, "type": "mapnik"}], "minzoom": 3, "maxzoom": 18, "vectorLayers": [{"paint": {"line-width": 0.5, "line-opacity": 1, "line-color": " #FFF"}, "source-layer": "layer0", "type": "line", "filter": ["all"]}, {"paint": {"fill-opacity": 1}, "source-layer": "layer0", "type": "fill", "filter": ["all"]}, {"paint": {"fill-color": "#b30000"}, "source-layer": "layer0", "type": "fill", "filter": ["all", [">=", "industrial_processes_mtco2e", 1000]]}, {"paint": {"fill-color": "#e34a33"}, "source-layer": "layer0", "type": "fill", "filter": ["all", [">=", "industrial_processes_mtco2e", 500], ["<", "industrial_processes_mtco2e", 1000]]}, {"paint": {"fill-color": "#fc8d59"}, "source-layer": "layer0", "type": "fill", "filter": ["all", [">=", "industrial_processes_mtco2e", 100], ["<", "industrial_processes_mtco2e", 500]]}, {"paint": {"fill-color": "#fdcc8a"}, "source-layer": "layer0", "type": "fill", "filter": ["all", [">=", "industrial_processes_mtco2e", 25], ["<", "industrial_processes_mtco2e", 100]]}, {"paint": {"fill-color": "#fef0d9"}, "source-layer": "layer0", "type": "fill", "filter": ["all", ["<", "industrial_processes_mtco2e", 25]]}]}, "account": "wri-rw"}, "legendConfig": {"items": [{"color": "#fef0d9", "name": "<10", "id": 0}, {"color": "#fdcc8a", "name": "<100", "id": 1}, {"color": "#fc8d59", "name": "<200", "id": 2}, {"color": "#e34a33", "name": "<500", "id": 3}, {"color": "#b30000", "name": ">500", "id": 4}], "type": "choropleth"}, "interactionConfig": {"output": [{"column": "rw_country_name", "format": null, "prefix": "", "property": "Country", "suffix": ""}, {"column": "industrial_processes_mtco2e", "format": null, "prefix": "", "property": "Industrial Processes Emissions", "suffix": "Mt CO\u2082e"}, {"column": "cartodb_id", "format": null, "prefix": "", "property": "Area ID", "suffix": ""}]}, "applicationConfig": {}, "staticImageConfig": {}, "createdAt": "2019-10-11T15:48:53.667Z", "updatedAt": "2019-10-15T17:15:07.643Z"}}, {"id": "5730a618-fbcb-4e97-943e-f31b6f51f084", "type": "layer", "attributes": {"name": "2014 Electricity and Heat Emissions (Mt CO\u2082e)", "slug": "2014-Electricity-and-Heat-Emissions-Mt-COe", "dataset": "a290675c-9528-4a51-8201-f6c2d7848744", "description": "Electricity and heat emissions by country, for 2014. GHG emissions are measured in metric megatons of carbon dioxide equivalent (Mt CO\u2082e).", "application": ["rw"], "iso": [], "provider": "cartodb", "userId": "5d0901197aabc0001072e40c", "default": false, "protected": false, "published": true, "env": "preproduction", "layerConfig": {"body": {"layers": [{"options": {"cartocss_version": "2.3.0", "cartocss": "#cli_008_greenhouse_gas_emissions_country_sector {polygon-opacity:1;  line-width: 0.5; line-opacity:1; line-color: #FFF;}  [electricity_heat_mtco2e>=1000]{polygon-fill:#b30000;} [electricity_heat_mtco2e>=500][electricity_heat_mtco2e<1000]{polygon-fill:#e34a33;} [electricity_heat_mtco2e>=100][electricity_heat_mtco2e<500]{polygon-fill:#fc8d59;} [electricity_heat_mtco2e>=20][electricity_heat_mtco2e<100]{polygon-fill:#fdcc8a;} [electricity_heat_mtco2e<20]{polygon-fill:#fef0d9;}", "sql": "SELECT wri.cartodb_id, wri.the_geom_webmercator, data.rw_country_name, data.year, data.electricity_heat_mtco2e FROM cli_008_greenhouse_gas_emissions_country_sector_edit_1 data LEFT OUTER JOIN wri_countries_a wri ON data.rw_country_name = wri.name WHERE data.electricity_heat_mtco2e IS NOT NULL and data.year=2014 and data.country NOT LIKE 'World' and data.country NOT LIKE 'European Union (28)'"}, "type": "mapnik"}], "minzoom": 3, "maxzoom": 18, "vectorLayers": [{"paint": {"line-width": 0.5, "line-opacity": 1, "line-color": " #FFF"}, "source-layer": "layer0", "type": "line", "filter": ["all"]}, {"paint": {"fill-opacity": 1}, "source-layer": "layer0", "type": "fill", "filter": ["all"]}, {"paint": {"fill-color": "#b30000"}, "source-layer": "layer0", "type": "fill", "filter": ["all", [">=", "electricity_heat_mtco2e", 1000]]}, {"paint": {"fill-color": "#e34a33"}, "source-layer": "layer0", "type": "fill", "filter": ["all", [">=", "electricity_heat_mtco2e", 500], ["<", "electricity_heat_mtco2e", 1000]]}, {"paint": {"fill-color": "#fc8d59"}, "source-layer": "layer0", "type": "fill", "filter": ["all", [">=", "electricity_heat_mtco2e", 100], ["<", "electricity_heat_mtco2e", 500]]}, {"paint": {"fill-color": "#fdcc8a"}, "source-layer": "layer0", "type": "fill", "filter": ["all", [">=", "electricity_heat_mtco2e", 25], ["<", "electricity_heat_mtco2e", 100]]}, {"paint": {"fill-color": "#fef0d9"}, "source-layer": "layer0", "type": "fill", "filter": ["all", ["<", "electricity_heat_mtco2e", 25]]}]}, "account": "wri-rw"}, "legendConfig": {"items": [{"color": "#fef0d9", "name": "<20", "id": 0}, {"color": "#fdcc8a", "name": "<100", "id": 1}, {"color": "#fc8d59", "name": "<500", "id": 2}, {"color": "#e34a33", "name": "<1000", "id": 3}, {"color": "#b30000", "name": ">1000", "id": 4}], "type": "choropleth"}, "interactionConfig": {"output": [{"column": "rw_country_name", "format": null, "prefix": "", "property": "rw_country_name", "suffix": ""}, {"column": "electricity_heat_mtco2e", "format": null, "prefix": "", "property": "Electricity and Heat Emissions", "suffix": "Mt CO\u2082e"}, {"column": "cartodb_id", "format": null, "prefix": "", "property": "Area ID", "suffix": ""}]}, "applicationConfig": {}, "staticImageConfig": {}, "createdAt": "2019-10-15T15:14:34.976Z", "updatedAt": "2019-10-15T17:16:03.313Z"}}], "vocabulary": [{"type": "vocabulary", "attributes": {"resource": {"id": "a290675c-9528-4a51-8201-f6c2d7848744", "type": "dataset"}, "tags": ["emissions", "country", "global", "table", "geospatial", "historical", "climate", "climate_change", "SDG_13_Climate_Action", "SDG_target_13.2", "SDG_target_13.a"], "name": "knowledge_graph", "application": "rw"}}], "widgetRelevantProps": ["country", "year", "total_ghg_emissions_excluding_land_use_change_and_forestry_mtc", "total_ghg_emissions_including_land_use_change_and_forestry_mtc", "total_co2_excluding_land_use_change_and_forestry_mtco2", "total_ch4_mtco2e", "total_n2o_mtco2e", "total_f_gas_mtco2e", "total_co2_including_land_use_change_and_forestry_mtco2", "total_ch4_including_land_use_change_and_forestry_mtco2e", "total_n2o_including_land_use_change_and_forestry_mtco2e", "energy_mtco2e", "industrial_processes_mtco2e", "agriculture_mtco2e", "waste_mtco2e", "land_use_change_and_forestry_mtco2e", "bunker_fuels_mtco2e", "electricity_heat_mtco2e", "manufacturing_construction_mtco2e", "transportation_mtco2e", "other_fuel_combustion_mtco2e", "fugitive_emissions_mtco2e"], "layerRelevantProps": ["cartodb_id", "agriculture_mtco2e", "country", "electricity_heat_mtco2e", "energy_mtco2e", "industrial_processes_mtco2e", "land_use_change_and_forestry_mtco2e", "manufacturing_construction_mtco2e", "total_ghg_emissions_excluding_land_use_change_and_forestry_mtc", "transportation_mtco2e", "waste_mtco2e", "rw_country_name", "rw_country_code"]}}