{"id": "a89c95c7-0b82-4162-b9d8-cc0205e9f7ec", "type": "dataset", "server": "https://api.resourcewatch.org", "attributes": {"name": "soc.006 Multidimensional Poverty Index", "slug": "Multidimensional-Poverty-Index", "type": "tabular", "subtitle": "UNDP/OPHI", "application": ["rw"], "dataPath": "", "attributesPath": null, "connectorType": "rest", "provider": "cartodb", "userId": "5980838ae24e6a1dae3dd446", "connectorUrl": "https://wri-rw.carto.com/tables/soc_006_multidimensional_poverty_index/public", "sources": [], "tableName": "soc_006_multidimensional_poverty_index", "status": "saved", "published": true, "overwrite": false, "verified": false, "blockchain": {}, "subscribable": {}, "mainDateField": null, "env": "production", "geoInfo": true, "protected": false, "legend": {"date": [], "region": [], "country": [], "nested": [], "integer": [], "short": [], "byte": [], "double": [], "float": [], "half_float": [], "scaled_float": [], "boolean": [], "binary": [], "text": [], "keyword": []}, "clonedHost": {}, "errorMessage": null, "taskId": null, "createdAt": "2020-02-06T15:29:04.775Z", "updatedAt": "2019-02-20T22:08:44.739Z", "dataLastUpdated": null, "metadata": [{"id": "59dd3c879caa8700129be7cf", "type": "metadata", "attributes": {"dataset": "a89c95c7-0b82-4162-b9d8-cc0205e9f7ec", "application": "rw", "resource": {"id": "a89c95c7-0b82-4162-b9d8-cc0205e9f7ec", "type": "dataset"}, "language": "en", "name": "Multidimensional Poverty Index", "description": "The UN Development Programme (UNDP) compiles the Multidimensional Poverty Index (MPI) as part of its Human Development Report initiative. First published in 2010, the MPI identifies multiple deprivations at the household and individual level in health, education, and standard of living. It uses microdata from household surveys, and\u2014unlike the Inequality-Adjusted Human Development Index\u2014all the indicators needed to construct the measure must come from the same survey. Each person in a given household is classified as poor or nonpoor depending on the weighted number of deprivations his or her household experiences. These data are then aggregated into the national measure of poverty. The MPI reflects both the prevalence of multidimensional deprivation and its intensity\u2014the percentage of simultaneous deprivations poor people experience. It can be used to create a comprehensive picture of people living in poverty and permits comparisons both across countries, regions, and the world and within countries by ethnic group, urban, or rural location, as well as other key household and community characteristics. The MPI offers a valuable complement to income-based poverty measures. Indicators shown in the MPI include the following: (1) health: nutrition and child mortality; (2) education: years of schooling and children enrolled; and (3) standard of living: cooking fuel, toilet, water, electricity, floor, and assets. The MPI is calculated by multiplying the incidence of poverty by the intensity of poverty. The incidence of poverty is the proportion of people considered to experience multidimensional poverty, in other words, that are considered deprived in at least one-third of the MPI's weighted indicators. The intensity of multidimensional poverty is the weighted average number of deprivations poor people experience at the same time. The main data sources of the MPI are the Macro Demographic and Health Survey (DHS) of the Inner City Fund (ICF) and the Multiple Indicators Cluster Survey (MICS) of the United Nations Children's Fund (UNICEF). The 2016 Human Development Report (HDR) presents estimates for 102 developing countries with a combined population of 5.2 billion (72% of the world total). About 1.5 billion people in the countries covered\u201429% of their entire population\u2014lived in multidimensional poverty between 2005 and 2015. Resource Watch shows only a subset of the data set. For access to the full data set and additional information, see the Learn More link.", "source": "UNDP/OPHI", "info": {"rwId": "soc.006", "data_type": "Tabular", "name": "Multidimensional Poverty Index", "sources": [{"source-name": "United Nations Development Programme (UNDP)", "id": 0, "source-description": ""}, {"source-name": "Oxford Poverty and Human Development Initiative (OPHI)", "id": 1, "source-description": ""}], "technical_title": "Multidimensional Poverty Index", "functions": "Index on multidimensional poverty across health, education, and standard of living", "cautions": "The MPI has some drawbacks, due mainly to data constraints. First, the indicators include both outputs (such as years of schooling) and inputs (such as cooking fuel) as well as one stock indicator (child mortality). Second, the health data are relatively weak and overlook some groups\u2019 deprivations, especially for nutrition, though the patterns that emerge are plausible and familiar. Third, in some cases careful judgments were needed to address missing data. But to be considered multidimensionally poor, households must be deprived in at least 6 standard-of-living indicators or in 3 standard-of-living indicators and one health or education indicator. This requirement makes the MPI less sensitive to minor inaccuracies. Fourth, intrahousehold inequalities may be severe, but these could not be reflected. Fifth, while the MPI goes well beyond a headcount to include the intensity of poverty experienced, it does not measure inequality among the poor, although decompositions by groups can be used to reveal group-based inequalities. Finally, the estimates presented here are based on publicly available data and cover various years between 2005 and 2015, which limits direct cross-country comparability.", "citation": "Jahan, Selim et al. 2016. \"Human Development Report 2016: Human Development for Everyone.\" United Nations Development Programme. Available at: http://hdr.undp.org/sites/default/files/2016_human_development_report.pdf. Accessed through Resource Watch, (date). [www.resourcewatch.org](www.resourcewatch.org).", "license": "Creative Commons Attribution 3.0 IGO", "license_link": "https://creativecommons.org/licenses/by/3.0/igo/legalcode", "geographic_coverage": "102 countries", "spatial_resolution": "National", "date_of_content": "2005-2015", "frequency_of_updates": "Annual", "learn_more_link": "http://hdr.undp.org/en/content/multidimensional-poverty-index-mpi", "data_download_link": "https://wri-public-data.s3.amazonaws.com/resourcewatch/soc_006_multidimensional_poverty_index.zip", "data_download_original_link": "http://hdr.undp.org/en/data#"}, "columns": {"hdi_rank": {"alias": "Human Development Index Rank", "description": ""}, "country": {"alias": "Country"}, "yr_2005": {"alias": "2005"}, "yr_2006": {"alias": "2006"}, "yr_2007": {"alias": "2007"}, "yr_2008": {"alias": "2008"}, "yr_2009": {"alias": "2009"}, "yr_2010": {"alias": "2010"}, "yr_2011": {"alias": "2011"}, "yr_2012": {"alias": "2012"}, "yr_2013": {"alias": "2013"}, "yr_2014": {"alias": "2014"}, "yr_2015": {"alias": "2015"}, "latest": {"alias": "Latest Score", "description": "Most recent Multidimensional Poverty Index score"}, "yr_data": {"alias": "Multidimensional Poverty Index Value"}, "datetime": {"alias": "Year"}, "rw_country_code": {"alias": "ISO Code"}}, "createdAt": "2017-10-10T21:32:55.762Z", "updatedAt": "2020-02-04T19:46:34.300Z", "status": "published"}}], "widget": [{"id": "611c3988-95ff-4fc8-95ad-c0f666534d5c", "type": "widget", "attributes": {"name": "2015 Multidimensional Poverty Index Scores", "dataset": "a89c95c7-0b82-4162-b9d8-cc0205e9f7ec", "slug": "Multidimensional-Poverty-Index-2015", "userId": "59aeb48e3fc0460001a45524", "description": "", "source": "", "authors": "", "application": ["rw"], "verified": false, "default": false, "protected": false, "defaultEditableWidget": true, "published": true, "freeze": false, "env": "production", "queryUrl": "", "widgetConfig": {"paramsConfig": {"visualizationType": "chart", "limit": 500, "value": {"tableName": "soc_006_multidimensional_poverty_index", "datasetID": "a89c95c7-0b82-4162-b9d8-cc0205e9f7ec", "type": "number", "name": "latest", "alias": "Latest Score"}, "category": {"name": "country", "type": "string", "datasetID": "a89c95c7-0b82-4162-b9d8-cc0205e9f7ec", "tableName": "soc_006_multidimensional_poverty_index", "alias": "Country"}, "color": null, "size": null, "orderBy": {"name": "latest", "alias": "Latest Score", "type": "number", "datasetID": "a89c95c7-0b82-4162-b9d8-cc0205e9f7ec", "tableName": "soc_006_multidimensional_poverty_index", "orderType": "desc"}, "aggregateFunction": null, "chartType": "bar", "filters": [{"name": "datetime", "alias": "Year", "type": "date", "datasetID": "a89c95c7-0b82-4162-b9d8-cc0205e9f7ec", "tableName": "soc_006_multidimensional_poverty_index", "value": ["2015-01-01T00:00:00.000Z", "2015-01-01T00:00:00.000Z"]}], "areaIntersection": null, "band": null, "layer": null}, "data": [{"name": "table", "transform": [{"type": "identifier", "as": "id"}, {"type": "joinaggregate", "as": ["count"]}], "url": "https://api.resourcewatch.org/v1/query/a89c95c7-0b82-4162-b9d8-cc0205e9f7ec?sql=SELECT country as x, latest as y FROM soc_006_multidimensional_poverty_index WHERE datetime >= '2015-01-01T00:00:00.000Z' AND datetime <= '2015-01-01T00:00:00.000Z'  ORDER BY latest desc LIMIT 500", "format": {"type": "json", "property": "data"}}], "scales": [{"name": "x", "type": "band", "range": "width", "padding": 0.05, "domain": {"data": "table", "field": "id"}}, {"name": "y", "type": "linear", "range": "height", "nice": true, "zero": true, "domain": {"data": "table", "field": "y"}}], "axes": [{"orient": "bottom", "scale": "x", "labelOverlap": "parity", "ticks": false, "encode": {"labels": {"update": {"text": {"signal": "width < 300 || data('table')[0].count > 10 ? truncate(data('table')[datum.value - 1].x, 12) : data('table')[datum.value - 1].x"}, "align": {"signal": "width < 300 || data('table')[0].count > 10 ? 'right' : 'center'"}, "baseline": {"signal": "width < 300 || data('table')[0].count > 10 ? 'middle' : 'top'"}, "angle": {"signal": "width < 300 || data('table')[0].count > 10 ? -90 :0 "}}}}}, {"orient": "left", "scale": "y", "labelOverlap": "parity", "format": "s", "encode": {"labels": {"update": {"align": {"value": "right"}, "baseline": {"value": "bottom"}}}}}], "marks": [{"type": "rect", "from": {"data": "table"}, "encode": {"update": {"opacity": {"value": 1}, "x": {"scale": "x", "field": "id"}, "width": {"scale": "x", "band": 1}, "y": {"scale": "y", "field": "y"}, "y2": {"scale": "y", "value": 0}}, "hover": {"opacity": {"value": 0.8}}}}], "interaction_config": [{"name": "tooltip", "config": {"fields": [{"column": "y", "property": "Latest Score", "type": "number", "format": ".2s"}, {"column": "x", "property": "Country", "type": "string", "format": ".2f"}]}}], "config": null}, "template": false, "createdAt": "2017-10-12T21:54:38.809Z", "updatedAt": "2017-10-12T21:54:38.809Z"}}], "layer": [{"id": "8eec0d73-1380-4756-a5cd-9a6acec7752e", "type": "layer", "attributes": {"name": "2005-2015 Multidimensional Poverty Index", "slug": "2014-Multidimensional-Poverty-Index", "dataset": "a89c95c7-0b82-4162-b9d8-cc0205e9f7ec", "description": "The Multidimensional Poverty Index identifies the percentage of the population that experiences multiple deprivations at the household and individual level in health, education, and standard of living, adjusted by the intensity of the deprivations. The most recent year of data available between 2005 and 2015 is displayed (varies by country).", "application": ["rw"], "iso": [], "provider": "cartodb", "userId": "58f63c81bd32c60206ed6b12", "default": true, "protected": false, "published": true, "env": "production", "layerConfig": {"body": {"layers": [{"options": {"cartocss_version": "2.3.0", "cartocss": "#soc_006_multidimensional_poverty_index {polygon-opacity:1; line-width:0.5; line-color:#FFF; line-opacity:1;} [latest>=0.4]{polygon-fill:#a63603;} [latest>=0.3][latest<0.4]{polygon-fill:#e6550d;} [latest>=0.2][latest<0.3]{polygon-fill:#fd8d3c;} [latest>=0.1][latest<0.2]{polygon-fill:#fdbe85;} [latest<0.1]{polygon-fill:#feedde;} ", "sql": "SELECT DISTINCT ON (data.rw_country_name) wri.cartodb_id, wri.the_geom_webmercator, data.rw_country_name, data.rw_country_code, data.datetime, data.latest FROM soc_006_multidimensional_poverty_index data LEFT OUTER JOIN wri_countries_a wri ON data.rw_country_code = wri.iso_a3 WHERE data.latest IS NOT NULL ORDER BY data.rw_country_name, data.datetime DESC"}, "type": "mapnik"}], "minzoom": 3, "maxzoom": 18, "vectorLayers": [{"paint": {"line-width": 0.5, "line-color": "#FFF", "line-opacity": 1}, "source-layer": "layer0", "type": "line", "filter": ["all"]}, {"paint": {"fill-opacity": 1}, "source-layer": "layer0", "type": "fill", "filter": ["all"]}, {"paint": {"fill-color": "#a63603"}, "source-layer": "layer0", "type": "fill", "filter": ["all", [">=", "latest", 0.4]]}, {"paint": {"fill-color": "#e6550d"}, "source-layer": "layer0", "type": "fill", "filter": ["all", [">=", "latest", 0.3], ["<", "latest", 0.4]]}, {"paint": {"fill-color": "#fd8d3c"}, "source-layer": "layer0", "type": "fill", "filter": ["all", [">=", "latest", 0.2], ["<", "latest", 0.3]]}, {"paint": {"fill-color": "#fdbe85"}, "source-layer": "layer0", "type": "fill", "filter": ["all", [">=", "latest", 0.1], ["<", "latest", 0.2]]}, {"paint": {"fill-color": "#feedde"}, "source-layer": "layer0", "type": "fill", "filter": ["all", ["<", "latest", 0.1]]}]}, "account": "wri-rw"}, "legendConfig": {"items": [{"color": "#feedde", "name": "<0.1"}, {"color": "#fdbe85", "name": "<0.2"}, {"color": "#fd8d3c", "name": "<0.3"}, {"color": "#e6550d", "name": "<0.4"}, {"color": "#a63603", "name": "<0.6"}], "type": "choropleth"}, "interactionConfig": {"output": [{"column": "rw_country_name", "format": null, "prefix": "", "property": "Country", "suffix": "", "type": "string"}, {"column": "latest", "format": null, "prefix": "", "property": "2005-2015 Multidimensional Poverty Index (most recent value)", "suffix": "", "type": "number"}]}, "applicationConfig": {}, "staticImageConfig": {}, "createdAt": "2020-02-06T15:29:04.815Z", "updatedAt": "2019-07-23T14:03:03.930Z"}}], "vocabulary": [{"type": "vocabulary", "attributes": {"resource": {"id": "a89c95c7-0b82-4162-b9d8-cc0205e9f7ec", "type": "dataset"}, "tags": ["geospatial", "table", "nutrition", "education", "poverty", "health", "historical", "global", "society", "vector", "annual"], "name": "knowledge_graph", "application": "rw"}}], "widgetRelevantProps": ["country", "datetime", "latest", "yr_data"], "layerRelevantProps": ["country", "hdi_rank", "latest"]}}