{"id": "a99c5cf5-f141-4bed-a36d-b04c8e171dfa", "type": "dataset", "server": "https://api.resourcewatch.org", "attributes": {"name": "cli.005d Historical Minimum Arctic Sea Ice", "slug": "cli005d-Historical-Minimum-Arctic-Sea-Ice", "type": "raster", "subtitle": "", "application": ["rw"], "dataPath": "", "attributesPath": null, "connectorType": "rest", "provider": "gee", "userId": "5ba001878e311b7e3718740f", "connectorUrl": "", "sources": [], "tableName": "projects/resource-watch-gee/cli_005_historical_sea_ice_extent/cli_005_arctic_sea_ice_extent_reproj_month09_hist", "status": "saved", "published": true, "overwrite": false, "verified": false, "blockchain": {}, "subscribable": {}, "mainDateField": "", "env": "production", "geoInfo": true, "protected": false, "legend": {"date": [], "region": [], "country": [], "nested": [], "integer": [], "short": [], "byte": [], "double": [], "float": [], "half_float": [], "scaled_float": [], "boolean": [], "binary": [], "text": [], "keyword": []}, "clonedHost": {}, "errorMessage": "", "taskId": null, "createdAt": "2019-07-02T02:54:34.283Z", "updatedAt": "2020-01-28T02:50:10.848Z", "dataLastUpdated": "2019-09-01T00:00:00.000Z", "metadata": [{"id": "5c4a2797788b3b00128bc44a", "type": "metadata", "attributes": {"dataset": "a99c5cf5-f141-4bed-a36d-b04c8e171dfa", "application": "rw", "resource": {"id": "a99c5cf5-f141-4bed-a36d-b04c8e171dfa", "type": "dataset"}, "language": "en", "name": "Minimum Arctic Sea Ice", "description": "The monthly sea ice extent data produced by the National Snow and Ice Data Center (NSIDC) show monthly averages of sea ice extent in the Arctic and Antarctic. Sea Ice Index products are derived from 2 data sets: the Near-Real-Time DMSP SSMIS Daily Polar Gridded Sea Ice Concentrations and the Sea Ice Concentrations from Nimbus-7 SMMR and DMSP SSM/I-SSMIS Passive Microwave Data. These satellite passive microwave-derived data sets are used to generate the monthly images and numbers that comprise the Sea Ice Index record of sea ice extent and concentration from November 1978 to present.   \n  \n Median extents are calculated using a 30-year reference period of 1981 through 2010. The data are produced in a consistent way that makes the monthly index time-series appropriate for use when looking at long-term trends in sea ice cover. For more information, please see https://nsidc.org/data/docs/noaa/g02135_seaice_index/#text_summary. Resource Watch shows only a subset of the dataset. For access to the full dataset and additional information, see the Learn More link.", "source": "NSIDC", "info": {"rwId": "cli.005d", "data_type": "Raster", "name": "Minimum Arctic Sea Ice", "sources": [{"source-name": "National Snow and Ice Data Center (NSIDC)", "id": 0, "source-description": ""}], "technical_title": "Sea Ice Index, Version 3", "functions": "Annual minimum Arctic sea ice extent, which usually occurs in September, from 1980-present", "cautions": "On Resource Watch, monthly data are shown although both monthly and daily products are available. Monthly products are better to use for long-term trend analysis because errors in the daily product tend to be averaged out in the monthly product and because day-to-day variations are often the result of short-term weather. Additionally, there are no data for the area not imaged by the sensor at the North Pole, named the Arctic pole hole, therefore it is assumed to be entirely covered by grid cells showing more than 15 percent concentration for that month, so the area is considered to be ice-covered.", "citation": "Fetterer, F., K. Knowles, W. Meier, and M. Savoie. 2016, updated daily. \"Sea Ice Index, Version 3.\" Boulder, CO: NSIDC. Retrieved from http://dx.doi.org/10.7265/N5736NV7. Accessed through Resource Watch, (date). [www.resourcewatch.org](www.resourcewatch.org).", "license": "Restrictions apply", "license_link": "http://nsidc.org/about/use_copyright.html", "geographic_coverage": "Arctic ", "spatial_resolution": "25 km", "date_of_content": "1978-present", "frequency_of_updates": "Annual", "learn_more_link": "http://nsidc.org/data/g02135", "data_download_link": null, "data_download_original_link": "ftp://sidads.colorado.edu/DATASETS/NOAA/G02135/"}, "createdAt": "2019-01-24T21:01:11.995Z", "updatedAt": "2020-02-04T19:45:47.827Z", "status": "published"}}], "widget": [{"id": "a0277b2e-238f-4de7-be27-5ad5b451fe6b", "type": "widget", "attributes": {"name": "Minimum Arctic Sea Ice", "dataset": "a99c5cf5-f141-4bed-a36d-b04c8e171dfa", "slug": "2015-Minimum-Arctic-Sea-Ice", "userId": "5ba001878e311b7e3718740f", "description": "Minimum Arctic sea ice extent of 2018, which occurs in September.", "source": "", "authors": "", "application": ["rw"], "verified": false, "default": false, "protected": false, "defaultEditableWidget": true, "published": true, "thumbnailUrl": "http://wri-api-backups.s3.amazonaws.com/resourcewatch/prod/thumbnails/a0277b2e-238f-4de7-be27-5ad5b451fe6b-1556657051213.png", "freeze": false, "env": "production", "queryUrl": "", "widgetConfig": {"type": "map", "layer_id": "8b4453fd-183a-4e4a-ba7e-ee1a1c6e6de3", "zoom": 2, "lat": 0, "lng": 0, "basemapLayers": {"basemap": "dark", "labels": null, "boundaries": false}, "paramsConfig": {"visualizationType": "map", "limit": 50, "value": null, "category": null, "color": null, "size": null, "orderBy": null, "aggregateFunction": null, "chartType": null, "filters": [], "areaIntersection": null, "band": null, "layer": "8b4453fd-183a-4e4a-ba7e-ee1a1c6e6de3"}, "config": {"range": {"dotSize": [20, 250], "category20": ["#3BB2D0", "#2C75B0", "#FAB72E", "#EF4848", "#65B60D", "#C32D7B", "#F577B9", "#5FD2B8", "#F1800F", "#9F1C00", "#A5E9E3", "#B9D765", "#393F44", "#CACCD0", "#717171"], "ordinal": {"scheme": "greens"}, "ramp": {"scheme": "purples"}}, "axis": {"labelFontSize": 13, "labelFont": "Lato", "labelColor": "#717171", "labelPadding": 10, "ticks": true, "tickSize": 8, "tickColor": "#A9ABAD", "tickOpacity": 0.5, "tickExtra": false}, "axisX": {"bandPosition": 0.5, "domainWidth": 1.2, "domainColor": "#A9ABAD", "labelAlign": "center", "labelBaseline": "top"}, "axisY": {"domain": false, "labelAlign": "left", "labelBaseline": "bottom", "tickOpacity": 0.5, "grid": true, "ticks": false, "gridColor": "#A9ABAD", "gridOpacity": 0.5}, "mark": {"fill": "#3BB2D0"}, "symbol": {"fill": "#3BB2D0", "stroke": "#fff"}, "rect": {"fill": "#3BB2D0"}, "line": {"interpolate": "linear", "stroke": "#3BB2D0", "fillOpacity": 0}}}, "template": false, "createdAt": "2019-01-24T20:36:23.930Z", "updatedAt": "2019-04-30T20:44:11.172Z"}}], "layer": [{"id": "5a7aa81f-35a5-4d7d-8e10-8888c43c6314", "type": "layer", "attributes": {"name": "1980 Minimum Arctic Sea Ice", "slug": "1980-Minimum-Arctic-Sea-Ice", "dataset": "a99c5cf5-f141-4bed-a36d-b04c8e171dfa", "description": "Minimum Arctic sea ice extent of 1980, which occurs in September.", "application": ["rw"], "iso": [], "provider": "gee", "userId": "5ba001878e311b7e3718740f", "default": false, "protected": false, "published": true, "env": "production", "layerConfig": {"type": "gee", "assetId": "projects/resource-watch-gee/cli_005_historical_sea_ice_extent/cli_005_arctic_sea_ice_extent_reproj_month09_hist/cli_005_arctic_sea_ice_198009", "body": {"styleType": "sld", "sldValue": "<RasterSymbolizer>     <ColorMap type=\"intervals\" extended=\"false\" >       <ColorMapEntry color=\"#D8FFFA\" quantity=\"0\" opacity=\"0\" />       <ColorMapEntry color=\"#D8FFFA\" quantity=\"1\" opacity=\"1\" /> <ColorMapEntry color=\"#D8FFFA\" quantity=\"253\" opacity=\"0\" />     </ColorMap>   </RasterSymbolizer>"}, "timeline": true, "order": 1980, "timelineLabel": "1980"}, "legendConfig": {"type": "basic", "items": [{"name": "Sea Ice", "color": "#D8FFFA"}]}, "interactionConfig": {}, "applicationConfig": {}, "staticImageConfig": {}, "createdAt": "2020-02-06T15:27:51.529Z", "updatedAt": "2019-01-24T21:09:34.534Z"}}, {"id": "376c33b9-3861-4a14-8871-c994a4994ccd", "type": "layer", "attributes": {"name": "1985 Minimum Arctic Sea Ice", "slug": "1985-Minimum-Arctic-Sea-Ice", "dataset": "a99c5cf5-f141-4bed-a36d-b04c8e171dfa", "description": "Minimum Arctic sea ice extent of 1985, which occurs in September.", "application": ["rw"], "iso": [], "provider": "gee", "userId": "5ba001878e311b7e3718740f", "default": false, "protected": false, "published": true, "env": "production", "layerConfig": {"timelineLabel": "1985", "order": 1985, "timeline": true, "body": {"sldValue": "<RasterSymbolizer>     <ColorMap type=\"intervals\" extended=\"false\" >       <ColorMapEntry color=\"#D8FFFA\" quantity=\"0\" opacity=\"0\" />       <ColorMapEntry color=\"#D8FFFA\" quantity=\"1\" opacity=\"1\" /> <ColorMapEntry color=\"#D8FFFA\" quantity=\"253\" opacity=\"0\" />     </ColorMap>   </RasterSymbolizer>", "styleType": "sld"}, "assetId": "projects/resource-watch-gee/cli_005_historical_sea_ice_extent/cli_005_arctic_sea_ice_extent_reproj_month09_hist/cli_005_arctic_sea_ice_198509", "type": "gee"}, "legendConfig": {"items": [{"color": "#D8FFFA", "name": "Sea Ice"}], "type": "basic"}, "interactionConfig": {}, "applicationConfig": {}, "staticImageConfig": {}, "createdAt": "2020-02-06T15:27:51.529Z", "updatedAt": "2019-01-24T21:09:19.740Z"}}, {"id": "09a7a85f-456b-4d53-818b-a6bb40edb6ba", "type": "layer", "attributes": {"name": "1990 Minimum Arctic Sea Ice", "slug": "1990-Minimum-Arctic-Sea-Ice", "dataset": "a99c5cf5-f141-4bed-a36d-b04c8e171dfa", "description": "Minimum Arctic sea ice extent of 1990, which occurs in September.", "application": ["rw"], "iso": [], "provider": "gee", "userId": "5ba001878e311b7e3718740f", "default": false, "protected": false, "published": true, "env": "production", "layerConfig": {"timelineLabel": "1990", "order": 1990, "timeline": true, "body": {"sldValue": "<RasterSymbolizer>     <ColorMap type=\"intervals\" extended=\"false\" >       <ColorMapEntry color=\"#D8FFFA\" quantity=\"0\" opacity=\"0\" />       <ColorMapEntry color=\"#D8FFFA\" quantity=\"1\" opacity=\"1\" /> <ColorMapEntry color=\"#D8FFFA\" quantity=\"253\" opacity=\"0\" />     </ColorMap>   </RasterSymbolizer>", "styleType": "sld"}, "assetId": "projects/resource-watch-gee/cli_005_historical_sea_ice_extent/cli_005_arctic_sea_ice_extent_reproj_month09_hist/cli_005_arctic_sea_ice_199009", "type": "gee"}, "legendConfig": {"items": [{"color": "#D8FFFA", "name": "Sea Ice"}], "type": "basic"}, "interactionConfig": {}, "applicationConfig": {}, "staticImageConfig": {}, "createdAt": "2020-02-06T15:27:51.529Z", "updatedAt": "2019-01-24T21:09:07.260Z"}}, {"id": "b1c68887-bf85-4d91-aeda-8eef5948d033", "type": "layer", "attributes": {"name": "1995 Minimum Arctic Sea Ice", "slug": "1995-Minimum-Arctic-Sea-Ice", "dataset": "a99c5cf5-f141-4bed-a36d-b04c8e171dfa", "description": "Minimum Arctic sea ice extent of 1995, which occurs in September.", "application": ["rw"], "iso": [], "provider": "gee", "userId": "5ba001878e311b7e3718740f", "default": false, "protected": false, "published": true, "env": "production", "layerConfig": {"timelineLabel": "1995", "order": 1995, "timeline": true, "body": {"sldValue": "<RasterSymbolizer>     <ColorMap type=\"intervals\" extended=\"false\" >       <ColorMapEntry color=\"#D8FFFA\" quantity=\"0\" opacity=\"0\" />       <ColorMapEntry color=\"#D8FFFA\" quantity=\"1\" opacity=\"1\" /> <ColorMapEntry color=\"#D8FFFA\" quantity=\"253\" opacity=\"0\" />     </ColorMap>   </RasterSymbolizer>", "styleType": "sld"}, "assetId": "projects/resource-watch-gee/cli_005_historical_sea_ice_extent/cli_005_arctic_sea_ice_extent_reproj_month09_hist/cli_005_arctic_sea_ice_199509", "type": "gee"}, "legendConfig": {"items": [{"color": "#D8FFFA", "name": "Sea Ice"}], "type": "basic"}, "interactionConfig": {}, "applicationConfig": {}, "staticImageConfig": {}, "createdAt": "2020-02-06T15:27:51.529Z", "updatedAt": "2019-01-24T21:08:47.360Z"}}, {"id": "77375484-731c-4363-b070-957f3ead84be", "type": "layer", "attributes": {"name": "2000 Minimum Arctic Sea Ice", "slug": "2000-Minimum-Arctic-Sea-Ice", "dataset": "a99c5cf5-f141-4bed-a36d-b04c8e171dfa", "description": "Minimum Arctic sea ice extent of 2000, which occurs in September.", "application": ["rw"], "iso": [], "provider": "gee", "userId": "5ba001878e311b7e3718740f", "default": false, "protected": false, "published": true, "env": "production", "layerConfig": {"timelineLabel": "2000", "order": 2000, "timeline": true, "body": {"sldValue": "<RasterSymbolizer>     <ColorMap type=\"intervals\" extended=\"false\" >       <ColorMapEntry color=\"#D8FFFA\" quantity=\"0\" opacity=\"0\" />       <ColorMapEntry color=\"#D8FFFA\" quantity=\"1\" opacity=\"1\" /> <ColorMapEntry color=\"#D8FFFA\" quantity=\"253\" opacity=\"0\" />     </ColorMap>   </RasterSymbolizer>", "styleType": "sld"}, "assetId": "projects/resource-watch-gee/cli_005_historical_sea_ice_extent/cli_005_arctic_sea_ice_extent_reproj_month09_hist/cli_005_arctic_sea_ice_200009", "type": "gee"}, "legendConfig": {"items": [{"color": "#D8FFFA", "name": "Sea Ice"}], "type": "basic"}, "interactionConfig": {}, "applicationConfig": {}, "staticImageConfig": {}, "createdAt": "2020-02-06T15:27:51.529Z", "updatedAt": "2019-01-24T21:08:32.461Z"}}, {"id": "264fb3f4-fe01-49fb-b204-73cc8379dc79", "type": "layer", "attributes": {"name": "2005 Minimum Arctic Sea Ice", "slug": "2005-Minimum-Arctic-Sea-Ice", "dataset": "a99c5cf5-f141-4bed-a36d-b04c8e171dfa", "description": "Minimum Arctic sea ice extent of 2005, which occurs in September.", "application": ["rw"], "iso": [], "provider": "gee", "userId": "5ba001878e311b7e3718740f", "default": false, "protected": false, "published": true, "env": "production", "layerConfig": {"timelineLabel": "2005", "order": 2005, "timeline": true, "body": {"sldValue": "<RasterSymbolizer>     <ColorMap type=\"intervals\" extended=\"false\" >       <ColorMapEntry color=\"#D8FFFA\" quantity=\"0\" opacity=\"0\" />       <ColorMapEntry color=\"#D8FFFA\" quantity=\"1\" opacity=\"1\" /> <ColorMapEntry color=\"#D8FFFA\" quantity=\"253\" opacity=\"0\" />     </ColorMap>   </RasterSymbolizer>", "styleType": "sld"}, "assetId": "projects/resource-watch-gee/cli_005_historical_sea_ice_extent/cli_005_arctic_sea_ice_extent_reproj_month09_hist/cli_005_arctic_sea_ice_200509", "type": "gee"}, "legendConfig": {"items": [{"color": "#D8FFFA", "name": "Sea Ice"}], "type": "basic"}, "interactionConfig": {}, "applicationConfig": {}, "staticImageConfig": {}, "createdAt": "2020-02-06T15:27:51.529Z", "updatedAt": "2019-01-24T21:08:11.214Z"}}, {"id": "8d5e8027-13c8-4026-9f75-bf622b0a63cd", "type": "layer", "attributes": {"name": "2010 Minimum Arctic Sea Ice", "slug": "2010-Minimum-Arctic-Sea-Ice", "dataset": "a99c5cf5-f141-4bed-a36d-b04c8e171dfa", "description": "Minimum Arctic sea ice extent of 2010, which occurs in September.", "application": ["rw"], "iso": [], "provider": "gee", "userId": "5ba001878e311b7e3718740f", "default": false, "protected": false, "published": true, "env": "production", "layerConfig": {"timelineLabel": "2010", "order": 2010, "timeline": true, "body": {"sldValue": "<RasterSymbolizer>     <ColorMap type=\"intervals\" extended=\"false\" >       <ColorMapEntry color=\"#D8FFFA\" quantity=\"0\" opacity=\"0\" />       <ColorMapEntry color=\"#D8FFFA\" quantity=\"1\" opacity=\"1\" /> <ColorMapEntry color=\"#D8FFFA\" quantity=\"253\" opacity=\"0\" />     </ColorMap>   </RasterSymbolizer>", "styleType": "sld"}, "assetId": "projects/resource-watch-gee/cli_005_historical_sea_ice_extent/cli_005_arctic_sea_ice_extent_reproj_month09_hist/cli_005_arctic_sea_ice_201009", "type": "gee"}, "legendConfig": {"items": [{"color": "#D8FFFA", "name": "Sea Ice"}], "type": "basic"}, "interactionConfig": {}, "applicationConfig": {}, "staticImageConfig": {}, "createdAt": "2020-02-06T15:27:51.529Z", "updatedAt": "2019-01-24T21:07:56.903Z"}}, {"id": "46a3961b-4c74-4e9e-938f-69bd6bdc7eb8", "type": "layer", "attributes": {"name": "2015 Minimum Arctic Sea Ice", "slug": "2015-Minimum-Arctic-Sea-Ice", "dataset": "a99c5cf5-f141-4bed-a36d-b04c8e171dfa", "description": "Minimum Arctic sea ice extent of 2015, which occurs in September.", "application": ["rw"], "iso": [], "provider": "gee", "userId": "5ba001878e311b7e3718740f", "default": false, "protected": false, "published": true, "env": "production", "layerConfig": {"timelineLabel": "2015", "order": 2015, "timeline": true, "body": {"sldValue": "<RasterSymbolizer>     <ColorMap type=\"intervals\" extended=\"false\" >       <ColorMapEntry color=\"#D8FFFA\" quantity=\"0\" opacity=\"0\" />       <ColorMapEntry color=\"#D8FFFA\" quantity=\"1\" opacity=\"1\" /> <ColorMapEntry color=\"#D8FFFA\" quantity=\"253\" opacity=\"0\" />     </ColorMap>   </RasterSymbolizer>", "styleType": "sld"}, "assetId": "projects/resource-watch-gee/cli_005_historical_sea_ice_extent/cli_005_arctic_sea_ice_extent_reproj_month09_hist/cli_005_arctic_sea_ice_201509", "type": "gee"}, "legendConfig": {"items": [{"color": "#D8FFFA", "name": "Sea Ice"}], "type": "basic"}, "interactionConfig": {}, "applicationConfig": {}, "staticImageConfig": {}, "createdAt": "2020-02-06T15:27:51.529Z", "updatedAt": "2019-01-25T17:51:45.439Z"}}, {"id": "8cb97903-c998-4621-8b97-70e68aac74dd", "type": "layer", "attributes": {"name": "2016 Minimum Arctic Sea Ice", "slug": "2016-Minimum-Arctic-Sea-Ice", "dataset": "a99c5cf5-f141-4bed-a36d-b04c8e171dfa", "description": "Minimum Arctic sea ice extent of 2016, which occurs in September.", "application": ["rw"], "iso": [], "provider": "gee", "userId": "5ba001878e311b7e3718740f", "default": false, "protected": false, "published": true, "env": "preproduction", "layerConfig": {"type": "gee", "assetId": "projects/resource-watch-gee/cli_005_historical_sea_ice_extent/cli_005_arctic_sea_ice_extent_reproj_month09_hist/cli_005_arctic_sea_ice_201509", "body": {"styleType": "sld", "sldValue": "<RasterSymbolizer>     <ColorMap type=\"intervals\" extended=\"false\" >       <ColorMapEntry color=\"#D8FFFA\" quantity=\"0\" opacity=\"0\" />       <ColorMapEntry color=\"#D8FFFA\" quantity=\"1\" opacity=\"1\" /> <ColorMapEntry color=\"#D8FFFA\" quantity=\"253\" opacity=\"0\" />     </ColorMap>   </RasterSymbolizer>"}, "timeline": true, "order": 2015, "timelineLabel": "2015"}, "legendConfig": {"type": "basic", "items": [{"name": "Sea Ice", "color": "#D8FFFA"}]}, "interactionConfig": {}, "applicationConfig": {}, "staticImageConfig": {}, "createdAt": "2020-02-06T15:27:51.530Z", "updatedAt": "2019-01-25T17:51:39.055Z"}}, {"id": "3cc0e2fd-1888-4421-a9a8-adca0eefbf9d", "type": "layer", "attributes": {"name": "2017 Minimum Arctic Sea Ice", "slug": "2017-Minimum-Arctic-Sea-Ice", "dataset": "a99c5cf5-f141-4bed-a36d-b04c8e171dfa", "description": "Minimum Arctic sea ice extent of 2017, which occurs in September.", "application": ["rw"], "iso": [], "provider": "gee", "userId": "5ba001878e311b7e3718740f", "default": false, "protected": false, "published": true, "env": "preproduction", "layerConfig": {"type": "gee", "assetId": "projects/resource-watch-gee/cli_005_historical_sea_ice_extent/cli_005_arctic_sea_ice_extent_reproj_month09_hist/cli_005_arctic_sea_ice_201709", "body": {"styleType": "sld", "sldValue": "<RasterSymbolizer>     <ColorMap type=\"intervals\" extended=\"false\" >       <ColorMapEntry color=\"#D8FFFA\" quantity=\"0\" opacity=\"0\" />       <ColorMapEntry color=\"#D8FFFA\" quantity=\"1\" opacity=\"1\" /> <ColorMapEntry color=\"#D8FFFA\" quantity=\"253\" opacity=\"0\" />     </ColorMap>   </RasterSymbolizer>"}, "timeline": true, "order": 2017, "timelineLabel": "2017"}, "legendConfig": {"type": "basic", "items": [{"name": "Sea Ice", "color": "#D8FFFA"}]}, "interactionConfig": {}, "applicationConfig": {}, "staticImageConfig": {}, "createdAt": "2020-02-06T15:27:51.530Z", "updatedAt": "2019-01-25T17:52:33.764Z"}}, {"id": "8b4453fd-183a-4e4a-ba7e-ee1a1c6e6de3", "type": "layer", "attributes": {"name": "2018 Minimum Arctic Sea Ice", "slug": "2018-Minimum-Arctic-Sea-Ice", "dataset": "a99c5cf5-f141-4bed-a36d-b04c8e171dfa", "description": "Minimum Arctic sea ice extent of 2018, which occurs in September.", "application": ["rw"], "iso": [], "provider": "gee", "userId": "5ba001878e311b7e3718740f", "default": true, "protected": false, "published": true, "env": "preproduction", "layerConfig": {"type": "gee", "assetId": "projects/resource-watch-gee/cli_005_historical_sea_ice_extent/cli_005_arctic_sea_ice_extent_reproj_month09_hist/cli_005_arctic_sea_ice_201809", "body": {"styleType": "sld", "sldValue": "<RasterSymbolizer>     <ColorMap type=\"intervals\" extended=\"false\" >       <ColorMapEntry color=\"#D8FFFA\" quantity=\"0\" opacity=\"0\" />       <ColorMapEntry color=\"#D8FFFA\" quantity=\"1\" opacity=\"1\" /> <ColorMapEntry color=\"#D8FFFA\" quantity=\"253\" opacity=\"0\" />     </ColorMap>   </RasterSymbolizer>"}, "timeline": true, "order": 2018, "timelineLabel": "2018"}, "legendConfig": {"type": "basic", "items": [{"name": "Sea Ice", "color": "#D8FFFA"}]}, "interactionConfig": {}, "applicationConfig": {}, "staticImageConfig": {}, "createdAt": "2020-02-06T15:27:51.530Z", "updatedAt": "2019-01-25T17:53:19.126Z"}}], "vocabulary": [{"type": "vocabulary", "attributes": {"resource": {"id": "a99c5cf5-f141-4bed-a36d-b04c8e171dfa", "type": "dataset"}, "tags": ["geospatial", "raster", "sea_ice", "climate_change", "historical", "annual", "snow_and _ice", "ice", "climate"], "name": "knowledge_graph", "application": "rw"}}], "widgetRelevantProps": [], "layerRelevantProps": []}}