{"id": "ad7a5641-57bc-417d-8acf-8dc9df398779", "type": "dataset", "server": "https://api.resourcewatch.org", "attributes": {"name": "soc.063 Anthropogenic Biomes of the World", "slug": "soc063-Anthropogenic-Biomes-of-the-World", "type": "raster", "subtitle": "", "application": ["rw"], "dataPath": "", "attributesPath": null, "connectorType": "rest", "provider": "gee", "userId": "5980838ae24e6a1dae3dd446", "connectorUrl": "", "sources": [], "tableName": "users/resourcewatch/soc_063_Anthropogenic_Biomes", "status": "saved", "published": true, "overwrite": false, "verified": false, "blockchain": {}, "subscribable": {}, "mainDateField": null, "env": "production", "geoInfo": true, "protected": false, "legend": {"date": [], "region": [], "country": [], "nested": [], "integer": [], "short": [], "byte": [], "double": [], "float": [], "half_float": [], "scaled_float": [], "boolean": [], "binary": [], "text": [], "keyword": []}, "clonedHost": {}, "errorMessage": "", "taskId": null, "createdAt": "2020-02-06T15:27:22.853Z", "updatedAt": "2018-01-19T20:52:05.660Z", "dataLastUpdated": null, "metadata": [{"id": "5a660493ab95df00136531e3", "type": "metadata", "attributes": {"dataset": "ad7a5641-57bc-417d-8acf-8dc9df398779", "application": "rw", "resource": {"id": "ad7a5641-57bc-417d-8acf-8dc9df398779", "type": "dataset"}, "language": "en", "name": "Anthropogenic Biomes", "description": "Anthropogenic Biomes, also known as Anthromes, are defined as \u201cthe globally significant ecological patterns created by sustained interactions between humans and ecosystems.\u201d The Anthropogenic Biomes data set illustrates historical transformations within the terrestrial biosphere, land-based regions occupied by living organisms, illustrated through the changes in the anthromes. The data set reclassifies the terrestrial biosphere into 19 anthrome classes at 5-degree resolution for the years 1700, 1800, 1900, and 2000 to illustrate historical changes. The classification used a rule-based anthrome classification model based on human population density and land use data. The transformation of terrestrial biomes is assessed by comparing potential natural vegetation maps with anthrome maps using overlay analysis and other analytical geographic information system (GIS) software tools.   \n  \nThe anthrome classes included in this data set are urban (urban, mixed settlements), villages (rice villages, irrigated villages, rainfed villages, pastoral villages), croplands (residential irrigated croplands, residential rainfed croplands, populated rainfed croplands, remote croplands), rangelands (residential rangelands, populated rangelands, remote rangelands), forested (residential woodlands, populated woodlands, remote woodlands, inhabited treeless and barren lands), and woodlands (wild woodlands, wild treeless and barren lands). The Anthropogenic Biomes data set was created by the Anthromes Working Group. Resource Watch shows only a subset of the data set. For access to the full data set and additional information, see the Learn More link.", "source": "Anthromes Working Group", "info": {"rwId": "soc.063", "data_type": "Raster", "name": "Anthropogenic Biomes", "sources": [{"source-name": "Anthromes Working Group", "id": 0, "source-description": ""}], "technical_title": "Anthropogenic transformation of the biomes, 1700 to 2000, version 2.0", "functions": "Historical transformations within the terrestrial biosphere caused by sustained direct human interaction with ecosystems, such as agriculture and urbanization", "cautions": "Land use is classified into different categories at a given value of a variable, even when they may differ only slightly.", "citation": "Ellis, E. C., K. Klein Goldewijk, S. Siebert, D. Lightman, and N. Ramankutty. 2010. \"Anthropogenic transformation of the biomes, 1700 to 2000.\" Anthromes Working Group. Retrieved from http://ecotope.org/anthromes/v2/data/. Accessed through Resource Watch, (date). [www.resourcewatch.org](www.resourcewatch.org).", "license": "Source open license", "license_link": "http://ecotope.org/anthromes/v2/", "geographic_coverage": "Global", "spatial_resolution": null, "date_of_content": "1700-2000", "frequency_of_updates": null, "learn_more_link": "http://ecotope.org/anthromes/v1/guide/", "data_download_link": null, "data_download_original_link": "http://ecotope.org/anthromes/v2/data/"}, "columns": {"a_1700": {"alias": "1700", "description": ""}, "a_1800": {"alias": "1800"}, "a_1900": {"alias": "1900"}, "a_2000": {"alias": "2000"}}, "createdAt": "2018-01-22T15:34:43.376Z", "updatedAt": "2020-02-04T19:46:44.203Z", "status": "published"}}], "widget": [], "layer": [{"id": "d8f78b42-cc9f-4f8c-939c-1afa57f6c7d6", "type": "layer", "attributes": {"name": "1700 Anthropogenic Biomes", "slug": "1700-Anthropogenic-Biomes", "dataset": "ad7a5641-57bc-417d-8acf-8dc9df398779", "description": "Globally significant ecological patterns created by sustained interactions between humans and ecosystems in 1700.", "application": ["rw"], "iso": [], "provider": "gee", "userId": "5980838ae24e6a1dae3dd446", "default": false, "protected": false, "published": true, "env": "production", "layerConfig": {"type": "gee", "assetId": "users/resourcewatch/soc_063_Anthropogenic_Biomes", "body": {"styleType": "sld", "sldValue": "<RasterSymbolizer>  <ChannelSelection>   <GrayChannel>   <SourceChannelName>a_1700</SourceChannelName>        </GrayChannel>        </ChannelSelection>    <ColorMap  type=\"values\" extended=\"false\" >   '<ColorMapEntry color=\"#A80000\" quantity=\"0\" opacity=\"0\"  />' +   '<ColorMapEntry color=\"#A80000\" quantity=\"11\"  />' +    '<ColorMapEntry color=\"#A80000\" quantity=\"12\"  />' +     '<ColorMapEntry color=\"#00C0FF\" quantity=\"21\"  />' +  '<ColorMapEntry color=\"#00C0FF\" quantity=\"22\"  />' +  '<ColorMapEntry color=\"#00C0FF\" quantity=\"23\"  />' +  '<ColorMapEntry color=\"#00C0FF\" quantity=\"24\"  />' +  '<ColorMapEntry color=\"#FFFF73\" quantity=\"31\"  />' +  '<ColorMapEntry color=\"#FFFF73\" quantity=\"32\"  />' +    '<ColorMapEntry color=\"#FFFF73\" quantity=\"33\"  />' +    '<ColorMapEntry color=\"#FFFF73\" quantity=\"34\"  />' +  '<ColorMapEntry color=\"#E69800\" quantity=\"41\"  />' +    '<ColorMapEntry color=\"#E69800\" quantity=\"42\"  />' +  '<ColorMapEntry color=\"#E69800\" quantity=\"43\"  />' +  '<ColorMapEntry color=\"#9ED7C2\" quantity=\"51\"  />' +    '<ColorMapEntry color=\"#9ED7C2\" quantity=\"52\"  />' +  '<ColorMapEntry color=\"#9ED7C2\" quantity=\"53\"  />' +  '<ColorMapEntry color=\"#9ED7C2\" quantity=\"54\"  />' +    '<ColorMapEntry color=\"#EBFFEB\" quantity=\"61\"  />'+    '<ColorMapEntry color=\"#EBFFEB\" quantity=\"62\"  />' +     </ColorMap></RasterSymbolizer>", "timeline": true, "order": 1700, "timelineLabel": "1700"}}, "legendConfig": {"type": "basic", "items": [{"name": "Urban", "color": "#A80000"}, {"name": "Villages", "color": "#00C0FF"}, {"name": "Croplands", "color": "#FFFF73"}, {"name": "Rangelands", "color": "#E69800"}, {"name": "Forested", "color": "#9ED7C2"}, {"name": "Wildlands", "color": "#EBFFEB"}]}, "interactionConfig": {}, "applicationConfig": {}, "staticImageConfig": {}, "createdAt": "2020-02-06T15:27:22.905Z", "updatedAt": "2019-02-06T18:00:06.262Z"}}, {"id": "7f37560a-f4c4-4edc-a253-92226cada782", "type": "layer", "attributes": {"name": "1800 Anthropogenic Biomes", "slug": "1800-Anthropogenic-Biomes", "dataset": "ad7a5641-57bc-417d-8acf-8dc9df398779", "description": "Globally significant ecological patterns created by sustained interactions between humans and ecosystems in 1800.", "application": ["rw"], "iso": [], "provider": "gee", "userId": "5980838ae24e6a1dae3dd446", "default": false, "protected": false, "published": true, "env": "production", "layerConfig": {"body": {"sldValue": "<RasterSymbolizer>  <ChannelSelection>   <GrayChannel>   <SourceChannelName>a_1800</SourceChannelName>        </GrayChannel>        </ChannelSelection>    <ColorMap  type=\"values\" extended=\"false\" >   '<ColorMapEntry color=\"#A80000\" quantity=\"0\" opacity=\"0\"  />' +   '<ColorMapEntry color=\"#A80000\" quantity=\"11\"  />' +    '<ColorMapEntry color=\"#A80000\" quantity=\"12\"  />' +     '<ColorMapEntry color=\"#00C0FF\" quantity=\"21\"  />' +  '<ColorMapEntry color=\"#00C0FF\" quantity=\"22\"  />' +  '<ColorMapEntry color=\"#00C0FF\" quantity=\"23\"  />' +  '<ColorMapEntry color=\"#00C0FF\" quantity=\"24\"  />' +  '<ColorMapEntry color=\"#FFFF73\" quantity=\"31\"  />' +  '<ColorMapEntry color=\"#FFFF73\" quantity=\"32\"  />' +    '<ColorMapEntry color=\"#FFFF73\" quantity=\"33\"  />' +    '<ColorMapEntry color=\"#FFFF73\" quantity=\"34\"  />' +  '<ColorMapEntry color=\"#E69800\" quantity=\"41\"  />' +    '<ColorMapEntry color=\"#E69800\" quantity=\"42\"  />' +  '<ColorMapEntry color=\"#E69800\" quantity=\"43\"  />' +  '<ColorMapEntry color=\"#9ED7C2\" quantity=\"51\"  />' +    '<ColorMapEntry color=\"#9ED7C2\" quantity=\"52\"  />' +  '<ColorMapEntry color=\"#9ED7C2\" quantity=\"53\"  />' +  '<ColorMapEntry color=\"#9ED7C2\" quantity=\"54\"  />' +    '<ColorMapEntry color=\"#EBFFEB\" quantity=\"61\"  />'+    '<ColorMapEntry color=\"#EBFFEB\" quantity=\"62\"  />' +     </ColorMap></RasterSymbolizer>", "styleType": "sld"}, "assetId": "users/resourcewatch/soc_063_Anthropogenic_Biomes", "type": "gee", "timeline": true, "order": 1800, "timelineLabel": "1800"}, "legendConfig": {"items": [{"color": "#A80000", "name": "Urban"}, {"color": "#00C0FF", "name": "Villages"}, {"color": "#FFFF73", "name": "Croplands"}, {"color": "#E69800", "name": "Rangelands"}, {"color": "#9ED7C2", "name": "Forested"}, {"color": "#EBFFEB", "name": "Wildlands"}], "type": "basic"}, "interactionConfig": {}, "applicationConfig": {}, "staticImageConfig": {}, "createdAt": "2020-02-06T15:27:22.905Z", "updatedAt": "2019-02-06T17:59:54.594Z"}}, {"id": "cf23dbd1-5944-4971-9701-3199673a8eb6", "type": "layer", "attributes": {"name": "1900 Anthropogenic Biomes", "slug": "1900-Anthropogenic-Biomes", "dataset": "ad7a5641-57bc-417d-8acf-8dc9df398779", "description": "Globally significant ecological patterns created by sustained interactions between humans and ecosystems in 1900.", "application": ["rw"], "iso": [], "provider": "gee", "userId": "5980838ae24e6a1dae3dd446", "default": false, "protected": false, "published": true, "env": "production", "layerConfig": {"body": {"sldValue": "<RasterSymbolizer>  <ChannelSelection>   <GrayChannel>   <SourceChannelName>a_1900</SourceChannelName>        </GrayChannel>        </ChannelSelection>    <ColorMap  type=\"values\" extended=\"false\" >   '<ColorMapEntry color=\"#A80000\" quantity=\"0\" opacity=\"0\"  />' +   '<ColorMapEntry color=\"#A80000\" quantity=\"11\"  />' +    '<ColorMapEntry color=\"#A80000\" quantity=\"12\"  />' +     '<ColorMapEntry color=\"#00C0FF\" quantity=\"21\"  />' +  '<ColorMapEntry color=\"#00C0FF\" quantity=\"22\"  />' +  '<ColorMapEntry color=\"#00C0FF\" quantity=\"23\"  />' +  '<ColorMapEntry color=\"#00C0FF\" quantity=\"24\"  />' +  '<ColorMapEntry color=\"#FFFF73\" quantity=\"31\"  />' +  '<ColorMapEntry color=\"#FFFF73\" quantity=\"32\"  />' +    '<ColorMapEntry color=\"#FFFF73\" quantity=\"33\"  />' +    '<ColorMapEntry color=\"#FFFF73\" quantity=\"34\"  />' +  '<ColorMapEntry color=\"#E69800\" quantity=\"41\"  />' +    '<ColorMapEntry color=\"#E69800\" quantity=\"42\"  />' +  '<ColorMapEntry color=\"#E69800\" quantity=\"43\"  />' +  '<ColorMapEntry color=\"#9ED7C2\" quantity=\"51\"  />' +    '<ColorMapEntry color=\"#9ED7C2\" quantity=\"52\"  />' +  '<ColorMapEntry color=\"#9ED7C2\" quantity=\"53\"  />' +  '<ColorMapEntry color=\"#9ED7C2\" quantity=\"54\"  />' +    '<ColorMapEntry color=\"#EBFFEB\" quantity=\"61\"  />'+    '<ColorMapEntry color=\"#EBFFEB\" quantity=\"62\"  />' +     </ColorMap></RasterSymbolizer>", "styleType": "sld"}, "assetId": "users/resourcewatch/soc_063_Anthropogenic_Biomes", "type": "gee", "timeline": true, "order": 1900, "timelineLabel": "1900"}, "legendConfig": {"items": [{"color": "#A80000", "name": "Urban"}, {"color": "#00C0FF", "name": "Villages"}, {"color": "#FFFF73", "name": "Croplands"}, {"color": "#E69800", "name": "Rangelands"}, {"color": "#9ED7C2", "name": "Forested"}, {"color": "#EBFFEB", "name": "Wildlands"}], "type": "basic"}, "interactionConfig": {}, "applicationConfig": {}, "staticImageConfig": {}, "createdAt": "2020-02-06T15:27:22.905Z", "updatedAt": "2019-02-06T17:59:42.894Z"}}, {"id": "14087086-49d0-4260-b40c-797ebaef662e", "type": "layer", "attributes": {"name": "2000 Anthropogenic Biomes", "slug": "2000-Anthropogenic-Biomes", "dataset": "ad7a5641-57bc-417d-8acf-8dc9df398779", "description": "Globally significant ecological patterns created by sustained interactions between humans and ecosystems in 2000.", "application": ["rw"], "iso": [], "provider": "gee", "userId": "5980838ae24e6a1dae3dd446", "default": true, "protected": false, "published": true, "env": "production", "layerConfig": {"body": {"sldValue": "<RasterSymbolizer>  <ChannelSelection>   <GrayChannel>   <SourceChannelName>a_2000</SourceChannelName>        </GrayChannel>        </ChannelSelection>    <ColorMap  type=\"values\" extended=\"false\" >   '<ColorMapEntry color=\"#A80000\" quantity=\"0\" opacity=\"0\"  />' +   '<ColorMapEntry color=\"#A80000\" quantity=\"11\"  />' +    '<ColorMapEntry color=\"#A80000\" quantity=\"12\"  />' +     '<ColorMapEntry color=\"#00C0FF\" quantity=\"21\"  />' +  '<ColorMapEntry color=\"#00C0FF\" quantity=\"22\"  />' +  '<ColorMapEntry color=\"#00C0FF\" quantity=\"23\"  />' +  '<ColorMapEntry color=\"#00C0FF\" quantity=\"24\"  />' +  '<ColorMapEntry color=\"#FFFF73\" quantity=\"31\"  />' +  '<ColorMapEntry color=\"#FFFF73\" quantity=\"32\"  />' +    '<ColorMapEntry color=\"#FFFF73\" quantity=\"33\"  />' +    '<ColorMapEntry color=\"#FFFF73\" quantity=\"34\"  />' +  '<ColorMapEntry color=\"#E69800\" quantity=\"41\"  />' +    '<ColorMapEntry color=\"#E69800\" quantity=\"42\"  />' +  '<ColorMapEntry color=\"#E69800\" quantity=\"43\"  />' +  '<ColorMapEntry color=\"#9ED7C2\" quantity=\"51\"  />' +    '<ColorMapEntry color=\"#9ED7C2\" quantity=\"52\"  />' +  '<ColorMapEntry color=\"#9ED7C2\" quantity=\"53\"  />' +  '<ColorMapEntry color=\"#9ED7C2\" quantity=\"54\"  />' +    '<ColorMapEntry color=\"#EBFFEB\" quantity=\"61\"  />'+    '<ColorMapEntry color=\"#EBFFEB\" quantity=\"62\"  />' +     </ColorMap></RasterSymbolizer>", "styleType": "sld"}, "assetId": "users/resourcewatch/soc_063_Anthropogenic_Biomes", "type": "gee", "timeline": true, "order": 2000, "timelineLabel": "2000"}, "legendConfig": {"items": [{"color": "#A80000", "name": "Urban"}, {"color": "#00C0FF", "name": "Villages"}, {"color": "#FFFF73", "name": "Croplands"}, {"color": "#E69800", "name": "Rangelands"}, {"color": "#9ED7C2", "name": "Forested"}, {"color": "#EBFFEB", "name": "Wildlands"}], "type": "basic"}, "interactionConfig": {}, "applicationConfig": {}, "staticImageConfig": {}, "createdAt": "2020-02-06T15:27:22.905Z", "updatedAt": "2019-02-06T17:59:31.191Z"}}], "vocabulary": [{"type": "vocabulary", "attributes": {"resource": {"id": "ad7a5641-57bc-417d-8acf-8dc9df398779", "type": "dataset"}, "tags": ["global", "raster", "biome", "land_cover", "land_use", "historical", "society", "geospatial"], "name": "knowledge_graph", "application": "rw"}}], "widgetRelevantProps": [], "layerRelevantProps": []}}