{"id": "bb831262-98dd-4015-879e-1a00dbe76e61", "type": "dataset", "server": "https://api.resourcewatch.org", "attributes": {"name": "soc.030 Gridded Gross Domestic Product [Archived]", "slug": "Soc030-Gross-Domestic-Product-b", "type": "raster", "subtitle": "", "application": ["rw", "prep"], "dataPath": "", "attributesPath": null, "connectorType": "rest", "provider": "gee", "userId": "58f63c81bd32c60206ed6b12", "connectorUrl": "", "sources": [], "tableName": "users/resourcewatch/soc_030_gross_domestic_product3", "status": "saved", "published": false, "overwrite": false, "verified": false, "blockchain": {}, "subscribable": {}, "mainDateField": null, "env": "production", "geoInfo": true, "protected": false, "legend": {"date": [], "region": [], "country": [], "nested": [], "integer": [], "short": [], "byte": [], "double": [], "float": [], "half_float": [], "scaled_float": [], "boolean": [], "binary": [], "text": [], "keyword": []}, "clonedHost": {}, "errorMessage": null, "taskId": null, "createdAt": "2019-09-04T19:15:36.486Z", "updatedAt": "2019-09-04T19:15:36.488Z", "dataLastUpdated": null, "metadata": [{"id": "5a4d85b3c8c8e400159aed76", "type": "metadata", "attributes": {"dataset": "bb831262-98dd-4015-879e-1a00dbe76e61", "application": "prep", "resource": {"id": "bb831262-98dd-4015-879e-1a00dbe76e61", "type": "dataset"}, "language": "en", "name": "Gridded Gross Domestic Product (GDP)", "description": "The Global Gridded Geographically Based Economic Data (G-Econ), Version 4 contains derived one degree grid cells of Gross Domestic Product (GDP) data in Grid and ASCII formats for both Market Exchange Rate (MER) and Purchasing Power Parity (PPP) for the years 1990, 1995, 2000 and 2005. MER is the exchange rate between local and U.S. dollar currencies for a given time period established by the market. PPP is the exchange rate between a country's currency and U.S. dollars adjusted to reflect the actual cost in U.S. dollars of purchasing a standardized market basket of goods in that country using the country's currency. The original data from the G-Econ Project at Yale University is also available in tabular format and includes latitude and longitude geographic coordinates of the grid cells, area of grid cells, as well as country names, distance to coast, elevation, vegetation, population, precipitation and temperature.\n\r\nPREPdata shows only a subset of the dataset. For access to the full dataset and additional information, see the Download from Original Source link.", "source": "Nordhaus and Chen", "citation": "Nordhaus, W.D., and X. Chen. 2016. Global Gridded Geographically Based Economic Data (G-Econ), Version 4. Palisades, NY: NASA Socioeconomic Data and Applications Center (SEDAC). http://doi.org/10.7927/H42V2D1C. Accessed DAY MONTH YEAR.\n\nNordhaus, W.D. 2005. Geography and Macroeconomics: New Data and New Findings. Proceedings of the National Academy of Sciences of the United States of America (PNAS) 103(10): 3510-3517. http://dx.doi.org/10.1073/pnas.0509842103.", "info": {"wri_rw_id": "prep_0072", "technical_title": "Global Gridded Geographically Based Economic Data (G-Econ), Version 4", "published_date": "2016", "function": "Gridded GDP data in Market Exchange Rate (MER) and Purchasing Power Parity (PPP).", "language": "English", "geographic_coverage": "Global", "date_of_content": "1990, 1995, 2000, 2005", "data_type": "Raster", "spatial_resolution": "1 degree", "endpoint": "", "license": "Users are free to use, copy, distribute, transmit, and adapt the work for commercial and non-commercial purposes, without restriction, as long as clear attribution of the source is provided.", "license_link": "http://sedac.ciesin.columbia.edu/data/set/spatialecon-gecon-v4/metadata", "organization-long": "Yale University", "learn_more_link": "http://sedac.ciesin.columbia.edu/data/set/spatialecon-gecon-v4/data-download"}, "createdAt": "2018-01-04T01:38:59.194Z", "updatedAt": "2018-02-06T22:32:52.877Z", "status": "published"}}, {"id": "5a660490ab95df00136531e2", "type": "metadata", "attributes": {"dataset": "bb831262-98dd-4015-879e-1a00dbe76e61", "application": "rw", "resource": {"id": "bb831262-98dd-4015-879e-1a00dbe76e61", "type": "dataset"}, "language": "en", "name": "[Archived] Gross Domestic Product (PPP, Grid)", "description": "Global Gridded Geographically Based Economic Data (G-Econ), Version 4, provides a measure of global cell product (GCP): estimates for the amount of gross domestic product (GDP) produced in each grid cell of a 1-degree grid of the world using 2 metrics: GCP measured in the market exchange rate (MER) from local currencies into US$, and GCP measured in purchasing power parity (PPP), which adjusts country currency GCP according to the equivalent amount of US$ needed to purchase a standardized collection of goods in the country using the country's currency. GCP is defined as the gross value added by activities in a grid cell. Gross value is calculated as the total value of the outputs of local businesses providing goods and services in the grid cell, minus the value of inputs bought by those businesses. The data and methods used to calculate local added value are different for different countries, as the data available are different for different countries. State- and county level gross value data are used whenever possible. A full discussion of the methods used to calculate GCP is available here: https://gecon.yale.edu/data-and-documentation-g-econ-project. Resource Watch shows only a subset of the data set. For access to the full data set and additional information, see the Learn More link.", "source": "Yale/NASA SEDAC/CIESIN/PNAS", "info": {"rwId": "soc.030", "data_type": "Raster", "name": "[Archived] Gross Domestic Product (PPP, Grid)", "sources": [{"source-name": "Yale University (Yale)", "id": 0, "source-description": ""}, {"source-name": "National Aeronautics and Space Administration Socioeconomic Data and Applications Center (NASA SEDAC)", "id": 1, "source-description": ""}, {"source-name": "Columbia University Earth Institute Center for International Earth Science Information Network (CIESIN)", "id": 2, "source-description": ""}, {"source-name": "Proceedings of the National Academy of Sciences of the United States of America (PNAS)", "id": 3, "source-description": ""}], "technical_title": "Global Gridded Geographically Based Economic Data (G-Econ), v4 (1990, 1995, 2000, 2005)", "functions": "Estimates of gross domestic production (GDP) using market exchange rates into US$ (MER) and adjusted to reflect local currency purchasing power parity (PPP)", "cautions": "Subnational data describing gross output are of higher quality in countries that have high incomes and are in periods of peace and conversely of lower quality in low-income countries or those that are experiencing war or revolution. This variable quality of underlying data affects the reliability of GCP calculations. A proportional allocation technique is applied to spatially rescale data reported at a county or state level to the 1 degree grid used to report GCP. This includes a measure of assumption that may result in unrealistic allocations. This is often referred to as the modifiable area unit problem (MAUP), a well-recognized challenge when attempting to make statements regarding the spatial distribution of a variable within the smallest geographic unit at which that variable was reported. The Yale team experimented with various spatial rescaling techniques and decided that the proportional allocation method produced results that were most reasonable.", "citation": "(1) Nordhaus, W.D., and X. Chen. 2016. Global Gridded Geographically Based Economic Data (G-Econ), Version 4. Palisades, NY: NASA Socioeconomic Data and Applications Center (SEDAC). http://doi.org/10.7927/H42V2D1C. Accessed through Resource Watch, (date). [www.resourcewatch.org](www.resourcewatch.org).  \n  \n(2) Nordhaus, W.D. 2005. Geography and Macroeconomics: New Data and New Findings. Proceedings of the National Academy of Sciences of the United States of America (PNAS) 103(10): 3510-3517. http://dx.doi.org/10.1073/pnas.0509842103. Accessed through Resource Watch, (date). [www.resourcewatch.org](www.resourcewatch.org).", "license": "Attribution required", "license_link": "http://sedac.ciesin.columbia.edu/data/set/spatialecon-gecon-v4", "geographic_coverage": "Global", "spatial_resolution": "1\u00b0", "date_of_content": "1990, 1995, 2000, 2005", "frequency_of_updates": null, "learn_more_link": "http://sedac.ciesin.columbia.edu/data/set/spatialecon-gecon-v4", "data_download_link": null, "data_download_original_link": "http://sedac.ciesin.columbia.edu/data/set/spatialecon-gecon-v4/data-download"}, "createdAt": "2018-01-22T15:34:40.372Z", "updatedAt": "2020-02-04T19:46:37.747Z", "status": "published"}}], "widget": [{"id": "33ed9717-f552-4f08-8f4c-2ec45d3e9d9d", "type": "widget", "attributes": {"name": "GDP", "dataset": "bb831262-98dd-4015-879e-1a00dbe76e61", "slug": "GDP", "userId": "57bc2612f098ce98007986a3", "application": ["prep"], "verified": false, "default": false, "protected": false, "defaultEditableWidget": false, "published": false, "freeze": false, "env": "production", "widgetConfig": {"paramsConfig": {"layer": "a6ae49da-372f-463e-836f-4268d451e225", "band": null, "areaIntersection": null, "filters": [], "chartType": null, "aggregateFunction": null, "orderBy": null, "size": null, "color": null, "category": null, "value": null, "limit": 500, "visualizationType": "map"}, "lng": -82.04589843750001, "lat": 27.176469131898898, "zoom": 6, "layer_id": "a6ae49da-372f-463e-836f-4268d451e225", "type": "map"}, "template": false, "createdAt": "2018-01-15T17:18:10.389Z", "updatedAt": "2018-01-15T17:18:10.389Z"}}, {"id": "d593696e-996d-46c8-a03c-e62b74c75b0f", "type": "widget", "attributes": {"name": "2005 Gross Domestic Product in Purchasing Power Parity (USD, billions)", "dataset": "bb831262-98dd-4015-879e-1a00dbe76e61", "slug": "2005-Gross-Domestic-Product-in-Purchasing-Power-Parity-USD-billions", "userId": "5980838ae24e6a1dae3dd446", "description": "", "source": "", "authors": "", "application": ["rw"], "verified": false, "default": false, "protected": false, "defaultEditableWidget": true, "published": true, "freeze": false, "env": "production", "queryUrl": "", "widgetConfig": {"paramsConfig": {"embed": {"src": ""}, "layer": "ca254a18-a698-43fe-b7e0-e53b80d1cc47", "band": null, "areaIntersection": null, "filters": [], "chartType": null, "aggregateFunction": null, "orderBy": null, "size": null, "color": null, "category": null, "value": null, "limit": 500, "visualizationType": "map"}, "lng": 0, "lat": 0, "zoom": 3, "layer_id": "ca254a18-a698-43fe-b7e0-e53b80d1cc47", "type": "map"}, "template": false, "createdAt": "2018-01-22T16:10:05.536Z", "updatedAt": "2018-01-22T16:10:05.537Z"}}], "layer": [{"id": "ca254a18-a698-43fe-b7e0-e53b80d1cc47", "type": "layer", "attributes": {"name": "2005 Gross Domestic Product in Purchasing Power Parity (US$, billions)", "slug": "2005-GDP-in-Purchasing-Power-Parity-Billions-of-USD", "dataset": "bb831262-98dd-4015-879e-1a00dbe76e61", "description": "Estimated gross domestic production (GDP) in 2005 in purchasing power parity (PPP).", "application": ["rw"], "iso": [], "provider": "gee", "userId": "58f63c81bd32c60206ed6b12", "default": true, "protected": false, "published": true, "env": "production", "layerConfig": {"body": {"sldValue": "<RasterSymbolizer>  <ChannelSelection>   <GrayChannel>   <SourceChannelName>b8</SourceChannelName>        </GrayChannel>        </ChannelSelection>    <ColorMap  type=\"ramp\" extended=\"false\" >        <ColorMapEntry color=\"#feebe2\" quantity=\"0.1\" label=\"\" />    <ColorMapEntry color=\"#fbb4b9\" quantity=\"1\" label=\"\" />    <ColorMapEntry color=\"#f768a1\" quantity=\"10\" label=\"\" />    <ColorMapEntry color=\"#c51b8a\" quantity=\"50\" label=\"\" />    <ColorMapEntry color=\"#7a0177\" quantity=\"1500\" label=\"\" />     </ColorMap></RasterSymbolizer>", "styleType": "sld"}, "assetId": "users/resourcewatch/soc_030_gross_domestic_product3", "type": "gee"}, "legendConfig": {"items": [{"color": "#feebe2", "name": "\u22640.1"}, {"color": "#fbb4b9", "name": "\u22641"}, {"color": "#f768a1", "name": "\u226410"}, {"color": "#c51b8a", "name": "\u226450"}, {"color": "#7a0177", "name": ">50"}], "type": "choropleth"}, "interactionConfig": {"type": "intersection", "config": {"url": "https://api.resourcewatch.org/v1/query/bb831262-98dd-4015-879e-1a00dbe76e61?sql=select st_summarystats(rast, 'b8', false) as x from 'users/resourcewatch/soc_030_gross_domestic_product3' where ST_INTERSECTS(ST_SetSRID(ST_GeomFromGeoJSON('{\"type\":\"Point\",\"coordinates\":[{{lng}},{{lat}}]}'),4326),the_geom)"}, "output": [{"column": "x.b8.mean", "property": "2005 Gross Domestic Product (PPP)", "type": "number", "format": "0.0", "suffix": " "}]}, "applicationConfig": {}, "staticImageConfig": {}, "createdAt": "2020-02-06T15:29:01.327Z", "updatedAt": "2019-06-18T17:26:04.406Z"}}, {"id": "a6ae49da-372f-463e-836f-4268d451e225", "type": "layer", "attributes": {"name": "2005 GDP in Purchasing Power Parity (Billions of USD)", "slug": "2005-GDP-in-Purchasing-Power-Parity-Billions-of-USD_1", "dataset": "bb831262-98dd-4015-879e-1a00dbe76e61", "description": "Estimates gross domestic production (GDP) in 2005 using market exchange rates into US$ (MER) and adjusted to reflect local currency purchasing power parity (PPP) over a 1 degree grid of the world.", "application": ["prep"], "iso": [], "provider": "gee", "userId": "58f63c81bd32c60206ed6b12", "default": true, "protected": false, "published": true, "env": "production", "layerConfig": {"type": "gee", "assetId": "users/resourcewatch/soc_030_gross_domestic_product3", "body": {"styleType": "sld", "sldValue": "<RasterSymbolizer>  <ChannelSelection>   <GrayChannel>   <SourceChannelName>b8</SourceChannelName>        </GrayChannel>        </ChannelSelection>    <ColorMap  type=\"ramp\" extended=\"false\" >        <ColorMapEntry color=\"#feebe2\" quantity=\"0.1\" label=\"\" />    <ColorMapEntry color=\"#fbb4b9\" quantity=\"1\" label=\"\" />    <ColorMapEntry color=\"#f768a1\" quantity=\"10\" label=\"\" />    <ColorMapEntry color=\"#c51b8a\" quantity=\"50\" label=\"\" />    <ColorMapEntry color=\"#7a0177\" quantity=\"1500\" label=\"\" />     </ColorMap></RasterSymbolizer>"}}, "legendConfig": {"type": "choropleth", "items": [{"name": "<0.1", "color": "#feebe2"}, {"name": "<1", "color": "#fbb4b9"}, {"name": "<10", "color": "#f768a1"}, {"name": "<100", "color": "#c51b8a"}, {"name": "\u2265100", "color": "#7a0177"}]}, "interactionConfig": {}, "applicationConfig": {}, "staticImageConfig": {}, "createdAt": "2020-02-06T15:29:01.327Z", "updatedAt": "2018-07-11T17:40:48.340Z"}}], "vocabulary": [{"type": "vocabulary", "attributes": {"resource": {"id": "bb831262-98dd-4015-879e-1a00dbe76e61", "type": "dataset"}, "tags": ["gdp", "economic", "raster", "geospatial", "global", "historical", "society"], "name": "knowledge_graph", "application": "rw"}}, {"type": "vocabulary", "attributes": {"resource": {"id": "bb831262-98dd-4015-879e-1a00dbe76e61", "type": "dataset"}, "tags": ["gdp", "economic", "society", "raster", "geospatial", "global", "usa"], "name": "knowledge_graph", "application": "prep"}}], "widgetRelevantProps": [], "layerRelevantProps": []}}