{"id": "bbadb233-84ea-4ae1-893f-deba67f1d5de", "type": "dataset", "server": "https://api.resourcewatch.org", "attributes": {"name": "wat.003 Gray Water Footprint and Pollution Levels", "slug": "Global-grey-water-footprint-and-Water-Pollution-Levels-related-to-anthropogenic-Nitrogen-loads-to-fresh-water", "type": "tabular", "subtitle": "TWC/IFA/FAO", "application": ["rw"], "dataPath": null, "attributesPath": null, "connectorType": "rest", "provider": "cartodb", "userId": "58333dcfd9f39b189ca44c75", "connectorUrl": "https://insights.carto.com/tables/global_grey_water_footprint_and_water_pollution_levels/table", "sources": [], "tableName": "global_grey_water_footprint_and_water_pollution_levels", "status": "saved", "published": false, "overwrite": false, "verified": false, "blockchain": {}, "mainDateField": null, "env": "production", "geoInfo": true, "protected": false, "legend": {"date": [], "region": [], "country": [], "nested": [], "integer": [], "short": [], "byte": [], "double": [], "float": [], "half_float": [], "scaled_float": [], "boolean": [], "binary": [], "text": [], "keyword": []}, "clonedHost": {}, "errorMessage": null, "taskId": null, "createdAt": "2017-03-29T08:19:35.543Z", "updatedAt": "2017-10-13T14:50:04.882Z", "dataLastUpdated": null, "metadata": [{"id": "59d7cac2331a2f00111422ea", "type": "metadata", "attributes": {"dataset": "bbadb233-84ea-4ae1-893f-deba67f1d5de", "application": "rw", "resource": {"id": "bbadb233-84ea-4ae1-893f-deba67f1d5de", "type": "dataset"}, "language": "en", "name": "Gray Water Footprint and Pollution Levels", "description": "The Twente Water Centre at the University of Twente (TWC) created a global assessment of nitrogen-related water pollution in river basins, with the option to specify the pollution source by economic sector, and by crop for the agricultural sector. Anthropogenic nitrogen (N) loads to freshwater are estimated to calculate the resultant gray water footprints (GWFs), and relate the GWFs per river basin to runoff to calculate the N-related water pollution level (WPL) per catchment. These calculations were created at a 5-by-5 arc minute spatial resolution over the period 2002-2010.   The GWF is calculated by dividing the N load by the difference between the ambient water quality standard for N (the maximum acceptable concentration) and the natural concentration of N in the receiving water body. The water pollution level (WPL), which measures the degree of pollution within a catchment, is estimated as the ratio of the total of GWF in a catchment to the actual runoff from that catchment. The artificial fertilizer application rate data came primarily from the International Fertilizer Industry Association (IFA) and was supplemented with data from the Food and Agriculture Organization of the United Nations (FAO). Resource Watch shows only a subset of the dataset. For access to the full dataset and additional information, see the Learn More link.", "source": "TWC/IFA/FAO", "info": {"wri_rw_id": "wat.003", "rwId": "wat.003", "data_type": "Raster", "name": "Gray Water Footprint and Pollution Levels", "sources": [{"source-name": "Twente Water Centre at the University of Twente (TWC)", "id": 0, "source-description": ""}, {"source-name": "International Fertilizer Industry Association (IFA)", "id": 1, "source-description": ""}, {"source-name": "Food and Agriculture Organization of the United Nations (FAO)", "id": 2, "source-description": ""}], "technical_title": "Global grey water footprint and Water Pollution Levels (WPL) related to anthropogenic Nitrogen loads to fresh water at 5 \u00d7 5 arc minute grid scale (2002-2010)", "functions": "Estimate of anthropogenic nitrogen (N) loads to freshwater to calculate the resultant gray water footprints (GWFs).", "cautions": "These calculations are only estimates of the gray water footprint and pollution levels. This study also only focuses on water pollution levels through anthropogenic nitrogen loads. It is important to note that a more comprehensive picture of water pollution can be obtained only if other pollutants are considered as well and if the possible interaction of pollutants is taken into account.", "citation": "Dalhousie University Atmospheric Composition Analysis Group. Surface PM2.5 Global Estimates. Accessed through Resource Watch, [date]. www.resourcewatch.org.", "license": "unknown", "license_link": "unknown", "geographic_coverage": "Global", "spatial_resolution": "30 m ", "date_of_content": "2002-2010", "frequency_of_updates": null, "learn_more_link": "http://pubs.acs.org/doi/full/10.1021/acs.est.5b03191", "data_download_link": null, "data_download_original_link": "http://pubs.acs.org/doi/full/10.1021/acs.est.5b03191"}, "createdAt": "2017-10-06T18:26:10.198Z", "updatedAt": "2018-03-20T22:12:32.396Z", "status": "published"}}], "widget": [], "layer": [{"id": "b43325a0-b9f1-4eda-b457-f1cadf9fadd2", "type": "layer", "attributes": {"name": "2002-2010 Water Pollution Levels", "slug": "global-grey-water-footprint-and-water-pollution-levels-wpl-related-to-anthropogenic-nitrogen-loads-to-fresh-water-at-5-x-5-arc-minute-grid-scale-2002-2010", "dataset": "bbadb233-84ea-4ae1-893f-deba67f1d5de", "description": "", "application": ["rw"], "iso": [""], "provider": "cartodb", "userId": "5980838ae24e6a1dae3dd446", "default": true, "protected": false, "published": true, "env": "production", "layerConfig": {"body": {"layers": [{"options": {"cartocss_version": "2.3.0", "cartocss": "#global_grey_water_footprint_and_water_pollution_levels {polygon-opacity: 1.0; line-color: #FFFFFF; line-width: 0.0;  line-opacity: 0.7;} [wpl_n <= 40701300814.5][wpl_n > 184.057956051]{polygon-fill: #B10026;} [wpl_n <= 184.057956051][wpl_n > 0.66273820756]{polygon-fill: #E31A1C;} [wpl_n <= 0.66273820756]{polygon-fill: #FC4E2A;} [wpl_n <= 0.13310338398]{polygon-fill: #FD8D3C;} [wpl_n <= 0.01792078241]{polygon-fill: #FEB24C;} [wpl_n <= 0.00127577612]{polygon-fill: #FED976;} [wpl_n <= 0.00007373123]{polygon-fill: #FFFFB2;}", "sql": "SELECT * FROM global_grey_water_footprint_and_water_pollution_levels"}, "type": "mapnik"}], "minzoom": 3, "maxzoom": 18, "vectorLayers": [{"paint": {"line-color": " #FFFFFF", "line-width": 0, "line-opacity": 0.7}, "source-layer": "layer0", "type": "line", "filter": ["all"]}, {"paint": {"fill-opacity": 1}, "source-layer": "layer0", "type": "fill", "filter": ["all"]}, {"paint": {"fill-color": " #B10026"}, "source-layer": "layer0", "type": "fill", "filter": ["all", ["<=", "wpl_n ", 40701300814.5], [">", "wpl_n ", 184.057956051]]}, {"paint": {"fill-color": " #E31A1C"}, "source-layer": "layer0", "type": "fill", "filter": ["all", ["<=", "wpl_n ", 184.057956051], [">", "wpl_n ", 0.66273820756]]}, {"paint": {"fill-color": " #FC4E2A"}, "source-layer": "layer0", "type": "fill", "filter": ["all", ["<=", "wpl_n ", 0.66273820756]]}, {"paint": {"fill-color": " #FD8D3C"}, "source-layer": "layer0", "type": "fill", "filter": ["all", ["<=", "wpl_n ", 0.13310338398]]}, {"paint": {"fill-color": " #FEB24C"}, "source-layer": "layer0", "type": "fill", "filter": ["all", ["<=", "wpl_n ", 0.01792078241]]}, {"paint": {"fill-color": " #FED976"}, "source-layer": "layer0", "type": "fill", "filter": ["all", ["<=", "wpl_n ", 0.00127577612]]}, {"paint": {"fill-color": " #FFFFB2"}, "source-layer": "layer0", "type": "fill", "filter": ["all", ["<=", "wpl_n ", 7.373123e-05]]}]}, "account": "insights"}, "legendConfig": {"type": "basic", "items": [{"name": "Water Pollution Levels <= 40701300814.5", "color": "#B10026"}, {"name": "Water Pollution Levels <= 184.05", "color": "#E31A1C"}, {"name": "Water Pollution Levels <= 0.66", "color": "#FC4E2A"}, {"name": "Water Pollution Levels <= 0.13", "color": "#FD8D3C"}, {"name": "Water Pollution Levels <= 0.02", "color": "#FEB24C"}, {"name": "Water Pollution Levels <= 0.001", "color": "#FED976"}, {"name": "Water Pollution Levels <= 0.00007", "color": "#FFFFB2"}]}, "interactionConfig": {}, "applicationConfig": {}, "staticImageConfig": {}, "createdAt": "2017-03-29T08:30:26.019Z", "updatedAt": "2019-07-23T14:01:38.402Z"}}], "vocabulary": [{"type": "vocabulary", "attributes": {"resource": {"id": "bbadb233-84ea-4ae1-893f-deba67f1d5de", "type": "dataset"}, "tags": ["vector", "geospatial", "table", "raster", "global", "fresh_water", "water_quality", "nitrogen", "nutrients"], "name": "knowledge_graph", "application": "rw"}}], "widgetRelevantProps": ["basin_id", "wpl_n"], "layerRelevantProps": ["the_geom", "the_geom_webmercator", "basin_id", "wpl_n"]}}