{"id": "bca0109c-6d13-42a0-89b2-bcc046dc177e", "type": "dataset", "server": "https://api.resourcewatch.org", "attributes": {"name": "soc.068b ESA Landcover (IPCC)", "slug": "soc068-ESA-Landcover-IPCC", "type": "raster", "subtitle": "", "application": ["rw"], "dataPath": "", "attributesPath": null, "connectorType": "rest", "provider": "gee", "userId": "5b4e17b103d4e76dbb3c673c", "connectorUrl": "", "sources": [], "tableName": "users/resourcewatchlandcover/esa_landcover_ipcc", "status": "saved", "published": true, "overwrite": false, "verified": false, "blockchain": {}, "subscribable": {}, "mainDateField": "", "env": "production", "geoInfo": true, "protected": false, "legend": {"date": [], "region": [], "country": [], "nested": [], "integer": [], "short": [], "byte": [], "double": [], "float": [], "half_float": [], "scaled_float": [], "boolean": [], "binary": [], "text": [], "keyword": []}, "clonedHost": {}, "errorMessage": "", "taskId": null, "createdAt": "2020-02-06T15:28:15.544Z", "updatedAt": "2018-12-05T17:15:46.168Z", "dataLastUpdated": null, "metadata": [{"id": "5c08086852d7220014ec7695", "type": "metadata", "attributes": {"dataset": "bca0109c-6d13-42a0-89b2-bcc046dc177e", "application": "rw", "resource": {"id": "bca0109c-6d13-42a0-89b2-bcc046dc177e", "type": "dataset"}, "language": "en", "name": "Global Land Cover (IPCC Classification)", "description": "The Climate Change Initiative (CCI) Land Cover (LC) project of the European Space Agency (ESA) delivers consistent global LC maps at 300 m spatial resolution on an annual basis from 1992 to 2015. Each pixel value corresponds to the label of a land cover class defined based on the Intergovernmental Panel on Climate Change (IPCC) categories. This unique data set was produced thanks to the reprocessing and the interpretation of 5 different satellite missions.   \n  \nBaseline LC maps are generated thanks to the entire MERIS FR and RR archive from 2003 through 2012. Independently from this baseline, LC changes are detected at 1 km based on the AVHRR time series between 1992 to 1999, SPOT-VGT time series between 1999 and 2013, and PROBA-V data for years 2013, 2014, and 2015. When MERIS FR or PROBA-V time series are available, changes detected at 1 km are remapped at 300 m. The last step consists in back- and updating the 10-year baseline LC map to produce the 24 annual LC maps from 1992 to 2015. Resource Watch shows only a subset of the data set. For access to the full data set and additional information, see the Learn More link.", "source": "ESA/ESA CCI/UCLouvain", "info": {"rwId": "soc.068b", "data_type": "Raster", "name": "Global Land Cover (IPCC Classification)", "sources": [{"source-name": "European Space Agency (ESA)", "id": 0, "source-description": ""}, {"source-name": "European Space Agency Climate Change Initiative (ESA CCI)", "id": 1, "source-description": ""}, {"source-name": "University of Louvain (UCLouvain)", "id": 2, "source-description": ""}], "technical_title": "Land Cover Maps - v2.0.7", "functions": "Global distribution of land cover from 1992 to 2015 with the Intergovernmental Panel on Climate Change (IPCC) categories.", "cautions": "A full accuracy assessment is available from the CCI. In general, land cover classes such as rainfed and irrigated croplands, broadleaved evergreen forest, urban areas, bare areas, water bodies and permanent snow are found quite accurately mapped. On the other hand, classes such as lichens and mosses, sparse vegetation and flooded forest with fresh water can be affected by errors. Data quality varies by region, particularly as related to the coverage of MERIS imagery for creation of the baseline map. Areas with less coverage include the western part of the Amazon basin, Chile and the southern part of Argentina, the western part of Congo basin as well as the gulf of Guinea, the eastern part of Russia, and the eastern coast of China and Indonesia.", "citation": "European Space Agency Climate Change Initiative, Land Cover project. 2017. \"300 M Annual Global Land Cover Time Series from 1992 to 2015.\" Retrieved from https://www.esa-landcover-cci.org/?q=node/175. Accessed through Resource Watch, (date). [www.resourcewatch.org](www.resourcewatch.org).", "license": "Attribution required", "license_link": "http://maps.elie.ucl.ac.be/CCI/viewer/download.php", "geographic_coverage": "Global", "spatial_resolution": "300 m", "date_of_content": "1992-2015", "frequency_of_updates": "Annual", "learn_more_link": "https://www.esa-landcover-cci.org/?q=node/175", "data_download_link": null, "data_download_original_link": "http://maps.elie.ucl.ac.be/CCI/viewer/"}, "createdAt": "2018-12-05T17:18:32.908Z", "updatedAt": "2020-02-04T19:46:45.640Z", "status": "published"}}], "widget": [{"id": "34e23db4-7f08-447c-85f2-9f0e27771118", "type": "widget", "attributes": {"name": "ESA Land Cover (IPCC)", "dataset": "bca0109c-6d13-42a0-89b2-bcc046dc177e", "slug": "ESA-Land-Cover-IPCC", "userId": "5b4e17b103d4e76dbb3c673c", "description": "Land Cover from the European Space Agency's Climate Change Initiative Land Cover (ESA CCI-LC) dataset, categorized under the IPCC land cover classification system at 300 m resolution.", "source": "", "authors": "", "application": ["rw"], "verified": false, "default": false, "protected": false, "defaultEditableWidget": false, "published": true, "freeze": false, "env": "production", "queryUrl": "", "widgetConfig": {"url": "https://resourcewatch.org/embed/data/explore?zoom=2&lat=0&lng=0&basemap=dark&labels=light&layers=%255B%257B%2522dataset%2522%253A%2522bca0109c-6d13-42a0-89b2-bcc046dc177e%2522%252C%2522opacity%2522%253A1%252C%2522layer%2522%253A%25224a9ef4c2-0c13-4348-b986-f02781c6bf9f%2522%257D%255D&page=1&sort=relevance&sortDirection=-1&search=esa", "type": "embed"}, "template": false, "createdAt": "2018-12-12T20:24:32.963Z", "updatedAt": "2018-12-12T20:24:32.963Z"}}, {"id": "a496767c-597a-4697-b775-5117302c738f", "type": "widget", "attributes": {"name": "ESA Land Cover IPCC 2015 Map", "dataset": "bca0109c-6d13-42a0-89b2-bcc046dc177e", "slug": "ESA-Land-Cover-IPCC-2015-Map", "userId": "5b4e17b103d4e76dbb3c673c", "description": "2015 Land Cover from the European Space Agency's Climate Change Initiative Land Cover (ESA CCI-LC) dataset, categorized under the IPCC land cover classification system at 300 m resolution.", "source": "", "authors": "", "application": ["rw"], "verified": false, "default": true, "protected": false, "defaultEditableWidget": true, "published": true, "freeze": false, "env": "production", "queryUrl": "", "widgetConfig": {"config": null, "paramsConfig": {"layer": "68a50d22-a821-4a39-bb1b-d51fd5fa85c9", "band": null, "areaIntersection": null, "filters": [], "chartType": null, "aggregateFunction": null, "orderBy": null, "size": null, "color": null, "category": null, "value": null, "limit": 50, "visualizationType": "map"}, "basemapLayers": {"boundaries": false, "labels": null, "basemap": "dark"}, "bbox": [-130.27862548828128, -67.62072635600519, 115.11199951171876, 79.29703010061361], "lng": -7.583312988281251, "lat": 20.933223966231118, "zoom": 2, "layer_id": "68a50d22-a821-4a39-bb1b-d51fd5fa85c9", "type": "map"}, "template": false, "createdAt": "2018-12-12T20:25:52.800Z", "updatedAt": "2018-12-12T20:25:52.800Z"}}], "layer": [{"id": "4a9ef4c2-0c13-4348-b986-f02781c6bf9f", "type": "layer", "attributes": {"name": "1992 Land Cover", "slug": "1992-Land-Cover_1", "dataset": "bca0109c-6d13-42a0-89b2-bcc046dc177e", "description": "1992 Land Cover from the European Space Agency's Climate Change Initiative Land Cover (ESA CCI-LC) dataset, categorized under the IPCC land cover classification system at 300 m resolution.", "application": ["rw"], "iso": [], "provider": "gee", "userId": "5b4e17b103d4e76dbb3c673c", "default": true, "protected": false, "published": true, "env": "production", "layerConfig": {"type": "gee", "assetId": "users/resourcewatchlandcover/esa_landcover_ipcc/ESA_1992_ipcc", "isImageCollection": false, "body": {"styleType": "sld", "sldValue": "<RasterSymbolizer> <ColorMap type=\"values\" extended=\"false\" > '<ColorMapEntry color=\"#000000\" quantity=\"0\" opacity=\"0\"/>'+   '<ColorMapEntry color=\"#fffd70\" quantity=\"1\" opacity=\"1\"/>'+ '<ColorMapEntry color=\"#09630c\" quantity=\"2\" />'+ '<ColorMapEntry color=\"#3fa02c\" quantity=\"3\"/>'+ '<ColorMapEntry color=\"#159578\" quantity=\"4\" />'+'<ColorMapEntry color=\"#c11812\" quantity=\"5\" />'+   '<ColorMapEntry color=\"#956314\" quantity=\"6\"/>'+   '<ColorMapEntry color=\"#c2e575\" quantity=\"7\" />'+ '<ColorMapEntry color=\"#fff5d8\" quantity=\"8\" />'+ '<ColorMapEntry color=\"#0b4bc5\" quantity=\"210\" />'+ '<ColorMapEntry color=\"#FFFFFF\" quantity=\"220\" />'+'</ColorMap></RasterSymbolizer>"}, "timeline": true, "order": 1992, "timelineLabel": "1992"}, "legendConfig": {"type": "basic", "items": [{"name": "Agriculture", "color": "#fffd70"}, {"name": "Forest", "color": "#09630c"}, {"name": "Grassland", "color": "#3fa02c"}, {"name": "Wetland", "color": "#159578"}, {"name": "Settlement", "color": "#c11812"}, {"name": "Shrubland", "color": "#956314"}, {"name": "Sparse Vegetation", "color": "#c2e575"}, {"name": "Bare Area", "color": "#fff5d8"}, {"name": "Water", "color": "#0b4bc5"}, {"name": "Permanent Snow and Ice", "color": "#FFFFFF"}]}, "interactionConfig": {}, "applicationConfig": {}, "staticImageConfig": {}, "createdAt": "2020-02-06T15:28:15.582Z", "updatedAt": "2018-12-17T18:52:12.171Z"}}, {"id": "7af20490-d3b1-4d1f-83c5-f6429086c437", "type": "layer", "attributes": {"name": "1993 Land Cover", "slug": "1993-Land-Cover", "dataset": "bca0109c-6d13-42a0-89b2-bcc046dc177e", "description": "1993 Land Cover from the European Space Agency's Climate Change Initiative Land Cover (ESA CCI-LC) dataset, categorized under the IPCC land cover classification system at 300 m resolution.", "application": ["rw"], "iso": [], "provider": "gee", "userId": "5b4e17b103d4e76dbb3c673c", "default": false, "protected": false, "published": true, "env": "production", "layerConfig": {"body": {"sldValue": "<RasterSymbolizer> <ColorMap type=\"values\" extended=\"false\" > '<ColorMapEntry color=\"#000000\" quantity=\"0\" opacity=\"0\"/>'+   '<ColorMapEntry color=\"#fffd70\" quantity=\"1\" opacity=\"1\"/>'+ '<ColorMapEntry color=\"#09630c\" quantity=\"2\" />'+ '<ColorMapEntry color=\"#3fa02c\" quantity=\"3\"/>'+ '<ColorMapEntry color=\"#159578\" quantity=\"4\" />'+'<ColorMapEntry color=\"#c11812\" quantity=\"5\" />'+   '<ColorMapEntry color=\"#956314\" quantity=\"6\"/>'+   '<ColorMapEntry color=\"#c2e575\" quantity=\"7\" />'+ '<ColorMapEntry color=\"#fff5d8\" quantity=\"8\" />'+ '<ColorMapEntry color=\"#0b4bc5\" quantity=\"210\" />'+ '<ColorMapEntry color=\"#FFFFFF\" quantity=\"220\" />'+'</ColorMap></RasterSymbolizer>", "styleType": "sld"}, "timeline": true, "order": 1993, "timelineLabel": "1993", "isImageCollection": false, "assetId": "users/resourcewatchlandcover/esa_landcover_ipcc/ESA_1993_ipcc", "type": "gee"}, "legendConfig": {"items": [{"color": "#fffd70", "name": "Agriculture"}, {"color": "#09630c", "name": "Forest"}, {"color": "#3fa02c", "name": "Grassland"}, {"color": "#159578", "name": "Wetland"}, {"color": "#c11812", "name": "Settlement"}, {"color": "#956314", "name": "Shrubland"}, {"color": "#c2e575", "name": "Sparse Vegetation"}, {"color": "#fff5d8", "name": "Bare Area"}, {"color": "#0b4bc5", "name": "Water"}, {"color": "#FFFFFF", "name": "Permanent Snow and Ice"}], "type": "basic"}, "interactionConfig": {}, "applicationConfig": {}, "staticImageConfig": {}, "createdAt": "2020-02-06T15:28:15.582Z", "updatedAt": "2018-12-17T18:52:38.271Z"}}, {"id": "44b86732-636a-43df-90f1-ff2cc91f6573", "type": "layer", "attributes": {"name": "1994 Land Cover", "slug": "1994-Land-Cover", "dataset": "bca0109c-6d13-42a0-89b2-bcc046dc177e", "description": "1994 Land Cover from the European Space Agency's Climate Change Initiative Land Cover (ESA CCI-LC) dataset, categorized under the IPCC land cover classification system at 300 m resolution.", "application": ["rw"], "iso": [], "provider": "gee", "userId": "5b4e17b103d4e76dbb3c673c", "default": false, "protected": false, "published": true, "env": "production", "layerConfig": {"body": {"sldValue": "<RasterSymbolizer> <ColorMap type=\"values\" extended=\"false\" > '<ColorMapEntry color=\"#000000\" quantity=\"0\" opacity=\"0\"/>'+   '<ColorMapEntry color=\"#fffd70\" quantity=\"1\" opacity=\"1\"/>'+ '<ColorMapEntry color=\"#09630c\" quantity=\"2\" />'+ '<ColorMapEntry color=\"#3fa02c\" quantity=\"3\"/>'+ '<ColorMapEntry color=\"#159578\" quantity=\"4\" />'+'<ColorMapEntry color=\"#c11812\" quantity=\"5\" />'+   '<ColorMapEntry color=\"#956314\" quantity=\"6\"/>'+   '<ColorMapEntry color=\"#c2e575\" quantity=\"7\" />'+ '<ColorMapEntry color=\"#fff5d8\" quantity=\"8\" />'+ '<ColorMapEntry color=\"#0b4bc5\" quantity=\"210\" />'+ '<ColorMapEntry color=\"#FFFFFF\" quantity=\"220\" />'+'</ColorMap></RasterSymbolizer>", "styleType": "sld"}, "isImageCollection": false, "assetId": "users/resourcewatchlandcover/esa_landcover_ipcc/ESA_1994_ipcc", "type": "gee", "timeline": true, "order": 1994, "timelineLabel": "1994"}, "legendConfig": {"items": [{"color": "#fffd70", "name": "Agriculture"}, {"color": "#09630c", "name": "Forest"}, {"color": "#3fa02c", "name": "Grassland"}, {"color": "#159578", "name": "Wetland"}, {"color": "#c11812", "name": "Settlement"}, {"color": "#956314", "name": "Shrubland"}, {"color": "#c2e575", "name": "Sparse Vegetation"}, {"color": "#fff5d8", "name": "Bare Area"}, {"color": "#0b4bc5", "name": "Water"}, {"color": "#FFFFFF", "name": "Permanent Snow and Ice"}], "type": "basic"}, "interactionConfig": {}, "applicationConfig": {}, "staticImageConfig": {}, "createdAt": "2020-02-06T15:28:15.582Z", "updatedAt": "2018-12-17T18:52:55.629Z"}}, {"id": "88402070-e250-4b40-88f2-171b33887339", "type": "layer", "attributes": {"name": "1995 Land Cover", "slug": "1995-Land-Cover", "dataset": "bca0109c-6d13-42a0-89b2-bcc046dc177e", "description": "1995 Land Cover from the European Space Agency's Climate Change Initiative Land Cover (ESA CCI-LC) dataset, categorized under the IPCC land cover classification system at 300 m resolution.", "application": ["rw"], "iso": [], "provider": "gee", "userId": "5b4e17b103d4e76dbb3c673c", "default": false, "protected": false, "published": true, "env": "production", "layerConfig": {"body": {"sldValue": "<RasterSymbolizer> <ColorMap type=\"values\" extended=\"false\" > '<ColorMapEntry color=\"#000000\" quantity=\"0\" opacity=\"0\"/>'+   '<ColorMapEntry color=\"#fffd70\" quantity=\"1\" opacity=\"1\"/>'+ '<ColorMapEntry color=\"#09630c\" quantity=\"2\" />'+ '<ColorMapEntry color=\"#3fa02c\" quantity=\"3\"/>'+ '<ColorMapEntry color=\"#159578\" quantity=\"4\" />'+'<ColorMapEntry color=\"#c11812\" quantity=\"5\" />'+   '<ColorMapEntry color=\"#956314\" quantity=\"6\"/>'+   '<ColorMapEntry color=\"#c2e575\" quantity=\"7\" />'+ '<ColorMapEntry color=\"#fff5d8\" quantity=\"8\" />'+ '<ColorMapEntry color=\"#0b4bc5\" quantity=\"210\" />'+ '<ColorMapEntry color=\"#FFFFFF\" quantity=\"220\" />'+'</ColorMap></RasterSymbolizer>", "styleType": "sld"}, "isImageCollection": false, "assetId": "users/resourcewatchlandcover/esa_landcover_ipcc/ESA_1995_ipcc", "type": "gee", "timeline": true, "order": 1995, "timelineLabel": "1995"}, "legendConfig": {"items": [{"color": "#fffd70", "name": "Agriculture"}, {"color": "#09630c", "name": "Forest"}, {"color": "#3fa02c", "name": "Grassland"}, {"color": "#159578", "name": "Wetland"}, {"color": "#c11812", "name": "Settlement"}, {"color": "#956314", "name": "Shrubland"}, {"color": "#c2e575", "name": "Sparse Vegetation"}, {"color": "#fff5d8", "name": "Bare Area"}, {"color": "#0b4bc5", "name": "Water"}, {"color": "#FFFFFF", "name": "Permanent Snow and Ice"}], "type": "basic"}, "interactionConfig": {}, "applicationConfig": {}, "staticImageConfig": {}, "createdAt": "2020-02-06T15:28:15.582Z", "updatedAt": "2018-12-17T18:53:15.784Z"}}, {"id": "177a1e27-a3cf-48b6-bd99-d526bb4d2bc6", "type": "layer", "attributes": {"name": "1996 Land Cover", "slug": "1996-Land-Cover", "dataset": "bca0109c-6d13-42a0-89b2-bcc046dc177e", "description": "1996 Land Cover from the European Space Agency's Climate Change Initiative Land Cover (ESA CCI-LC) dataset, categorized under the IPCC land cover classification system at 300 m resolution.", "application": ["rw"], "iso": [], "provider": "gee", "userId": "5b4e17b103d4e76dbb3c673c", "default": false, "protected": false, "published": true, "env": "production", "layerConfig": {"body": {"sldValue": "<RasterSymbolizer> <ColorMap type=\"values\" extended=\"false\" > '<ColorMapEntry color=\"#000000\" quantity=\"0\" opacity=\"0\"/>'+   '<ColorMapEntry color=\"#fffd70\" quantity=\"1\" opacity=\"1\"/>'+ '<ColorMapEntry color=\"#09630c\" quantity=\"2\" />'+ '<ColorMapEntry color=\"#3fa02c\" quantity=\"3\"/>'+ '<ColorMapEntry color=\"#159578\" quantity=\"4\" />'+'<ColorMapEntry color=\"#c11812\" quantity=\"5\" />'+   '<ColorMapEntry color=\"#956314\" quantity=\"6\"/>'+   '<ColorMapEntry color=\"#c2e575\" quantity=\"7\" />'+ '<ColorMapEntry color=\"#fff5d8\" quantity=\"8\" />'+ '<ColorMapEntry color=\"#0b4bc5\" quantity=\"210\" />'+ '<ColorMapEntry color=\"#FFFFFF\" quantity=\"220\" />'+'</ColorMap></RasterSymbolizer>", "styleType": "sld"}, "isImageCollection": false, "assetId": "users/resourcewatchlandcover/esa_landcover_ipcc/ESA_1996_ipcc", "type": "gee", "timeline": true, "order": 1996, "timelineLabel": "1996"}, "legendConfig": {"items": [{"color": "#fffd70", "name": "Agriculture"}, {"color": "#09630c", "name": "Forest"}, {"color": "#3fa02c", "name": "Grassland"}, {"color": "#159578", "name": "Wetland"}, {"color": "#c11812", "name": "Settlement"}, {"color": "#956314", "name": "Shrubland"}, {"color": "#c2e575", "name": "Sparse Vegetation"}, {"color": "#fff5d8", "name": "Bare Area"}, {"color": "#0b4bc5", "name": "Water"}, {"color": "#FFFFFF", "name": "Permanent Snow and Ice"}], "type": "basic"}, "interactionConfig": {}, "applicationConfig": {}, "staticImageConfig": {}, "createdAt": "2020-02-06T15:28:15.583Z", "updatedAt": "2018-12-17T18:53:42.508Z"}}, {"id": "8c93af8f-6ce5-4fb9-b7bb-86f56415a6e6", "type": "layer", "attributes": {"name": "1997 Land Cover", "slug": "1997-Land-Cover", "dataset": "bca0109c-6d13-42a0-89b2-bcc046dc177e", "description": "1997 Land Cover from the European Space Agency's Climate Change Initiative Land Cover (ESA CCI-LC) dataset, categorized under the IPCC land cover classification system at 300 m resolution.", "application": ["rw"], "iso": [], "provider": "gee", "userId": "5b4e17b103d4e76dbb3c673c", "default": false, "protected": false, "published": true, "env": "production", "layerConfig": {"body": {"sldValue": "<RasterSymbolizer> <ColorMap type=\"values\" extended=\"false\" > '<ColorMapEntry color=\"#000000\" quantity=\"0\" opacity=\"0\"/>'+   '<ColorMapEntry color=\"#fffd70\" quantity=\"1\" opacity=\"1\"/>'+ '<ColorMapEntry color=\"#09630c\" quantity=\"2\" />'+ '<ColorMapEntry color=\"#3fa02c\" quantity=\"3\"/>'+ '<ColorMapEntry color=\"#159578\" quantity=\"4\" />'+'<ColorMapEntry color=\"#c11812\" quantity=\"5\" />'+   '<ColorMapEntry color=\"#956314\" quantity=\"6\"/>'+   '<ColorMapEntry color=\"#c2e575\" quantity=\"7\" />'+ '<ColorMapEntry color=\"#fff5d8\" quantity=\"8\" />'+ '<ColorMapEntry color=\"#0b4bc5\" quantity=\"210\" />'+ '<ColorMapEntry color=\"#FFFFFF\" quantity=\"220\" />'+'</ColorMap></RasterSymbolizer>", "styleType": "sld"}, "isImageCollection": false, "assetId": "users/resourcewatchlandcover/esa_landcover_ipcc/ESA_1997_ipcc", "type": "gee", "timeline": true, "order": 1997, "timelineLabel": "1997"}, "legendConfig": {"items": [{"color": "#fffd70", "name": "Agriculture"}, {"color": "#09630c", "name": "Forest"}, {"color": "#3fa02c", "name": "Grassland"}, {"color": "#159578", "name": "Wetland"}, {"color": "#c11812", "name": "Settlement"}, {"color": "#956314", "name": "Shrubland"}, {"color": "#c2e575", "name": "Sparse Vegetation"}, {"color": "#fff5d8", "name": "Bare Area"}, {"color": "#0b4bc5", "name": "Water"}, {"color": "#FFFFFF", "name": "Permanent Snow and Ice"}], "type": "basic"}, "interactionConfig": {}, "applicationConfig": {}, "staticImageConfig": {}, "createdAt": "2020-02-06T15:28:15.583Z", "updatedAt": "2018-12-17T18:54:00.875Z"}}, {"id": "68edf788-014a-4afb-8b3a-0a1f6b7023d9", "type": "layer", "attributes": {"name": "1998 Land Cover", "slug": "1998-Land-Cover", "dataset": "bca0109c-6d13-42a0-89b2-bcc046dc177e", "description": "1998 Land Cover from the European Space Agency's Climate Change Initiative Land Cover (ESA CCI-LC) dataset, categorized under the IPCC land cover classification system at 300 m resolution.", "application": ["rw"], "iso": [], "provider": "gee", "userId": "5b4e17b103d4e76dbb3c673c", "default": false, "protected": false, "published": true, "env": "production", "layerConfig": {"body": {"sldValue": "<RasterSymbolizer> <ColorMap type=\"values\" extended=\"false\" > '<ColorMapEntry color=\"#000000\" quantity=\"0\" opacity=\"0\"/>'+   '<ColorMapEntry color=\"#fffd70\" quantity=\"1\" opacity=\"1\"/>'+ '<ColorMapEntry color=\"#09630c\" quantity=\"2\" />'+ '<ColorMapEntry color=\"#3fa02c\" quantity=\"3\"/>'+ '<ColorMapEntry color=\"#159578\" quantity=\"4\" />'+'<ColorMapEntry color=\"#c11812\" quantity=\"5\" />'+   '<ColorMapEntry color=\"#956314\" quantity=\"6\"/>'+   '<ColorMapEntry color=\"#c2e575\" quantity=\"7\" />'+ '<ColorMapEntry color=\"#fff5d8\" quantity=\"8\" />'+ '<ColorMapEntry color=\"#0b4bc5\" quantity=\"210\" />'+ '<ColorMapEntry color=\"#FFFFFF\" quantity=\"220\" />'+'</ColorMap></RasterSymbolizer>", "styleType": "sld"}, "isImageCollection": false, "assetId": "users/resourcewatchlandcover/esa_landcover_ipcc/ESA_1998_ipcc", "type": "gee", "timeline": true, "order": 1998, "timelineLabel": "1998"}, "legendConfig": {"items": [{"color": "#fffd70", "name": "Agriculture"}, {"color": "#09630c", "name": "Forest"}, {"color": "#3fa02c", "name": "Grassland"}, {"color": "#159578", "name": "Wetland"}, {"color": "#c11812", "name": "Settlement"}, {"color": "#956314", "name": "Shrubland"}, {"color": "#c2e575", "name": "Sparse Vegetation"}, {"color": "#fff5d8", "name": "Bare Area"}, {"color": "#0b4bc5", "name": "Water"}, {"color": "#FFFFFF", "name": "Permanent Snow and Ice"}], "type": "basic"}, "interactionConfig": {}, "applicationConfig": {}, "staticImageConfig": {}, "createdAt": "2020-02-06T15:28:15.583Z", "updatedAt": "2018-12-17T19:10:56.091Z"}}, {"id": "50dd211c-5ae7-43e6-ab76-9d2eb11874e3", "type": "layer", "attributes": {"name": "1999 Land Cover", "slug": "1999-Land-Cover", "dataset": "bca0109c-6d13-42a0-89b2-bcc046dc177e", "description": "1999 Land Cover from the European Space Agency's Climate Change Initiative Land Cover (ESA CCI-LC) dataset, categorized under the IPCC land cover classification system at 300 m resolution.", "application": ["rw"], "iso": [], "provider": "gee", "userId": "5b4e17b103d4e76dbb3c673c", "default": false, "protected": false, "published": true, "env": "production", "layerConfig": {"body": {"sldValue": "<RasterSymbolizer> <ColorMap type=\"values\" extended=\"false\" > '<ColorMapEntry color=\"#000000\" quantity=\"0\" opacity=\"0\"/>'+   '<ColorMapEntry color=\"#fffd70\" quantity=\"1\" opacity=\"1\"/>'+ '<ColorMapEntry color=\"#09630c\" quantity=\"2\" />'+ '<ColorMapEntry color=\"#3fa02c\" quantity=\"3\"/>'+ '<ColorMapEntry color=\"#159578\" quantity=\"4\" />'+'<ColorMapEntry color=\"#c11812\" quantity=\"5\" />'+   '<ColorMapEntry color=\"#956314\" quantity=\"6\"/>'+   '<ColorMapEntry color=\"#c2e575\" quantity=\"7\" />'+ '<ColorMapEntry color=\"#fff5d8\" quantity=\"8\" />'+ '<ColorMapEntry color=\"#0b4bc5\" quantity=\"210\" />'+ '<ColorMapEntry color=\"#FFFFFF\" quantity=\"220\" />'+'</ColorMap></RasterSymbolizer>", "styleType": "sld"}, "isImageCollection": false, "assetId": "users/resourcewatchlandcover/esa_landcover_ipcc/ESA_1999_ipcc", "type": "gee", "timeline": true, "order": 1999, "timelineLabel": "1999"}, "legendConfig": {"items": [{"color": "#fffd70", "name": "Agriculture"}, {"color": "#09630c", "name": "Forest"}, {"color": "#3fa02c", "name": "Grassland"}, {"color": "#159578", "name": "Wetland"}, {"color": "#c11812", "name": "Settlement"}, {"color": "#956314", "name": "Shrubland"}, {"color": "#c2e575", "name": "Sparse Vegetation"}, {"color": "#fff5d8", "name": "Bare Area"}, {"color": "#0b4bc5", "name": "Water"}, {"color": "#FFFFFF", "name": "Permanent Snow and Ice"}], "type": "basic"}, "interactionConfig": {}, "applicationConfig": {}, "staticImageConfig": {}, "createdAt": "2020-02-06T15:28:15.583Z", "updatedAt": "2018-12-17T19:11:00.616Z"}}, {"id": "709afed4-fc07-422f-a7ce-c8051f443d99", "type": "layer", "attributes": {"name": "2000 Land Cover", "slug": "2000-Land-Cover", "dataset": "bca0109c-6d13-42a0-89b2-bcc046dc177e", "description": "2000 Land Cover from the European Space Agency's Climate Change Initiative Land Cover (ESA CCI-LC) dataset, categorized under the IPCC land cover classification system at 300 m resolution.", "application": ["rw"], "iso": [], "provider": "gee", "userId": "5b4e17b103d4e76dbb3c673c", "default": false, "protected": false, "published": true, "env": "production", "layerConfig": {"body": {"sldValue": "<RasterSymbolizer> <ColorMap type=\"values\" extended=\"false\" > '<ColorMapEntry color=\"#000000\" quantity=\"0\" opacity=\"0\"/>'+   '<ColorMapEntry color=\"#fffd70\" quantity=\"1\" opacity=\"1\"/>'+ '<ColorMapEntry color=\"#09630c\" quantity=\"2\" />'+ '<ColorMapEntry color=\"#3fa02c\" quantity=\"3\"/>'+ '<ColorMapEntry color=\"#159578\" quantity=\"4\" />'+'<ColorMapEntry color=\"#c11812\" quantity=\"5\" />'+   '<ColorMapEntry color=\"#956314\" quantity=\"6\"/>'+   '<ColorMapEntry color=\"#c2e575\" quantity=\"7\" />'+ '<ColorMapEntry color=\"#fff5d8\" quantity=\"8\" />'+ '<ColorMapEntry color=\"#0b4bc5\" quantity=\"210\" />'+ '<ColorMapEntry color=\"#FFFFFF\" quantity=\"220\" />'+'</ColorMap></RasterSymbolizer>", "styleType": "sld"}, "isImageCollection": false, "assetId": "users/resourcewatchlandcover/esa_landcover_ipcc/ESA_2000_ipcc", "type": "gee", "timeline": true, "order": 2000, "timelineLabel": "2000"}, "legendConfig": {"items": [{"color": "#fffd70", "name": "Agriculture"}, {"color": "#09630c", "name": "Forest"}, {"color": "#3fa02c", "name": "Grassland"}, {"color": "#159578", "name": "Wetland"}, {"color": "#c11812", "name": "Settlement"}, {"color": "#956314", "name": "Shrubland"}, {"color": "#c2e575", "name": "Sparse Vegetation"}, {"color": "#fff5d8", "name": "Bare Area"}, {"color": "#0b4bc5", "name": "Water"}, {"color": "#FFFFFF", "name": "Permanent Snow and Ice"}], "type": "basic"}, "interactionConfig": {}, "applicationConfig": {}, "staticImageConfig": {}, "createdAt": "2020-02-06T15:28:15.583Z", "updatedAt": "2018-12-17T19:36:06.404Z"}}, {"id": "37a68f52-8e79-43ee-9c5c-ea8db5d4c166", "type": "layer", "attributes": {"name": "2001 Land Cover", "slug": "2001-Land-Cover", "dataset": "bca0109c-6d13-42a0-89b2-bcc046dc177e", "description": "2001 Land Cover from the European Space Agency's Climate Change Initiative Land Cover (ESA CCI-LC) dataset, categorized under the IPCC land cover classification system at 300 m resolution.", "application": ["rw"], "iso": [], "provider": "gee", "userId": "5b4e17b103d4e76dbb3c673c", "default": false, "protected": false, "published": true, "env": "production", "layerConfig": {"type": "gee", "assetId": "users/resourcewatchlandcover/esa_landcover_ipcc/ESA_2001_ipcc", "isImageCollection": false, "body": {"styleType": "sld", "sldValue": "<RasterSymbolizer> <ColorMap type=\"values\" extended=\"false\" > '<ColorMapEntry color=\"#000000\" quantity=\"0\" opacity=\"0\"/>'+   '<ColorMapEntry color=\"#fffd70\" quantity=\"1\" opacity=\"1\"/>'+ '<ColorMapEntry color=\"#09630c\" quantity=\"2\" />'+ '<ColorMapEntry color=\"#3fa02c\" quantity=\"3\"/>'+ '<ColorMapEntry color=\"#159578\" quantity=\"4\" />'+'<ColorMapEntry color=\"#c11812\" quantity=\"5\" />'+   '<ColorMapEntry color=\"#956314\" quantity=\"6\"/>'+   '<ColorMapEntry color=\"#c2e575\" quantity=\"7\" />'+ '<ColorMapEntry color=\"#fff5d8\" quantity=\"8\" />'+ '<ColorMapEntry color=\"#0b4bc5\" quantity=\"210\" />'+ '<ColorMapEntry color=\"#FFFFFF\" quantity=\"220\" />'+'</ColorMap></RasterSymbolizer>"}, "timeline": true, "order": 2001, "timelineLabel": "2001"}, "legendConfig": {"type": "basic", "items": [{"name": "Agriculture", "color": "#fffd70"}, {"name": "Forest", "color": "#09630c"}, {"name": "Grassland", "color": "#3fa02c"}, {"name": "Wetland", "color": "#159578"}, {"name": "Settlement", "color": "#c11812"}, {"name": "Shrubland", "color": "#956314"}, {"name": "Sparse Vegetation", "color": "#c2e575"}, {"name": "Bare Area", "color": "#fff5d8"}, {"name": "Water", "color": "#0b4bc5"}, {"name": "Permanent Snow and Ice", "color": "#FFFFFF"}]}, "interactionConfig": {}, "applicationConfig": {}, "staticImageConfig": {}, "createdAt": "2020-02-06T15:28:15.583Z", "updatedAt": "2018-12-17T19:17:18.902Z"}}, {"id": "d4035b7d-4e41-4406-80cc-4a9e288ab78f", "type": "layer", "attributes": {"name": "2002 Land Cover", "slug": "2002-Land-Cover", "dataset": "bca0109c-6d13-42a0-89b2-bcc046dc177e", "description": "2002 Land Cover from the European Space Agency's Climate Change Initiative Land Cover (ESA CCI-LC) dataset, categorized under the IPCC land cover classification system at 300 m resolution.", "application": ["rw"], "iso": [], "provider": "gee", "userId": "5b4e17b103d4e76dbb3c673c", "default": false, "protected": false, "published": true, "env": "production", "layerConfig": {"type": "gee", "assetId": "users/resourcewatchlandcover/esa_landcover_ipcc/ESA_2002_ipcc", "isImageCollection": false, "body": {"styleType": "sld", "sldValue": "<RasterSymbolizer> <ColorMap type=\"values\" extended=\"false\" > '<ColorMapEntry color=\"#000000\" quantity=\"0\" opacity=\"0\"/>'+   '<ColorMapEntry color=\"#fffd70\" quantity=\"1\" opacity=\"1\"/>'+ '<ColorMapEntry color=\"#09630c\" quantity=\"2\" />'+ '<ColorMapEntry color=\"#3fa02c\" quantity=\"3\"/>'+ '<ColorMapEntry color=\"#159578\" quantity=\"4\" />'+'<ColorMapEntry color=\"#c11812\" quantity=\"5\" />'+   '<ColorMapEntry color=\"#956314\" quantity=\"6\"/>'+   '<ColorMapEntry color=\"#c2e575\" quantity=\"7\" />'+ '<ColorMapEntry color=\"#fff5d8\" quantity=\"8\" />'+ '<ColorMapEntry color=\"#0b4bc5\" quantity=\"210\" />'+ '<ColorMapEntry color=\"#FFFFFF\" quantity=\"220\" />'+'</ColorMap></RasterSymbolizer>"}, "timeline": true, "order": 2002, "timelineLabel": "2002"}, "legendConfig": {}, "interactionConfig": {}, "applicationConfig": {}, "staticImageConfig": {}, "createdAt": "2020-02-06T15:28:15.583Z", "updatedAt": "2018-12-17T19:17:08.058Z"}}, {"id": "9f0b8836-1947-4abd-be76-a26153a58b78", "type": "layer", "attributes": {"name": "2003 Land Cover", "slug": "2003-Land-Cover", "dataset": "bca0109c-6d13-42a0-89b2-bcc046dc177e", "description": "2003 Land Cover from the European Space Agency's Climate Change Initiative Land Cover (ESA CCI-LC) dataset, categorized under the IPCC land cover classification system at 300 m resolution.", "application": ["rw"], "iso": [], "provider": "gee", "userId": "5b4e17b103d4e76dbb3c673c", "default": false, "protected": false, "published": true, "env": "production", "layerConfig": {"type": "gee", "assetId": "users/resourcewatchlandcover/esa_landcover_ipcc/ESA_2003_ipcc", "isImageCollection": false, "body": {"styleType": "sld", "sldValue": "<RasterSymbolizer> <ColorMap type=\"values\" extended=\"false\" > '<ColorMapEntry color=\"#000000\" quantity=\"0\" opacity=\"0\"/>'+   '<ColorMapEntry color=\"#fffd70\" quantity=\"1\" opacity=\"1\"/>'+ '<ColorMapEntry color=\"#09630c\" quantity=\"2\" />'+ '<ColorMapEntry color=\"#3fa02c\" quantity=\"3\"/>'+ '<ColorMapEntry color=\"#159578\" quantity=\"4\" />'+'<ColorMapEntry color=\"#c11812\" quantity=\"5\" />'+   '<ColorMapEntry color=\"#956314\" quantity=\"6\"/>'+   '<ColorMapEntry color=\"#c2e575\" quantity=\"7\" />'+ '<ColorMapEntry color=\"#fff5d8\" quantity=\"8\" />'+ '<ColorMapEntry color=\"#0b4bc5\" quantity=\"210\" />'+ '<ColorMapEntry color=\"#FFFFFF\" quantity=\"220\" />'+'</ColorMap></RasterSymbolizer>"}, "timeline": true, "order": 2003, "timelineLabel": "2003"}, "legendConfig": {"type": "basic", "items": [{"name": "Agriculture", "color": "#fffd70"}, {"name": "Forest", "color": "#09630c"}, {"name": "Grassland", "color": "#3fa02c"}, {"name": "Wetland", "color": "#159578"}, {"name": "Settlement", "color": "#c11812"}, {"name": "Shrubland", "color": "#956314"}, {"name": "Sparse Vegetation", "color": "#c2e575"}, {"name": "Bare Area", "color": "#fff5d8"}, {"name": "Water", "color": "#0b4bc5"}, {"name": "Permanent Snow and Ice", "color": "#FFFFFF"}]}, "interactionConfig": {}, "applicationConfig": {}, "staticImageConfig": {}, "createdAt": "2020-02-06T15:28:15.584Z", "updatedAt": "2018-12-17T19:16:56.542Z"}}, {"id": "2daeb219-c454-4a5e-882a-2c6e53684051", "type": "layer", "attributes": {"name": "2004 Land Cover", "slug": "2004-Land-Cover", "dataset": "bca0109c-6d13-42a0-89b2-bcc046dc177e", "description": "2004 Land Cover from the European Space Agency's Climate Change Initiative Land Cover (ESA CCI-LC) dataset, categorized under the IPCC land cover classification system at 300 m resolution.", "application": ["rw"], "iso": [], "provider": "gee", "userId": "5b4e17b103d4e76dbb3c673c", "default": false, "protected": false, "published": true, "env": "production", "layerConfig": {"type": "gee", "assetId": "users/resourcewatchlandcover/esa_landcover_ipcc/ESA_2004_ipcc", "isImageCollection": false, "body": {"styleType": "sld", "sldValue": "<RasterSymbolizer> <ColorMap type=\"values\" extended=\"false\" > '<ColorMapEntry color=\"#000000\" quantity=\"0\" opacity=\"0\"/>'+   '<ColorMapEntry color=\"#fffd70\" quantity=\"1\" opacity=\"1\"/>'+ '<ColorMapEntry color=\"#09630c\" quantity=\"2\" />'+ '<ColorMapEntry color=\"#3fa02c\" quantity=\"3\"/>'+ '<ColorMapEntry color=\"#159578\" quantity=\"4\" />'+'<ColorMapEntry color=\"#c11812\" quantity=\"5\" />'+   '<ColorMapEntry color=\"#956314\" quantity=\"6\"/>'+   '<ColorMapEntry color=\"#c2e575\" quantity=\"7\" />'+ '<ColorMapEntry color=\"#fff5d8\" quantity=\"8\" />'+ '<ColorMapEntry color=\"#0b4bc5\" quantity=\"210\" />'+ '<ColorMapEntry color=\"#FFFFFF\" quantity=\"220\" />'+'</ColorMap></RasterSymbolizer>"}, "timeline": true, "order": 2004, "timelineLabel": "2004"}, "legendConfig": {"type": "basic", "items": [{"name": "Agriculture", "color": "#fffd70"}, {"name": "Forest", "color": "#09630c"}, {"name": "Grassland", "color": "#3fa02c"}, {"name": "Wetland", "color": "#159578"}, {"name": "Settlement", "color": "#c11812"}, {"name": "Shrubland", "color": "#956314"}, {"name": "Sparse Vegetation", "color": "#c2e575"}, {"name": "Bare Area", "color": "#fff5d8"}, {"name": "Water", "color": "#0b4bc5"}, {"name": "Permanent Snow and Ice", "color": "#FFFFFF"}]}, "interactionConfig": {}, "applicationConfig": {}, "staticImageConfig": {}, "createdAt": "2020-02-06T15:28:15.584Z", "updatedAt": "2018-12-17T19:16:41.855Z"}}, {"id": "432c1aa5-cd80-4023-9b20-1b4291be3022", "type": "layer", "attributes": {"name": "2005 Land Cover", "slug": "2005-Land-Cover", "dataset": "bca0109c-6d13-42a0-89b2-bcc046dc177e", "description": "2005 Land Cover from the European Space Agency's Climate Change Initiative Land Cover (ESA CCI-LC) dataset, categorized under the IPCC land cover classification system at 300 m resolution.", "application": ["rw"], "iso": [], "provider": "gee", "userId": "5b4e17b103d4e76dbb3c673c", "default": false, "protected": false, "published": true, "env": "production", "layerConfig": {"body": {"sldValue": "<RasterSymbolizer> <ColorMap type=\"values\" extended=\"false\" > '<ColorMapEntry color=\"#000000\" quantity=\"0\" opacity=\"0\"/>'+   '<ColorMapEntry color=\"#fffd70\" quantity=\"1\" opacity=\"1\"/>'+ '<ColorMapEntry color=\"#09630c\" quantity=\"2\" />'+ '<ColorMapEntry color=\"#3fa02c\" quantity=\"3\"/>'+ '<ColorMapEntry color=\"#159578\" quantity=\"4\" />'+'<ColorMapEntry color=\"#c11812\" quantity=\"5\" />'+   '<ColorMapEntry color=\"#956314\" quantity=\"6\"/>'+   '<ColorMapEntry color=\"#c2e575\" quantity=\"7\" />'+ '<ColorMapEntry color=\"#fff5d8\" quantity=\"8\" />'+ '<ColorMapEntry color=\"#0b4bc5\" quantity=\"210\" />'+ '<ColorMapEntry color=\"#FFFFFF\" quantity=\"220\" />'+'</ColorMap></RasterSymbolizer>", "styleType": "sld"}, "isImageCollection": false, "assetId": "users/resourcewatchlandcover/esa_landcover_ipcc/ESA_2005_ipcc", "type": "gee", "timeline": true, "order": 2005, "timelineLabel": "2005"}, "legendConfig": {"items": [{"color": "#fffd70", "name": "Agriculture"}, {"color": "#09630c", "name": "Forest"}, {"color": "#3fa02c", "name": "Grassland"}, {"color": "#159578", "name": "Wetland"}, {"color": "#c11812", "name": "Settlement"}, {"color": "#956314", "name": "Shrubland"}, {"color": "#c2e575", "name": "Sparse Vegetation"}, {"color": "#fff5d8", "name": "Bare Area"}, {"color": "#0b4bc5", "name": "Water"}, {"color": "#FFFFFF", "name": "Permanent Snow and Ice"}], "type": "basic"}, "interactionConfig": {}, "applicationConfig": {}, "staticImageConfig": {}, "createdAt": "2020-02-06T15:28:15.584Z", "updatedAt": "2018-12-17T19:16:33.924Z"}}, {"id": "abed6874-6d5d-4575-8935-defba9804e8c", "type": "layer", "attributes": {"name": "2006 Land Cover", "slug": "2006-Land-Cover", "dataset": "bca0109c-6d13-42a0-89b2-bcc046dc177e", "description": "2006 Land Cover from the European Space Agency's Climate Change Initiative Land Cover (ESA CCI-LC) dataset, categorized under the IPCC land cover classification system at 300 m resolution.", "application": ["rw"], "iso": [], "provider": "gee", "userId": "5b4e17b103d4e76dbb3c673c", "default": false, "protected": false, "published": true, "env": "production", "layerConfig": {"body": {"sldValue": "<RasterSymbolizer> <ColorMap type=\"values\" extended=\"false\" > '<ColorMapEntry color=\"#000000\" quantity=\"0\" opacity=\"0\"/>'+   '<ColorMapEntry color=\"#fffd70\" quantity=\"1\" opacity=\"1\"/>'+ '<ColorMapEntry color=\"#09630c\" quantity=\"2\" />'+ '<ColorMapEntry color=\"#3fa02c\" quantity=\"3\"/>'+ '<ColorMapEntry color=\"#159578\" quantity=\"4\" />'+'<ColorMapEntry color=\"#c11812\" quantity=\"5\" />'+   '<ColorMapEntry color=\"#956314\" quantity=\"6\"/>'+   '<ColorMapEntry color=\"#c2e575\" quantity=\"7\" />'+ '<ColorMapEntry color=\"#fff5d8\" quantity=\"8\" />'+ '<ColorMapEntry color=\"#0b4bc5\" quantity=\"210\" />'+ '<ColorMapEntry color=\"#FFFFFF\" quantity=\"220\" />'+'</ColorMap></RasterSymbolizer>", "styleType": "sld"}, "isImageCollection": false, "assetId": "users/resourcewatchlandcover/esa_landcover_ipcc/ESA_2006_ipcc", "type": "gee", "timeline": true, "order": 2006, "timelineLabel": "2006"}, "legendConfig": {"items": [{"color": "#fffd70", "name": "Agriculture"}, {"color": "#09630c", "name": "Forest"}, {"color": "#3fa02c", "name": "Grassland"}, {"color": "#159578", "name": "Wetland"}, {"color": "#c11812", "name": "Settlement"}, {"color": "#956314", "name": "Shrubland"}, {"color": "#c2e575", "name": "Sparse Vegetation"}, {"color": "#fff5d8", "name": "Bare Area"}, {"color": "#0b4bc5", "name": "Water"}, {"color": "#FFFFFF", "name": "Permanent Snow and Ice"}], "type": "basic"}, "interactionConfig": {}, "applicationConfig": {}, "staticImageConfig": {}, "createdAt": "2020-02-06T15:28:15.584Z", "updatedAt": "2018-12-17T19:16:24.183Z"}}, {"id": "f9192bd0-ea3f-4440-91df-9f6878249d6b", "type": "layer", "attributes": {"name": "2007 Land Cover", "slug": "2007-Land-Cover", "dataset": "bca0109c-6d13-42a0-89b2-bcc046dc177e", "description": "2007 Land Cover from the European Space Agency's Climate Change Initiative Land Cover (ESA CCI-LC) dataset, categorized under the IPCC land cover classification system at 300 m resolution.", "application": ["rw"], "iso": [], "provider": "gee", "userId": "5b4e17b103d4e76dbb3c673c", "default": false, "protected": false, "published": true, "env": "production", "layerConfig": {"body": {"sldValue": "<RasterSymbolizer> <ColorMap type=\"values\" extended=\"false\" > '<ColorMapEntry color=\"#000000\" quantity=\"0\" opacity=\"0\"/>'+   '<ColorMapEntry color=\"#fffd70\" quantity=\"1\" opacity=\"1\"/>'+ '<ColorMapEntry color=\"#09630c\" quantity=\"2\" />'+ '<ColorMapEntry color=\"#3fa02c\" quantity=\"3\"/>'+ '<ColorMapEntry color=\"#159578\" quantity=\"4\" />'+'<ColorMapEntry color=\"#c11812\" quantity=\"5\" />'+   '<ColorMapEntry color=\"#956314\" quantity=\"6\"/>'+   '<ColorMapEntry color=\"#c2e575\" quantity=\"7\" />'+ '<ColorMapEntry color=\"#fff5d8\" quantity=\"8\" />'+ '<ColorMapEntry color=\"#0b4bc5\" quantity=\"210\" />'+ '<ColorMapEntry color=\"#FFFFFF\" quantity=\"220\" />'+'</ColorMap></RasterSymbolizer>", "styleType": "sld"}, "isImageCollection": false, "assetId": "users/resourcewatchlandcover/esa_landcover_ipcc/ESA_2007_ipcc", "type": "gee", "timeline": true, "order": 2007, "timelineLabel": "2007"}, "legendConfig": {"items": [{"color": "#fffd70", "name": "Agriculture"}, {"color": "#09630c", "name": "Forest"}, {"color": "#3fa02c", "name": "Grassland"}, {"color": "#159578", "name": "Wetland"}, {"color": "#c11812", "name": "Settlement"}, {"color": "#956314", "name": "Shrubland"}, {"color": "#c2e575", "name": "Sparse Vegetation"}, {"color": "#fff5d8", "name": "Bare Area"}, {"color": "#0b4bc5", "name": "Water"}, {"color": "#FFFFFF", "name": "Permanent Snow and Ice"}], "type": "basic"}, "interactionConfig": {}, "applicationConfig": {}, "staticImageConfig": {}, "createdAt": "2020-02-06T15:28:15.584Z", "updatedAt": "2018-12-17T19:13:29.255Z"}}, {"id": "575b1cf1-a556-4a29-9793-f46ff12ff654", "type": "layer", "attributes": {"name": "2008 Land Cover", "slug": "2008-Land-Cover", "dataset": "bca0109c-6d13-42a0-89b2-bcc046dc177e", "description": "2008 Land Cover from the European Space Agency's Climate Change Initiative Land Cover (ESA CCI-LC) dataset, categorized under the IPCC land cover classification system at 300 m resolution.", "application": ["rw"], "iso": [], "provider": "gee", "userId": "5b4e17b103d4e76dbb3c673c", "default": false, "protected": false, "published": true, "env": "production", "layerConfig": {"body": {"sldValue": "<RasterSymbolizer> <ColorMap type=\"values\" extended=\"false\" > '<ColorMapEntry color=\"#000000\" quantity=\"0\" opacity=\"0\"/>'+   '<ColorMapEntry color=\"#fffd70\" quantity=\"1\" opacity=\"1\"/>'+ '<ColorMapEntry color=\"#09630c\" quantity=\"2\" />'+ '<ColorMapEntry color=\"#3fa02c\" quantity=\"3\"/>'+ '<ColorMapEntry color=\"#159578\" quantity=\"4\" />'+'<ColorMapEntry color=\"#c11812\" quantity=\"5\" />'+   '<ColorMapEntry color=\"#956314\" quantity=\"6\"/>'+   '<ColorMapEntry color=\"#c2e575\" quantity=\"7\" />'+ '<ColorMapEntry color=\"#fff5d8\" quantity=\"8\" />'+ '<ColorMapEntry color=\"#0b4bc5\" quantity=\"210\" />'+ '<ColorMapEntry color=\"#FFFFFF\" quantity=\"220\" />'+'</ColorMap></RasterSymbolizer>", "styleType": "sld"}, "isImageCollection": false, "assetId": "users/resourcewatchlandcover/esa_landcover_ipcc/ESA_2008_ipcc", "type": "gee", "timeline": true, "order": 2008, "timelineLabel": "2008"}, "legendConfig": {"items": [{"color": "#fffd70", "name": "Agriculture"}, {"color": "#09630c", "name": "Forest"}, {"color": "#3fa02c", "name": "Grassland"}, {"color": "#159578", "name": "Wetland"}, {"color": "#c11812", "name": "Settlement"}, {"color": "#956314", "name": "Shrubland"}, {"color": "#c2e575", "name": "Sparse Vegetation"}, {"color": "#fff5d8", "name": "Bare Area"}, {"color": "#0b4bc5", "name": "Water"}, {"color": "#FFFFFF", "name": "Permanent Snow and Ice"}], "type": "basic"}, "interactionConfig": {}, "applicationConfig": {}, "staticImageConfig": {}, "createdAt": "2020-02-06T15:28:15.584Z", "updatedAt": "2018-12-17T19:14:55.763Z"}}, {"id": "98c6d7ab-392a-4bfe-848f-f9e40ece29a9", "type": "layer", "attributes": {"name": "2009 Land Cover", "slug": "2009-Land-Cover", "dataset": "bca0109c-6d13-42a0-89b2-bcc046dc177e", "description": "2009 Land Cover from the European Space Agency's Climate Change Initiative Land Cover (ESA CCI-LC) dataset, categorized under the IPCC land cover classification system at 300 m resolution.", "application": ["rw"], "iso": [], "provider": "gee", "userId": "5b4e17b103d4e76dbb3c673c", "default": false, "protected": false, "published": true, "env": "production", "layerConfig": {"body": {"sldValue": "<RasterSymbolizer> <ColorMap type=\"values\" extended=\"false\" > '<ColorMapEntry color=\"#000000\" quantity=\"0\" opacity=\"0\"/>'+   '<ColorMapEntry color=\"#fffd70\" quantity=\"1\" opacity=\"1\"/>'+ '<ColorMapEntry color=\"#09630c\" quantity=\"2\" />'+ '<ColorMapEntry color=\"#3fa02c\" quantity=\"3\"/>'+ '<ColorMapEntry color=\"#159578\" quantity=\"4\" />'+'<ColorMapEntry color=\"#c11812\" quantity=\"5\" />'+   '<ColorMapEntry color=\"#956314\" quantity=\"6\"/>'+   '<ColorMapEntry color=\"#c2e575\" quantity=\"7\" />'+ '<ColorMapEntry color=\"#fff5d8\" quantity=\"8\" />'+ '<ColorMapEntry color=\"#0b4bc5\" quantity=\"210\" />'+ '<ColorMapEntry color=\"#FFFFFF\" quantity=\"220\" />'+'</ColorMap></RasterSymbolizer>", "styleType": "sld"}, "isImageCollection": false, "assetId": "users/resourcewatchlandcover/esa_landcover_ipcc/ESA_2009_ipcc", "type": "gee", "timeline": true, "order": 2009, "timelineLabel": "2009"}, "legendConfig": {"items": [{"color": "#fffd70", "name": "Agriculture"}, {"color": "#09630c", "name": "Forest"}, {"color": "#3fa02c", "name": "Grassland"}, {"color": "#159578", "name": "Wetland"}, {"color": "#c11812", "name": "Settlement"}, {"color": "#956314", "name": "Shrubland"}, {"color": "#c2e575", "name": "Sparse Vegetation"}, {"color": "#fff5d8", "name": "Bare Area"}, {"color": "#0b4bc5", "name": "Water"}, {"color": "#FFFFFF", "name": "Permanent Snow and Ice"}], "type": "basic"}, "interactionConfig": {}, "applicationConfig": {}, "staticImageConfig": {}, "createdAt": "2020-02-06T15:28:15.584Z", "updatedAt": "2018-12-17T19:14:45.401Z"}}, {"id": "5c42808b-7b33-48f2-9415-5d7c43781468", "type": "layer", "attributes": {"name": "2010 Land Cover", "slug": "2010-Land-Cover", "dataset": "bca0109c-6d13-42a0-89b2-bcc046dc177e", "description": "2010 Land Cover from the European Space Agency's Climate Change Initiative Land Cover (ESA CCI-LC) dataset, categorized under the IPCC land cover classification system at 300 m resolution.", "application": ["rw"], "iso": [], "provider": "gee", "userId": "5b4e17b103d4e76dbb3c673c", "default": false, "protected": false, "published": true, "env": "production", "layerConfig": {"body": {"sldValue": "<RasterSymbolizer> <ColorMap type=\"values\" extended=\"false\" > '<ColorMapEntry color=\"#000000\" quantity=\"0\" opacity=\"0\"/>'+   '<ColorMapEntry color=\"#fffd70\" quantity=\"1\" opacity=\"1\"/>'+ '<ColorMapEntry color=\"#09630c\" quantity=\"2\" />'+ '<ColorMapEntry color=\"#3fa02c\" quantity=\"3\"/>'+ '<ColorMapEntry color=\"#159578\" quantity=\"4\" />'+'<ColorMapEntry color=\"#c11812\" quantity=\"5\" />'+   '<ColorMapEntry color=\"#956314\" quantity=\"6\"/>'+   '<ColorMapEntry color=\"#c2e575\" quantity=\"7\" />'+ '<ColorMapEntry color=\"#fff5d8\" quantity=\"8\" />'+ '<ColorMapEntry color=\"#0b4bc5\" quantity=\"210\" />'+ '<ColorMapEntry color=\"#FFFFFF\" quantity=\"220\" />'+'</ColorMap></RasterSymbolizer>", "styleType": "sld"}, "isImageCollection": false, "assetId": "users/resourcewatchlandcover/esa_landcover_ipcc/ESA_2010_ipcc", "type": "gee", "timeline": true, "order": 2010, "timelineLabel": "2010"}, "legendConfig": {"items": [{"color": "#fffd70", "name": "Agriculture"}, {"color": "#09630c", "name": "Forest"}, {"color": "#3fa02c", "name": "Grassland"}, {"color": "#159578", "name": "Wetland"}, {"color": "#c11812", "name": "Settlement"}, {"color": "#956314", "name": "Shrubland"}, {"color": "#c2e575", "name": "Sparse Vegetation"}, {"color": "#fff5d8", "name": "Bare Area"}, {"color": "#0b4bc5", "name": "Water"}, {"color": "#FFFFFF", "name": "Permanent Snow and Ice"}], "type": "basic"}, "interactionConfig": {}, "applicationConfig": {}, "staticImageConfig": {}, "createdAt": "2020-02-06T15:28:15.585Z", "updatedAt": "2018-12-17T19:14:35.451Z"}}, {"id": "d00946b2-806d-4475-bcf5-08833e0a4c5b", "type": "layer", "attributes": {"name": "2011 Land Cover", "slug": "2011-Land-Cover", "dataset": "bca0109c-6d13-42a0-89b2-bcc046dc177e", "description": "2011 Land Cover from the European Space Agency's Climate Change Initiative Land Cover (ESA CCI-LC) dataset, categorized under the IPCC land cover classification system at 300 m resolution.", "application": ["rw"], "iso": [], "provider": "gee", "userId": "5b4e17b103d4e76dbb3c673c", "default": false, "protected": false, "published": true, "env": "production", "layerConfig": {"type": "gee", "assetId": "users/resourcewatchlandcover/esa_landcover_ipcc/ESA_2011_ipcc", "isImageCollection": false, "body": {"styleType": "sld", "sldValue": "<RasterSymbolizer> <ColorMap type=\"values\" extended=\"false\" > '<ColorMapEntry color=\"#000000\" quantity=\"0\" opacity=\"0\"/>'+   '<ColorMapEntry color=\"#fffd70\" quantity=\"1\" opacity=\"1\"/>'+ '<ColorMapEntry color=\"#09630c\" quantity=\"2\" />'+ '<ColorMapEntry color=\"#3fa02c\" quantity=\"3\"/>'+ '<ColorMapEntry color=\"#159578\" quantity=\"4\" />'+'<ColorMapEntry color=\"#c11812\" quantity=\"5\" />'+   '<ColorMapEntry color=\"#956314\" quantity=\"6\"/>'+   '<ColorMapEntry color=\"#c2e575\" quantity=\"7\" />'+ '<ColorMapEntry color=\"#fff5d8\" quantity=\"8\" />'+ '<ColorMapEntry color=\"#0b4bc5\" quantity=\"210\" />'+ '<ColorMapEntry color=\"#FFFFFF\" quantity=\"220\" />'+'</ColorMap></RasterSymbolizer>"}, "timeline": true, "order": 2011, "timelineLabel": "2011"}, "legendConfig": {"type": "basic", "items": [{"name": "Agriculture", "color": "#fffd70"}, {"name": "Forest", "color": "#09630c"}, {"name": "Grassland", "color": "#3fa02c"}, {"name": "Wetland", "color": "#159578"}, {"name": "Settlement", "color": "#c11812"}, {"name": "Shrubland", "color": "#956314"}, {"name": "Sparse Vegetation", "color": "#c2e575"}, {"name": "Bare Area", "color": "#fff5d8"}, {"name": "Water", "color": "#0b4bc5"}, {"name": "Permanent Snow and Ice", "color": "#FFFFFF"}]}, "interactionConfig": {}, "applicationConfig": {}, "staticImageConfig": {}, "createdAt": "2020-02-06T15:28:15.585Z", "updatedAt": "2018-12-17T19:14:25.695Z"}}, {"id": "b8711907-c63d-437f-a9d9-3f8d12418ee8", "type": "layer", "attributes": {"name": "2012 Land Cover", "slug": "2012-Land-Cover", "dataset": "bca0109c-6d13-42a0-89b2-bcc046dc177e", "description": "2012 Land Cover from the European Space Agency's Climate Change Initiative Land Cover (ESA CCI-LC) dataset, categorized under the IPCC land cover classification system at 300 m resolution.", "application": ["rw"], "iso": [], "provider": "gee", "userId": "5b4e17b103d4e76dbb3c673c", "default": false, "protected": false, "published": true, "env": "production", "layerConfig": {"type": "gee", "assetId": "users/resourcewatchlandcover/esa_landcover_ipcc/ESA_2012_ipcc", "isImageCollection": false, "body": {"styleType": "sld", "sldValue": "<RasterSymbolizer> <ColorMap type=\"values\" extended=\"false\" > '<ColorMapEntry color=\"#000000\" quantity=\"0\" opacity=\"0\"/>'+   '<ColorMapEntry color=\"#fffd70\" quantity=\"1\" opacity=\"1\"/>'+ '<ColorMapEntry color=\"#09630c\" quantity=\"2\" />'+ '<ColorMapEntry color=\"#3fa02c\" quantity=\"3\"/>'+ '<ColorMapEntry color=\"#159578\" quantity=\"4\" />'+'<ColorMapEntry color=\"#c11812\" quantity=\"5\" />'+   '<ColorMapEntry color=\"#956314\" quantity=\"6\"/>'+   '<ColorMapEntry color=\"#c2e575\" quantity=\"7\" />'+ '<ColorMapEntry color=\"#fff5d8\" quantity=\"8\" />'+ '<ColorMapEntry color=\"#0b4bc5\" quantity=\"210\" />'+ '<ColorMapEntry color=\"#FFFFFF\" quantity=\"220\" />'+'</ColorMap></RasterSymbolizer>"}, "timeline": true, "order": 2012, "timelineLabel": "2012"}, "legendConfig": {"type": "basic", "items": [{"name": "Agriculture", "color": "#fffd70"}, {"name": "Forest", "color": "#09630c"}, {"name": "Grassland", "color": "#3fa02c"}, {"name": "Wetland", "color": "#159578"}, {"name": "Settlement", "color": "#c11812"}, {"name": "Shrubland", "color": "#956314"}, {"name": "Sparse Vegetation", "color": "#c2e575"}, {"name": "Bare Area", "color": "#fff5d8"}, {"name": "Water", "color": "#0b4bc5"}, {"name": "Permanent Snow and Ice", "color": "#FFFFFF"}]}, "interactionConfig": {}, "applicationConfig": {}, "staticImageConfig": {}, "createdAt": "2020-02-06T15:28:15.585Z", "updatedAt": "2018-12-17T19:13:53.038Z"}}, {"id": "be996ac0-3228-44c1-9c75-cbe6955689b3", "type": "layer", "attributes": {"name": "2013 Land Cover", "slug": "2013-Land-Cover", "dataset": "bca0109c-6d13-42a0-89b2-bcc046dc177e", "description": "2013 Land Cover from the European Space Agency's Climate Change Initiative Land Cover (ESA CCI-LC) dataset, categorized under the IPCC land cover classification system at 300 m resolution.", "application": ["rw"], "iso": [], "provider": "gee", "userId": "5b4e17b103d4e76dbb3c673c", "default": false, "protected": false, "published": true, "env": "production", "layerConfig": {"type": "gee", "assetId": "users/resourcewatchlandcover/esa_landcover_ipcc/ESA_2013_ipcc", "isImageCollection": false, "body": {"styleType": "sld", "sldValue": "<RasterSymbolizer> <ColorMap type=\"values\" extended=\"false\" > '<ColorMapEntry color=\"#000000\" quantity=\"0\" opacity=\"0\"/>'+   '<ColorMapEntry color=\"#fffd70\" quantity=\"1\" opacity=\"1\"/>'+ '<ColorMapEntry color=\"#09630c\" quantity=\"2\" />'+ '<ColorMapEntry color=\"#3fa02c\" quantity=\"3\"/>'+ '<ColorMapEntry color=\"#159578\" quantity=\"4\" />'+'<ColorMapEntry color=\"#c11812\" quantity=\"5\" />'+   '<ColorMapEntry color=\"#956314\" quantity=\"6\"/>'+   '<ColorMapEntry color=\"#c2e575\" quantity=\"7\" />'+ '<ColorMapEntry color=\"#fff5d8\" quantity=\"8\" />'+ '<ColorMapEntry color=\"#0b4bc5\" quantity=\"210\" />'+ '<ColorMapEntry color=\"#FFFFFF\" quantity=\"220\" />'+'</ColorMap></RasterSymbolizer>"}, "timeline": true, "order": 2013, "timelineLabel": "2013"}, "legendConfig": {"type": "basic", "items": [{"name": "Agriculture", "color": "#fffd70"}, {"name": "Forest", "color": "#09630c"}, {"name": "Grassland", "color": "#3fa02c"}, {"name": "Wetland", "color": "#159578"}, {"name": "Settlement", "color": "#c11812"}, {"name": "Shrubland", "color": "#956314"}, {"name": "Sparse Vegetation", "color": "#c2e575"}, {"name": "Bare Area", "color": "#fff5d8"}, {"name": "Water", "color": "#0b4bc5"}, {"name": "Permanent Snow and Ice", "color": "#FFFFFF"}]}, "interactionConfig": {}, "applicationConfig": {}, "staticImageConfig": {}, "createdAt": "2020-02-06T15:28:15.585Z", "updatedAt": "2018-12-17T19:14:17.005Z"}}, {"id": "68a50d22-a821-4a39-bb1b-d51fd5fa85c9", "type": "layer", "attributes": {"name": "2015 Land Cover", "slug": "2015-Land-Cover", "dataset": "bca0109c-6d13-42a0-89b2-bcc046dc177e", "description": "2015 Land Cover from the European Space Agency's Climate Change Initiative Land Cover (ESA CCI-LC) dataset, categorized under the IPCC land cover classification system at 300 m resolution.", "application": ["rw"], "iso": [], "provider": "gee", "userId": "5b4e17b103d4e76dbb3c673c", "default": false, "protected": false, "published": true, "env": "production", "layerConfig": {"type": "gee", "assetId": "users/resourcewatchlandcover/esa_landcover_ipcc/ESA_2015_ipcc", "isImageCollection": false, "body": {"styleType": "sld", "sldValue": "<RasterSymbolizer> <ColorMap type=\"values\" extended=\"false\" > '<ColorMapEntry color=\"#000000\" quantity=\"0\" opacity=\"0\"/>'+   '<ColorMapEntry color=\"#fffd70\" quantity=\"1\" opacity=\"1\"/>'+ '<ColorMapEntry color=\"#09630c\" quantity=\"2\" />'+ '<ColorMapEntry color=\"#3fa02c\" quantity=\"3\"/>'+ '<ColorMapEntry color=\"#159578\" quantity=\"4\" />'+'<ColorMapEntry color=\"#c11812\" quantity=\"5\" />'+   '<ColorMapEntry color=\"#956314\" quantity=\"6\"/>'+   '<ColorMapEntry color=\"#c2e575\" quantity=\"7\" />'+ '<ColorMapEntry color=\"#fff5d8\" quantity=\"8\" />'+ '<ColorMapEntry color=\"#0b4bc5\" quantity=\"210\" />'+ '<ColorMapEntry color=\"#FFFFFF\" quantity=\"220\" />'+'</ColorMap></RasterSymbolizer>"}, "timeline": true, "order": 2015, "timelineLabel": "2015"}, "legendConfig": {"type": "basic", "items": [{"name": "Agriculture", "color": "#fffd70"}, {"name": "Forest", "color": "#09630c"}, {"name": "Grassland", "color": "#3fa02c"}, {"name": "Wetland", "color": "#159578"}, {"name": "Settlement", "color": "#c11812"}, {"name": "Shrubland", "color": "#956314"}, {"name": "Sparse Vegetation", "color": "#c2e575"}, {"name": "Bare Area", "color": "#fff5d8"}, {"name": "Water", "color": "#0b4bc5"}, {"name": "Permanent Snow and Ice", "color": "#FFFFFF"}]}, "interactionConfig": {}, "applicationConfig": {}, "staticImageConfig": {}, "createdAt": "2020-02-06T15:28:15.585Z", "updatedAt": "2018-12-17T19:15:22.877Z"}}, {"id": "4a363e72-bb4a-4ced-8564-3403eaba1823", "type": "layer", "attributes": {"name": "2014 Land Cover", "slug": "2014-Land-Cover", "dataset": "bca0109c-6d13-42a0-89b2-bcc046dc177e", "description": "2014 Land Cover from the European Space Agency's Climate Change Initiative Land Cover (ESA CCI-LC) dataset, categorized under the IPCC land cover classification system at 300 m resolution.", "application": ["rw"], "iso": [], "provider": "gee", "userId": "5b4e17b103d4e76dbb3c673c", "default": false, "protected": false, "published": true, "env": "production", "layerConfig": {"body": {"sldValue": "<RasterSymbolizer> <ColorMap type=\"values\" extended=\"false\" > '<ColorMapEntry color=\"#000000\" quantity=\"0\" opacity=\"0\"/>'+   '<ColorMapEntry color=\"#fffd70\" quantity=\"1\" opacity=\"1\"/>'+ '<ColorMapEntry color=\"#09630c\" quantity=\"2\" />'+ '<ColorMapEntry color=\"#3fa02c\" quantity=\"3\"/>'+ '<ColorMapEntry color=\"#159578\" quantity=\"4\" />'+'<ColorMapEntry color=\"#c11812\" quantity=\"5\" />'+   '<ColorMapEntry color=\"#956314\" quantity=\"6\"/>'+   '<ColorMapEntry color=\"#c2e575\" quantity=\"7\" />'+ '<ColorMapEntry color=\"#fff5d8\" quantity=\"8\" />'+ '<ColorMapEntry color=\"#0b4bc5\" quantity=\"210\" />'+ '<ColorMapEntry color=\"#FFFFFF\" quantity=\"220\" />'+'</ColorMap></RasterSymbolizer>", "styleType": "sld"}, "isImageCollection": false, "assetId": "users/resourcewatchlandcover/esa_landcover_ipcc/ESA_2014_ipcc", "type": "gee", "timeline": true, "order": 2014, "timelineLabel": "2014"}, "legendConfig": {"items": [{"color": "#fffd70", "name": "Agriculture"}, {"color": "#09630c", "name": "Forest"}, {"color": "#3fa02c", "name": "Grassland"}, {"color": "#159578", "name": "Wetland"}, {"color": "#c11812", "name": "Settlement"}, {"color": "#956314", "name": "Shrubland"}, {"color": "#c2e575", "name": "Sparse Vegetation"}, {"color": "#fff5d8", "name": "Bare Area"}, {"color": "#0b4bc5", "name": "Water"}, {"color": "#FFFFFF", "name": "Permanent Snow and Ice"}], "type": "basic"}, "interactionConfig": {}, "applicationConfig": {}, "staticImageConfig": {}, "createdAt": "2020-02-06T15:28:15.585Z", "updatedAt": "2018-12-17T19:13:40.109Z"}}], "vocabulary": [{"type": "vocabulary", "attributes": {"resource": {"id": "bca0109c-6d13-42a0-89b2-bcc046dc177e", "type": "dataset"}, "tags": ["geospatial", "historical", "raster", "land_cover", "urban", "food_and_agriculture", "forest", "snow", "pasture", "land", "settlements", "global"], "name": "knowledge_graph", "application": "rw"}}], "widgetRelevantProps": [], "layerRelevantProps": []}}