{"id": "bea122ce-1e4b-465d-8b7b-fa11aadd20f7", "type": "dataset", "server": "https://api.resourcewatch.org", "attributes": {"name": "soc.004 Human Development Index (HDI)", "slug": "Human-Development-Index", "type": "tabular", "subtitle": "UNDP", "application": ["rw"], "dataPath": "", "attributesPath": null, "connectorType": "rest", "provider": "cartodb", "userId": "5980838ae24e6a1dae3dd446", "connectorUrl": "https://wri-rw.carto.com/tables/soc_004_human_development_index/public", "sources": [], "tableName": "soc_004_human_development_index", "status": "saved", "published": true, "overwrite": false, "verified": false, "blockchain": {}, "subscribable": {}, "mainDateField": null, "env": "production", "geoInfo": true, "protected": false, "legend": {"date": [], "region": [], "country": [], "nested": [], "integer": [], "short": [], "byte": [], "double": [], "float": [], "half_float": [], "scaled_float": [], "boolean": [], "binary": [], "text": [], "keyword": []}, "clonedHost": {}, "errorMessage": null, "taskId": null, "createdAt": "2020-02-06T15:28:07.741Z", "updatedAt": "2019-02-15T16:53:12.298Z", "dataLastUpdated": null, "metadata": [{"id": "59dd3c879caa8700129be7ce", "type": "metadata", "attributes": {"dataset": "bea122ce-1e4b-465d-8b7b-fa11aadd20f7", "application": "rw", "resource": {"id": "bea122ce-1e4b-465d-8b7b-fa11aadd20f7", "type": "dataset"}, "language": "en", "name": "Human Development Index", "description": "The Human Development Index (HDI), published by the UN Development Programme (UNDP), is a summary measure of average achievement in key dimensions of human development: a long and healthy life, a sufficient education, and a decent standard of living. The HDI is the geometric mean of normalized indices for each of the 3 dimensions. The health dimension is assessed by life expectancy at birth; the education dimension is measured by mean of years of schooling for adults aged 25 years and more and expected years of schooling for children of school-entering age. The standard-of-living dimension is measured by gross national income per capita. The HDI uses the logarithm of income to reflect the diminishing importance of income with increasing gross national income (GNI). The scores for the 3 HDI dimension indices are then aggregated into a composite index using geometric mean. The HDI is calculated for 188 countries annually. Resource Watch shows only a subset of the data set. For access to the full data set and additional information, see the Learn More link.", "source": "UNDP", "info": {"rwId": "soc.004", "data_type": "Tabular", "name": "Human Development Index", "sources": [{"source-name": "United Nations Development Programme (UNDP)", "id": 0, "source-description": ""}], "technical_title": "Human Development Index (HDI)", "functions": "Average achievement in 3 basic dimensions of human development: a long and healthy life, knowledge, and a decent standard of living", "cautions": "The HDI simplifies and captures only part of what human development entails. It does not reflect on inequalities, poverty, human security, empowerment, and so on.", "citation": "United Nations Development Programme, Human Development Report. 1980-2015. \"Human Development Index.\" Retrieved from http://hdr.undp.org/en/composite/HDI. Accessed through Resource Watch, (date). [www.resourcewatch.org](www.resourcewatch.org).", "license": "Creative Commons Attribution 3.0 IGO", "license_link": "https://creativecommons.org/licenses/by/3.0/igo/", "geographic_coverage": "Global", "spatial_resolution": "National", "date_of_content": "1990-2015", "frequency_of_updates": "Annual", "learn_more_link": "http://hdr.undp.org/en/2016-report", "data_download_link": "https://wri-public-data.s3.amazonaws.com/resourcewatch/soc_004_human_development_index.zip", "data_download_original_link": "http://hdr.undp.org/en/data#"}, "columns": {"hdi_rank_2015": {"alias": "HDI Rank (2015)", "description": "Human Development Index 2015 rank"}, "country": {"alias": "Country"}, "yr_1990": {"alias": "1990", "description": "Human development index value"}, "yr_1991": {"alias": "1991", "description": "Human development index value"}, "yr_1992": {"alias": "1992", "description": "Human development index value"}, "yr_1993": {"alias": "1993", "description": "Human development index value"}, "yr_1994": {"alias": "1994", "description": "Human development index value"}, "yr_1995": {"alias": "1995", "description": "Human development index value"}, "yr_1996": {"alias": "1996", "description": "Human development index value"}, "yr_1997": {"alias": "1997", "description": "Human development index value"}, "yr_1998": {"alias": "1998", "description": "Human development index value"}, "yr_1999": {"alias": "1999", "description": "Human development index value"}, "yr_2000": {"alias": "2000", "description": "Human development index value"}, "yr_2001": {"alias": "2001", "description": "Human development index value"}, "yr_2002": {"alias": "2002", "description": "Human development index value"}, "yr_2003": {"alias": "2003", "description": "Human development index value"}, "yr_2004": {"alias": "2004", "description": "Human development index value"}, "yr_2005": {"alias": "2005", "description": "Human development index value"}, "yr_2006": {"alias": "2006", "description": "Human development index value"}, "yr_2007": {"alias": "2007", "description": "Human development index value"}, "yr_2008": {"alias": "2008", "description": "Human development index value"}, "yr_2009": {"alias": "2009", "description": "Human development index value"}, "yr_2010": {"alias": "2010", "description": "Human development index value"}, "yr_2011": {"alias": "2011", "description": "Human development index value"}, "yr_2012": {"alias": "2012", "description": "Human development index value"}, "yr_2013": {"alias": "2013", "description": "Human development index value"}, "yr_2014": {"alias": "2014", "description": "Human development index value"}, "yr_2015": {"alias": "2015", "description": "Human development index value"}, "datetime": {"alias": "Year"}, "rw_country_code": {"alias": "ISO Code"}, "yr_data": {"alias": "Human Development Index Value"}}, "createdAt": "2017-10-10T21:32:55.477Z", "updatedAt": "2020-02-04T19:46:33.863Z", "status": "published"}}], "widget": [{"id": "193908da-8f69-4b16-b073-9475f37f54c4", "type": "widget", "attributes": {"name": "2015 Human Development Index", "dataset": "bea122ce-1e4b-465d-8b7b-fa11aadd20f7", "slug": "2015-Human-Development-Index", "userId": "5980838ae24e6a1dae3dd446", "description": "", "source": "", "authors": "", "application": ["rw"], "verified": false, "default": false, "protected": false, "defaultEditableWidget": true, "published": true, "freeze": false, "env": "production", "queryUrl": "", "widgetConfig": {"paramsConfig": {"visualizationType": "chart", "limit": 50, "value": {"name": "yr_data", "alias": "Human Development Index Value", "type": "number", "datasetID": "bea122ce-1e4b-465d-8b7b-fa11aadd20f7", "tableName": "soc_004_human_development_index"}, "category": {"tableName": "soc_004_human_development_index", "datasetID": "bea122ce-1e4b-465d-8b7b-fa11aadd20f7", "type": "string", "name": "country", "alias": "Country"}, "color": null, "size": null, "orderBy": {"name": "yr_data", "alias": "Human Development Index Value", "type": "number", "orderType": "desc"}, "aggregateFunction": null, "chartType": "bar", "filters": [{"name": "yr_data", "alias": "Human Development Index Value", "type": "number", "datasetID": "bea122ce-1e4b-465d-8b7b-fa11aadd20f7", "tableName": "soc_004_human_development_index", "value": [0, 1], "notNull": true}, {"name": "datetime", "alias": "Year", "type": "date", "datasetID": "bea122ce-1e4b-465d-8b7b-fa11aadd20f7", "tableName": "soc_004_human_development_index", "value": ["2015-01-01T00:00:00.000Z", "2015-01-01T00:00:00.000Z"]}], "areaIntersection": null, "band": null, "layer": null}, "data": [{"name": "table", "transform": [{"type": "identifier", "as": "id"}, {"type": "joinaggregate", "as": ["count"]}], "url": "https://api.resourcewatch.org/v1/query/bea122ce-1e4b-465d-8b7b-fa11aadd20f7?sql=SELECT country as x, yr_data as y FROM soc_004_human_development_index WHERE yr_data >= 0 AND yr_data <= 1 AND yr_data IS NOT NULL AND datetime >= '2015-01-01T00:00:00.000Z' AND datetime <= '2015-01-01T00:00:00.000Z'  ORDER BY yr_data desc LIMIT 50", "format": {"type": "json", "property": "data"}}], "scales": [{"name": "x", "type": "band", "range": "width", "padding": 0.05, "domain": {"data": "table", "field": "id"}}, {"name": "y", "type": "linear", "range": "height", "nice": true, "zero": true, "domain": {"data": "table", "field": "y"}}], "axes": [{"orient": "bottom", "scale": "x", "labelOverlap": "parity", "ticks": false, "encode": {"labels": {"update": {"text": {"signal": "width < 300 || data('table')[0].count > 10 ? truncate(data('table')[datum.value - 1].x, 12) : data('table')[datum.value - 1].x"}, "align": {"signal": "width < 300 || data('table')[0].count > 10 ? 'right' : 'center'"}, "baseline": {"signal": "width < 300 || data('table')[0].count > 10 ? 'middle' : 'top'"}, "angle": {"signal": "width < 300 || data('table')[0].count > 10 ? -90 :0 "}}}}}, {"orient": "left", "scale": "y", "labelOverlap": "parity", "format": "s", "encode": {"labels": {"update": {"align": {"value": "right"}, "baseline": {"value": "bottom"}}}}}], "marks": [{"type": "rect", "from": {"data": "table"}, "encode": {"update": {"opacity": {"value": 1}, "x": {"scale": "x", "field": "id"}, "width": {"scale": "x", "band": 1}, "y": {"scale": "y", "field": "y"}, "y2": {"scale": "y", "value": 0}}, "hover": {"opacity": {"value": 0.8}}}}], "interaction_config": [{"name": "tooltip", "config": {"fields": [{"column": "y", "property": "Human Development Index Value", "type": "number", "format": ".2s"}, {"column": "x", "property": "Country", "type": "string", "format": ".2f"}]}}], "config": null}, "template": false, "createdAt": "2017-10-23T18:40:25.440Z", "updatedAt": "2017-10-23T18:40:25.440Z"}}], "layer": [{"id": "a26606ad-3b16-4a4d-be7f-f2640a5c81e2", "type": "layer", "attributes": {"name": "2015 Human Development Index", "slug": "human-development-index", "dataset": "bea122ce-1e4b-465d-8b7b-fa11aadd20f7", "description": "A composite index measuring average achievement in 3 basic dimensions of human development: a long and healthy life, knowledge, and a decent standard of living. 2015 Index scores are displayed.", "application": ["rw"], "iso": [], "provider": "cartodb", "userId": "5980838ae24e6a1dae3dd446", "default": true, "protected": false, "published": true, "env": "production", "layerConfig": {"timelineLabel": "2015", "order": 2015, "timeline": true, "account": "wri-rw", "body": {"maxzoom": 18, "minzoom": 3, "layers": [{"type": "mapnik", "options": {"sql": "SELECT wri.cartodb_id, wri.the_geom_webmercator, data.rw_country_name, data.rw_country_code, data.datetime, data.yr_data FROM soc_004_human_development_index data LEFT OUTER JOIN wri_countries_a wri ON data.rw_country_code = wri.iso_a3 WHERE EXTRACT(YEAR FROM data.datetime) = 2015 and data.yr_data is not null", "cartocss": "#soc_004_human_development_index {polygon-opacity:1; line-width:0.5; line-color:#FFF; line-opacity:1;} [yr_data>=0.85]{polygon-fill:#253494;} [yr_data>=0.75][yr_data<0.85]{polygon-fill:#2c7fb8;} [yr_data>=0.7][yr_data<0.75]{polygon-fill:#41b6c4;} [yr_data>=0.5][yr_data<0.7]{polygon-fill:#a1dab4;} [yr_data<0.5]{polygon-fill:#ffffcc;}", "cartocss_version": "2.3.0"}}], "vectorLayers": [{"paint": {"line-width": 0.5, "line-color": "#FFF", "line-opacity": 1}, "source-layer": "layer0", "type": "line", "filter": ["all"]}, {"paint": {"fill-opacity": 1}, "source-layer": "layer0", "type": "fill", "filter": ["all"]}, {"paint": {"fill-color": "#253494"}, "source-layer": "layer0", "type": "fill", "filter": ["all", [">=", "yr_data", 0.85]]}, {"paint": {"fill-color": "#2c7fb8"}, "source-layer": "layer0", "type": "fill", "filter": ["all", [">=", "yr_data", 0.75], ["<", "yr_data", 0.85]]}, {"paint": {"fill-color": "#41b6c4"}, "source-layer": "layer0", "type": "fill", "filter": ["all", [">=", "yr_data", 0.7], ["<", "yr_data", 0.75]]}, {"paint": {"fill-color": "#a1dab4"}, "source-layer": "layer0", "type": "fill", "filter": ["all", [">=", "yr_data", 0.5], ["<", "yr_data", 0.7]]}, {"paint": {"fill-color": "#ffffcc"}, "source-layer": "layer0", "type": "fill", "filter": ["all", ["<", "yr_data", 0.5]]}]}}, "legendConfig": {"type": "choropleth", "items": [{"name": "<0.5", "color": "#ffffcc"}, {"name": "<0.7", "color": "#a1dab4"}, {"name": "<0.75", "color": "#41b6c4"}, {"name": "<0.85", "color": "#2c7fb8"}, {"name": "<0.95", "color": "#253494"}]}, "interactionConfig": {"output": [{"column": "rw_country_name", "format": null, "prefix": "", "property": "Country", "suffix": "", "type": "string"}, {"column": "yr_data", "format": null, "prefix": "", "property": "2015 Human Development Index", "suffix": "", "type": "number"}]}, "applicationConfig": {}, "staticImageConfig": {}, "createdAt": "2017-09-14T15:23:56.703Z", "updatedAt": "2019-07-23T14:11:51.719Z"}}, {"id": "f9326278-2433-4066-8382-78a451021db9", "type": "layer", "attributes": {"name": "2010 Human Development Index", "slug": "2014-Human-Development-Index", "dataset": "bea122ce-1e4b-465d-8b7b-fa11aadd20f7", "description": "A composite index measuring average achievement in 3 basic dimensions of human development: a long and healthy life, knowledge, and a decent standard of living. 2010 Index scores are displayed.", "application": ["rw"], "iso": [], "provider": "cartodb", "userId": "5980838ae24e6a1dae3dd446", "default": false, "protected": false, "published": true, "env": "production", "layerConfig": {"timelineLabel": "2010", "order": 2010, "timeline": true, "account": "wri-rw", "body": {"maxzoom": 18, "minzoom": 3, "layers": [{"type": "mapnik", "options": {"sql": "SELECT wri.cartodb_id, wri.the_geom_webmercator, data.rw_country_name, data.rw_country_code, data.datetime, data.yr_data FROM soc_004_human_development_index data LEFT OUTER JOIN wri_countries_a wri ON data.rw_country_code = wri.iso_a3 WHERE EXTRACT(YEAR FROM data.datetime) = 2010 and data.yr_data is not null", "cartocss": "#soc_004_human_development_index {polygon-opacity:1; line-width:0.5; line-color:#FFF; line-opacity:1;} [yr_data>=0.85]{polygon-fill:#253494;} [yr_data>=0.75][yr_data<0.85]{polygon-fill:#2c7fb8;} [yr_data>=0.7][yr_data<0.75]{polygon-fill:#41b6c4;} [yr_data>=0.5][yr_data<0.7]{polygon-fill:#a1dab4;} [yr_data<0.5]{polygon-fill:#ffffcc;}", "cartocss_version": "2.3.0"}}], "vectorLayers": [{"paint": {"line-width": 0.5, "line-color": "#FFF", "line-opacity": 1}, "source-layer": "layer0", "type": "line", "filter": ["all"]}, {"paint": {"fill-opacity": 1}, "source-layer": "layer0", "type": "fill", "filter": ["all"]}, {"paint": {"fill-color": "#253494"}, "source-layer": "layer0", "type": "fill", "filter": ["all", [">=", "yr_data", 0.85]]}, {"paint": {"fill-color": "#2c7fb8"}, "source-layer": "layer0", "type": "fill", "filter": ["all", [">=", "yr_data", 0.75], ["<", "yr_data", 0.85]]}, {"paint": {"fill-color": "#41b6c4"}, "source-layer": "layer0", "type": "fill", "filter": ["all", [">=", "yr_data", 0.7], ["<", "yr_data", 0.75]]}, {"paint": {"fill-color": "#a1dab4"}, "source-layer": "layer0", "type": "fill", "filter": ["all", [">=", "yr_data", 0.5], ["<", "yr_data", 0.7]]}, {"paint": {"fill-color": "#ffffcc"}, "source-layer": "layer0", "type": "fill", "filter": ["all", ["<", "yr_data", 0.5]]}]}}, "legendConfig": {"items": [{"color": "#ffffcc", "name": "<0.5"}, {"color": "#a1dab4", "name": "<0.7"}, {"color": "#41b6c4", "name": "<0.75"}, {"color": "#2c7fb8", "name": "<0.85"}, {"color": "#253494", "name": "<0.95"}], "type": "choropleth"}, "interactionConfig": {"output": [{"column": "rw_country_name", "format": null, "prefix": "", "property": "Country", "suffix": "", "type": "string"}, {"column": "yr_data", "format": null, "prefix": "", "property": "2010 Human Development Index", "suffix": "", "type": "number"}]}, "applicationConfig": {}, "staticImageConfig": {}, "createdAt": "2020-02-06T15:28:07.806Z", "updatedAt": "2019-07-23T14:06:57.951Z"}}, {"id": "888e1e21-98df-447e-9507-20748700ffce", "type": "layer", "attributes": {"name": "2005 Human Development Index", "slug": "2013-Human-Development-Index", "dataset": "bea122ce-1e4b-465d-8b7b-fa11aadd20f7", "description": "A composite index measuring average achievement in 3 basic dimensions of human development: a long and healthy life, knowledge, and a decent standard of living. 2005 Index scores are displayed.", "application": ["rw"], "iso": [], "provider": "cartodb", "userId": "5980838ae24e6a1dae3dd446", "default": false, "protected": false, "published": true, "env": "production", "layerConfig": {"timelineLabel": "2005", "order": 2005, "timeline": true, "account": "wri-rw", "body": {"maxzoom": 18, "minzoom": 3, "layers": [{"type": "mapnik", "options": {"sql": "SELECT wri.cartodb_id, wri.the_geom_webmercator, data.rw_country_name, data.rw_country_code, data.datetime, data.yr_data FROM soc_004_human_development_index data LEFT OUTER JOIN wri_countries_a wri ON data.rw_country_code = wri.iso_a3 WHERE EXTRACT(YEAR FROM data.datetime) = 2005 and data.yr_data is not null", "cartocss": "#soc_004_human_development_index {polygon-opacity:1; line-width:0.5; line-color:#FFF; line-opacity:1;} [yr_data>=0.85]{polygon-fill:#253494;} [yr_data>=0.75][yr_data<0.85]{polygon-fill:#2c7fb8;} [yr_data>=0.7][yr_data<0.75]{polygon-fill:#41b6c4;} [yr_data>=0.5][yr_data<0.7]{polygon-fill:#a1dab4;} [yr_data<0.5]{polygon-fill:#ffffcc;}", "cartocss_version": "2.3.0"}}], "vectorLayers": [{"paint": {"line-width": 0.5, "line-color": "#FFF", "line-opacity": 1}, "source-layer": "layer0", "type": "line", "filter": ["all"]}, {"paint": {"fill-opacity": 1}, "source-layer": "layer0", "type": "fill", "filter": ["all"]}, {"paint": {"fill-color": "#253494"}, "source-layer": "layer0", "type": "fill", "filter": ["all", [">=", "yr_data", 0.85]]}, {"paint": {"fill-color": "#2c7fb8"}, "source-layer": "layer0", "type": "fill", "filter": ["all", [">=", "yr_data", 0.75], ["<", "yr_data", 0.85]]}, {"paint": {"fill-color": "#41b6c4"}, "source-layer": "layer0", "type": "fill", "filter": ["all", [">=", "yr_data", 0.7], ["<", "yr_data", 0.75]]}, {"paint": {"fill-color": "#a1dab4"}, "source-layer": "layer0", "type": "fill", "filter": ["all", [">=", "yr_data", 0.5], ["<", "yr_data", 0.7]]}, {"paint": {"fill-color": "#ffffcc"}, "source-layer": "layer0", "type": "fill", "filter": ["all", ["<", "yr_data", 0.5]]}]}}, "legendConfig": {"items": [{"color": "#ffffcc", "name": "<0.5"}, {"color": "#a1dab4", "name": "<0.7"}, {"color": "#41b6c4", "name": "<0.75"}, {"color": "#2c7fb8", "name": "<0.85"}, {"color": "#253494", "name": "<0.95"}], "type": "choropleth"}, "interactionConfig": {"output": [{"column": "rw_country_name", "format": null, "prefix": "", "property": "Country", "suffix": "", "type": "string"}, {"column": "yr_data", "format": null, "prefix": "", "property": "2005 Human Development Index", "suffix": "", "type": "number"}]}, "applicationConfig": {}, "staticImageConfig": {}, "createdAt": "2020-02-06T15:28:07.806Z", "updatedAt": "2019-07-23T14:05:15.536Z"}}, {"id": "be670aa4-50f1-48aa-90ba-8933ec3a132d", "type": "layer", "attributes": {"name": "2000 Human Development Index", "slug": "2012-Human-Development-Index", "dataset": "bea122ce-1e4b-465d-8b7b-fa11aadd20f7", "description": "A composite index measuring average achievement in 3 basic dimensions of human development: a long and healthy life, knowledge, and a decent standard of living. 2000 Index scores are displayed.", "application": ["rw"], "iso": [], "provider": "cartodb", "userId": "5980838ae24e6a1dae3dd446", "default": false, "protected": false, "published": true, "env": "production", "layerConfig": {"timelineLabel": "2000", "order": 2000, "timeline": true, "body": {"layers": [{"options": {"cartocss_version": "2.3.0", "cartocss": "#soc_004_human_development_index {polygon-opacity:1; line-width:0.5; line-color:#FFF; line-opacity:1;} [yr_data>=0.85]{polygon-fill:#253494;} [yr_data>=0.75][yr_data<0.85]{polygon-fill:#2c7fb8;} [yr_data>=0.7][yr_data<0.75]{polygon-fill:#41b6c4;} [yr_data>=0.5][yr_data<0.7]{polygon-fill:#a1dab4;} [yr_data<0.5]{polygon-fill:#ffffcc;}", "sql": "SELECT wri.cartodb_id, wri.the_geom_webmercator, data.rw_country_name, data.rw_country_code, data.datetime, data.yr_data FROM soc_004_human_development_index data LEFT OUTER JOIN wri_countries_a wri ON data.rw_country_code = wri.iso_a3 WHERE EXTRACT(YEAR FROM data.datetime) = 2000 and data.yr_data is not null"}, "type": "mapnik"}], "minzoom": 3, "maxzoom": 18, "vectorLayers": [{"paint": {"line-width": 0.5, "line-color": "#FFF", "line-opacity": 1}, "source-layer": "layer0", "type": "line", "filter": ["all"]}, {"paint": {"fill-opacity": 1}, "source-layer": "layer0", "type": "fill", "filter": ["all"]}, {"paint": {"fill-color": "#253494"}, "source-layer": "layer0", "type": "fill", "filter": ["all", [">=", "yr_data", 0.85]]}, {"paint": {"fill-color": "#2c7fb8"}, "source-layer": "layer0", "type": "fill", "filter": ["all", [">=", "yr_data", 0.75], ["<", "yr_data", 0.85]]}, {"paint": {"fill-color": "#41b6c4"}, "source-layer": "layer0", "type": "fill", "filter": ["all", [">=", "yr_data", 0.7], ["<", "yr_data", 0.75]]}, {"paint": {"fill-color": "#a1dab4"}, "source-layer": "layer0", "type": "fill", "filter": ["all", [">=", "yr_data", 0.5], ["<", "yr_data", 0.7]]}, {"paint": {"fill-color": "#ffffcc"}, "source-layer": "layer0", "type": "fill", "filter": ["all", ["<", "yr_data", 0.5]]}]}, "account": "wri-rw"}, "legendConfig": {"items": [{"color": "#ffffcc", "name": "<0.5"}, {"color": "#a1dab4", "name": "<0.7"}, {"color": "#41b6c4", "name": "<0.75"}, {"color": "#2c7fb8", "name": "<0.85"}, {"color": "#253494", "name": "<0.95"}], "type": "choropleth"}, "interactionConfig": {"output": [{"column": "rw_country_name", "format": null, "prefix": "", "property": "Country", "suffix": "", "type": "string"}, {"column": "yr_data", "format": null, "prefix": "", "property": "2000 Human Development Index", "suffix": "", "type": "number"}]}, "applicationConfig": {}, "staticImageConfig": {}, "createdAt": "2020-02-06T15:28:07.807Z", "updatedAt": "2019-07-23T14:11:57.347Z"}}, {"id": "18bfad69-efcf-4ee7-ae02-1ce3cece7ec7", "type": "layer", "attributes": {"name": "1995 Human Development Index", "slug": "1995-Human-Development-Index", "dataset": "bea122ce-1e4b-465d-8b7b-fa11aadd20f7", "description": "A composite index measuring average achievement in 3 basic dimensions of human development: a long and healthy life, knowledge, and a decent standard of living. 1995 Index scores are displayed.", "application": ["rw"], "iso": [], "provider": "cartodb", "userId": "5980838ae24e6a1dae3dd446", "default": false, "protected": false, "published": true, "env": "production", "layerConfig": {"timelineLabel": "1995", "order": 1995, "timeline": true, "body": {"layers": [{"options": {"cartocss_version": "2.3.0", "cartocss": "#soc_004_human_development_index {polygon-opacity:1; line-width:0.5; line-color:#FFF; line-opacity:1;} [yr_data>=0.85]{polygon-fill:#253494;} [yr_data>=0.75][yr_data<0.85]{polygon-fill:#2c7fb8;} [yr_data>=0.7][yr_data<0.75]{polygon-fill:#41b6c4;} [yr_data>=0.5][yr_data<0.7]{polygon-fill:#a1dab4;} [yr_data<0.5]{polygon-fill:#ffffcc;}", "sql": "SELECT wri.cartodb_id, wri.the_geom_webmercator, data.rw_country_name, data.rw_country_code, data.datetime, data.yr_data FROM soc_004_human_development_index data LEFT OUTER JOIN wri_countries_a wri ON data.rw_country_code = wri.iso_a3 WHERE EXTRACT(YEAR FROM data.datetime) = 1995 and data.yr_data is not null"}, "type": "mapnik"}], "minzoom": 3, "maxzoom": 18, "vectorLayers": [{"paint": {"line-width": 0.5, "line-color": "#FFF", "line-opacity": 1}, "source-layer": "layer0", "type": "line", "filter": ["all"]}, {"paint": {"fill-opacity": 1}, "source-layer": "layer0", "type": "fill", "filter": ["all"]}, {"paint": {"fill-color": "#253494"}, "source-layer": "layer0", "type": "fill", "filter": ["all", [">=", "yr_data", 0.85]]}, {"paint": {"fill-color": "#2c7fb8"}, "source-layer": "layer0", "type": "fill", "filter": ["all", [">=", "yr_data", 0.75], ["<", "yr_data", 0.85]]}, {"paint": {"fill-color": "#41b6c4"}, "source-layer": "layer0", "type": "fill", "filter": ["all", [">=", "yr_data", 0.7], ["<", "yr_data", 0.75]]}, {"paint": {"fill-color": "#a1dab4"}, "source-layer": "layer0", "type": "fill", "filter": ["all", [">=", "yr_data", 0.5], ["<", "yr_data", 0.7]]}, {"paint": {"fill-color": "#ffffcc"}, "source-layer": "layer0", "type": "fill", "filter": ["all", ["<", "yr_data", 0.5]]}]}, "account": "wri-rw"}, "legendConfig": {"type": "choropleth", "items": [{"name": "<0.5", "color": "#ffffcc"}, {"name": "<0.7", "color": "#a1dab4"}, {"name": "<0.75", "color": "#41b6c4"}, {"name": "<0.85", "color": "#2c7fb8"}, {"name": "<0.95", "color": "#253494"}]}, "interactionConfig": {"output": [{"column": "rw_country_name", "format": null, "prefix": "", "property": "Country", "suffix": "", "type": "string"}, {"column": "yr_data", "format": null, "prefix": "", "property": "1995 Human Development Index", "suffix": "", "type": "number"}]}, "applicationConfig": {}, "staticImageConfig": {}, "createdAt": "2020-02-06T15:28:07.807Z", "updatedAt": "2019-07-23T14:05:36.719Z"}}, {"id": "d88520ba-90f5-4837-ac7f-9b628a991565", "type": "layer", "attributes": {"name": "1990 Human Development Index", "slug": "1990-Human-Development-Index", "dataset": "bea122ce-1e4b-465d-8b7b-fa11aadd20f7", "description": "A composite index measuring average achievement in 3 basic dimensions of human development: a long and healthy life, knowledge, and a decent standard of living. 1990 Index scores are displayed.", "application": ["rw"], "iso": [], "provider": "cartodb", "userId": "5980838ae24e6a1dae3dd446", "default": false, "protected": false, "published": true, "env": "production", "layerConfig": {"timelineLabel": "1990", "order": 1990, "timeline": true, "account": "wri-rw", "body": {"maxzoom": 18, "minzoom": 3, "layers": [{"type": "mapnik", "options": {"sql": "SELECT wri.cartodb_id, wri.the_geom_webmercator, data.rw_country_name, data.rw_country_code, data.datetime, data.yr_data FROM soc_004_human_development_index data LEFT OUTER JOIN wri_countries_a wri ON data.rw_country_code = wri.iso_a3 WHERE EXTRACT(YEAR FROM data.datetime) = 1990 and data.yr_data IS NOT NULL", "cartocss": "#soc_004_human_development_index {polygon-opacity:1; line-width:0.5; line-color:#FFF; line-opacity:1;} [yr_data>=0.85]{polygon-fill:#253494;} [yr_data>=0.75][yr_data<0.85]{polygon-fill:#2c7fb8;} [yr_data>=0.7][yr_data<0.75]{polygon-fill:#41b6c4;} [yr_data>=0.5][yr_data<0.7]{polygon-fill:#a1dab4;} [yr_data<0.5]{polygon-fill:#ffffcc;}", "cartocss_version": "2.3.0"}}], "vectorLayers": [{"paint": {"line-width": 0.5, "line-color": "#FFF", "line-opacity": 1}, "source-layer": "layer0", "type": "line", "filter": ["all"]}, {"paint": {"fill-opacity": 1}, "source-layer": "layer0", "type": "fill", "filter": ["all"]}, {"paint": {"fill-color": "#253494"}, "source-layer": "layer0", "type": "fill", "filter": ["all", [">=", "yr_data", 0.85]]}, {"paint": {"fill-color": "#2c7fb8"}, "source-layer": "layer0", "type": "fill", "filter": ["all", [">=", "yr_data", 0.75], ["<", "yr_data", 0.85]]}, {"paint": {"fill-color": "#41b6c4"}, "source-layer": "layer0", "type": "fill", "filter": ["all", [">=", "yr_data", 0.7], ["<", "yr_data", 0.75]]}, {"paint": {"fill-color": "#a1dab4"}, "source-layer": "layer0", "type": "fill", "filter": ["all", [">=", "yr_data", 0.5], ["<", "yr_data", 0.7]]}, {"paint": {"fill-color": "#ffffcc"}, "source-layer": "layer0", "type": "fill", "filter": ["all", ["<", "yr_data", 0.5]]}]}}, "legendConfig": {"type": "choropleth", "items": [{"name": "<0.5", "color": "#ffffcc"}, {"name": "<0.7", "color": "#a1dab4"}, {"name": "<0.75", "color": "#41b6c4"}, {"name": "<0.85", "color": "#2c7fb8"}, {"name": "<0.95", "color": "#253494"}]}, "interactionConfig": {"output": [{"column": "rw_country_name", "format": null, "prefix": "", "property": "Country", "suffix": "", "type": "string"}, {"column": "yr_data", "format": null, "prefix": "", "property": "1990 Human Development Index", "suffix": "", "type": "number"}]}, "applicationConfig": {}, "staticImageConfig": {}, "createdAt": "2020-02-06T15:28:07.807Z", "updatedAt": "2019-07-23T14:03:46.655Z"}}], "vocabulary": [{"type": "vocabulary", "attributes": {"resource": {"id": "bea122ce-1e4b-465d-8b7b-fa11aadd20f7", "type": "dataset"}, "tags": ["geospatial", "table", "global", "development", "annual", "poverty", "education", "gdp", "vector", "society", "historical"], "name": "knowledge_graph", "application": "rw"}}], "widgetRelevantProps": ["country", "datetime", "yr_data"], "layerRelevantProps": []}}