{"id": "c29473e4-6606-49c9-a248-df1f2b21c2b5", "type": "dataset", "server": "https://api.resourcewatch.org", "attributes": {"name": "wat.005b Access to an Improved Water Source (Urban)", "slug": "Access-to-an-Improved-Water-Source-Urban", "type": "tabular", "subtitle": "WHO/UNICEF", "application": ["rw"], "dataPath": "", "attributesPath": null, "connectorType": "rest", "provider": "cartodb", "userId": "5d0901197aabc0001072e40c", "connectorUrl": "https://wri-rw.carto.com/tables/wat_005a_improved_water_access_edited/public", "sources": [], "tableName": "wat_005a_improved_water_access_edited", "status": "saved", "published": true, "overwrite": false, "verified": false, "blockchain": {}, "subscribable": {}, "mainDateField": "", "env": "production", "applicationConfig": {"rw": {"layerOrder": ["44ae3f21-0b7c-4cc9-ac7d-39215eed00c5", "de283e00-a742-47b9-a346-f1e847a9ebbb", "b44037f0-dff8-47eb-bb1b-7b1dceed285b", "03a39869-54a0-4425-8de2-1c4e2af53345", "e5532390-0ccb-4da8-aae4-9861e4d3ad0c", "07317025-1e78-47aa-bd4f-bbd19ee66c90", "18b880a2-9de9-4c4e-8bf8-f882f333db9e", "1117db6d-e799-4dd7-9546-98522701482d", "ddf850ed-0eb1-495f-b0af-e5837a97685c", "3f65fad3-269e-4c6f-acf4-27002069319e", "431e69e9-0b9d-4763-b843-4b369225dc32", "7853d800-99d0-4a31-bc62-97d6a4d49164", "5eb2ca2e-896b-4476-ad43-34a826df6719", "752f6194-4256-4902-a080-741a2cebd0db", "2284e733-7089-40cd-8142-fd2cb417b2cc", "e4a8660e-629b-46c8-a3ee-81c9cbcccea6", "8a06a55d-f07b-4e61-8bd0-1f7cd396b138", "5d332a7d-1237-415a-a778-ae28f2091ef6", "8d0b6d85-9119-4cd1-9fc1-13ae54f90fc9", "36884712-289d-430d-b33a-f720f8aca99e", "1292b9d3-9b0b-414b-aaf9-49c077faae03", "818ecc9e-0364-483c-9443-b122be481b0f", "880def80-0643-4f4f-8f07-157eb71cef5e", "e9610b81-5d5d-4659-8303-b4de2246c20c", "29d18636-193d-436a-9fb8-febbf6458537", "9562321e-6acd-4a4f-8185-9ea48e4bb8c6", "01d6983c-b1a2-4c8c-bf2d-abf32551b7fa", "340f1b7b-e31c-4f91-b4b8-4f9b6abaaa88"]}}, "geoInfo": true, "protected": false, "legend": {"date": [], "region": [], "country": [], "nested": [], "integer": [], "short": [], "byte": [], "double": [], "float": [], "half_float": [], "scaled_float": [], "boolean": [], "binary": [], "text": [], "keyword": []}, "clonedHost": {}, "errorMessage": "", "taskId": null, "createdAt": "2019-09-12T12:42:45.221Z", "updatedAt": "2019-12-18T18:02:35.590Z", "dataLastUpdated": null, "metadata": [{"id": "5df9218658e19500113e73fa", "type": "metadata", "attributes": {"dataset": "c29473e4-6606-49c9-a248-df1f2b21c2b5", "application": "rw", "resource": {"id": "c29473e4-6606-49c9-a248-df1f2b21c2b5", "type": "dataset"}, "language": "en", "name": "Access to an Improved Water Source (Urban)", "description": "### Overview  \n  \nThis dataset includes the percentage of people using drinking water from an improved source that is accessible, available when needed, and free from contamination. It provides values for the years 2000 to 2017 for urban populations. According to the World Health Organization (WHO) and the United Nations Children's Fund (UNICEF), safely managed drinking water is defined as an improved water source that is accessible on premises, available when needed and free from fecal and priority chemical contamination. Improved water sources include piped water, boreholes or tubewells, protected dug wells, protected springs, and packaged and delivered water.\n\n  \n  \nWHO and UNICEF\u2019s Joint Monitoring Programme (JMP) for Water Supply, Sanitation, and Hygiene prepared this dataset. Access to safe drinking water is a human right, not a privilege, for everyone. Access to safe water can reduce illness and death from disease, improve health, reduce poverty, and lead to socioeconomic development. Yet many countries still lack access to safe drinking water. Children are especially vulnerable to deaths and illnesses related to lack of access to proper drinking water services. In addition, women and girls are almost two and a half times more likely than men and boys to fetch water, reducing their time for other activities, such as attending school. \n  \n  \n### Methodology  \n  \nThis dataset was developed based on administrative sources, national censuses, and nationally representative surveys. A weighted average is calculated to aggregate subnational data to the national level. There are three criteria for an improved water source: (1) accessibility: water should be accessible on the premises, (2) availability: water should be available when needed, and (3) quality: water supplied should be free from contamination. The WHO/UNICEF JMP provides national estimates only when data is available on drinking water quality and at least one of the criteria.\n\n  \n  \nFor the full documentation, please see the source [methodology](https://databank.worldbank.org/reports.aspx?source=2&type=metadata&series=SH.H2O.SMDW.ZS).  \n  \n### Data shown on Resource Watch Map  \n  \n- **[2000](https://resourcewatch.org/data/explore?zoom=3&lat=0&lng=0&basemap=dark&labels=light&layers=%255B%257B%2522dataset%2522%253A%2522c29473e4-6606-49c9-a248-df1f2b21c2b5%2522%252C%2522opacity%2522%253A1%252C%2522layer%2522%253A%2522431e69e9-0b9d-4763-b843-4b369225dc32%2522%257D%255D&page=1&sort=relevance&sortDirection=-1&search=wat.005b), [2001](https://resourcewatch.org/data/explore?zoom=3&lat=0&lng=0&basemap=dark&labels=light&layers=%255B%257B%2522dataset%2522%253A%2522c29473e4-6606-49c9-a248-df1f2b21c2b5%2522%252C%2522opacity%2522%253A1%252C%2522layer%2522%253A%25227853d800-99d0-4a31-bc62-97d6a4d49164%2522%257D%255D&page=1&sort=relevance&sortDirection=-1&search=wat.005b), [2002](https://resourcewatch.org/data/explore?zoom=3&lat=0&lng=0&basemap=dark&labels=light&layers=%255B%257B%2522dataset%2522%253A%2522c29473e4-6606-49c9-a248-df1f2b21c2b5%2522%252C%2522opacity%2522%253A1%252C%2522layer%2522%253A%25225eb2ca2e-896b-4476-ad43-34a826df6719%2522%257D%255D&page=1&sort=relevance&sortDirection=-1&search=wat.005b), [2003](https://resourcewatch.org/data/explore?zoom=3&lat=0&lng=0&basemap=dark&labels=light&layers=%255B%257B%2522dataset%2522%253A%2522c29473e4-6606-49c9-a248-df1f2b21c2b5%2522%252C%2522opacity%2522%253A1%252C%2522layer%2522%253A%2522752f6194-4256-4902-a080-741a2cebd0db%2522%257D%255D&page=1&sort=relevance&sortDirection=-1&search=wat.005b), [2004](https://resourcewatch.org/data/explore?zoom=3&lat=0&lng=0&basemap=dark&labels=light&layers=%255B%257B%2522dataset%2522%253A%2522c29473e4-6606-49c9-a248-df1f2b21c2b5%2522%252C%2522opacity%2522%253A1%252C%2522layer%2522%253A%25222284e733-7089-40cd-8142-fd2cb417b2cc%2522%257D%255D&page=1&sort=relevance&sortDirection=-1&search=wat.005b), [2005](https://resourcewatch.org/data/explore?zoom=3&lat=0&lng=0&basemap=dark&labels=light&layers=%255B%257B%2522dataset%2522%253A%2522c29473e4-6606-49c9-a248-df1f2b21c2b5%2522%252C%2522opacity%2522%253A1%252C%2522layer%2522%253A%2522e4a8660e-629b-46c8-a3ee-81c9cbcccea6%2522%257D%255D&page=1&sort=relevance&sortDirection=-1&search=wat.005b), [2006](https://resourcewatch.org/data/explore?zoom=3&lat=0&lng=0&basemap=dark&labels=light&layers=%255B%257B%2522dataset%2522%253A%2522c29473e4-6606-49c9-a248-df1f2b21c2b5%2522%252C%2522opacity%2522%253A1%252C%2522layer%2522%253A%25228a06a55d-f07b-4e61-8bd0-1f7cd396b138%2522%257D%255D&page=1&sort=relevance&sortDirection=-1&search=wat.005b), [2007](https://resourcewatch.org/data/explore?zoom=3&lat=0&lng=0&basemap=dark&labels=light&layers=%255B%257B%2522dataset%2522%253A%2522c29473e4-6606-49c9-a248-df1f2b21c2b5%2522%252C%2522opacity%2522%253A1%252C%2522layer%2522%253A%25225d332a7d-1237-415a-a778-ae28f2091ef6%2522%257D%255D&page=1&sort=relevance&sortDirection=-1&search=wat.005b), [2008](https://resourcewatch.org/data/explore?zoom=3&lat=0&lng=0&basemap=dark&labels=light&layers=%255B%257B%2522dataset%2522%253A%2522c29473e4-6606-49c9-a248-df1f2b21c2b5%2522%252C%2522opacity%2522%253A1%252C%2522layer%2522%253A%25228d0b6d85-9119-4cd1-9fc1-13ae54f90fc9%2522%257D%255D&page=1&sort=relevance&sortDirection=-1&search=wat.005b), [2009](https://resourcewatch.org/data/explore?zoom=3&lat=0&lng=0&basemap=dark&labels=light&layers=%255B%257B%2522dataset%2522%253A%2522c29473e4-6606-49c9-a248-df1f2b21c2b5%2522%252C%2522opacity%2522%253A1%252C%2522layer%2522%253A%252236884712-289d-430d-b33a-f720f8aca99e%2522%257D%255D&page=1&sort=relevance&sortDirection=-1&search=wat.005b), [2010](https://resourcewatch.org/data/explore?zoom=3&lat=0&lng=0&basemap=dark&labels=light&layers=%255B%257B%2522dataset%2522%253A%2522c29473e4-6606-49c9-a248-df1f2b21c2b5%2522%252C%2522opacity%2522%253A1%252C%2522layer%2522%253A%25221292b9d3-9b0b-414b-aaf9-49c077faae03%2522%257D%255D&page=1&sort=relevance&sortDirection=-1&search=wat.005b), [2011](https://resourcewatch.org/data/explore?zoom=3&lat=0&lng=0&basemap=dark&labels=light&layers=%255B%257B%2522dataset%2522%253A%2522c29473e4-6606-49c9-a248-df1f2b21c2b5%2522%252C%2522opacity%2522%253A1%252C%2522layer%2522%253A%2522818ecc9e-0364-483c-9443-b122be481b0f%2522%257D%255D&page=1&sort=relevance&sortDirection=-1&search=wat.005b), [2012](https://resourcewatch.org/data/explore?zoom=3&lat=0&lng=0&basemap=dark&labels=light&layers=%255B%257B%2522dataset%2522%253A%2522c29473e4-6606-49c9-a248-df1f2b21c2b5%2522%252C%2522opacity%2522%253A1%252C%2522layer%2522%253A%2522880def80-0643-4f4f-8f07-157eb71cef5e%2522%257D%255D&page=1&sort=relevance&sortDirection=-1&search=wat.005b), [2013](https://resourcewatch.org/data/explore?zoom=3&lat=0&lng=0&basemap=dark&labels=light&layers=%255B%257B%2522dataset%2522%253A%2522c29473e4-6606-49c9-a248-df1f2b21c2b5%2522%252C%2522opacity%2522%253A1%252C%2522layer%2522%253A%2522e9610b81-5d5d-4659-8303-b4de2246c20c%2522%257D%255D&page=1&sort=relevance&sortDirection=-1&search=wat.005b), [2014](https://resourcewatch.org/data/explore?zoom=3&lat=0&lng=0&basemap=dark&labels=light&layers=%255B%257B%2522dataset%2522%253A%2522c29473e4-6606-49c9-a248-df1f2b21c2b5%2522%252C%2522opacity%2522%253A1%252C%2522layer%2522%253A%252229d18636-193d-436a-9fb8-febbf6458537%2522%257D%255D&page=1&sort=relevance&sortDirection=-1&search=wat.005b), [2015](https://resourcewatch.org/data/explore?zoom=3&lat=0&lng=0&basemap=dark&labels=light&layers=%255B%257B%2522dataset%2522%253A%2522c29473e4-6606-49c9-a248-df1f2b21c2b5%2522%252C%2522opacity%2522%253A1%252C%2522layer%2522%253A%25229562321e-6acd-4a4f-8185-9ea48e4bb8c6%2522%257D%255D&page=1&sort=relevance&sortDirection=-1&search=wat.005b), [2016](https://resourcewatch.org/data/explore?zoom=3&lat=0&lng=0&basemap=dark&labels=light&layers=%255B%257B%2522dataset%2522%253A%2522c29473e4-6606-49c9-a248-df1f2b21c2b5%2522%252C%2522opacity%2522%253A1%252C%2522layer%2522%253A%252201d6983c-b1a2-4c8c-bf2d-abf32551b7fa%2522%257D%255D&page=1&sort=relevance&sortDirection=-1&search=wat.005b), [2017](https://resourcewatch.org/data/explore?zoom=3&lat=0&lng=0&basemap=dark&labels=light&layers=%255B%257B%2522dataset%2522%253A%2522c29473e4-6606-49c9-a248-df1f2b21c2b5%2522%252C%2522opacity%2522%253A1%252C%2522layer%2522%253A%2522340f1b7b-e31c-4f91-b4b8-4f9b6abaaa88%2522%257D%255D&page=1&sort=relevance&sortDirection=-1&search=wat.005b) Access to an Improved Water Source, Urban (%)**: *Percentage (%) of urban population with access to an improved drinking water source in indicated year.*\r\n\r\n  \n  \nSee the documentation on how Resource Watch processed the data on [Github] (https://github.com/resource-watch/data-pre-processing/tree/master/upload_worldbank_data).\r\n\r\n  \n  \nAdditional data for the percentage of the population with access to an improved water source at [rural](https://resourcewatch.org/data/explore/wat005c-Access-to-an-Improved-Water-Source-Rural) and [national](https://.resourcewatch.org/data/explore/wat005a-Access-to-an-Improved-Water-Source-National-Level_1) levels are available on Resource Watch and from the data provider. \r\n\r\n  \n  \nThis data has been mapped on Resource Watch by joining it with Natural Earth boundaries. \r\n  \n  \n### Disclaimer  \n  \nExcerpts of this description page were taken from the source metadata. Resource Watch shows only a subset of the dataset. For access to the full dataset and additional information, click on the \u201cLearn more\u201d button.", "source": "WHO/UNICEF JMP", "info": {"rwId": "wat.005b", "data_type": "Tabular", "name": "Access to an Improved Water Source (Urban) ", "sources": [{"source-name": "World Health Organization (WHO) ", "id": 0, "source-description": ""}, {"source-name": " United Nations Children's Fund Joint Monitoring Programme for Water Supply, Sanitation, and Hygiene (UNICEF JMP) ", "id": 1, "source-description": ""}], "technical_title": "People Using Safely Managed Drinking Water Services, Urban (% of Urban Population) ", "functions": "Percentage of each country\u2019s urban population with access to an improved drinking water source from 2000 to 2017", "cautions": "Access to drinking water from an improved source does not ensure that the water is safe or adequate, as these characteristics are not tested at the time of the survey. But improved drinking water sources are more likely than those characterized as unimproved to provide safe drinking water and to prevent contact with human excreta. While the information on access to an improved water source is widely used, it is extremely subjective, and such terms as \"safe,\" \"improved,\" \"adequate,\" and \"reasonable\" may have different meanings in different countries despite official WHO definitions. Even in high-income countries, treated water may not always be safe to drink. Access to an improved water source is equated with connection to a supply system; it does not take into account variations in the quality and cost (broadly defined) of the service. National government data is self-reported and nonstandardized.", "citation": "World Bank Group. 2019. \u201cPeople Using Safely Managed Drinking Water Services, Urban (% of Urban Population).\" https://data.worldbank.org/indicator/SH.H2O.SMDW.UR.ZS. Accessed through Resource Watch, (date). [www.resourcewatch.org](www.resourcewatch.org).", "license": "Creative Commons Attribution 4.0 International\r\n", "license_link": "https://creativecommons.org/licenses/by/4.0/", "geographic_coverage": "Global", "spatial_resolution": "National", "date_of_content": "2000-2017", "frequency_of_updates": "Annual", "learn_more_link": "https://data.worldbank.org/indicator/SH.H2O.SMDW.UR.ZS\n", "data_download_link": "http://wri-public-data.s3.amazonaws.com/resourcewatch/wat_005b_improved_water_access_urban.zip", "data_download_original_link": "https://data.worldbank.org/indicator/SH.H2O.SMDW.UR.ZS\r"}, "columns": {"urban": {"alias": "Access to an improved drinking water source (%) ", "description": "Percentage of urban population with access to an improved drinking water source"}, "year": {"alias": "Year "}, "country_name": {"alias": "Country "}}, "createdAt": "2019-12-17T18:42:14.749Z", "updatedAt": "2020-02-04T19:46:52.663Z", "status": "published"}}], "widget": [{"id": "b198e439-5c07-4c78-9a44-241f1815bca8", "type": "widget", "attributes": {"name": "15% of the world's urban population lacks safe drinking water services.", "dataset": "c29473e4-6606-49c9-a248-df1f2b21c2b5", "slug": "15-of-the-worlds-urban-population-use-safely-managed-drinking-water-services_1", "userId": "5c2f894a8464fa99d87f3bbb", "description": "The percentage of the total population with access to an improved water source in 2015.", "source": "", "authors": "", "application": ["rw"], "verified": false, "default": false, "protected": false, "defaultEditableWidget": false, "published": true, "thumbnailUrl": "http://wri-api-backups.s3.amazonaws.com/resourcewatch/prod/thumbnails/b198e439-5c07-4c78-9a44-241f1815bca8-1570599027874.png", "freeze": false, "env": "production", "queryUrl": "", "widgetConfig": {"url": "https://preproduction.resourcewatch.org/embed/data/explore?zoom=2&lat=-30&lng=55&basemap=dark&labels=light&layers=%255B%257B%2522dataset%2522%253A%2522c29473e4-6606-49c9-a248-df1f2b21c2b5%2522%252C%2522opacity%2522%253A1%252C%2522layer%2522%253A%25229562321e-6acd-4a4f-8185-9ea48e4bb8c6%2522%257D%255D&page=2&sort=relevance&sortDirection=-1&search=wat.005", "type": "embed"}, "template": false, "createdAt": "2019-10-09T05:26:06.355Z", "updatedAt": "2019-11-13T19:48:47.575Z"}}, {"id": "db5ba206-e243-4388-bda7-f517d59ae309", "type": "widget", "attributes": {"name": "Countries lacking access to improved water sources (urban)", "dataset": "c29473e4-6606-49c9-a248-df1f2b21c2b5", "slug": "Countries-lacking-access-to-improved-water-sources-urban", "userId": "5ba001878e311b7e3718740f", "description": "The chart presents the percentage of the urban population with access to an improved water source per country in 2017, in ascending order.  In other words, this chart shows 50 countries with the least percentage of the urban population to an improved water source.", "source": "", "authors": "", "application": ["rw"], "verified": false, "default": false, "protected": false, "defaultEditableWidget": true, "published": true, "thumbnailUrl": "http://wri-api-backups.s3.amazonaws.com/resourcewatch/prod/thumbnails/db5ba206-e243-4388-bda7-f517d59ae309-1576688085129.png", "freeze": false, "env": "production", "queryUrl": "", "widgetConfig": {"paramsConfig": {"visualizationType": "chart", "limit": 50, "value": {"name": "urban", "type": "number"}, "category": {"name": "country_name", "type": "string"}, "color": null, "size": null, "orderBy": {"name": "urban", "type": "number", "orderType": "asc"}, "aggregateFunction": null, "chartType": "bar", "filters": [{"name": "year", "type": "number", "operation": "=", "value": 2017, "notNull": false}, {"name": "urban", "type": "number", "operation": null, "value": [3, 100], "notNull": true}], "areaIntersection": null, "band": null, "layer": null}, "data": [{"name": "table", "transform": [{"type": "identifier", "as": "id"}, {"type": "joinaggregate", "as": ["count"]}], "url": "https://api.resourcewatch.org/v1/query/c29473e4-6606-49c9-a248-df1f2b21c2b5?sql=SELECT%20country_name%20as%20x%2C%20urban%20as%20y%20FROM%20wat_005a_improved_water_access_edited%20WHERE%20year%20%3D%202017%20AND%20urban%20%3E%3D%203%20AND%20urban%20%3C%3D%20100%20AND%20urban%20IS%20NOT%20NULL%20%20ORDER%20BY%20urban%20asc LIMIT 50", "format": {"type": "json", "property": "data"}}], "scales": [{"name": "x", "type": "band", "range": "width", "padding": 0.05, "domain": {"data": "table", "field": "id"}}, {"name": "y", "type": "linear", "range": "height", "nice": true, "zero": true, "domain": {"data": "table", "field": "y"}}], "axes": [{"orient": "bottom", "scale": "x", "labelOverlap": "parity", "ticks": false, "encode": {"labels": {"update": {"text": {"signal": "width < 300 || data('table')[0].count > 10 ? truncate(data('table')[datum.value - 1].x, 12) : data('table')[datum.value - 1].x"}, "align": {"signal": "width < 300 || data('table')[0].count > 10 ? 'right' : 'center'"}, "baseline": {"signal": "width < 300 || data('table')[0].count > 10 ? 'middle' : 'top'"}, "angle": {"signal": "width < 300 || data('table')[0].count > 10 ? -90 : 0"}}}}, "title": "Country"}, {"orient": "left", "scale": "y", "labelOverlap": "parity", "format": "s", "encode": {"labels": {"update": {"align": {"value": "right"}, "baseline": {"value": "bottom"}}}}, "title": "Access to an Improved Drinking Water Source"}], "marks": [{"type": "rect", "from": {"data": "table"}, "encode": {"update": {"opacity": {"value": 1}, "x": {"scale": "x", "field": "id"}, "width": {"scale": "x", "band": 1}, "y": {"scale": "y", "field": "y"}, "y2": {"scale": "y", "value": 0}}, "hover": {"opacity": {"value": 0.8}}}}], "interaction_config": [{"name": "tooltip", "config": {"fields": [{"column": "y", "property": "Access to an improved drinking water source (%) ", "type": "number", "format": ".2s"}, {"column": "x", "property": "Country ", "type": "string", "format": ".2f"}]}}], "config": {"range": {"dotSize": [20, 250], "category20": ["#3BB2D0", "#2C75B0", "#FAB72E", "#EF4848", "#65B60D", "#C32D7B", "#F577B9", "#5FD2B8", "#F1800F", "#9F1C00", "#A5E9E3", "#B9D765", "#393F44", "#CACCD0", "#717171"], "ordinal": {"scheme": "greens"}, "ramp": {"scheme": "purples"}}, "axis": {"labelFontSize": 13, "labelFont": "Lato", "labelColor": "#717171", "labelPadding": 10, "ticks": true, "tickSize": 8, "tickColor": "#A9ABAD", "tickOpacity": 0.5, "tickExtra": false}, "axisX": {"bandPosition": 0.5, "domainWidth": 1.2, "domainColor": "#A9ABAD", "labelAlign": "center", "labelBaseline": "top"}, "axisY": {"domain": false, "labelAlign": "left", "labelBaseline": "bottom", "tickOpacity": 0.5, "grid": true, "ticks": false, "gridColor": "#A9ABAD", "gridOpacity": 0.5}, "mark": {"fill": "#3BB2D0"}, "symbol": {"fill": "#3BB2D0", "stroke": "#fff"}, "rect": {"fill": "#3BB2D0"}, "line": {"interpolate": "linear", "stroke": "#3BB2D0", "fillOpacity": 0}}}, "template": false, "createdAt": "2019-12-18T16:54:45.088Z", "updatedAt": "2019-12-18T16:54:45.088Z"}}], "layer": [{"id": "431e69e9-0b9d-4763-b843-4b369225dc32", "type": "layer", "attributes": {"name": "2000 Access to an Improved Water Source, Urban (%)", "slug": "2000-Access-to-an-Improved-Water-Source-Urban", "dataset": "c29473e4-6606-49c9-a248-df1f2b21c2b5", "description": "Percentage (%) of urban population with access to an improved drinking water source in 2000.", "application": ["rw"], "iso": [], "provider": "cartodb", "userId": "58f63c81bd32c60206ed6b12", "default": false, "protected": false, "published": true, "env": "production", "layerConfig": {"body": {"layers": [{"options": {"cartocss_version": "2.3.0", "cartocss": "#layer {polygon-opacity: 1; line-width: 0.3; line-color: #FFF; line-opacity: 1;}  [urban>=80]{polygon-fill:#2a5674;} [urban>=60][urban<80]{polygon-fill:#45829b;} [urban>=40][urban<60]{polygon-fill:#68abb8;} [urban>=20][urban<40]{polygon-fill:#96d0d1;} [urban<20]{polygon-fill:#d1eeea;}", "sql": "SELECT wri.cartodb_id, ST_Transform(wri.the_geom, 3857) AS the_geom_webmercator, wri.name, data.country_name, data.year, data.urban FROM wat_005a_improved_water_access_edited data LEFT OUTER JOIN wri_countries_a wri ON wri.name ILIKE TRIM(data.country_name) WHERE data.urban IS NOT NULL AND wri.iso_a3 IS NOT NULL  AND data.year = 2000  UNION SELECT wri.cartodb_id, ST_Transform(wri.the_geom, 3857) AS the_geom_webmercator, wri.name, data.country_name, data.year, data.urban FROM wat_005a_improved_water_access_edited data INNER JOIN rw_aliasing_countries aliasing ON TRIM(data.country_name) ILIKE aliasing.alias INNER JOIN wri_countries_a wri ON wri.iso_a3 = aliasing.iso WHERE data.urban IS NOT NULL AND data.year = 2000  "}, "type": "mapnik"}], "minzoom": 3, "maxzoom": 18, "vectorLayers": [{"paint": {"line-width": 0.3, "line-color": " #FFF", "line-opacity": 1}, "source-layer": "layer0", "type": "line", "filter": ["all"]}, {"paint": {"fill-opacity": 1}, "source-layer": "layer0", "type": "fill", "filter": ["all"]}, {"paint": {"fill-color": "#2a5674"}, "source-layer": "layer0", "type": "fill", "filter": ["all", [">=", "urban_data", 80]]}, {"paint": {"fill-color": "#45829b"}, "source-layer": "layer0", "type": "fill", "filter": ["all", [">=", "urbanl_data", 60], ["<", "urban_data", 80]]}, {"paint": {"fill-color": "#68abb8"}, "source-layer": "layer0", "type": "fill", "filter": ["all", [">=", "urban_data", 40], ["<", "urban_data", 60]]}, {"paint": {"fill-color": "#96d0d1"}, "source-layer": "layer0", "type": "fill", "filter": ["all", [">=", "urban_data", 20], ["<", "urban_data", 40]]}, {"paint": {"fill-color": "#d1eeea"}, "source-layer": "layer0", "type": "fill", "filter": ["all", ["<", "urban_data", 20]]}]}, "account": "wri-rw", "timelineLabel": "2000", "order": 2000, "timeline": true}, "legendConfig": {"type": "choropleth", "items": [{"name": "<20", "color": "#d1eeea", "id": 0}, {"name": "<40", "color": "#96d0d1", "id": 1}, {"name": "<60", "color": "#68abb8", "id": 2}, {"name": "<80", "color": "#45829b", "id": 3}, {"name": "\u2264100", "color": "#2a5674", "id": 4}]}, "interactionConfig": {"output": [{"column": "country_name", "format": null, "prefix": "", "property": "Country", "suffix": ""}, {"column": "year", "format": null, "prefix": "", "property": "Year", "suffix": ""}, {"column": "urban", "format": null, "prefix": "", "property": "Access to Improved Water Source", "suffix": "%"}, {"column": "cartodb_id", "format": null, "prefix": "", "property": "Area ID", "suffix": ""}]}, "applicationConfig": {}, "staticImageConfig": {}, "createdAt": "2019-09-18T19:26:15.421Z", "updatedAt": "2019-12-18T17:38:54.656Z"}}, {"id": "7853d800-99d0-4a31-bc62-97d6a4d49164", "type": "layer", "attributes": {"name": "2001 Access to an Improved Water Source, Urban (%)", "slug": "2001-Access-to-an-Improved-Water-Source-Urban", "dataset": "c29473e4-6606-49c9-a248-df1f2b21c2b5", "description": "Percentage (%) of urban population with access to an improved drinking water source in 2001.", "application": ["rw"], "iso": [], "provider": "cartodb", "userId": "58f63c81bd32c60206ed6b12", "default": false, "protected": false, "published": true, "env": "production", "layerConfig": {"body": {"layers": [{"options": {"cartocss_version": "2.3.0", "cartocss": "#layer {polygon-opacity: 1; line-width: 0.3; line-color: #FFF; line-opacity: 1;}  [urban>=80]{polygon-fill:#2a5674;} [urban>=60][urban<80]{polygon-fill:#45829b;} [urban>=40][urban<60]{polygon-fill:#68abb8;} [urban>=20][urban<40]{polygon-fill:#96d0d1;} [urban<20]{polygon-fill:#d1eeea;}", "sql": "SELECT wri.cartodb_id, ST_Transform(wri.the_geom, 3857) AS the_geom_webmercator, wri.name, data.country_name, data.year, data.urban FROM wat_005a_improved_water_access_edited data LEFT OUTER JOIN wri_countries_a wri ON wri.name ILIKE TRIM(data.country_name) WHERE data.urban IS NOT NULL AND wri.iso_a3 IS NOT NULL  AND data.year = 2001  UNION SELECT wri.cartodb_id, ST_Transform(wri.the_geom, 3857) AS the_geom_webmercator, wri.name, data.country_name, data.year, data.urban FROM wat_005a_improved_water_access_edited data INNER JOIN rw_aliasing_countries aliasing ON TRIM(data.country_name) ILIKE aliasing.alias INNER JOIN wri_countries_a wri ON wri.iso_a3 = aliasing.iso WHERE data.urban IS NOT NULL AND data.year = 2001  "}, "type": "mapnik"}], "minzoom": 3, "maxzoom": 18, "vectorLayers": [{"paint": {"line-width": 0.3, "line-color": " #FFF", "line-opacity": 1}, "source-layer": "layer0", "type": "line", "filter": ["all"]}, {"paint": {"fill-opacity": 1}, "source-layer": "layer0", "type": "fill", "filter": ["all"]}, {"paint": {"fill-color": "#2a5674"}, "source-layer": "layer0", "type": "fill", "filter": ["all", [">=", "urban_data", 80]]}, {"paint": {"fill-color": "#45829b"}, "source-layer": "layer0", "type": "fill", "filter": ["all", [">=", "urbanl_data", 60], ["<", "urban_data", 80]]}, {"paint": {"fill-color": "#68abb8"}, "source-layer": "layer0", "type": "fill", "filter": ["all", [">=", "urban_data", 40], ["<", "urban_data", 60]]}, {"paint": {"fill-color": "#96d0d1"}, "source-layer": "layer0", "type": "fill", "filter": ["all", [">=", "urban_data", 20], ["<", "urban_data", 40]]}, {"paint": {"fill-color": "#d1eeea"}, "source-layer": "layer0", "type": "fill", "filter": ["all", ["<", "urban_data", 20]]}]}, "account": "wri-rw", "timelineLabel": "2001", "order": 2001, "timeline": true}, "legendConfig": {"type": "choropleth", "items": [{"name": "<20", "color": "#d1eeea", "id": 0}, {"name": "<40", "color": "#96d0d1", "id": 1}, {"name": "<60", "color": "#68abb8", "id": 2}, {"name": "<80", "color": "#45829b", "id": 3}, {"name": "\u2264100", "color": "#2a5674", "id": 4}]}, "interactionConfig": {"output": [{"column": "country_name", "format": null, "prefix": "", "property": "Country", "suffix": ""}, {"column": "year", "format": null, "prefix": "", "property": "Year", "suffix": ""}, {"column": "urban", "format": null, "prefix": "", "property": "Access to Improved Water Source", "suffix": "%"}, {"column": "cartodb_id", "format": null, "prefix": "", "property": "Area ID", "suffix": ""}]}, "applicationConfig": {}, "staticImageConfig": {}, "createdAt": "2019-09-18T19:26:21.262Z", "updatedAt": "2019-12-18T17:39:02.807Z"}}, {"id": "5eb2ca2e-896b-4476-ad43-34a826df6719", "type": "layer", "attributes": {"name": "2002 Access to an Improved Water Source, Urban (%)", "slug": "2002-Access-to-an-Improved-Water-Source-Urban", "dataset": "c29473e4-6606-49c9-a248-df1f2b21c2b5", "description": "Percentage (%) of urban population with access to an improved drinking water source in 2002.", "application": ["rw"], "iso": [], "provider": "cartodb", "userId": "58f63c81bd32c60206ed6b12", "default": false, "protected": false, "published": true, "env": "production", "layerConfig": {"body": {"layers": [{"options": {"cartocss_version": "2.3.0", "cartocss": "#layer {polygon-opacity: 1; line-width: 0.3; line-color: #FFF; line-opacity: 1;}  [urban>=80]{polygon-fill:#2a5674;} [urban>=60][urban<80]{polygon-fill:#45829b;} [urban>=40][urban<60]{polygon-fill:#68abb8;} [urban>=20][urban<40]{polygon-fill:#96d0d1;} [urban<20]{polygon-fill:#d1eeea;}", "sql": "SELECT wri.cartodb_id, ST_Transform(wri.the_geom, 3857) AS the_geom_webmercator, wri.name, data.country_name, data.year, data.urban FROM wat_005a_improved_water_access_edited data LEFT OUTER JOIN wri_countries_a wri ON wri.name ILIKE TRIM(data.country_name) WHERE data.urban IS NOT NULL AND wri.iso_a3 IS NOT NULL  AND data.year = 2002  UNION SELECT wri.cartodb_id, ST_Transform(wri.the_geom, 3857) AS the_geom_webmercator, wri.name, data.country_name, data.year, data.urban FROM wat_005a_improved_water_access_edited data INNER JOIN rw_aliasing_countries aliasing ON TRIM(data.country_name) ILIKE aliasing.alias INNER JOIN wri_countries_a wri ON wri.iso_a3 = aliasing.iso WHERE data.urban IS NOT NULL AND data.year = 2002  "}, "type": "mapnik"}], "minzoom": 3, "maxzoom": 18, "vectorLayers": [{"paint": {"line-width": 0.3, "line-color": " #FFF", "line-opacity": 1}, "source-layer": "layer0", "type": "line", "filter": ["all"]}, {"paint": {"fill-opacity": 1}, "source-layer": "layer0", "type": "fill", "filter": ["all"]}, {"paint": {"fill-color": "#2a5674"}, "source-layer": "layer0", "type": "fill", "filter": ["all", [">=", "urban_data", 80]]}, {"paint": {"fill-color": "#45829b"}, "source-layer": "layer0", "type": "fill", "filter": ["all", [">=", "urbanl_data", 60], ["<", "urban_data", 80]]}, {"paint": {"fill-color": "#68abb8"}, "source-layer": "layer0", "type": "fill", "filter": ["all", [">=", "urban_data", 40], ["<", "urban_data", 60]]}, {"paint": {"fill-color": "#96d0d1"}, "source-layer": "layer0", "type": "fill", "filter": ["all", [">=", "urban_data", 20], ["<", "urban_data", 40]]}, {"paint": {"fill-color": "#d1eeea"}, "source-layer": "layer0", "type": "fill", "filter": ["all", ["<", "urban_data", 20]]}]}, "account": "wri-rw", "timelineLabel": "2002", "order": 2002, "timeline": true}, "legendConfig": {"type": "choropleth", "items": [{"name": "<20", "color": "#d1eeea", "id": 0}, {"name": "<40", "color": "#96d0d1", "id": 1}, {"name": "<60", "color": "#68abb8", "id": 2}, {"name": "<80", "color": "#45829b", "id": 3}, {"name": "\u2264100", "color": "#2a5674", "id": 4}]}, "interactionConfig": {"output": [{"column": "country_name", "format": null, "prefix": "", "property": "Country", "suffix": ""}, {"column": "year", "format": null, "prefix": "", "property": "Year", "suffix": ""}, {"column": "urban", "format": null, "prefix": "", "property": "Access to Improved Water Source", "suffix": "%"}, {"column": "cartodb_id", "format": null, "prefix": "", "property": "Area ID", "suffix": ""}]}, "applicationConfig": {}, "staticImageConfig": {}, "createdAt": "2019-09-18T19:26:26.621Z", "updatedAt": "2019-12-18T17:39:09.921Z"}}, {"id": "752f6194-4256-4902-a080-741a2cebd0db", "type": "layer", "attributes": {"name": "2003 Access to an Improved Water Source, Urban (%)", "slug": "2003-Access-to-an-Improved-Water-Source-Urban", "dataset": "c29473e4-6606-49c9-a248-df1f2b21c2b5", "description": "Percentage (%) of urban population with access to an improved drinking water source in 2003.", "application": ["rw"], "iso": [], "provider": "cartodb", "userId": "58f63c81bd32c60206ed6b12", "default": false, "protected": false, "published": true, "env": "production", "layerConfig": {"body": {"layers": [{"options": {"cartocss_version": "2.3.0", "cartocss": "#layer {polygon-opacity: 1; line-width: 0.3; line-color: #FFF; line-opacity: 1;}  [urban>=80]{polygon-fill:#2a5674;} [urban>=60][urban<80]{polygon-fill:#45829b;} [urban>=40][urban<60]{polygon-fill:#68abb8;} [urban>=20][urban<40]{polygon-fill:#96d0d1;} [urban<20]{polygon-fill:#d1eeea;}", "sql": "SELECT wri.cartodb_id, ST_Transform(wri.the_geom, 3857) AS the_geom_webmercator, wri.name, data.country_name, data.year, data.urban FROM wat_005a_improved_water_access_edited data LEFT OUTER JOIN wri_countries_a wri ON wri.name ILIKE TRIM(data.country_name) WHERE data.urban IS NOT NULL AND wri.iso_a3 IS NOT NULL  AND data.year = 2003  UNION SELECT wri.cartodb_id, ST_Transform(wri.the_geom, 3857) AS the_geom_webmercator, wri.name, data.country_name, data.year, data.urban FROM wat_005a_improved_water_access_edited data INNER JOIN rw_aliasing_countries aliasing ON TRIM(data.country_name) ILIKE aliasing.alias INNER JOIN wri_countries_a wri ON wri.iso_a3 = aliasing.iso WHERE data.urban IS NOT NULL AND data.year = 2003  "}, "type": "mapnik"}], "minzoom": 3, "maxzoom": 18, "vectorLayers": [{"paint": {"line-width": 0.3, "line-color": " #FFF", "line-opacity": 1}, "source-layer": "layer0", "type": "line", "filter": ["all"]}, {"paint": {"fill-opacity": 1}, "source-layer": "layer0", "type": "fill", "filter": ["all"]}, {"paint": {"fill-color": "#2a5674"}, "source-layer": "layer0", "type": "fill", "filter": ["all", [">=", "urban_data", 80]]}, {"paint": {"fill-color": "#45829b"}, "source-layer": "layer0", "type": "fill", "filter": ["all", [">=", "urbanl_data", 60], ["<", "urban_data", 80]]}, {"paint": {"fill-color": "#68abb8"}, "source-layer": "layer0", "type": "fill", "filter": ["all", [">=", "urban_data", 40], ["<", "urban_data", 60]]}, {"paint": {"fill-color": "#96d0d1"}, "source-layer": "layer0", "type": "fill", "filter": ["all", [">=", "urban_data", 20], ["<", "urban_data", 40]]}, {"paint": {"fill-color": "#d1eeea"}, "source-layer": "layer0", "type": "fill", "filter": ["all", ["<", "urban_data", 20]]}]}, "account": "wri-rw", "timelineLabel": "2003", "order": 2003, "timeline": true}, "legendConfig": {"type": "choropleth", "items": [{"name": "<20", "color": "#d1eeea", "id": 0}, {"name": "<40", "color": "#96d0d1", "id": 1}, {"name": "<60", "color": "#68abb8", "id": 2}, {"name": "<80", "color": "#45829b", "id": 3}, {"name": "\u2264100", "color": "#2a5674", "id": 4}]}, "interactionConfig": {"output": [{"column": "country_name", "format": null, "prefix": "", "property": "Country", "suffix": ""}, {"column": "year", "format": null, "prefix": "", "property": "Year", "suffix": ""}, {"column": "urban", "format": null, "prefix": "", "property": "Access to Improved Water Source", "suffix": "%"}, {"column": "cartodb_id", "format": null, "prefix": "", "property": "Area ID", "suffix": ""}]}, "applicationConfig": {}, "staticImageConfig": {}, "createdAt": "2019-09-18T19:26:32.084Z", "updatedAt": "2019-12-18T17:39:17.814Z"}}, {"id": "2284e733-7089-40cd-8142-fd2cb417b2cc", "type": "layer", "attributes": {"name": "2004 Access to an Improved Water Source, Urban (%)", "slug": "2004-Access-to-an-Improved-Water-Source-Urban", "dataset": "c29473e4-6606-49c9-a248-df1f2b21c2b5", "description": "Percentage (%) of urban population with access to an improved drinking water source in 2004.", "application": ["rw"], "iso": [], "provider": "cartodb", "userId": "58f63c81bd32c60206ed6b12", "default": false, "protected": false, "published": true, "env": "production", "layerConfig": {"body": {"layers": [{"options": {"cartocss_version": "2.3.0", "cartocss": "#layer {polygon-opacity: 1; line-width: 0.3; line-color: #FFF; line-opacity: 1;}  [urban>=80]{polygon-fill:#2a5674;} [urban>=60][urban<80]{polygon-fill:#45829b;} [urban>=40][urban<60]{polygon-fill:#68abb8;} [urban>=20][urban<40]{polygon-fill:#96d0d1;} [urban<20]{polygon-fill:#d1eeea;}", "sql": "SELECT wri.cartodb_id, ST_Transform(wri.the_geom, 3857) AS the_geom_webmercator, wri.name, data.country_name, data.year, data.urban FROM wat_005a_improved_water_access_edited data LEFT OUTER JOIN wri_countries_a wri ON wri.name ILIKE TRIM(data.country_name) WHERE data.urban IS NOT NULL AND wri.iso_a3 IS NOT NULL  AND data.year = 2004  UNION SELECT wri.cartodb_id, ST_Transform(wri.the_geom, 3857) AS the_geom_webmercator, wri.name, data.country_name, data.year, data.urban FROM wat_005a_improved_water_access_edited data INNER JOIN rw_aliasing_countries aliasing ON TRIM(data.country_name) ILIKE aliasing.alias INNER JOIN wri_countries_a wri ON wri.iso_a3 = aliasing.iso WHERE data.urban IS NOT NULL AND data.year = 2004  "}, "type": "mapnik"}], "minzoom": 3, "maxzoom": 18, "vectorLayers": [{"paint": {"line-width": 0.3, "line-color": " #FFF", "line-opacity": 1}, "source-layer": "layer0", "type": "line", "filter": ["all"]}, {"paint": {"fill-opacity": 1}, "source-layer": "layer0", "type": "fill", "filter": ["all"]}, {"paint": {"fill-color": "#2a5674"}, "source-layer": "layer0", "type": "fill", "filter": ["all", [">=", "urban_data", 80]]}, {"paint": {"fill-color": "#45829b"}, "source-layer": "layer0", "type": "fill", "filter": ["all", [">=", "urbanl_data", 60], ["<", "urban_data", 80]]}, {"paint": {"fill-color": "#68abb8"}, "source-layer": "layer0", "type": "fill", "filter": ["all", [">=", "urban_data", 40], ["<", "urban_data", 60]]}, {"paint": {"fill-color": "#96d0d1"}, "source-layer": "layer0", "type": "fill", "filter": ["all", [">=", "urban_data", 20], ["<", "urban_data", 40]]}, {"paint": {"fill-color": "#d1eeea"}, "source-layer": "layer0", "type": "fill", "filter": ["all", ["<", "urban_data", 20]]}]}, "account": "wri-rw", "timelineLabel": "2004", "order": 2004, "timeline": true}, "legendConfig": {"type": "choropleth", "items": [{"name": "<20", "color": "#d1eeea", "id": 0}, {"name": "<40", "color": "#96d0d1", "id": 1}, {"name": "<60", "color": "#68abb8", "id": 2}, {"name": "<80", "color": "#45829b", "id": 3}, {"name": "\u2264100", "color": "#2a5674", "id": 4}]}, "interactionConfig": {"output": [{"column": "country_name", "format": null, "prefix": "", "property": "Country", "suffix": ""}, {"column": "year", "format": null, "prefix": "", "property": "Year", "suffix": ""}, {"column": "urban", "format": null, "prefix": "", "property": "Access to Improved Water Source", "suffix": "%"}, {"column": "cartodb_id", "format": null, "prefix": "", "property": "Area ID", "suffix": ""}]}, "applicationConfig": {}, "staticImageConfig": {}, "createdAt": "2019-09-18T19:26:37.121Z", "updatedAt": "2019-12-18T17:39:25.162Z"}}, {"id": "e4a8660e-629b-46c8-a3ee-81c9cbcccea6", "type": "layer", "attributes": {"name": "2005 Access to an Improved Water Source, Urban (%)", "slug": "2005-Access-to-an-Improved-Water-Source-Urban", "dataset": "c29473e4-6606-49c9-a248-df1f2b21c2b5", "description": "Percentage (%) of urban population with access to an improved drinking water source in 2005.", "application": ["rw"], "iso": [], "provider": "cartodb", "userId": "58f63c81bd32c60206ed6b12", "default": false, "protected": false, "published": true, "env": "production", "layerConfig": {"body": {"layers": [{"options": {"cartocss_version": "2.3.0", "cartocss": "#layer {polygon-opacity: 1; line-width: 0.3; line-color: #FFF; line-opacity: 1;}  [urban>=80]{polygon-fill:#2a5674;} [urban>=60][urban<80]{polygon-fill:#45829b;} [urban>=40][urban<60]{polygon-fill:#68abb8;} [urban>=20][urban<40]{polygon-fill:#96d0d1;} [urban<20]{polygon-fill:#d1eeea;}", "sql": "SELECT wri.cartodb_id, ST_Transform(wri.the_geom, 3857) AS the_geom_webmercator, wri.name, data.country_name, data.year, data.urban FROM wat_005a_improved_water_access_edited data LEFT OUTER JOIN wri_countries_a wri ON wri.name ILIKE TRIM(data.country_name) WHERE data.urban IS NOT NULL AND wri.iso_a3 IS NOT NULL  AND data.year = 2005  UNION SELECT wri.cartodb_id, ST_Transform(wri.the_geom, 3857) AS the_geom_webmercator, wri.name, data.country_name, data.year, data.urban FROM wat_005a_improved_water_access_edited data INNER JOIN rw_aliasing_countries aliasing ON TRIM(data.country_name) ILIKE aliasing.alias INNER JOIN wri_countries_a wri ON wri.iso_a3 = aliasing.iso WHERE data.urban IS NOT NULL AND data.year = 2005  "}, "type": "mapnik"}], "minzoom": 3, "maxzoom": 18, "vectorLayers": [{"paint": {"line-width": 0.3, "line-color": " #FFF", "line-opacity": 1}, "source-layer": "layer0", "type": "line", "filter": ["all"]}, {"paint": {"fill-opacity": 1}, "source-layer": "layer0", "type": "fill", "filter": ["all"]}, {"paint": {"fill-color": "#2a5674"}, "source-layer": "layer0", "type": "fill", "filter": ["all", [">=", "urban_data", 80]]}, {"paint": {"fill-color": "#45829b"}, "source-layer": "layer0", "type": "fill", "filter": ["all", [">=", "urbanl_data", 60], ["<", "urban_data", 80]]}, {"paint": {"fill-color": "#68abb8"}, "source-layer": "layer0", "type": "fill", "filter": ["all", [">=", "urban_data", 40], ["<", "urban_data", 60]]}, {"paint": {"fill-color": "#96d0d1"}, "source-layer": "layer0", "type": "fill", "filter": ["all", [">=", "urban_data", 20], ["<", "urban_data", 40]]}, {"paint": {"fill-color": "#d1eeea"}, "source-layer": "layer0", "type": "fill", "filter": ["all", ["<", "urban_data", 20]]}]}, "account": "wri-rw", "timelineLabel": "2005", "order": 2005, "timeline": true}, "legendConfig": {"type": "choropleth", "items": [{"name": "<20", "color": "#d1eeea", "id": 0}, {"name": "<40", "color": "#96d0d1", "id": 1}, {"name": "<60", "color": "#68abb8", "id": 2}, {"name": "<80", "color": "#45829b", "id": 3}, {"name": "\u2264100", "color": "#2a5674", "id": 4}]}, "interactionConfig": {"output": [{"column": "country_name", "format": null, "prefix": "", "property": "Country", "suffix": ""}, {"column": "year", "format": null, "prefix": "", "property": "Year", "suffix": ""}, {"column": "urban", "format": null, "prefix": "", "property": "Access to Improved Water Source", "suffix": "%"}, {"column": "cartodb_id", "format": null, "prefix": "", "property": "Area ID", "suffix": ""}]}, "applicationConfig": {}, "staticImageConfig": {}, "createdAt": "2019-09-18T19:26:43.363Z", "updatedAt": "2019-12-18T17:39:32.925Z"}}, {"id": "8a06a55d-f07b-4e61-8bd0-1f7cd396b138", "type": "layer", "attributes": {"name": "2006 Access to an Improved Water Source, Urban (%)", "slug": "2006-Access-to-an-Improved-Water-Source-Urban", "dataset": "c29473e4-6606-49c9-a248-df1f2b21c2b5", "description": "Percentage (%) of urban population with access to an improved drinking water source in 2006.", "application": ["rw"], "iso": [], "provider": "cartodb", "userId": "58f63c81bd32c60206ed6b12", "default": false, "protected": false, "published": true, "env": "production", "layerConfig": {"body": {"layers": [{"options": {"cartocss_version": "2.3.0", "cartocss": "#layer {polygon-opacity: 1; line-width: 0.3; line-color: #FFF; line-opacity: 1;}  [urban>=80]{polygon-fill:#2a5674;} [urban>=60][urban<80]{polygon-fill:#45829b;} [urban>=40][urban<60]{polygon-fill:#68abb8;} [urban>=20][urban<40]{polygon-fill:#96d0d1;} [urban<20]{polygon-fill:#d1eeea;}", "sql": "SELECT wri.cartodb_id, ST_Transform(wri.the_geom, 3857) AS the_geom_webmercator, wri.name, data.country_name, data.year, data.urban FROM wat_005a_improved_water_access_edited data LEFT OUTER JOIN wri_countries_a wri ON wri.name ILIKE TRIM(data.country_name) WHERE data.urban IS NOT NULL AND wri.iso_a3 IS NOT NULL  AND data.year = 2006  UNION SELECT wri.cartodb_id, ST_Transform(wri.the_geom, 3857) AS the_geom_webmercator, wri.name, data.country_name, data.year, data.urban FROM wat_005a_improved_water_access_edited data INNER JOIN rw_aliasing_countries aliasing ON TRIM(data.country_name) ILIKE aliasing.alias INNER JOIN wri_countries_a wri ON wri.iso_a3 = aliasing.iso WHERE data.urban IS NOT NULL AND data.year = 2006  "}, "type": "mapnik"}], "minzoom": 3, "maxzoom": 18, "vectorLayers": [{"paint": {"line-width": 0.3, "line-color": " #FFF", "line-opacity": 1}, "source-layer": "layer0", "type": "line", "filter": ["all"]}, {"paint": {"fill-opacity": 1}, "source-layer": "layer0", "type": "fill", "filter": ["all"]}, {"paint": {"fill-color": "#2a5674"}, "source-layer": "layer0", "type": "fill", "filter": ["all", [">=", "urban_data", 80]]}, {"paint": {"fill-color": "#45829b"}, "source-layer": "layer0", "type": "fill", "filter": ["all", [">=", "urbanl_data", 60], ["<", "urban_data", 80]]}, {"paint": {"fill-color": "#68abb8"}, "source-layer": "layer0", "type": "fill", "filter": ["all", [">=", "urban_data", 40], ["<", "urban_data", 60]]}, {"paint": {"fill-color": "#96d0d1"}, "source-layer": "layer0", "type": "fill", "filter": ["all", [">=", "urban_data", 20], ["<", "urban_data", 40]]}, {"paint": {"fill-color": "#d1eeea"}, "source-layer": "layer0", "type": "fill", "filter": ["all", ["<", "urban_data", 20]]}]}, "account": "wri-rw", "timelineLabel": "2006", "order": 2006, "timeline": true}, "legendConfig": {"type": "choropleth", "items": [{"name": "<20", "color": "#d1eeea", "id": 0}, {"name": "<40", "color": "#96d0d1", "id": 1}, {"name": "<60", "color": "#68abb8", "id": 2}, {"name": "<80", "color": "#45829b", "id": 3}, {"name": "\u2264100", "color": "#2a5674", "id": 4}]}, "interactionConfig": {"output": [{"column": "country_name", "format": null, "prefix": "", "property": "Country", "suffix": ""}, {"column": "year", "format": null, "prefix": "", "property": "Year", "suffix": ""}, {"column": "urban", "format": null, "prefix": "", "property": "Access to Improved Water Source", "suffix": "%"}, {"column": "cartodb_id", "format": null, "prefix": "", "property": "Area ID", "suffix": ""}]}, "applicationConfig": {}, "staticImageConfig": {}, "createdAt": "2019-09-18T19:26:51.752Z", "updatedAt": "2019-12-18T17:39:39.731Z"}}, {"id": "5d332a7d-1237-415a-a778-ae28f2091ef6", "type": "layer", "attributes": {"name": "2007 Access to an Improved Water Source, Urban (%)", "slug": "2007-Access-to-an-Improved-Water-Source-Urban", "dataset": "c29473e4-6606-49c9-a248-df1f2b21c2b5", "description": "Percentage (%) of urban population with access to an improved drinking water source in 2007.", "application": ["rw"], "iso": [], "provider": "cartodb", "userId": "58f63c81bd32c60206ed6b12", "default": false, "protected": false, "published": true, "env": "production", "layerConfig": {"body": {"layers": [{"options": {"cartocss_version": "2.3.0", "cartocss": "#layer {polygon-opacity: 1; line-width: 0.3; line-color: #FFF; line-opacity: 1;}  [urban>=80]{polygon-fill:#2a5674;} [urban>=60][urban<80]{polygon-fill:#45829b;} [urban>=40][urban<60]{polygon-fill:#68abb8;} [urban>=20][urban<40]{polygon-fill:#96d0d1;} [urban<20]{polygon-fill:#d1eeea;}", "sql": "SELECT wri.cartodb_id, ST_Transform(wri.the_geom, 3857) AS the_geom_webmercator, wri.name, data.country_name, data.year, data.urban FROM wat_005a_improved_water_access_edited data LEFT OUTER JOIN wri_countries_a wri ON wri.name ILIKE TRIM(data.country_name) WHERE data.urban IS NOT NULL AND wri.iso_a3 IS NOT NULL  AND data.year = 2007  UNION SELECT wri.cartodb_id, ST_Transform(wri.the_geom, 3857) AS the_geom_webmercator, wri.name, data.country_name, data.year, data.urban FROM wat_005a_improved_water_access_edited data INNER JOIN rw_aliasing_countries aliasing ON TRIM(data.country_name) ILIKE aliasing.alias INNER JOIN wri_countries_a wri ON wri.iso_a3 = aliasing.iso WHERE data.urban IS NOT NULL AND data.year = 2007  "}, "type": "mapnik"}], "minzoom": 3, "maxzoom": 18, "vectorLayers": [{"paint": {"line-width": 0.3, "line-color": " #FFF", "line-opacity": 1}, "source-layer": "layer0", "type": "line", "filter": ["all"]}, {"paint": {"fill-opacity": 1}, "source-layer": "layer0", "type": "fill", "filter": ["all"]}, {"paint": {"fill-color": "#2a5674"}, "source-layer": "layer0", "type": "fill", "filter": ["all", [">=", "urban_data", 80]]}, {"paint": {"fill-color": "#45829b"}, "source-layer": "layer0", "type": "fill", "filter": ["all", [">=", "urbanl_data", 60], ["<", "urban_data", 80]]}, {"paint": {"fill-color": "#68abb8"}, "source-layer": "layer0", "type": "fill", "filter": ["all", [">=", "urban_data", 40], ["<", "urban_data", 60]]}, {"paint": {"fill-color": "#96d0d1"}, "source-layer": "layer0", "type": "fill", "filter": ["all", [">=", "urban_data", 20], ["<", "urban_data", 40]]}, {"paint": {"fill-color": "#d1eeea"}, "source-layer": "layer0", "type": "fill", "filter": ["all", ["<", "urban_data", 20]]}]}, "account": "wri-rw", "timelineLabel": "2007", "order": 2007, "timeline": true}, "legendConfig": {"type": "choropleth", "items": [{"name": "<20", "color": "#d1eeea", "id": 0}, {"name": "<40", "color": "#96d0d1", "id": 1}, {"name": "<60", "color": "#68abb8", "id": 2}, {"name": "<80", "color": "#45829b", "id": 3}, {"name": "\u2264100", "color": "#2a5674", "id": 4}]}, "interactionConfig": {"output": [{"column": "country_name", "format": null, "prefix": "", "property": "Country", "suffix": ""}, {"column": "year", "format": null, "prefix": "", "property": "Year", "suffix": ""}, {"column": "urban", "format": null, "prefix": "", "property": "Access to Improved Water Source", "suffix": "%"}, {"column": "cartodb_id", "format": null, "prefix": "", "property": "Area ID", "suffix": ""}]}, "applicationConfig": {}, "staticImageConfig": {}, "createdAt": "2019-09-18T19:27:09.423Z", "updatedAt": "2019-12-18T17:39:48.261Z"}}, {"id": "8d0b6d85-9119-4cd1-9fc1-13ae54f90fc9", "type": "layer", "attributes": {"name": "2008 Access to an Improved Water Source, Urban (%)", "slug": "2008-Access-to-an-Improved-Water-Source-Urban", "dataset": "c29473e4-6606-49c9-a248-df1f2b21c2b5", "description": "Percentage (%) of urban population with access to an improved drinking water source in 2008.", "application": ["rw"], "iso": [], "provider": "cartodb", "userId": "58f63c81bd32c60206ed6b12", "default": false, "protected": false, "published": true, "env": "production", "layerConfig": {"body": {"layers": [{"options": {"cartocss_version": "2.3.0", "cartocss": "#layer {polygon-opacity: 1; line-width: 0.3; line-color: #FFF; line-opacity: 1;}  [urban>=80]{polygon-fill:#2a5674;} [urban>=60][urban<80]{polygon-fill:#45829b;} [urban>=40][urban<60]{polygon-fill:#68abb8;} [urban>=20][urban<40]{polygon-fill:#96d0d1;} [urban<20]{polygon-fill:#d1eeea;}", "sql": "SELECT wri.cartodb_id, ST_Transform(wri.the_geom, 3857) AS the_geom_webmercator, wri.name, data.country_name, data.year, data.urban FROM wat_005a_improved_water_access_edited data LEFT OUTER JOIN wri_countries_a wri ON wri.name ILIKE TRIM(data.country_name) WHERE data.urban IS NOT NULL AND wri.iso_a3 IS NOT NULL  AND data.year = 2008  UNION SELECT wri.cartodb_id, ST_Transform(wri.the_geom, 3857) AS the_geom_webmercator, wri.name, data.country_name, data.year, data.urban FROM wat_005a_improved_water_access_edited data INNER JOIN rw_aliasing_countries aliasing ON TRIM(data.country_name) ILIKE aliasing.alias INNER JOIN wri_countries_a wri ON wri.iso_a3 = aliasing.iso WHERE data.urban IS NOT NULL AND data.year = 2008  "}, "type": "mapnik"}], "minzoom": 3, "maxzoom": 18, "vectorLayers": [{"paint": {"line-width": 0.3, "line-color": " #FFF", "line-opacity": 1}, "source-layer": "layer0", "type": "line", "filter": ["all"]}, {"paint": {"fill-opacity": 1}, "source-layer": "layer0", "type": "fill", "filter": ["all"]}, {"paint": {"fill-color": "#2a5674"}, "source-layer": "layer0", "type": "fill", "filter": ["all", [">=", "urban_data", 80]]}, {"paint": {"fill-color": "#45829b"}, "source-layer": "layer0", "type": "fill", "filter": ["all", [">=", "urbanl_data", 60], ["<", "urban_data", 80]]}, {"paint": {"fill-color": "#68abb8"}, "source-layer": "layer0", "type": "fill", "filter": ["all", [">=", "urban_data", 40], ["<", "urban_data", 60]]}, {"paint": {"fill-color": "#96d0d1"}, "source-layer": "layer0", "type": "fill", "filter": ["all", [">=", "urban_data", 20], ["<", "urban_data", 40]]}, {"paint": {"fill-color": "#d1eeea"}, "source-layer": "layer0", "type": "fill", "filter": ["all", ["<", "urban_data", 20]]}]}, "account": "wri-rw", "timelineLabel": "2008", "order": 2008, "timeline": true}, "legendConfig": {"type": "choropleth", "items": [{"name": "<20", "color": "#d1eeea", "id": 0}, {"name": "<40", "color": "#96d0d1", "id": 1}, {"name": "<60", "color": "#68abb8", "id": 2}, {"name": "<80", "color": "#45829b", "id": 3}, {"name": "\u2264100", "color": "#2a5674", "id": 4}]}, "interactionConfig": {"output": [{"column": "country_name", "format": null, "prefix": "", "property": "Country", "suffix": ""}, {"column": "year", "format": null, "prefix": "", "property": "Year", "suffix": ""}, {"column": "urban", "format": null, "prefix": "", "property": "Access to Improved Water Source", "suffix": "%"}, {"column": "cartodb_id", "format": null, "prefix": "", "property": "Area ID", "suffix": ""}]}, "applicationConfig": {}, "staticImageConfig": {}, "createdAt": "2019-09-18T19:27:18.409Z", "updatedAt": "2019-12-18T17:39:56.419Z"}}, {"id": "36884712-289d-430d-b33a-f720f8aca99e", "type": "layer", "attributes": {"name": "2009 Access to an Improved Water Source, Urban (%)", "slug": "2009-Access-to-an-Improved-Water-Source-Urban", "dataset": "c29473e4-6606-49c9-a248-df1f2b21c2b5", "description": "Percentage (%) of urban population with access to an improved drinking water source in 2009.", "application": ["rw"], "iso": [], "provider": "cartodb", "userId": "58f63c81bd32c60206ed6b12", "default": false, "protected": false, "published": true, "env": "production", "layerConfig": {"body": {"layers": [{"options": {"cartocss_version": "2.3.0", "cartocss": "#layer {polygon-opacity: 1; line-width: 0.3; line-color: #FFF; line-opacity: 1;}  [urban>=80]{polygon-fill:#2a5674;} [urban>=60][urban<80]{polygon-fill:#45829b;} [urban>=40][urban<60]{polygon-fill:#68abb8;} [urban>=20][urban<40]{polygon-fill:#96d0d1;} [urban<20]{polygon-fill:#d1eeea;}", "sql": "SELECT wri.cartodb_id, ST_Transform(wri.the_geom, 3857) AS the_geom_webmercator, wri.name, data.country_name, data.year, data.urban FROM wat_005a_improved_water_access_edited data LEFT OUTER JOIN wri_countries_a wri ON wri.name ILIKE TRIM(data.country_name) WHERE data.urban IS NOT NULL AND wri.iso_a3 IS NOT NULL  AND data.year = 2009  UNION SELECT wri.cartodb_id, ST_Transform(wri.the_geom, 3857) AS the_geom_webmercator, wri.name, data.country_name, data.year, data.urban FROM wat_005a_improved_water_access_edited data INNER JOIN rw_aliasing_countries aliasing ON TRIM(data.country_name) ILIKE aliasing.alias INNER JOIN wri_countries_a wri ON wri.iso_a3 = aliasing.iso WHERE data.urban IS NOT NULL AND data.year = 2009  "}, "type": "mapnik"}], "minzoom": 3, "maxzoom": 18, "vectorLayers": [{"paint": {"line-width": 0.3, "line-color": " #FFF", "line-opacity": 1}, "source-layer": "layer0", "type": "line", "filter": ["all"]}, {"paint": {"fill-opacity": 1}, "source-layer": "layer0", "type": "fill", "filter": ["all"]}, {"paint": {"fill-color": "#2a5674"}, "source-layer": "layer0", "type": "fill", "filter": ["all", [">=", "urban_data", 80]]}, {"paint": {"fill-color": "#45829b"}, "source-layer": "layer0", "type": "fill", "filter": ["all", [">=", "urbanl_data", 60], ["<", "urban_data", 80]]}, {"paint": {"fill-color": "#68abb8"}, "source-layer": "layer0", "type": "fill", "filter": ["all", [">=", "urban_data", 40], ["<", "urban_data", 60]]}, {"paint": {"fill-color": "#96d0d1"}, "source-layer": "layer0", "type": "fill", "filter": ["all", [">=", "urban_data", 20], ["<", "urban_data", 40]]}, {"paint": {"fill-color": "#d1eeea"}, "source-layer": "layer0", "type": "fill", "filter": ["all", ["<", "urban_data", 20]]}]}, "account": "wri-rw", "timelineLabel": "2009", "order": 2009, "timeline": true}, "legendConfig": {"type": "choropleth", "items": [{"name": "<20", "color": "#d1eeea", "id": 0}, {"name": "<40", "color": "#96d0d1", "id": 1}, {"name": "<60", "color": "#68abb8", "id": 2}, {"name": "<80", "color": "#45829b", "id": 3}, {"name": "\u2264100", "color": "#2a5674", "id": 4}]}, "interactionConfig": {"output": [{"column": "country_name", "format": null, "prefix": "", "property": "Country", "suffix": ""}, {"column": "year", "format": null, "prefix": "", "property": "Year", "suffix": ""}, {"column": "urban", "format": null, "prefix": "", "property": "Access to Improved Water Source", "suffix": "%"}, {"column": "cartodb_id", "format": null, "prefix": "", "property": "Area ID", "suffix": ""}]}, "applicationConfig": {}, "staticImageConfig": {}, "createdAt": "2019-09-18T19:27:24.928Z", "updatedAt": "2019-12-18T17:40:04.346Z"}}, {"id": "1292b9d3-9b0b-414b-aaf9-49c077faae03", "type": "layer", "attributes": {"name": "2010 Access to an Improved Water Source, Urban (%)", "slug": "2010-Access-to-an-Improved-Water-Source-Urban", "dataset": "c29473e4-6606-49c9-a248-df1f2b21c2b5", "description": "Percentage (%) of urban population with access to an improved drinking water source in 2010.", "application": ["rw"], "iso": [], "provider": "cartodb", "userId": "58f63c81bd32c60206ed6b12", "default": false, "protected": false, "published": true, "env": "production", "layerConfig": {"body": {"layers": [{"options": {"cartocss_version": "2.3.0", "cartocss": "#layer {polygon-opacity: 1; line-width: 0.3; line-color: #FFF; line-opacity: 1;}  [urban>=80]{polygon-fill:#2a5674;} [urban>=60][urban<80]{polygon-fill:#45829b;} [urban>=40][urban<60]{polygon-fill:#68abb8;} [urban>=20][urban<40]{polygon-fill:#96d0d1;} [urban<20]{polygon-fill:#d1eeea;}", "sql": "SELECT wri.cartodb_id, ST_Transform(wri.the_geom, 3857) AS the_geom_webmercator, wri.name, data.country_name, data.year, data.urban FROM wat_005a_improved_water_access_edited data LEFT OUTER JOIN wri_countries_a wri ON wri.name ILIKE TRIM(data.country_name) WHERE data.urban IS NOT NULL AND wri.iso_a3 IS NOT NULL  AND data.year = 2010  UNION SELECT wri.cartodb_id, ST_Transform(wri.the_geom, 3857) AS the_geom_webmercator, wri.name, data.country_name, data.year, data.urban FROM wat_005a_improved_water_access_edited data INNER JOIN rw_aliasing_countries aliasing ON TRIM(data.country_name) ILIKE aliasing.alias INNER JOIN wri_countries_a wri ON wri.iso_a3 = aliasing.iso WHERE data.urban IS NOT NULL AND data.year = 2010  "}, "type": "mapnik"}], "minzoom": 3, "maxzoom": 18, "vectorLayers": [{"paint": {"line-width": 0.3, "line-color": " #FFF", "line-opacity": 1}, "source-layer": "layer0", "type": "line", "filter": ["all"]}, {"paint": {"fill-opacity": 1}, "source-layer": "layer0", "type": "fill", "filter": ["all"]}, {"paint": {"fill-color": "#2a5674"}, "source-layer": "layer0", "type": "fill", "filter": ["all", [">=", "urban_data", 80]]}, {"paint": {"fill-color": "#45829b"}, "source-layer": "layer0", "type": "fill", "filter": ["all", [">=", "urbanl_data", 60], ["<", "urban_data", 80]]}, {"paint": {"fill-color": "#68abb8"}, "source-layer": "layer0", "type": "fill", "filter": ["all", [">=", "urban_data", 40], ["<", "urban_data", 60]]}, {"paint": {"fill-color": "#96d0d1"}, "source-layer": "layer0", "type": "fill", "filter": ["all", [">=", "urban_data", 20], ["<", "urban_data", 40]]}, {"paint": {"fill-color": "#d1eeea"}, "source-layer": "layer0", "type": "fill", "filter": ["all", ["<", "urban_data", 20]]}]}, "account": "wri-rw", "timelineLabel": "2010", "order": 2010, "timeline": true}, "legendConfig": {"type": "choropleth", "items": [{"name": "<20", "color": "#d1eeea", "id": 0}, {"name": "<40", "color": "#96d0d1", "id": 1}, {"name": "<60", "color": "#68abb8", "id": 2}, {"name": "<80", "color": "#45829b", "id": 3}, {"name": "\u2264100", "color": "#2a5674", "id": 4}]}, "interactionConfig": {"output": [{"column": "country_name", "format": null, "prefix": "", "property": "Country", "suffix": ""}, {"column": "year", "format": null, "prefix": "", "property": "Year", "suffix": ""}, {"column": "urban", "format": null, "prefix": "", "property": "Access to Improved Water Source", "suffix": "%"}, {"column": "cartodb_id", "format": null, "prefix": "", "property": "Area ID", "suffix": ""}]}, "applicationConfig": {}, "staticImageConfig": {}, "createdAt": "2019-09-18T19:27:31.542Z", "updatedAt": "2019-12-18T17:40:13.650Z"}}, {"id": "818ecc9e-0364-483c-9443-b122be481b0f", "type": "layer", "attributes": {"name": "2011 Access to an Improved Water Source, Urban (%)", "slug": "2011-Access-to-an-Improved-Water-Source-Urban", "dataset": "c29473e4-6606-49c9-a248-df1f2b21c2b5", "description": "Percentage (%) of urban population with access to an improved drinking water source in 2011.", "application": ["rw"], "iso": [], "provider": "cartodb", "userId": "58f63c81bd32c60206ed6b12", "default": false, "protected": false, "published": true, "env": "production", "layerConfig": {"body": {"layers": [{"options": {"cartocss_version": "2.3.0", "cartocss": "#layer {polygon-opacity: 1; line-width: 0.3; line-color: #FFF; line-opacity: 1;}  [urban>=80]{polygon-fill:#2a5674;} [urban>=60][urban<80]{polygon-fill:#45829b;} [urban>=40][urban<60]{polygon-fill:#68abb8;} [urban>=20][urban<40]{polygon-fill:#96d0d1;} [urban<20]{polygon-fill:#d1eeea;}", "sql": "SELECT wri.cartodb_id, ST_Transform(wri.the_geom, 3857) AS the_geom_webmercator, wri.name, data.country_name, data.year, data.urban FROM wat_005a_improved_water_access_edited data LEFT OUTER JOIN wri_countries_a wri ON wri.name ILIKE TRIM(data.country_name) WHERE data.urban IS NOT NULL AND wri.iso_a3 IS NOT NULL  AND data.year = 2011  UNION SELECT wri.cartodb_id, ST_Transform(wri.the_geom, 3857) AS the_geom_webmercator, wri.name, data.country_name, data.year, data.urban FROM wat_005a_improved_water_access_edited data INNER JOIN rw_aliasing_countries aliasing ON TRIM(data.country_name) ILIKE aliasing.alias INNER JOIN wri_countries_a wri ON wri.iso_a3 = aliasing.iso WHERE data.urban IS NOT NULL AND data.year = 2011  "}, "type": "mapnik"}], "minzoom": 3, "maxzoom": 18, "vectorLayers": [{"paint": {"line-width": 0.3, "line-color": " #FFF", "line-opacity": 1}, "source-layer": "layer0", "type": "line", "filter": ["all"]}, {"paint": {"fill-opacity": 1}, "source-layer": "layer0", "type": "fill", "filter": ["all"]}, {"paint": {"fill-color": "#2a5674"}, "source-layer": "layer0", "type": "fill", "filter": ["all", [">=", "urban_data", 80]]}, {"paint": {"fill-color": "#45829b"}, "source-layer": "layer0", "type": "fill", "filter": ["all", [">=", "urbanl_data", 60], ["<", "urban_data", 80]]}, {"paint": {"fill-color": "#68abb8"}, "source-layer": "layer0", "type": "fill", "filter": ["all", [">=", "urban_data", 40], ["<", "urban_data", 60]]}, {"paint": {"fill-color": "#96d0d1"}, "source-layer": "layer0", "type": "fill", "filter": ["all", [">=", "urban_data", 20], ["<", "urban_data", 40]]}, {"paint": {"fill-color": "#d1eeea"}, "source-layer": "layer0", "type": "fill", "filter": ["all", ["<", "urban_data", 20]]}]}, "account": "wri-rw", "timelineLabel": "2011", "order": 2011, "timeline": true}, "legendConfig": {"type": "choropleth", "items": [{"name": "<20", "color": "#d1eeea", "id": 0}, {"name": "<40", "color": "#96d0d1", "id": 1}, {"name": "<60", "color": "#68abb8", "id": 2}, {"name": "<80", "color": "#45829b", "id": 3}, {"name": "\u2264100", "color": "#2a5674", "id": 4}]}, "interactionConfig": {"output": [{"column": "country_name", "format": null, "prefix": "", "property": "Country", "suffix": ""}, {"column": "year", "format": null, "prefix": "", "property": "Year", "suffix": ""}, {"column": "urban", "format": null, "prefix": "", "property": "Access to Improved Water Source", "suffix": "%"}, {"column": "cartodb_id", "format": null, "prefix": "", "property": "Area ID", "suffix": ""}]}, "applicationConfig": {}, "staticImageConfig": {}, "createdAt": "2019-09-18T19:27:38.496Z", "updatedAt": "2019-12-18T17:40:21.546Z"}}, {"id": "880def80-0643-4f4f-8f07-157eb71cef5e", "type": "layer", "attributes": {"name": "2012 Access to an Improved Water Source, Urban (%)", "slug": "2012-Access-to-an-Improved-Water-Source-Urban", "dataset": "c29473e4-6606-49c9-a248-df1f2b21c2b5", "description": "Percentage (%) of urban population with access to an improved drinking water source in 2012.", "application": ["rw"], "iso": [], "provider": "cartodb", "userId": "58f63c81bd32c60206ed6b12", "default": false, "protected": false, "published": true, "env": "production", "layerConfig": {"body": {"layers": [{"options": {"cartocss_version": "2.3.0", "cartocss": "#layer {polygon-opacity: 1; line-width: 0.3; line-color: #FFF; line-opacity: 1;}  [urban>=80]{polygon-fill:#2a5674;} [urban>=60][urban<80]{polygon-fill:#45829b;} [urban>=40][urban<60]{polygon-fill:#68abb8;} [urban>=20][urban<40]{polygon-fill:#96d0d1;} [urban<20]{polygon-fill:#d1eeea;}", "sql": "SELECT wri.cartodb_id, ST_Transform(wri.the_geom, 3857) AS the_geom_webmercator, wri.name, data.country_name, data.year, data.urban FROM wat_005a_improved_water_access_edited data LEFT OUTER JOIN wri_countries_a wri ON wri.name ILIKE TRIM(data.country_name) WHERE data.urban IS NOT NULL AND wri.iso_a3 IS NOT NULL  AND data.year = 2012  UNION SELECT wri.cartodb_id, ST_Transform(wri.the_geom, 3857) AS the_geom_webmercator, wri.name, data.country_name, data.year, data.urban FROM wat_005a_improved_water_access_edited data INNER JOIN rw_aliasing_countries aliasing ON TRIM(data.country_name) ILIKE aliasing.alias INNER JOIN wri_countries_a wri ON wri.iso_a3 = aliasing.iso WHERE data.urban IS NOT NULL AND data.year = 2012  "}, "type": "mapnik"}], "minzoom": 3, "maxzoom": 18, "vectorLayers": [{"paint": {"line-width": 0.3, "line-color": " #FFF", "line-opacity": 1}, "source-layer": "layer0", "type": "line", "filter": ["all"]}, {"paint": {"fill-opacity": 1}, "source-layer": "layer0", "type": "fill", "filter": ["all"]}, {"paint": {"fill-color": "#2a5674"}, "source-layer": "layer0", "type": "fill", "filter": ["all", [">=", "urban_data", 80]]}, {"paint": {"fill-color": "#45829b"}, "source-layer": "layer0", "type": "fill", "filter": ["all", [">=", "urbanl_data", 60], ["<", "urban_data", 80]]}, {"paint": {"fill-color": "#68abb8"}, "source-layer": "layer0", "type": "fill", "filter": ["all", [">=", "urban_data", 40], ["<", "urban_data", 60]]}, {"paint": {"fill-color": "#96d0d1"}, "source-layer": "layer0", "type": "fill", "filter": ["all", [">=", "urban_data", 20], ["<", "urban_data", 40]]}, {"paint": {"fill-color": "#d1eeea"}, "source-layer": "layer0", "type": "fill", "filter": ["all", ["<", "urban_data", 20]]}]}, "account": "wri-rw", "timelineLabel": "2012", "order": 2012, "timeline": true}, "legendConfig": {"type": "choropleth", "items": [{"name": "<20", "color": "#d1eeea", "id": 0}, {"name": "<40", "color": "#96d0d1", "id": 1}, {"name": "<60", "color": "#68abb8", "id": 2}, {"name": "<80", "color": "#45829b", "id": 3}, {"name": "\u2264100", "color": "#2a5674", "id": 4}]}, "interactionConfig": {"output": [{"column": "country_name", "format": null, "prefix": "", "property": "Country", "suffix": ""}, {"column": "year", "format": null, "prefix": "", "property": "Year", "suffix": ""}, {"column": "urban", "format": null, "prefix": "", "property": "Access to Improved Water Source", "suffix": "%"}, {"column": "cartodb_id", "format": null, "prefix": "", "property": "Area ID", "suffix": ""}]}, "applicationConfig": {}, "staticImageConfig": {}, "createdAt": "2019-09-18T19:27:59.826Z", "updatedAt": "2019-12-18T17:40:28.063Z"}}, {"id": "e9610b81-5d5d-4659-8303-b4de2246c20c", "type": "layer", "attributes": {"name": "2013 Access to an Improved Water Source, Urban (%)", "slug": "2013-Access-to-an-Improved-Water-Source-Urban", "dataset": "c29473e4-6606-49c9-a248-df1f2b21c2b5", "description": "Percentage (%) of urban population with access to an improved drinking water source in 2013.", "application": ["rw"], "iso": [], "provider": "cartodb", "userId": "58f63c81bd32c60206ed6b12", "default": false, "protected": false, "published": true, "env": "production", "layerConfig": {"body": {"layers": [{"options": {"cartocss_version": "2.3.0", "cartocss": "#layer {polygon-opacity: 1; line-width: 0.3; line-color: #FFF; line-opacity: 1;}  [urban>=80]{polygon-fill:#2a5674;} [urban>=60][urban<80]{polygon-fill:#45829b;} [urban>=40][urban<60]{polygon-fill:#68abb8;} [urban>=20][urban<40]{polygon-fill:#96d0d1;} [urban<20]{polygon-fill:#d1eeea;}", "sql": "SELECT wri.cartodb_id, ST_Transform(wri.the_geom, 3857) AS the_geom_webmercator, wri.name, data.country_name, data.year, data.urban FROM wat_005a_improved_water_access_edited data LEFT OUTER JOIN wri_countries_a wri ON wri.name ILIKE TRIM(data.country_name) WHERE data.urban IS NOT NULL AND wri.iso_a3 IS NOT NULL  AND data.year = 2013  UNION SELECT wri.cartodb_id, ST_Transform(wri.the_geom, 3857) AS the_geom_webmercator, wri.name, data.country_name, data.year, data.urban FROM wat_005a_improved_water_access_edited data INNER JOIN rw_aliasing_countries aliasing ON TRIM(data.country_name) ILIKE aliasing.alias INNER JOIN wri_countries_a wri ON wri.iso_a3 = aliasing.iso WHERE data.urban IS NOT NULL AND data.year = 2013  "}, "type": "mapnik"}], "minzoom": 3, "maxzoom": 18, "vectorLayers": [{"paint": {"line-width": 0.3, "line-color": " #FFF", "line-opacity": 1}, "source-layer": "layer0", "type": "line", "filter": ["all"]}, {"paint": {"fill-opacity": 1}, "source-layer": "layer0", "type": "fill", "filter": ["all"]}, {"paint": {"fill-color": "#2a5674"}, "source-layer": "layer0", "type": "fill", "filter": ["all", [">=", "urban_data", 80]]}, {"paint": {"fill-color": "#45829b"}, "source-layer": "layer0", "type": "fill", "filter": ["all", [">=", "urbanl_data", 60], ["<", "urban_data", 80]]}, {"paint": {"fill-color": "#68abb8"}, "source-layer": "layer0", "type": "fill", "filter": ["all", [">=", "urban_data", 40], ["<", "urban_data", 60]]}, {"paint": {"fill-color": "#96d0d1"}, "source-layer": "layer0", "type": "fill", "filter": ["all", [">=", "urban_data", 20], ["<", "urban_data", 40]]}, {"paint": {"fill-color": "#d1eeea"}, "source-layer": "layer0", "type": "fill", "filter": ["all", ["<", "urban_data", 20]]}]}, "account": "wri-rw", "timelineLabel": "2013", "order": 2013, "timeline": true}, "legendConfig": {"type": "choropleth", "items": [{"name": "<20", "color": "#d1eeea", "id": 0}, {"name": "<40", "color": "#96d0d1", "id": 1}, {"name": "<60", "color": "#68abb8", "id": 2}, {"name": "<80", "color": "#45829b", "id": 3}, {"name": "\u2264100", "color": "#2a5674", "id": 4}]}, "interactionConfig": {"output": [{"column": "country_name", "format": null, "prefix": "", "property": "Country", "suffix": ""}, {"column": "year", "format": null, "prefix": "", "property": "Year", "suffix": ""}, {"column": "urban", "format": null, "prefix": "", "property": "Access to Improved Water Source", "suffix": "%"}, {"column": "cartodb_id", "format": null, "prefix": "", "property": "Area ID", "suffix": ""}]}, "applicationConfig": {}, "staticImageConfig": {}, "createdAt": "2019-09-18T19:28:13.433Z", "updatedAt": "2019-12-18T17:40:36.378Z"}}, {"id": "29d18636-193d-436a-9fb8-febbf6458537", "type": "layer", "attributes": {"name": "2014 Access to an Improved Water Source, Urban (%)", "slug": "2014-Access-to-an-Improved-Water-Source-Urban", "dataset": "c29473e4-6606-49c9-a248-df1f2b21c2b5", "description": "Percentage (%) of urban population with access to an improved drinking water source in 2014.", "application": ["rw"], "iso": [], "provider": "cartodb", "userId": "58f63c81bd32c60206ed6b12", "default": false, "protected": false, "published": true, "env": "production", "layerConfig": {"body": {"layers": [{"options": {"cartocss_version": "2.3.0", "cartocss": "#layer {polygon-opacity: 1; line-width: 0.3; line-color: #FFF; line-opacity: 1;}  [urban>=80]{polygon-fill:#2a5674;} [urban>=60][urban<80]{polygon-fill:#45829b;} [urban>=40][urban<60]{polygon-fill:#68abb8;} [urban>=20][urban<40]{polygon-fill:#96d0d1;} [urban<20]{polygon-fill:#d1eeea;}", "sql": "SELECT wri.cartodb_id, ST_Transform(wri.the_geom, 3857) AS the_geom_webmercator, wri.name, data.country_name, data.year, data.urban FROM wat_005a_improved_water_access_edited data LEFT OUTER JOIN wri_countries_a wri ON wri.name ILIKE TRIM(data.country_name) WHERE data.urban IS NOT NULL AND wri.iso_a3 IS NOT NULL  AND data.year = 2014  UNION SELECT wri.cartodb_id, ST_Transform(wri.the_geom, 3857) AS the_geom_webmercator, wri.name, data.country_name, data.year, data.urban FROM wat_005a_improved_water_access_edited data INNER JOIN rw_aliasing_countries aliasing ON TRIM(data.country_name) ILIKE aliasing.alias INNER JOIN wri_countries_a wri ON wri.iso_a3 = aliasing.iso WHERE data.urban IS NOT NULL AND data.year = 2014  "}, "type": "mapnik"}], "minzoom": 3, "maxzoom": 18, "vectorLayers": [{"paint": {"line-width": 0.3, "line-color": " #FFF", "line-opacity": 1}, "source-layer": "layer0", "type": "line", "filter": ["all"]}, {"paint": {"fill-opacity": 1}, "source-layer": "layer0", "type": "fill", "filter": ["all"]}, {"paint": {"fill-color": "#2a5674"}, "source-layer": "layer0", "type": "fill", "filter": ["all", [">=", "urban_data", 80]]}, {"paint": {"fill-color": "#45829b"}, "source-layer": "layer0", "type": "fill", "filter": ["all", [">=", "urbanl_data", 60], ["<", "urban_data", 80]]}, {"paint": {"fill-color": "#68abb8"}, "source-layer": "layer0", "type": "fill", "filter": ["all", [">=", "urban_data", 40], ["<", "urban_data", 60]]}, {"paint": {"fill-color": "#96d0d1"}, "source-layer": "layer0", "type": "fill", "filter": ["all", [">=", "urban_data", 20], ["<", "urban_data", 40]]}, {"paint": {"fill-color": "#d1eeea"}, "source-layer": "layer0", "type": "fill", "filter": ["all", ["<", "urban_data", 20]]}]}, "account": "wri-rw", "timelineLabel": "2014", "order": 2014, "timeline": true}, "legendConfig": {"type": "choropleth", "items": [{"name": "<20", "color": "#d1eeea", "id": 0}, {"name": "<40", "color": "#96d0d1", "id": 1}, {"name": "<60", "color": "#68abb8", "id": 2}, {"name": "<80", "color": "#45829b", "id": 3}, {"name": "\u2264100", "color": "#2a5674", "id": 4}]}, "interactionConfig": {"output": [{"column": "country_name", "format": null, "prefix": "", "property": "Country", "suffix": ""}, {"column": "year", "format": null, "prefix": "", "property": "Year", "suffix": ""}, {"column": "urban", "format": null, "prefix": "", "property": "Access to Improved Water Source", "suffix": "%"}, {"column": "cartodb_id", "format": null, "prefix": "", "property": "Area ID", "suffix": ""}]}, "applicationConfig": {}, "staticImageConfig": {}, "createdAt": "2019-09-18T19:28:21.654Z", "updatedAt": "2019-12-18T17:40:43.187Z"}}, {"id": "9562321e-6acd-4a4f-8185-9ea48e4bb8c6", "type": "layer", "attributes": {"name": "2015 Access to an Improved Water Source, Urban (%)", "slug": "2015-Access-to-an-Improved-Water-Source-Urban", "dataset": "c29473e4-6606-49c9-a248-df1f2b21c2b5", "description": "Percentage (%) of urban population with access to an improved drinking water source in 2015.", "application": ["rw"], "iso": [], "provider": "cartodb", "userId": "58f63c81bd32c60206ed6b12", "default": false, "protected": false, "published": true, "env": "production", "layerConfig": {"body": {"layers": [{"options": {"cartocss_version": "2.3.0", "cartocss": "#layer {polygon-opacity: 1; line-width: 0.3; line-color: #FFF; line-opacity: 1;}  [urban>=80]{polygon-fill:#2a5674;} [urban>=60][urban<80]{polygon-fill:#45829b;} [urban>=40][urban<60]{polygon-fill:#68abb8;} [urban>=20][urban<40]{polygon-fill:#96d0d1;} [urban<20]{polygon-fill:#d1eeea;}", "sql": "SELECT wri.cartodb_id, ST_Transform(wri.the_geom, 3857) AS the_geom_webmercator, wri.name, data.country_name, data.year, data.urban FROM wat_005a_improved_water_access_edited data LEFT OUTER JOIN wri_countries_a wri ON wri.name ILIKE TRIM(data.country_name) WHERE data.urban IS NOT NULL AND wri.iso_a3 IS NOT NULL  AND data.year = 2015  UNION SELECT wri.cartodb_id, ST_Transform(wri.the_geom, 3857) AS the_geom_webmercator, wri.name, data.country_name, data.year, data.urban FROM wat_005a_improved_water_access_edited data INNER JOIN rw_aliasing_countries aliasing ON TRIM(data.country_name) ILIKE aliasing.alias INNER JOIN wri_countries_a wri ON wri.iso_a3 = aliasing.iso WHERE data.urban IS NOT NULL AND data.year = 2015  "}, "type": "mapnik"}], "minzoom": 3, "maxzoom": 18, "vectorLayers": [{"paint": {"line-width": 0.3, "line-color": " #FFF", "line-opacity": 1}, "source-layer": "layer0", "type": "line", "filter": ["all"]}, {"paint": {"fill-opacity": 1}, "source-layer": "layer0", "type": "fill", "filter": ["all"]}, {"paint": {"fill-color": "#2a5674"}, "source-layer": "layer0", "type": "fill", "filter": ["all", [">=", "urban_data", 80]]}, {"paint": {"fill-color": "#45829b"}, "source-layer": "layer0", "type": "fill", "filter": ["all", [">=", "urbanl_data", 60], ["<", "urban_data", 80]]}, {"paint": {"fill-color": "#68abb8"}, "source-layer": "layer0", "type": "fill", "filter": ["all", [">=", "urban_data", 40], ["<", "urban_data", 60]]}, {"paint": {"fill-color": "#96d0d1"}, "source-layer": "layer0", "type": "fill", "filter": ["all", [">=", "urban_data", 20], ["<", "urban_data", 40]]}, {"paint": {"fill-color": "#d1eeea"}, "source-layer": "layer0", "type": "fill", "filter": ["all", ["<", "urban_data", 20]]}]}, "account": "wri-rw", "timelineLabel": "2015", "order": 2015, "timeline": true}, "legendConfig": {"type": "choropleth", "items": [{"name": "<20", "color": "#d1eeea", "id": 0}, {"name": "<40", "color": "#96d0d1", "id": 1}, {"name": "<60", "color": "#68abb8", "id": 2}, {"name": "<80", "color": "#45829b", "id": 3}, {"name": "\u2264100", "color": "#2a5674", "id": 4}]}, "interactionConfig": {"output": [{"column": "country_name", "format": null, "prefix": "", "property": "Country", "suffix": ""}, {"column": "year", "format": null, "prefix": "", "property": "Year", "suffix": ""}, {"column": "urban", "format": null, "prefix": "", "property": "Access to Improved Water Source", "suffix": "%"}, {"column": "cartodb_id", "format": null, "prefix": "", "property": "Area ID", "suffix": ""}]}, "applicationConfig": {}, "staticImageConfig": {}, "createdAt": "2019-09-18T19:28:34.709Z", "updatedAt": "2019-12-18T17:40:51.960Z"}}, {"id": "01d6983c-b1a2-4c8c-bf2d-abf32551b7fa", "type": "layer", "attributes": {"name": "2016 Access to an Improved Water Source, Urban (%)", "slug": "2016-Access-to-an-Improved-Water-Source-Urban", "dataset": "c29473e4-6606-49c9-a248-df1f2b21c2b5", "description": "Percentage (%) of urban population with access to an improved drinking water source in 2016.", "application": ["rw"], "iso": [], "provider": "cartodb", "userId": "58f63c81bd32c60206ed6b12", "default": false, "protected": false, "published": true, "env": "production", "layerConfig": {"body": {"layers": [{"options": {"cartocss_version": "2.3.0", "cartocss": "#layer {polygon-opacity: 1; line-width: 0.3; line-color: #FFF; line-opacity: 1;}  [urban>=80]{polygon-fill:#2a5674;} [urban>=60][urban<80]{polygon-fill:#45829b;} [urban>=40][urban<60]{polygon-fill:#68abb8;} [urban>=20][urban<40]{polygon-fill:#96d0d1;} [urban<20]{polygon-fill:#d1eeea;}", "sql": "SELECT wri.cartodb_id, ST_Transform(wri.the_geom, 3857) AS the_geom_webmercator, wri.name, data.country_name, data.year, data.urban FROM wat_005a_improved_water_access_edited data LEFT OUTER JOIN wri_countries_a wri ON wri.name ILIKE TRIM(data.country_name) WHERE data.urban IS NOT NULL AND wri.iso_a3 IS NOT NULL  AND data.year = 2016  UNION SELECT wri.cartodb_id, ST_Transform(wri.the_geom, 3857) AS the_geom_webmercator, wri.name, data.country_name, data.year, data.urban FROM wat_005a_improved_water_access_edited data INNER JOIN rw_aliasing_countries aliasing ON TRIM(data.country_name) ILIKE aliasing.alias INNER JOIN wri_countries_a wri ON wri.iso_a3 = aliasing.iso WHERE data.urban IS NOT NULL AND data.year = 2016  "}, "type": "mapnik"}], "minzoom": 3, "maxzoom": 18, "vectorLayers": [{"paint": {"line-width": 0.3, "line-color": " #FFF", "line-opacity": 1}, "source-layer": "layer0", "type": "line", "filter": ["all"]}, {"paint": {"fill-opacity": 1}, "source-layer": "layer0", "type": "fill", "filter": ["all"]}, {"paint": {"fill-color": "#2a5674"}, "source-layer": "layer0", "type": "fill", "filter": ["all", [">=", "urban_data", 80]]}, {"paint": {"fill-color": "#45829b"}, "source-layer": "layer0", "type": "fill", "filter": ["all", [">=", "urbanl_data", 60], ["<", "urban_data", 80]]}, {"paint": {"fill-color": "#68abb8"}, "source-layer": "layer0", "type": "fill", "filter": ["all", [">=", "urban_data", 40], ["<", "urban_data", 60]]}, {"paint": {"fill-color": "#96d0d1"}, "source-layer": "layer0", "type": "fill", "filter": ["all", [">=", "urban_data", 20], ["<", "urban_data", 40]]}, {"paint": {"fill-color": "#d1eeea"}, "source-layer": "layer0", "type": "fill", "filter": ["all", ["<", "urban_data", 20]]}]}, "account": "wri-rw", "timelineLabel": "2016", "order": 2016, "timeline": true}, "legendConfig": {"type": "choropleth", "items": [{"name": "<20", "color": "#d1eeea", "id": 0}, {"name": "<40", "color": "#96d0d1", "id": 1}, {"name": "<60", "color": "#68abb8", "id": 2}, {"name": "<80", "color": "#45829b", "id": 3}, {"name": "\u2264100", "color": "#2a5674", "id": 4}]}, "interactionConfig": {"output": [{"column": "country_name", "format": null, "prefix": "", "property": "Country", "suffix": ""}, {"column": "year", "format": null, "prefix": "", "property": "Year", "suffix": ""}, {"column": "urban", "format": null, "prefix": "", "property": "Access to Improved Water Source", "suffix": "%"}, {"column": "cartodb_id", "format": null, "prefix": "", "property": "Area ID", "suffix": ""}]}, "applicationConfig": {}, "staticImageConfig": {}, "createdAt": "2019-10-16T18:55:27.183Z", "updatedAt": "2019-12-18T17:40:59.422Z"}}, {"id": "340f1b7b-e31c-4f91-b4b8-4f9b6abaaa88", "type": "layer", "attributes": {"name": "2017 Access to an Improved Water Source, Urban (%)", "slug": "2017-Access-to-an-Improved-Water-Source-Urban", "dataset": "c29473e4-6606-49c9-a248-df1f2b21c2b5", "description": "Percentage (%) of urban population with access to an improved drinking water source in 2017.", "application": ["rw"], "iso": [], "provider": "cartodb", "userId": "58f63c81bd32c60206ed6b12", "default": true, "protected": false, "published": true, "env": "production", "layerConfig": {"body": {"layers": [{"options": {"cartocss_version": "2.3.0", "cartocss": "#layer {polygon-opacity: 1; line-width: 0.3; line-color: #FFF; line-opacity: 1;}  [urban>=80]{polygon-fill:#2a5674;} [urban>=60][urban<80]{polygon-fill:#45829b;} [urban>=40][urban<60]{polygon-fill:#68abb8;} [urban>=20][urban<40]{polygon-fill:#96d0d1;} [urban<20]{polygon-fill:#d1eeea;}", "sql": "SELECT wri.cartodb_id, ST_Transform(wri.the_geom, 3857) AS the_geom_webmercator, wri.name, data.country_name, data.year, data.urban FROM wat_005a_improved_water_access_edited data LEFT OUTER JOIN wri_countries_a wri ON wri.name ILIKE TRIM(data.country_name) WHERE data.urban IS NOT NULL AND wri.iso_a3 IS NOT NULL  AND data.year = 2017  UNION SELECT wri.cartodb_id, ST_Transform(wri.the_geom, 3857) AS the_geom_webmercator, wri.name, data.country_name, data.year, data.urban FROM wat_005a_improved_water_access_edited data INNER JOIN rw_aliasing_countries aliasing ON TRIM(data.country_name) ILIKE aliasing.alias INNER JOIN wri_countries_a wri ON wri.iso_a3 = aliasing.iso WHERE data.urban IS NOT NULL AND data.year = 2017  "}, "type": "mapnik"}], "minzoom": 3, "maxzoom": 18, "vectorLayers": [{"paint": {"line-width": 0.3, "line-color": " #FFF", "line-opacity": 1}, "source-layer": "layer0", "type": "line", "filter": ["all"]}, {"paint": {"fill-opacity": 1}, "source-layer": "layer0", "type": "fill", "filter": ["all"]}, {"paint": {"fill-color": "#2a5674"}, "source-layer": "layer0", "type": "fill", "filter": ["all", [">=", "urban_data", 80]]}, {"paint": {"fill-color": "#45829b"}, "source-layer": "layer0", "type": "fill", "filter": ["all", [">=", "urbanl_data", 60], ["<", "urban_data", 80]]}, {"paint": {"fill-color": "#68abb8"}, "source-layer": "layer0", "type": "fill", "filter": ["all", [">=", "urban_data", 40], ["<", "urban_data", 60]]}, {"paint": {"fill-color": "#96d0d1"}, "source-layer": "layer0", "type": "fill", "filter": ["all", [">=", "urban_data", 20], ["<", "urban_data", 40]]}, {"paint": {"fill-color": "#d1eeea"}, "source-layer": "layer0", "type": "fill", "filter": ["all", ["<", "urban_data", 20]]}]}, "account": "wri-rw", "timelineLabel": "2017", "order": 2017, "timeline": true}, "legendConfig": {"type": "choropleth", "items": [{"name": "<20", "color": "#d1eeea", "id": 0}, {"name": "<40", "color": "#96d0d1", "id": 1}, {"name": "<60", "color": "#68abb8", "id": 2}, {"name": "<80", "color": "#45829b", "id": 3}, {"name": "\u2264100", "color": "#2a5674", "id": 4}]}, "interactionConfig": {"output": [{"column": "country_name", "format": null, "prefix": "", "property": "Country", "suffix": ""}, {"column": "year", "format": null, "prefix": "", "property": "Year", "suffix": ""}, {"column": "urban", "format": null, "prefix": "", "property": "Access to Improved Water Source", "suffix": "%"}, {"column": "cartodb_id", "format": null, "prefix": "", "property": "Area ID", "suffix": ""}]}, "applicationConfig": {}, "staticImageConfig": {}, "createdAt": "2019-10-16T18:55:44.134Z", "updatedAt": "2019-12-18T17:41:07.520Z"}}], "vocabulary": [{"type": "vocabulary", "attributes": {"resource": {"id": "c29473e4-6606-49c9-a248-df1f2b21c2b5", "type": "dataset"}, "tags": ["geospatial", "global", "historical", "table", "SDG_6_Clean_Water_and_Sanitation", "water", "clean_water", "annual", "health", "SDG_3_Good_Health_and_Well-being", "development", "sustainable_development"], "name": "knowledge_graph", "application": "rw"}}], "widgetRelevantProps": ["cartodb_id", "year", "urban", "country_name"], "layerRelevantProps": ["cartodb_id", "year", "urban", "country_name"]}}