{"id": "c2accfb4-5504-4d9b-96bb-8e1321bd6e2c", "type": "dataset", "server": "https://api.resourcewatch.org", "attributes": {"name": "soc.031 Population Density (Grid, 1 km)_replacement", "slug": "soc031-Population-Density-Grid-1-km_replacement", "type": "raster", "subtitle": null, "application": ["rw"], "dataPath": null, "attributesPath": null, "connectorType": "rest", "provider": "gee", "userId": "5ba001878e311b7e3718740f", "connectorUrl": "", "sources": [], "tableName": "users/resourcewatch/soc_031_UNadjust_population_density", "status": "saved", "published": true, "overwrite": false, "verified": false, "blockchain": {}, "subscribable": {}, "mainDateField": null, "env": "production", "applicationConfig": {"rw": {"layerOrder": ["2a9e91e0-22ee-470d-a309-69f4838af435", "a04b528a-99e0-4e67-93e7-fb57cb8dcebf", "6c81cdc8-1634-41c5-9ba5-fe18f59fac30", "396b74f7-643d-4299-8ff6-4780b27138cc", "393fe0ef-7ff3-4a60-bd28-2b80325c8538"]}}, "geoInfo": true, "protected": false, "legend": {"date": [], "region": [], "country": [], "nested": [], "integer": [], "short": [], "byte": [], "double": [], "float": [], "half_float": [], "scaled_float": [], "boolean": [], "binary": [], "text": [], "keyword": []}, "clonedHost": {}, "errorMessage": "", "taskId": null, "createdAt": "2019-10-23T16:28:46.267Z", "updatedAt": "2019-10-29T13:23:38.304Z", "dataLastUpdated": null, "metadata": [{"id": "5db07fd13fcbe90013afd323", "type": "metadata", "attributes": {"dataset": "c2accfb4-5504-4d9b-96bb-8e1321bd6e2c", "application": "rw", "resource": {"id": "c2accfb4-5504-4d9b-96bb-8e1321bd6e2c", "type": "dataset"}, "language": "en", "name": "Population Density (Grid, 1 km)", "description": "The Gridded Population of the World, Version 4 (GPW v4), Population Density Adjusted to Match 2015 Revision of UN WPP Country Totals, produced by SEDAC, consists of estimates of human population density, based on counts consistent with national censuses and population registers with respect to relative spatial distribution but adjusted to match the 2015 revision of UN World Population Prospects country totals for the years 2000, 2005, 2010, 2015, and 2020. A proportional allocation gridding algorithm, utilizing approximately 12.5 million national and subnational administrative units, is used to assign population values to 30 arc-second (~1 km) grid cells. The population density grids are derived by dividing the population count grids by the land area grids. The pixel values represent people per km2. Resource Watch shows only a subset of the data set. For access to the full data set and additional information, see the Learn More link.", "source": "CIESIN", "info": {"rwId": "soc.031", "data_type": "Raster", "name": "Population Density (Grid, 1 km)", "sources": [{"source-name": "Center for International Earth Science Information Network (CIESIN)", "id": 0, "source-description": ""}], "technical_title": "Gridded Populations of the World, UN-Adjusted Population Density, v4", "functions": "The Gridded Population of the World, Version 4 (GPW v4), Population Density data set provides estimates of population density for the years 2000, 2005, 2010, 2015, and 2020, based on counts consistent with national censuses and population registers with respect to relative spatial distribution, but adjusted to match UN country totals", "cautions": "SEDAC has also produced gridded data quality indicators to provide additional information about the quality of input population data and to provide context for the population count and density grids. This provides information on where data are of poor quality or missing.", "citation": "Center for International Earth Science Information Network (CIESIN), Columbia University. 2016. \"Gridded Population of the World (GPW), v4: UN-Adjusted Population Density, v4 (2000, 2005, 2010, 2015, 2020).\" Palisades, NY: SEDAC. Retrieved from http://dx.doi.org/10.7927/H4HX19NJ. Accessed through Resource Watch, (date). [www.resourcewatch.org](www.resourcewatch.org).", "license": "Creative Commons Attribution 4.0 International", "license_link": "https://creativecommons.org/licenses/by/4.0/", "geographic_coverage": "Global", "spatial_resolution": "1 km", "date_of_content": "2000, 2005, 2010, 2015, 2020", "frequency_of_updates": "5 years", "learn_more_link": "http://sedac.ciesin.columbia.edu/data/set/gpw-v4-population-density-adjusted-to-2015-unwpp-country-totals", "data_download_link": null, "data_download_original_link": "http://beta.sedac.ciesin.columbia.edu/data/set/gpw-v4-population-density-adjusted-to-2015-unwpp-country-totals/data-download"}, "createdAt": "2019-10-23T16:29:05.441Z", "updatedAt": "2020-02-04T19:46:38.374Z", "status": "published"}}], "widget": [{"id": "6f0a4084-5dcf-4630-b3f6-313f2e8199a8", "type": "widget", "attributes": {"name": "2015 World Population Density (people/km\u00b2)", "dataset": "c2accfb4-5504-4d9b-96bb-8e1321bd6e2c", "slug": "2015-World-Population-Density-peoplekm_2", "userId": "5ba001878e311b7e3718740f", "description": "", "application": ["rw"], "verified": false, "default": false, "protected": false, "defaultEditableWidget": true, "published": true, "freeze": false, "env": "production", "widgetConfig": {"type": "map", "layer_id": "69242f3e-86f5-4d4c-8b14-5058c5023547", "zoom": 3, "lat": 0, "lng": 0, "bbox": [-32.51953125000001, -49.49667452747044, 32.51953125000001, 49.49667452747045], "basemapLayers": {"basemap": "dark", "labels": null, "boundaries": false}, "paramsConfig": {"visualizationType": "map", "limit": 500, "value": null, "category": null, "color": null, "size": null, "orderBy": null, "aggregateFunction": null, "chartType": null, "filters": [], "areaIntersection": null, "band": null, "layer": "69242f3e-86f5-4d4c-8b14-5058c5023547"}, "config": {"range": {"dotSize": [20, 250], "category20": ["#3BB2D0", "#2C75B0", "#FAB72E", "#EF4848", "#65B60D", "#C32D7B", "#F577B9", "#5FD2B8", "#F1800F", "#9F1C00", "#A5E9E3", "#B9D765", "#393F44", "#CACCD0", "#717171"], "ordinal": {"scheme": "greens"}, "ramp": {"scheme": "purples"}}, "axis": {"labelFontSize": 13, "labelFont": "Lato", "labelColor": "#717171", "labelPadding": 10, "ticks": true, "tickSize": 8, "tickColor": "#A9ABAD", "tickOpacity": 0.5, "tickExtra": false}, "axisX": {"bandPosition": 0.5, "domainWidth": 1.2, "domainColor": "#A9ABAD", "labelAlign": "center", "labelBaseline": "top"}, "axisY": {"domain": false, "labelAlign": "left", "labelBaseline": "bottom", "tickOpacity": 0.5, "grid": true, "ticks": false, "gridColor": "#A9ABAD", "gridOpacity": 0.5}, "mark": {"fill": "#3BB2D0"}, "symbol": {"fill": "#3BB2D0", "stroke": "#fff"}, "rect": {"fill": "#3BB2D0"}, "line": {"interpolate": "linear", "stroke": "#3BB2D0", "fillOpacity": 0}}}, "template": false, "createdAt": "2019-10-23T16:29:03.722Z", "updatedAt": "2019-10-23T19:43:52.062Z"}}, {"id": "c235c4e7-099e-4b0f-a8d8-727e72dd6be2", "type": "widget", "attributes": {"name": "2020 World Population Density (people/km\u00b2)", "dataset": "c2accfb4-5504-4d9b-96bb-8e1321bd6e2c", "slug": "2020-World-Population-Density-peoplekm_2", "userId": "5ba001878e311b7e3718740f", "description": "Atlantic Ocean view", "application": ["rw"], "verified": false, "default": false, "protected": false, "defaultEditableWidget": false, "published": false, "freeze": false, "env": "production", "widgetConfig": {"type": "map", "layer_id": "969fe99d-b861-46a1-8c8e-7c44cbafd1d6", "zoom": 2, "lat": 21.616579336740603, "lng": 371.42578125000006, "bbox": [229.57031250000003, -67.33986082559096, 513.2812500000001, 79.4323707591471], "basemapLayers": {"basemap": "dark", "labels": null, "boundaries": false}, "paramsConfig": {"visualizationType": "map", "limit": 500, "value": null, "category": null, "color": null, "size": null, "orderBy": null, "aggregateFunction": null, "chartType": null, "filters": [], "areaIntersection": null, "band": null, "layer": "969fe99d-b861-46a1-8c8e-7c44cbafd1d6"}, "config": {"range": {"dotSize": [20, 250], "category20": ["#3BB2D0", "#2C75B0", "#FAB72E", "#EF4848", "#65B60D", "#C32D7B", "#F577B9", "#5FD2B8", "#F1800F", "#9F1C00", "#A5E9E3", "#B9D765", "#393F44", "#CACCD0", "#717171"], "ordinal": {"scheme": "greens"}, "ramp": {"scheme": "purples"}}, "axis": {"labelFontSize": 13, "labelFont": "Lato", "labelColor": "#717171", "labelPadding": 10, "ticks": true, "tickSize": 8, "tickColor": "#A9ABAD", "tickOpacity": 0.5, "tickExtra": false}, "axisX": {"bandPosition": 0.5, "domainWidth": 1.2, "domainColor": "#A9ABAD", "labelAlign": "center", "labelBaseline": "top"}, "axisY": {"domain": false, "labelAlign": "left", "labelBaseline": "bottom", "tickOpacity": 0.5, "grid": true, "ticks": false, "gridColor": "#A9ABAD", "gridOpacity": 0.5}, "mark": {"fill": "#3BB2D0"}, "symbol": {"fill": "#3BB2D0", "stroke": "#fff"}, "rect": {"fill": "#3BB2D0"}, "line": {"interpolate": "linear", "stroke": "#3BB2D0", "fillOpacity": 0}}}, "template": false, "createdAt": "2019-10-23T16:29:03.896Z", "updatedAt": "2019-10-23T19:44:13.485Z"}}, {"id": "065a2a78-3b2a-493f-a063-09c8af4a5cd0", "type": "widget", "attributes": {"name": "2020 World Population Density (people/km\u00b2)", "dataset": "c2accfb4-5504-4d9b-96bb-8e1321bd6e2c", "slug": "2020-World-Population-Density-peoplekm_3", "userId": "5ba001878e311b7e3718740f", "description": "Atlantic Ocean view", "application": ["rw"], "verified": false, "default": false, "protected": false, "defaultEditableWidget": false, "published": false, "thumbnailUrl": "http://wri-api-backups.s3.amazonaws.com/resourcewatch/prod/thumbnails/065a2a78-3b2a-493f-a063-09c8af4a5cd0-1571848144136.png", "freeze": false, "env": "production", "widgetConfig": {"type": "map", "layer_id": "969fe99d-b861-46a1-8c8e-7c44cbafd1d6", "zoom": 2, "lat": 21.616579336740603, "lng": 371.42578125000006, "bbox": [229.57031250000003, -67.33986082559096, 513.2812500000001, 79.4323707591471], "basemapLayers": {"basemap": "dark", "labels": null, "boundaries": false}, "paramsConfig": {"visualizationType": "map", "limit": 500, "value": null, "category": null, "color": null, "size": null, "orderBy": null, "aggregateFunction": null, "chartType": null, "filters": [], "areaIntersection": null, "band": null, "layer": "969fe99d-b861-46a1-8c8e-7c44cbafd1d6"}, "config": {"range": {"dotSize": [20, 250], "category20": ["#3BB2D0", "#2C75B0", "#FAB72E", "#EF4848", "#65B60D", "#C32D7B", "#F577B9", "#5FD2B8", "#F1800F", "#9F1C00", "#A5E9E3", "#B9D765", "#393F44", "#CACCD0", "#717171"], "ordinal": {"scheme": "greens"}, "ramp": {"scheme": "purples"}}, "axis": {"labelFontSize": 13, "labelFont": "Lato", "labelColor": "#717171", "labelPadding": 10, "ticks": true, "tickSize": 8, "tickColor": "#A9ABAD", "tickOpacity": 0.5, "tickExtra": false}, "axisX": {"bandPosition": 0.5, "domainWidth": 1.2, "domainColor": "#A9ABAD", "labelAlign": "center", "labelBaseline": "top"}, "axisY": {"domain": false, "labelAlign": "left", "labelBaseline": "bottom", "tickOpacity": 0.5, "grid": true, "ticks": false, "gridColor": "#A9ABAD", "gridOpacity": 0.5}, "mark": {"fill": "#3BB2D0"}, "symbol": {"fill": "#3BB2D0", "stroke": "#fff"}, "rect": {"fill": "#3BB2D0"}, "line": {"interpolate": "linear", "stroke": "#3BB2D0", "fillOpacity": 0}}}, "template": false, "createdAt": "2019-10-23T16:29:04.070Z", "updatedAt": "2019-10-23T19:44:10.228Z"}}, {"id": "ea518665-8251-4566-8cac-ee365d62778e", "type": "widget", "attributes": {"name": "Population", "dataset": "c2accfb4-5504-4d9b-96bb-8e1321bd6e2c", "slug": "Population_1", "userId": "5ba001878e311b7e3718740f", "description": "Population 1 km test", "application": ["rw"], "verified": false, "default": false, "protected": false, "defaultEditableWidget": false, "published": false, "freeze": false, "env": "production", "widgetConfig": {"type": "map", "layer_id": "969fe99d-b861-46a1-8c8e-7c44cbafd1d6", "zoom": 2, "lat": 0, "lng": 0, "bbox": [-65.03906250000001, -74.49641311694309, 65.03906250000001, 74.4964131169431], "basemapLayers": {"basemap": "dark", "labels": null, "boundaries": false}, "paramsConfig": {"visualizationType": "map", "limit": 50, "value": null, "category": null, "color": null, "size": null, "orderBy": null, "aggregateFunction": null, "chartType": null, "filters": [], "areaIntersection": null, "band": null, "layer": "969fe99d-b861-46a1-8c8e-7c44cbafd1d6"}, "config": {"range": {"dotSize": [20, 250], "category20": ["#3BB2D0", "#2C75B0", "#FAB72E", "#EF4848", "#65B60D", "#C32D7B", "#F577B9", "#5FD2B8", "#F1800F", "#9F1C00", "#A5E9E3", "#B9D765", "#393F44", "#CACCD0", "#717171"], "ordinal": {"scheme": "greens"}, "ramp": {"scheme": "purples"}}, "axis": {"labelFontSize": 13, "labelFont": "Lato", "labelColor": "#717171", "labelPadding": 10, "ticks": true, "tickSize": 8, "tickColor": "#A9ABAD", "tickOpacity": 0.5, "tickExtra": false}, "axisX": {"bandPosition": 0.5, "domainWidth": 1.2, "domainColor": "#A9ABAD", "labelAlign": "center", "labelBaseline": "top"}, "axisY": {"domain": false, "labelAlign": "left", "labelBaseline": "bottom", "tickOpacity": 0.5, "grid": true, "ticks": false, "gridColor": "#A9ABAD", "gridOpacity": 0.5}, "mark": {"fill": "#3BB2D0"}, "symbol": {"fill": "#3BB2D0", "stroke": "#fff"}, "rect": {"fill": "#3BB2D0"}, "line": {"interpolate": "linear", "stroke": "#3BB2D0", "fillOpacity": 0}}}, "template": false, "createdAt": "2019-10-23T16:29:04.286Z", "updatedAt": "2019-10-23T19:44:16.432Z"}}, {"id": "db005d2c-d092-404a-8227-ef6c021febfc", "type": "widget", "attributes": {"name": "2000-2020 Population Density", "dataset": "c2accfb4-5504-4d9b-96bb-8e1321bd6e2c", "slug": "2000-2020-Population-Density", "userId": "5ba001878e311b7e3718740f", "description": "", "application": ["rw"], "verified": false, "default": false, "protected": false, "defaultEditableWidget": false, "published": false, "freeze": false, "env": "production", "widgetConfig": {"url": "/embed/data/explore?zoom=6&lat=13.514082263109257&lng=-3.3196735382080083&basemap=dark&labels=light&boundaries=true&layers=%255B%257B%2522dataset%2522%253A%252263a7a997-695d-4629-b6e9-9b169f5c69bf%2522%252C%2522opacity%2522%253A1%252C%2522layer%2522%253A%252277ba0a3b-3940-4525-90ad-f1c729bc8673%2522%257D%252C%257B%2522dataset%2522%253A%2522141ef6ab-eed9-4081-8066-7be364a48af0%2522%252C%2522opacity%2522%253A1%252C%2522layer%2522%253A%252269242f3e-86f5-4d4c-8b14-5058c5023547%2522%257D%255D&page=1&sort=most-viewed&sortDirection=-1&topics=%255B%2522river%2522%255D", "type": "embed"}, "template": false, "createdAt": "2019-10-23T16:29:04.450Z", "updatedAt": "2019-10-23T19:44:07.634Z"}}], "layer": [{"id": "2a9e91e0-22ee-470d-a309-69f4838af435", "type": "layer", "attributes": {"name": "2000 Population Density (people/km\u00b2)", "slug": "2000-Population-Density-peoplekm_5", "dataset": "c2accfb4-5504-4d9b-96bb-8e1321bd6e2c", "description": "Estimates of population density for the year 2000 based on counts consistent with national censuses and population registers with respect to relative spatial distribution, but adjusted to match UN country totals.", "application": ["rw"], "iso": [], "provider": "gee", "userId": "5ba001878e311b7e3718740f", "default": false, "protected": false, "published": true, "env": "production", "layerConfig": {"timelineLabel": "2000", "order": 2000, "timeline": true, "body": {"sldValue": "<RasterSymbolizer>  <ChannelSelection>   <GrayChannel>   <SourceChannelName>1</SourceChannelName>        </GrayChannel>        </ChannelSelection>    <ColorMap  type=\"ramp\" extended=\"false\" >   '<ColorMapEntry color=\"#000003\" quantity=\"0.1\" opacity=\"1\"/>' +  '<ColorMapEntry color=\"#32095D\" quantity=\"25\" />' +  '<ColorMapEntry color=\"#781C6D\" quantity=\"100\"  />' +  '<ColorMapEntry color=\"#BA3655\" quantity=\"1000\" />' + '<ColorMapEntry color=\"#ED6825\" quantity=\"5000\"  />' +   '<ColorMapEntry color=\"#FBB318\" quantity=\"10000\"  />' +   '<ColorMapEntry color=\"#FCFEA4\" quantity=\"1055039.125\"  />' +  </ColorMap></RasterSymbolizer>", "styleType": "sld"}, "assetId": "users/resourcewatch/soc_031_UNadjust_population_density", "type": "gee"}, "legendConfig": {"type": "choropleth", "items": [{"name": "\u226425", "color": "#32095D", "id": 0}, {"name": "\u2264100", "color": "#781C6D", "id": 1}, {"name": "\u22641k", "color": "#BA3655", "id": 2}, {"name": "\u22645k", "color": "#ED6825", "id": 3}, {"name": "\u226410k", "color": "#FBB318", "id": 4}, {"name": ">10k", "color": "#FCFEA4", "id": 5}]}, "interactionConfig": {"type": "intersection", "config": {"url": "https://api.resourcewatch.org/v1/query/141ef6ab-eed9-4081-8066-7be364a48af0?sql=select st_summarystats(rast, 'b1', false) as x from 'users/resourcewatch/soc_031_UNadjust_population_density' where ST_INTERSECTS(ST_SetSRID(ST_GeomFromGeoJSON('{\"type\":\"Point\",\"coordinates\":[{{lng}},{{lat}}]}'),4326),the_geom)"}, "output": [{"column": "x.b1.mean", "property": "2000 Estimated Population Density", "type": "number", "format": "0.00", "suffix": " people/km\u00b2 grid cell"}]}, "applicationConfig": {}, "staticImageConfig": {}, "createdAt": "2019-10-23T16:28:47.144Z", "updatedAt": "2019-10-23T16:28:47.144Z"}}, {"id": "a04b528a-99e0-4e67-93e7-fb57cb8dcebf", "type": "layer", "attributes": {"name": "2005 Population Density (people/km\u00b2)", "slug": "2005-Population-Density-peoplekm_3", "dataset": "c2accfb4-5504-4d9b-96bb-8e1321bd6e2c", "description": "Estimates of population density for the year 2005 based on counts consistent with national censuses and population registers with respect to relative spatial distribution, but adjusted to match UN country totals.", "application": ["rw"], "iso": [], "provider": "gee", "userId": "5ba001878e311b7e3718740f", "default": false, "protected": false, "published": true, "env": "production", "layerConfig": {"timelineLabel": "2005", "order": 2005, "timeline": true, "type": "gee", "assetId": "users/resourcewatch/soc_031_UNadjust_population_density", "body": {"styleType": "sld", "sldValue": "<RasterSymbolizer>  <ChannelSelection>   <GrayChannel>   <SourceChannelName>2</SourceChannelName>        </GrayChannel>        </ChannelSelection>    <ColorMap  type=\"ramp\" extended=\"false\" >   '<ColorMapEntry color=\"#000003\" quantity=\"0.8\" opacity=\"1\"/>' +  '<ColorMapEntry color=\"#32095D\" quantity=\"25\" />' +  '<ColorMapEntry color=\"#781C6D\" quantity=\"100\"  />' +  '<ColorMapEntry color=\"#BA3655\" quantity=\"1000\" />' + '<ColorMapEntry color=\"#ED6825\" quantity=\"5000\"  />' +   '<ColorMapEntry color=\"#FBB318\" quantity=\"10000\"  />' +   '<ColorMapEntry color=\"#FCFEA4\" quantity=\"1154295.25\"  />' +  </ColorMap></RasterSymbolizer>"}}, "legendConfig": {"items": [{"color": "#32095D", "name": "\u226425", "id": 0}, {"color": "#781C6D", "name": "\u2264100", "id": 1}, {"color": "#BA3655", "name": "\u22641k", "id": 2}, {"color": "#ED6825", "name": "\u22645k", "id": 3}, {"color": "#FBB318", "name": "\u226410k", "id": 4}, {"color": "#FCFEA4", "name": ">10k", "id": 5}], "type": "choropleth"}, "interactionConfig": {"type": "intersection", "config": {"url": "https://api.resourcewatch.org/v1/query/141ef6ab-eed9-4081-8066-7be364a48af0?sql=select st_summarystats(rast, 'b2', false) as x from 'users/resourcewatch/soc_031_UNadjust_population_density' where ST_INTERSECTS(ST_SetSRID(ST_GeomFromGeoJSON('{\"type\":\"Point\",\"coordinates\":[{{lng}},{{lat}}]}'),4326),the_geom)"}, "output": [{"column": "x.b2.mean", "property": "2005 Estimated Population Density", "type": "number", "format": "0.00", "suffix": " people/km\u00b2 grid cell"}]}, "applicationConfig": {}, "staticImageConfig": {}, "createdAt": "2019-10-23T16:28:49.960Z", "updatedAt": "2019-10-23T16:28:49.960Z"}}, {"id": "6c81cdc8-1634-41c5-9ba5-fe18f59fac30", "type": "layer", "attributes": {"name": "2010 Population Density (people/km\u00b2)", "slug": "2010-Population-Density-peoplekm_4", "dataset": "c2accfb4-5504-4d9b-96bb-8e1321bd6e2c", "description": "Estimates of population density for the year 2010 based on counts consistent with national censuses and population registers with respect to relative spatial distribution, but adjusted to match UN country totals.", "application": ["rw"], "iso": [], "provider": "gee", "userId": "5ba001878e311b7e3718740f", "default": false, "protected": false, "published": true, "env": "production", "layerConfig": {"timelineLabel": "2010", "order": 2010, "timeline": true, "type": "gee", "assetId": "users/resourcewatch/soc_031_UNadjust_population_density", "body": {"styleType": "sld", "sldValue": "<RasterSymbolizer>  <ChannelSelection>   <GrayChannel>   <SourceChannelName>3</SourceChannelName>        </GrayChannel>        </ChannelSelection>    <ColorMap  type=\"ramp\" extended=\"false\" >   '<ColorMapEntry color=\"#000003\" quantity=\"0.8\" opacity=\"1\"/>' +  '<ColorMapEntry color=\"#32095D\" quantity=\"25\" />' +  '<ColorMapEntry color=\"#781C6D\" quantity=\"100\"  />' +  '<ColorMapEntry color=\"#BA3655\" quantity=\"1000\" />' + '<ColorMapEntry color=\"#ED6825\" quantity=\"5000\"  />' +   '<ColorMapEntry color=\"#FBB318\" quantity=\"10000\"  />' +   '<ColorMapEntry color=\"#FCFEA4\" quantity=\"1257537.125\"  />' +  </ColorMap></RasterSymbolizer>"}}, "legendConfig": {"items": [{"color": "#32095D", "name": "\u226425", "id": 0}, {"color": "#781C6D", "name": "\u2264100", "id": 1}, {"color": "#BA3655", "name": "\u22641k", "id": 2}, {"color": "#ED6825", "name": "\u22645k", "id": 3}, {"color": "#FBB318", "name": "\u226410k", "id": 4}, {"color": "#FCFEA4", "name": ">10k", "id": 5}], "type": "choropleth"}, "interactionConfig": {"type": "intersection", "config": {"url": "https://api.resourcewatch.org/v1/query/141ef6ab-eed9-4081-8066-7be364a48af0?sql=select st_summarystats(rast, 'b3', false) as x from 'users/resourcewatch/soc_031_UNadjust_population_density' where ST_INTERSECTS(ST_SetSRID(ST_GeomFromGeoJSON('{\"type\":\"Point\",\"coordinates\":[{{lng}},{{lat}}]}'),4326),the_geom)"}, "output": [{"column": "x.b3.mean", "property": "2010 Estimated Population Density", "type": "number", "format": "0.00", "suffix": " people/km\u00b2 grid cell"}]}, "applicationConfig": {}, "staticImageConfig": {}, "createdAt": "2019-10-23T16:28:52.884Z", "updatedAt": "2019-10-23T16:28:52.884Z"}}, {"id": "396b74f7-643d-4299-8ff6-4780b27138cc", "type": "layer", "attributes": {"name": "2015 Population Density (people/km\u00b2)", "slug": "2015-Population-Density-peoplekm_5", "dataset": "c2accfb4-5504-4d9b-96bb-8e1321bd6e2c", "description": "Estimates of population density for the year 2015 based on counts consistent with national censuses and population registers with respect to relative spatial distribution, but adjusted to match UN country totals.", "application": ["rw"], "iso": [], "provider": "gee", "userId": "5ba001878e311b7e3718740f", "default": false, "protected": false, "published": true, "env": "production", "layerConfig": {"timelineLabel": "2015", "order": 2015, "timeline": true, "type": "gee", "assetId": "users/resourcewatch/soc_031_UNadjust_population_density", "body": {"styleType": "sld", "sldValue": "<RasterSymbolizer>  <ChannelSelection>   <GrayChannel>   <SourceChannelName>4</SourceChannelName>        </GrayChannel>        </ChannelSelection>    <ColorMap  type=\"ramp\" extended=\"false\" >   '<ColorMapEntry color=\"#000003\" quantity=\"0.8\" opacity=\"1\"/>' +  '<ColorMapEntry color=\"#32095D\" quantity=\"25\" />' +  '<ColorMapEntry color=\"#781C6D\" quantity=\"100\"  />' +  '<ColorMapEntry color=\"#BA3655\" quantity=\"1000\" />' + '<ColorMapEntry color=\"#ED6825\" quantity=\"5000\"  />' +   '<ColorMapEntry color=\"#FBB318\" quantity=\"10000\"  />' +   '<ColorMapEntry color=\"#FCFEA4\" quantity=\"1364087.875\"  />' +  </ColorMap></RasterSymbolizer>"}}, "legendConfig": {"items": [{"color": "#32095D", "name": "\u226425", "id": 0}, {"color": "#781C6D", "name": "\u2264100", "id": 1}, {"color": "#BA3655", "name": "\u22641k", "id": 2}, {"color": "#ED6825", "name": "\u22645k", "id": 3}, {"color": "#FBB318", "name": "\u226410k", "id": 4}, {"color": "#FCFEA4", "name": ">10k", "id": 5}], "type": "choropleth"}, "interactionConfig": {"type": "intersection", "config": {"url": "https://api.resourcewatch.org/v1/query/141ef6ab-eed9-4081-8066-7be364a48af0?sql=select st_summarystats(rast, 'b4', false) as x from 'users/resourcewatch/soc_031_UNadjust_population_density' where ST_INTERSECTS(ST_SetSRID(ST_GeomFromGeoJSON('{\"type\":\"Point\",\"coordinates\":[{{lng}},{{lat}}]}'),4326),the_geom)"}, "output": [{"column": "x.b4.mean", "property": "2015 Estimated Population Density", "type": "number", "format": "0.00", "suffix": " people/km\u00b2 grid cell"}]}, "applicationConfig": {}, "staticImageConfig": {}, "createdAt": "2019-10-23T16:28:56.516Z", "updatedAt": "2019-10-23T16:28:56.516Z"}}, {"id": "393fe0ef-7ff3-4a60-bd28-2b80325c8538", "type": "layer", "attributes": {"name": "2020 Population Density (people/km\u00b2)", "slug": "2020-Population-Density-peoplekm_3", "dataset": "c2accfb4-5504-4d9b-96bb-8e1321bd6e2c", "description": "Estimates of population density for the year 2020 based on counts consistent with national censuses and population registers with respect to relative spatial distribution, but adjusted to match UN country totals.", "application": ["rw"], "iso": [], "provider": "gee", "userId": "5ba001878e311b7e3718740f", "default": true, "protected": false, "published": true, "env": "production", "layerConfig": {"timelineLabel": "2020", "order": 2020, "timeline": true, "type": "gee", "assetId": "users/resourcewatch/soc_031_UNadjust_population_density", "body": {"styleType": "sld", "sldValue": "<RasterSymbolizer>  <ChannelSelection>   <GrayChannel>   <SourceChannelName>5</SourceChannelName>        </GrayChannel>        </ChannelSelection>    <ColorMap  type=\"ramp\" extended=\"false\" >   '<ColorMapEntry color=\"#000003\" quantity=\"0.8\" opacity=\"1\"/>' +  '<ColorMapEntry color=\"#32095D\" quantity=\"25\" />' +  '<ColorMapEntry color=\"#781C6D\" quantity=\"100\"  />' +  '<ColorMapEntry color=\"#BA3655\" quantity=\"1000\" />' + '<ColorMapEntry color=\"#ED6825\" quantity=\"5000\"  />' +   '<ColorMapEntry color=\"#FBB318\" quantity=\"10000\"  />' +   '<ColorMapEntry color=\"#FCFEA4\" quantity=\"3836669.5\"  />' +  </ColorMap></RasterSymbolizer>"}}, "legendConfig": {"items": [{"color": "#32095D", "name": "\u226425", "id": 0}, {"color": "#781C6D", "name": "\u2264100", "id": 1}, {"color": "#BA3655", "name": "\u22641k", "id": 2}, {"color": "#ED6825", "name": "\u22645k", "id": 3}, {"color": "#FBB318", "name": "\u226410k", "id": 4}, {"color": "#FCFEA4", "name": ">10k", "id": 5}], "type": "choropleth"}, "interactionConfig": {"type": "intersection", "config": {"url": "https://api.resourcewatch.org/v1/query/141ef6ab-eed9-4081-8066-7be364a48af0?sql=select st_summarystats(rast, 'b5', false) as x from 'users/resourcewatch/soc_031_UNadjust_population_density' where ST_INTERSECTS(ST_SetSRID(ST_GeomFromGeoJSON('{\"type\":\"Point\",\"coordinates\":[{{lng}},{{lat}}]}'),4326),the_geom)"}, "output": [{"column": "x.b5.mean", "property": "2020 Estimated Population Density", "type": "number", "format": "0.00", "suffix": " people/km\u00b2 grid cell"}]}, "applicationConfig": {}, "staticImageConfig": {}, "createdAt": "2019-10-23T16:28:59.887Z", "updatedAt": "2019-10-23T19:44:48.086Z"}}], "vocabulary": [{"type": "vocabulary", "attributes": {"resource": {"id": "c2accfb4-5504-4d9b-96bb-8e1321bd6e2c", "type": "dataset"}, "tags": ["global", "society", "population", "historical", "future", "raster", "geospatial"], "name": "knowledge_graph", "application": "rw"}}], "widgetRelevantProps": [], "layerRelevantProps": []}}