{"id": "c55f7cde-5625-4ccd-837a-5521b5136afd", "type": "dataset", "server": "https://api.resourcewatch.org", "attributes": {"name": "wat.008  Annual Surface Water  Extent_replacement", "slug": "wat008-Annual-Surface-Water-Extent_replacement", "type": "raster", "subtitle": null, "application": ["rw"], "dataPath": null, "attributesPath": null, "connectorType": "rest", "provider": "gee", "userId": "5ba001878e311b7e3718740f", "connectorUrl": "", "sources": [], "tableName": "JRC/GSW1_0/YearlyHistory/31", "status": "saved", "published": false, "overwrite": false, "verified": false, "blockchain": {}, "subscribable": {}, "mainDateField": null, "env": "production", "applicationConfig": {"rw": {"layerOrder": ["c1acd655-d5e0-4891-b11b-e2b87f549340", "5a7bdd4e-4316-4fcf-b889-5f26b4dbd128", "cfa9e64c-3030-48fe-88f7-b8a040fce390", "d4f98031-8522-44d5-bbf9-2e492748eb2c", "fc0c0759-a11d-4944-bfb1-0bb30c2e11f6", "cc56b0bf-78e4-4d9a-81f3-65461158ce2a", "798f34c4-094e-4d53-a443-46b75a60dcf8", "7d7ebc86-5664-4403-91f0-a720dcadc0a5", "ea9742b9-322d-46ee-811d-db0512ea481b", "f7465d0b-6fd4-42d7-96b0-b9898deb694d"]}}, "geoInfo": true, "protected": false, "legend": {"date": [], "region": [], "country": [], "nested": [], "integer": [], "short": [], "byte": [], "double": [], "float": [], "half_float": [], "scaled_float": [], "boolean": [], "binary": [], "text": [], "keyword": []}, "clonedHost": {}, "errorMessage": "", "taskId": null, "createdAt": "2019-10-23T16:01:21.513Z", "updatedAt": "2019-12-16T21:12:45.107Z", "dataLastUpdated": null, "metadata": [{"id": "5db079605ab711001278d1cb", "type": "metadata", "attributes": {"dataset": "c55f7cde-5625-4ccd-837a-5521b5136afd", "application": "rw", "resource": {"id": "c55f7cde-5625-4ccd-837a-5521b5136afd", "type": "dataset"}, "language": "en", "name": "[Archived] Annual Surface Water Extent", "description": "_**This dataset has been archived, and we will no longer be updating or maintaining it. We recommend using [this dataset](287518d1-8c48-4cbc-a6b6-8ff8bbb97ed2) as a replacement.**_\n  \nThe Annual Surface Water Extent data set contains maps of the location and temporal distribution of surface water from 1984 to 2015 and provides statistics on the extent and change of those water surfaces. For more information, see the associated journal article, \u201cHigh-Resolution Mapping of Global Surface Water and Its Long-Term Changes (Nature, 2016) and the online Data Users Guide. These data were generated using 3,066,102 scenes from Landsat 5, 7, and 8 acquired between March 16, 1984, and October 10, 2015. Each pixel was individually classified into water/nonwater using an expert system, and the results were collated into a monthly history for the entire time period and 2 epochs (1984-1999 and 2000-2015) for change detection. The Yearly Seasonality Classification collection contains a year-by-year classification of the seasonality of water based on the occurrence values detected throughout the year. Resource Watch shows only a subset of the data set. For access to the full data set and additional information, see the Learn More link.", "source": "EC JRC/Google", "info": {"rwId": "wat.008 [Archived]", "data_type": "Raster", "name": "[Archived] Annual Surface Water Extent", "sources": [{"source-name": "European Commission Joint Research Centre (EC JRC)", "id": 0, "source-description": ""}, {"source-name": "Google", "id": 1, "source-description": ""}], "technical_title": "JRC Yearly Water Classification History v1.0 (1984-2015)", "functions": "Annual location and temporal distribution of surface water from 1984 to 2015", "cautions": "Any bodies of water smaller than 30 m resolution are not recognized. Similarly, bodies of water obscured by vegetation or built infrastructure are not recognized. Gaps in the image archives due to cloud cover or sensor failure can lead to instances of surface water being missed. Not all regions of the world are represented from the beginning of this data set in 1984. For example, parts of Siberia and Kolyma were not included in the image record until 1999 and 1995, respectively. The data were checked for errors of omission (not labeling a pixel as water when it was) and for errors of commission (labeling a pixel as water when it was not), and some of these errors were corrected. Some errors remain, partly due to errors of commission stemming from needing improved urban area and infrastructural information to help train the decision algorithms not to confuse built areas for water. A failure of Landsat 7's scan line corrector (SLC) caused the loss of about 22% of each scene, resulting in fragmented images. This occasionally led to potentially confusing results, which can be identified as sections of the water occurrence maps having a \"slatted appearance.\"", "citation": "Pekel, Jean-Fran\u00e7ois, Andrew Cottam, Noel Gorelick, and Alan S. Belward. 2016. \"High-Resolution Mapping of Global Surface Water and Its Long-Term Changes.\" Nature 540: 418-422. doi:10.1038/nature20584. Accessed through Resource Watch, (date). [www.resourcewatch.org](www.resourcewatch.org).", "license": "Source open licence", "license_link": "https://global-surface-water.appspot.com/download", "geographic_coverage": "78N-60S", "spatial_resolution": "30 m", "date_of_content": "1984-2015", "frequency_of_updates": "Varies", "learn_more_link": "https://global-surface-water.appspot.com", "data_download_link": null, "data_download_original_link": "https://global-surface-water.appspot.com/download"}, "createdAt": "2019-10-23T16:01:36.856Z", "updatedAt": "2020-02-04T19:46:53.954Z", "status": "published"}}], "widget": [{"id": "674c04f9-d758-43cc-9029-01645a8baee0", "type": "widget", "attributes": {"name": "2015 Surface Water Extent", "dataset": "c55f7cde-5625-4ccd-837a-5521b5136afd", "slug": "2015Surface-Water-Extent_1", "userId": "5ba001878e311b7e3718740f", "description": "", "application": ["rw"], "verified": false, "default": false, "protected": false, "defaultEditableWidget": true, "published": true, "freeze": false, "env": "production", "widgetConfig": {"type": "map", "layer_id": "f66acc52-455b-44d9-ad48-d10a301a0f4f", "zoom": 3, "lat": 0, "lng": 0, "bbox": [-32.51953125000001, -49.49667452747044, 32.51953125000001, 49.49667452747045], "basemapLayers": {"basemap": "dark", "labels": null, "boundaries": false}, "paramsConfig": {"visualizationType": "map", "limit": 500, "value": null, "category": null, "color": null, "size": null, "orderBy": null, "aggregateFunction": null, "chartType": null, "filters": [], "areaIntersection": null, "band": null, "layer": "f66acc52-455b-44d9-ad48-d10a301a0f4f"}, "config": {"range": {"dotSize": [20, 250], "category20": ["#3BB2D0", "#2C75B0", "#FAB72E", "#EF4848", "#65B60D", "#C32D7B", "#F577B9", "#5FD2B8", "#F1800F", "#9F1C00", "#A5E9E3", "#B9D765", "#393F44", "#CACCD0", "#717171"], "ordinal": {"scheme": "greens"}, "ramp": {"scheme": "purples"}}, "axis": {"labelFontSize": 13, "labelFont": "Lato", "labelColor": "#717171", "labelPadding": 10, "ticks": true, "tickSize": 8, "tickColor": "#A9ABAD", "tickOpacity": 0.5, "tickExtra": false}, "axisX": {"bandPosition": 0.5, "domainWidth": 1.2, "domainColor": "#A9ABAD", "labelAlign": "center", "labelBaseline": "top"}, "axisY": {"domain": false, "labelAlign": "left", "labelBaseline": "bottom", "tickOpacity": 0.5, "grid": true, "ticks": false, "gridColor": "#A9ABAD", "gridOpacity": 0.5}, "mark": {"fill": "#3BB2D0"}, "symbol": {"fill": "#3BB2D0", "stroke": "#fff"}, "rect": {"fill": "#3BB2D0"}, "line": {"interpolate": "linear", "stroke": "#3BB2D0", "fillOpacity": 0}}}, "template": false, "createdAt": "2019-10-23T16:01:36.002Z", "updatedAt": "2019-10-23T18:17:49.012Z"}}, {"id": "9af9922e-bc8d-4d7c-afdc-6f66404eb254", "type": "widget", "attributes": {"name": "2015 Surface Water Extent", "dataset": "c55f7cde-5625-4ccd-837a-5521b5136afd", "slug": "2015-Surface-Water-Extent_1", "userId": "5ba001878e311b7e3718740f", "application": ["rw"], "verified": false, "default": false, "protected": false, "defaultEditableWidget": false, "published": false, "freeze": false, "env": "production", "widgetConfig": {"type": "map", "layer_id": "f66acc52-455b-44d9-ad48-d10a301a0f4f", "zoom": 3, "lat": 0, "lng": 0, "bbox": [-32.51953125000001, -49.49667452747044, 32.51953125000001, 49.49667452747045], "basemapLayers": {"basemap": "dark", "labels": null, "boundaries": false}, "paramsConfig": {"visualizationType": "map", "limit": 500, "value": null, "category": null, "color": null, "size": null, "orderBy": null, "aggregateFunction": null, "chartType": null, "filters": [], "areaIntersection": null, "band": null, "layer": "f66acc52-455b-44d9-ad48-d10a301a0f4f"}, "config": {"range": {"dotSize": [20, 250], "category20": ["#3BB2D0", "#2C75B0", "#FAB72E", "#EF4848", "#65B60D", "#C32D7B", "#F577B9", "#5FD2B8", "#F1800F", "#9F1C00", "#A5E9E3", "#B9D765", "#393F44", "#CACCD0", "#717171"], "ordinal": {"scheme": "greens"}, "ramp": {"scheme": "purples"}}, "axis": {"labelFontSize": 13, "labelFont": "Lato", "labelColor": "#717171", "labelPadding": 10, "ticks": true, "tickSize": 8, "tickColor": "#A9ABAD", "tickOpacity": 0.5, "tickExtra": false}, "axisX": {"bandPosition": 0.5, "domainWidth": 1.2, "domainColor": "#A9ABAD", "labelAlign": "center", "labelBaseline": "top"}, "axisY": {"domain": false, "labelAlign": "left", "labelBaseline": "bottom", "tickOpacity": 0.5, "grid": true, "ticks": false, "gridColor": "#A9ABAD", "gridOpacity": 0.5}, "mark": {"fill": "#3BB2D0"}, "symbol": {"fill": "#3BB2D0", "stroke": "#fff"}, "rect": {"fill": "#3BB2D0"}, "line": {"interpolate": "linear", "stroke": "#3BB2D0", "fillOpacity": 0}}}, "template": false, "createdAt": "2019-10-23T16:01:36.154Z", "updatedAt": "2019-10-23T18:17:36.025Z"}}], "layer": [{"id": "c1acd655-d5e0-4891-b11b-e2b87f549340", "type": "layer", "attributes": {"name": "2015 Surface Water Extent", "slug": "2015-Surface-Water-Extent_6", "dataset": "c55f7cde-5625-4ccd-837a-5521b5136afd", "description": "Extent of seasonal water and permanent water in 2015.", "application": ["rw"], "iso": [], "provider": "gee", "userId": "5ba001878e311b7e3718740f", "default": true, "protected": false, "published": true, "env": "production", "layerConfig": {"timeline": true, "timelineLabel": "2015", "order": 2015, "attribution": "EC JRC/Google", "type": "gee", "assetId": "JRC/GSW1_0/YearlyHistory/31", "body": {"attribution": "EC JRC/Google", "styleType": "sld", "sldValue": "<RasterSymbolizer>    <ColorMap  type=\"values\" extended=\"false\" >        <ColorMapEntry color=\"#ffffff\" quantity=\"0\" label=\"\" opacity=\"0\" />        <ColorMapEntry color=\"#228B22\" quantity=\"1\" label=\"\" opacity=\"0\" />    <ColorMapEntry color=\"#69adc2\" quantity=\"2\" label=\"\" />     <ColorMapEntry color=\"#204690\" quantity=\"3\" label=\"\" />    </ColorMap></RasterSymbolizer>"}}, "legendConfig": {"type": "basic", "items": [{"name": "Seasonal Water", "color": "#69adc2", "id": 0}, {"name": "Permanent Water", "color": "#204690", "id": 1}]}, "interactionConfig": {"type": "intersection", "config": {"url": "https://api.resourcewatch.org/v1/query/b8307c16-fd77-4e35-9b68-8726a025f401?sql=select st_summarystats(rast, 'waterClass', false) as x from 'JRC/GSW1_0/YearlyHistory/31' where ST_INTERSECTS(ST_SetSRID(ST_GeomFromGeoJSON('{\"type\":\"Point\",\"coordinates\":[{{lng}},{{lat}}]}'),4326),the_geom)"}, "output": [{"column": "x.waterClass.mean", "property": "Seasonality (1-not water, 2-seasonal, 3-permanent)", "type": "number", "format": "0.00", "suffix": " "}]}, "applicationConfig": {}, "staticImageConfig": {}, "createdAt": "2019-10-23T16:01:22.124Z", "updatedAt": "2019-10-23T18:17:11.766Z"}}, {"id": "5a7bdd4e-4316-4fcf-b889-5f26b4dbd128", "type": "layer", "attributes": {"name": "2014 Surface Water Extent", "slug": "2014-Surface-Water-Extent_5", "dataset": "c55f7cde-5625-4ccd-837a-5521b5136afd", "description": "Extent of seasonal water and permanent water in 2014.", "application": ["rw"], "iso": [], "provider": "gee", "userId": "5ba001878e311b7e3718740f", "default": false, "protected": false, "published": true, "env": "production", "layerConfig": {"body": {"attribution": "EC JRC/Google", "sldValue": "<RasterSymbolizer>    <ColorMap  type=\"values\" extended=\"false\" >        <ColorMapEntry color=\"#ffffff\" quantity=\"0\" label=\"\" opacity=\"0\" />        <ColorMapEntry color=\"#228B22\" quantity=\"1\" label=\"\" opacity=\"0\" />    <ColorMapEntry color=\"#69adc2\" quantity=\"2\" label=\"\" />     <ColorMapEntry color=\"#204690\" quantity=\"3\" label=\"\" />    </ColorMap></RasterSymbolizer>", "styleType": "sld"}, "assetId": "JRC/GSW1_0/YearlyHistory/30", "attribution": "EC JRC/Google", "type": "gee", "timeline": true, "timelineLabel": "2014", "order": 2014}, "legendConfig": {"type": "basic", "items": [{"name": "Seasonal Water", "color": "#69adc2"}, {"name": "Permanent Water", "color": "#204690"}]}, "interactionConfig": {"type": "intersection", "config": {"url": "https://api.resourcewatch.org/v1/query/b8307c16-fd77-4e35-9b68-8726a025f401?sql=select st_summarystats(rast, 'waterClass', false) as x from 'JRC/GSW1_0/YearlyHistory/30' where ST_INTERSECTS(ST_SetSRID(ST_GeomFromGeoJSON('{\"type\":\"Point\",\"coordinates\":[{{lng}},{{lat}}]}'),4326),the_geom)"}, "output": [{"column": "x.waterClass.mean", "property": "Seasonality (1-not water, 2-seasonal, 3-permanent)", "type": "number", "format": "0.00", "suffix": " "}]}, "applicationConfig": {}, "staticImageConfig": {}, "createdAt": "2019-10-23T16:01:22.868Z", "updatedAt": "2019-10-23T16:01:22.869Z"}}, {"id": "cfa9e64c-3030-48fe-88f7-b8a040fce390", "type": "layer", "attributes": {"name": "2013 Surface Water Extent", "slug": "2013-Surface-Water-Extent_5", "dataset": "c55f7cde-5625-4ccd-837a-5521b5136afd", "description": "Extent of seasonal water and permanent water in 2013.", "application": ["rw"], "iso": [], "provider": "gee", "userId": "5ba001878e311b7e3718740f", "default": false, "protected": false, "published": true, "env": "production", "layerConfig": {"body": {"sldValue": "<RasterSymbolizer>    <ColorMap  type=\"values\" extended=\"false\" >        <ColorMapEntry color=\"#ffffff\" quantity=\"0\" label=\"\" opacity=\"0\" />        <ColorMapEntry color=\"#228B22\" quantity=\"1\" label=\"\" opacity=\"0\" />    <ColorMapEntry color=\"#69adc2\" quantity=\"2\" label=\"\" />     <ColorMapEntry color=\"#204690\" quantity=\"3\" label=\"\" />    </ColorMap></RasterSymbolizer>", "styleType": "sld"}, "assetId": "JRC/GSW1_0/YearlyHistory/29", "attribution": "EC JRC/Google", "type": "gee", "timeline": true, "order": 2013, "timelineLabel": "2013"}, "legendConfig": {"type": "basic", "items": [{"name": "Seasonal Water", "color": "#69adc2"}, {"name": "Permanent Water", "color": "#204690"}]}, "interactionConfig": {"type": "intersection", "config": {"url": "https://api.resourcewatch.org/v1/query/b8307c16-fd77-4e35-9b68-8726a025f401?sql=select st_summarystats(rast, 'waterClass', false) as x from 'JRC/GSW1_0/YearlyHistory/29' where ST_INTERSECTS(ST_SetSRID(ST_GeomFromGeoJSON('{\"type\":\"Point\",\"coordinates\":[{{lng}},{{lat}}]}'),4326),the_geom)"}, "output": [{"column": "x.waterClass.mean", "property": "Seasonality (1-not water, 2-seasonal, 3-permanent)", "type": "number", "format": "0.00", "suffix": " "}]}, "applicationConfig": {}, "staticImageConfig": {}, "createdAt": "2019-10-23T16:01:23.800Z", "updatedAt": "2019-10-23T16:01:23.800Z"}}, {"id": "d4f98031-8522-44d5-bbf9-2e492748eb2c", "type": "layer", "attributes": {"name": "2012 Surface Water Extent", "slug": "2012-Surface-Water-Extent_5", "dataset": "c55f7cde-5625-4ccd-837a-5521b5136afd", "description": "Extent of seasonal water and permanent water in 2012.", "application": ["rw"], "iso": [], "provider": "gee", "userId": "5ba001878e311b7e3718740f", "default": false, "protected": false, "published": true, "env": "production", "layerConfig": {"body": {"attribution": "EC JRC/Google", "sldValue": "<RasterSymbolizer>    <ColorMap  type=\"values\" extended=\"false\" >        <ColorMapEntry color=\"#ffffff\" quantity=\"0\" label=\"\" opacity=\"0\" />        <ColorMapEntry color=\"#228B22\" quantity=\"1\" label=\"\" opacity=\"0\" />    <ColorMapEntry color=\"#69adc2\" quantity=\"2\" label=\"\" />     <ColorMapEntry color=\"#204690\" quantity=\"3\" label=\"\" />    </ColorMap></RasterSymbolizer>", "styleType": "sld"}, "assetId": "JRC/GSW1_0/YearlyHistory/28", "type": "gee", "attribution": "EC JRC/Google", "timeline": true, "order": 2012, "timelineLabel": "2012"}, "legendConfig": {"type": "basic", "items": [{"name": "Seasonal Water", "color": "#69adc2"}, {"name": "Permanent Water", "color": "#204690"}]}, "interactionConfig": {"type": "intersection", "config": {"url": "https://api.resourcewatch.org/v1/query/b8307c16-fd77-4e35-9b68-8726a025f401?sql=select st_summarystats(rast, 'waterClass', false) as x from 'JRC/GSW1_0/YearlyHistory/28' where ST_INTERSECTS(ST_SetSRID(ST_GeomFromGeoJSON('{\"type\":\"Point\",\"coordinates\":[{{lng}},{{lat}}]}'),4326),the_geom)"}, "output": [{"column": "x.waterClass.mean", "property": "Seasonality (1-not water, 2-seasonal, 3-permanent)", "type": "number", "format": "0.00", "suffix": " "}]}, "applicationConfig": {}, "staticImageConfig": {}, "createdAt": "2019-10-23T16:01:25.634Z", "updatedAt": "2019-10-23T16:01:25.634Z"}}, {"id": "fc0c0759-a11d-4944-bfb1-0bb30c2e11f6", "type": "layer", "attributes": {"name": "2011 Surface Water Extent", "slug": "2011-Surface-Water-Extent_5", "dataset": "c55f7cde-5625-4ccd-837a-5521b5136afd", "description": "Extent of seasonal water and permanent water in 2011.", "application": ["rw"], "iso": [], "provider": "gee", "userId": "5ba001878e311b7e3718740f", "default": false, "protected": false, "published": true, "env": "production", "layerConfig": {"timeline": true, "timelineLabel": "2011", "order": 2011, "attribution": "EC JRC/Google", "type": "gee", "assetId": "JRC/GSW1_0/YearlyHistory/27", "body": {"attribution": "EC JRC/Google", "styleType": "sld", "sldValue": "<RasterSymbolizer>    <ColorMap  type=\"values\" extended=\"false\" >        <ColorMapEntry color=\"#ffffff\" quantity=\"0\" label=\"\" opacity=\"0\" />        <ColorMapEntry color=\"#228B22\" quantity=\"1\" label=\"\" opacity=\"0\" />    <ColorMapEntry color=\"#69adc2\" quantity=\"2\" label=\"\" />     <ColorMapEntry color=\"#204690\" quantity=\"3\" label=\"\" />    </ColorMap></RasterSymbolizer>"}}, "legendConfig": {"type": "basic", "items": [{"name": "Seasonal Water", "color": "#69adc2"}, {"name": "Permanent Water", "color": "#204690"}]}, "interactionConfig": {"type": "intersection", "config": {"url": "https://api.resourcewatch.org/v1/query/b8307c16-fd77-4e35-9b68-8726a025f401?sql=select st_summarystats(rast, 'waterClass', false) as x from 'JRC/GSW1_0/YearlyHistory/27' where ST_INTERSECTS(ST_SetSRID(ST_GeomFromGeoJSON('{\"type\":\"Point\",\"coordinates\":[{{lng}},{{lat}}]}'),4326),the_geom)"}, "output": [{"column": "x.waterClass.mean", "property": "Seasonality (1-not water, 2-seasonal, 3-permanent)", "type": "number", "format": "0.00", "suffix": " "}]}, "applicationConfig": {}, "staticImageConfig": {}, "createdAt": "2019-10-23T16:01:26.835Z", "updatedAt": "2019-10-23T16:01:26.835Z"}}, {"id": "cc56b0bf-78e4-4d9a-81f3-65461158ce2a", "type": "layer", "attributes": {"name": "2010 Surface Water Extent", "slug": "2010-Surface-Water-Extent_5", "dataset": "c55f7cde-5625-4ccd-837a-5521b5136afd", "description": "Extent of seasonal water and permanent water in 2010.", "application": ["rw"], "iso": [], "provider": "gee", "userId": "5ba001878e311b7e3718740f", "default": false, "protected": false, "published": true, "env": "production", "layerConfig": {"timeline": true, "timelineLabel": "2010", "attribution": "EC JRC/Google", "order": 2010, "type": "gee", "assetId": "JRC/GSW1_0/YearlyHistory/26", "body": {"attribution": "EC JRC/Google", "styleType": "sld", "sldValue": "<RasterSymbolizer>    <ColorMap  type=\"values\" extended=\"false\" >        <ColorMapEntry color=\"#ffffff\" quantity=\"0\" label=\"\" opacity=\"0\" />        <ColorMapEntry color=\"#228B22\" quantity=\"1\" label=\"\" opacity=\"0\" />    <ColorMapEntry color=\"#69adc2\" quantity=\"2\" label=\"\" />     <ColorMapEntry color=\"#204690\" quantity=\"3\" label=\"\" />    </ColorMap></RasterSymbolizer>"}}, "legendConfig": {"type": "basic", "items": [{"name": "Seasonal Water", "color": "#69adc2"}, {"name": "Permanent Water", "color": "#204690"}]}, "interactionConfig": {"type": "intersection", "config": {"url": "https://api.resourcewatch.org/v1/query/b8307c16-fd77-4e35-9b68-8726a025f401?sql=select st_summarystats(rast, 'waterClass', false) as x from 'JRC/GSW1_0/YearlyHistory/26' where ST_INTERSECTS(ST_SetSRID(ST_GeomFromGeoJSON('{\"type\":\"Point\",\"coordinates\":[{{lng}},{{lat}}]}'),4326),the_geom)"}, "output": [{"column": "x.waterClass.mean", "property": "Seasonality (1-not water, 2-seasonal, 3-permanent)", "type": "number", "format": "0.00", "suffix": " "}]}, "applicationConfig": {}, "staticImageConfig": {}, "createdAt": "2019-10-23T16:01:28.144Z", "updatedAt": "2019-10-23T16:01:28.144Z"}}, {"id": "798f34c4-094e-4d53-a443-46b75a60dcf8", "type": "layer", "attributes": {"name": "2009 Surface Water Extent", "slug": "2009-Surface-Water-Extent_6", "dataset": "c55f7cde-5625-4ccd-837a-5521b5136afd", "description": "Extent of seasonal water and permanent water in 2009.", "application": ["rw"], "iso": [], "provider": "gee", "userId": "5ba001878e311b7e3718740f", "default": false, "protected": false, "published": true, "env": "production", "layerConfig": {"type": "gee", "assetId": "JRC/GSW1_0/YearlyHistory/25", "attribution": "EC JRC/Google", "body": {"attribution": "EC JRC/Google", "styleType": "sld", "sldValue": "<RasterSymbolizer>    <ColorMap  type=\"values\" extended=\"false\" >        <ColorMapEntry color=\"#ffffff\" quantity=\"0\" label=\"\" opacity=\"0\" />        <ColorMapEntry color=\"#228B22\" quantity=\"1\" label=\"\" opacity=\"0\" />    <ColorMapEntry color=\"#69adc2\" quantity=\"2\" label=\"\" />     <ColorMapEntry color=\"#204690\" quantity=\"3\" label=\"\" />    </ColorMap></RasterSymbolizer>"}, "timeline": true, "order": 2009, "timelineLabel": "2009"}, "legendConfig": {"type": "basic", "items": [{"name": "Seasonal Water", "color": "#69adc2"}, {"name": "Permanent Water", "color": "#204690"}]}, "interactionConfig": {"type": "intersection", "config": {"url": "https://api.resourcewatch.org/v1/query/b8307c16-fd77-4e35-9b68-8726a025f401?sql=select st_summarystats(rast, 'waterClass', false) as x from 'JRC/GSW1_0/YearlyHistory/25' where ST_INTERSECTS(ST_SetSRID(ST_GeomFromGeoJSON('{\"type\":\"Point\",\"coordinates\":[{{lng}},{{lat}}]}'),4326),the_geom)"}, "output": [{"column": "x.waterClass.mean", "property": "Seasonality (1-not water, 2-seasonal, 3-permanent)", "type": "number", "format": "0.00", "suffix": " "}]}, "applicationConfig": {}, "staticImageConfig": {}, "createdAt": "2019-10-23T16:01:29.501Z", "updatedAt": "2019-10-23T16:01:29.501Z"}}, {"id": "7d7ebc86-5664-4403-91f0-a720dcadc0a5", "type": "layer", "attributes": {"name": "2008 Surface Water Extent", "slug": "2008-Surface-Water-Extent_6", "dataset": "c55f7cde-5625-4ccd-837a-5521b5136afd", "description": "Extent of seasonal water and permanent water in 2008.", "application": ["rw"], "iso": [], "provider": "gee", "userId": "5ba001878e311b7e3718740f", "default": false, "protected": false, "published": true, "env": "production", "layerConfig": {"body": {"attribution": "EC JRC/Google", "sldValue": "<RasterSymbolizer>    <ColorMap  type=\"values\" extended=\"false\" >        <ColorMapEntry color=\"#ffffff\" quantity=\"0\" label=\"\" opacity=\"0\" />        <ColorMapEntry color=\"#228B22\" quantity=\"1\" label=\"\" opacity=\"0\" />    <ColorMapEntry color=\"#69adc2\" quantity=\"2\" label=\"\" />     <ColorMapEntry color=\"#204690\" quantity=\"3\" label=\"\" />    </ColorMap></RasterSymbolizer>", "styleType": "sld"}, "assetId": "JRC/GSW1_0/YearlyHistory/24", "attribution": "EC JRC/Google", "type": "gee", "timeline": true, "order": 2008, "timelineLabel": "2008"}, "legendConfig": {"type": "basic", "items": [{"name": "Seasonal Water", "color": "#69adc2"}, {"name": "Permanent Water", "color": "#204690"}]}, "interactionConfig": {"type": "intersection", "config": {"url": "https://api.resourcewatch.org/v1/query/b8307c16-fd77-4e35-9b68-8726a025f401?sql=select st_summarystats(rast, 'waterClass', false) as x from 'JRC/GSW1_0/YearlyHistory/24' where ST_INTERSECTS(ST_SetSRID(ST_GeomFromGeoJSON('{\"type\":\"Point\",\"coordinates\":[{{lng}},{{lat}}]}'),4326),the_geom)"}, "output": [{"column": "x.waterClass.mean", "property": "Seasonality (1-not water, 2-seasonal, 3-permanent)", "type": "number", "format": "0.00", "suffix": " "}]}, "applicationConfig": {}, "staticImageConfig": {}, "createdAt": "2019-10-23T16:01:31.201Z", "updatedAt": "2019-10-23T16:01:31.201Z"}}, {"id": "ea9742b9-322d-46ee-811d-db0512ea481b", "type": "layer", "attributes": {"name": "2007 Surface Water Extent", "slug": "2007-Surface-Water-Extent_5", "dataset": "c55f7cde-5625-4ccd-837a-5521b5136afd", "description": "Extent of seasonal water and permanent water in 2007.", "application": ["rw"], "iso": [], "provider": "gee", "userId": "5ba001878e311b7e3718740f", "default": false, "protected": false, "published": true, "env": "production", "layerConfig": {"type": "gee", "assetId": "JRC/GSW1_0/YearlyHistory/23", "body": {"attribution": "EC JRC/Google", "styleType": "sld", "sldValue": "<RasterSymbolizer>    <ColorMap  type=\"values\" extended=\"false\" >        <ColorMapEntry color=\"#ffffff\" quantity=\"0\" label=\"\" opacity=\"0\" />        <ColorMapEntry color=\"#228B22\" quantity=\"1\" label=\"\" opacity=\"0\" />    <ColorMapEntry color=\"#69adc2\" quantity=\"2\" label=\"\" />     <ColorMapEntry color=\"#204690\" quantity=\"3\" label=\"\" />    </ColorMap></RasterSymbolizer>"}, "attribution": "EC JRC/Google", "timeline": true, "order": 2007, "timelineLabel": "2007"}, "legendConfig": {"type": "basic", "items": [{"name": "Seasonal Water", "color": "#69adc2"}, {"name": "Permanent Water", "color": "#204690"}]}, "interactionConfig": {"type": "intersection", "config": {"url": "https://api.resourcewatch.org/v1/query/b8307c16-fd77-4e35-9b68-8726a025f401?sql=select st_summarystats(rast, 'waterClass', false) as x from 'JRC/GSW1_0/YearlyHistory/23' where ST_INTERSECTS(ST_SetSRID(ST_GeomFromGeoJSON('{\"type\":\"Point\",\"coordinates\":[{{lng}},{{lat}}]}'),4326),the_geom)"}, "output": [{"column": "x.waterClass.mean", "property": "Seasonality (1-not water, 2-seasonal, 3-permanent)", "type": "number", "format": "0.00", "suffix": " "}]}, "applicationConfig": {}, "staticImageConfig": {}, "createdAt": "2019-10-23T16:01:33.145Z", "updatedAt": "2019-10-23T16:01:33.145Z"}}, {"id": "f7465d0b-6fd4-42d7-96b0-b9898deb694d", "type": "layer", "attributes": {"name": "2006 Surface Water Extent", "slug": "2006-Surface-Water-Extent_7", "dataset": "c55f7cde-5625-4ccd-837a-5521b5136afd", "description": "Extent of seasonal water and permanent water in 2006.", "application": ["rw"], "iso": [], "provider": "gee", "userId": "5ba001878e311b7e3718740f", "default": false, "protected": false, "published": true, "env": "production", "layerConfig": {"type": "gee", "assetId": "JRC/GSW1_0/YearlyHistory/22", "body": {"attribution": "EC JRC/Google", "styleType": "sld", "sldValue": "<RasterSymbolizer>    <ColorMap  type=\"values\" extended=\"false\" >        <ColorMapEntry color=\"#ffffff\" quantity=\"0\" label=\"\" opacity=\"0\" />        <ColorMapEntry color=\"#228B22\" quantity=\"1\" label=\"\" opacity=\"0\" />    <ColorMapEntry color=\"#69adc2\" quantity=\"2\" label=\"\" />     <ColorMapEntry color=\"#204690\" quantity=\"3\" label=\"\" />    </ColorMap></RasterSymbolizer>"}, "attribution": "EC JRC/Google", "timeline": true, "order": 2006, "timelineLabel": "2006"}, "legendConfig": {"type": "basic", "items": [{"name": "Seasonal Water", "color": "#69adc2"}, {"name": "Permanent Water", "color": "#204690"}]}, "interactionConfig": {"type": "intersection", "config": {"url": "https://api.resourcewatch.org/v1/query/b8307c16-fd77-4e35-9b68-8726a025f401?sql=select st_summarystats(rast, 'waterClass', false) as x from 'JRC/GSW1_0/YearlyHistory/22' where ST_INTERSECTS(ST_SetSRID(ST_GeomFromGeoJSON('{\"type\":\"Point\",\"coordinates\":[{{lng}},{{lat}}]}'),4326),the_geom)"}, "output": [{"column": "x.waterClass.mean", "property": "Seasonality (1-not water, 2-seasonal, 3-permanent)", "type": "number", "format": "0.00", "suffix": " "}]}, "applicationConfig": {}, "staticImageConfig": {}, "createdAt": "2019-10-23T16:01:35.117Z", "updatedAt": "2019-10-23T16:01:35.117Z"}}], "vocabulary": [{"type": "vocabulary", "attributes": {"resource": {"id": "c55f7cde-5625-4ccd-837a-5521b5136afd", "type": "dataset"}, "tags": ["annual", "geospatial", "raster", "water_extent", "historical", "surface_water", "river", "lake", "global"], "name": "knowledge_graph", "application": "rw"}}], "widgetRelevantProps": [], "layerRelevantProps": []}}