{"id": "c665f519-eef9-4f67-a8bf-7e3e6dc8bfcd", "type": "dataset", "server": "https://api.resourcewatch.org", "attributes": {"name": "ene.028 Access to Clean Cooking Fuels", "slug": "ene028-Access-to-Clean-Cooking-Fuels", "type": "tabular", "subtitle": "", "application": ["rw"], "dataPath": "", "attributesPath": null, "connectorType": "rest", "provider": "cartodb", "userId": "5981e73b0c069f3c93dc5e2a", "connectorUrl": "https://wri-rw.carto.com/tables/ene_028_access_clean_cooking_fuels/public", "sources": [], "tableName": "ene_028_access_clean_cooking_fuels", "status": "saved", "published": true, "overwrite": false, "verified": false, "blockchain": {}, "subscribable": {}, "mainDateField": "datetime", "env": "production", "geoInfo": true, "protected": false, "legend": {"date": [], "region": [], "country": [], "nested": [], "integer": [], "short": [], "byte": [], "double": [], "float": [], "half_float": [], "scaled_float": [], "boolean": [], "binary": [], "text": [], "keyword": []}, "clonedHost": {}, "errorMessage": null, "taskId": null, "createdAt": "2020-02-06T15:28:41.052Z", "updatedAt": "2018-04-09T13:12:48.790Z", "dataLastUpdated": null, "metadata": [{"id": "5a5df5447c8d500011407632", "type": "metadata", "attributes": {"dataset": "c665f519-eef9-4f67-a8bf-7e3e6dc8bfcd", "application": "rw", "resource": {"id": "c665f519-eef9-4f67-a8bf-7e3e6dc8bfcd", "type": "dataset"}, "language": "en", "name": "Access to Clean Cooking Fuels", "description": "Access to clean fuels and technologies for cooking data, published by the World Bank in the World Development Indicators database, are based on the Global Household Energy Database of the World Health Organization (WHO). They measure the proportion of the total population primarily using clean cooking fuels and technologies for cooking for 150 countries from 2000 through 2014. They are collected from nationally representative household surveys (including national censuses). Survey sources include demographic and health surveys (DHSs) and living standards measurement surveys (LSMSs), multi-indicator cluster surveys (MICSs), the World Health Survey (WHS), other nationally developed and implemented surveys, and various government agencies (ministries of energy and utilities, etc.). To develop the historical evolution of the use rates of clean fuels and technologies, a multilevel nonparametrical mixed model, using both fixed and random effects, was used to derive polluting fuel use estimates. Resource Watch shows only a subset of the data set. For access to the full data set and additional information, see the Learn More link.", "source": "World Bank Group", "info": {"rwId": "ene.028", "data_type": "Tabular", "name": "Access to Clean Cooking Fuels", "sources": [{"source-name": "World Bank Group", "id": 0, "source-description": ""}], "technical_title": "World Development Indicators: Access to Clean Fuels and Technologies for Cooking (Percent of Population)", "functions": "Proportion of total population primarily using clean cooking fuels and technologies for cooking in 2014", "cautions": "Under WHO guidelines, kerosene is excluded from clean cooking fuels. For a country with no data, estimates are derived by using regional trends or assumed to be universal access if a country is classified as developed by the United Nations.", "citation": "World Bank Group. 2015. \"World Development Indicators: Access to Clean Fuels and Technologies for Cooking (Percent of Population).\" Retrieved from http://databank.worldbank.org/data/reports.aspx?source=2&series=EG.CFT.ACCS.ZS&country=#. Accessed through Resource Watch, (date). [www.resourcewatch.org](www.resourcewatch.org).", "license": "Creative Commons Attribution 4.0 International", "license_link": "https://creativecommons.org/licenses/by/4.0/", "geographic_coverage": "Global", "spatial_resolution": "National", "date_of_content": "2000-2014", "frequency_of_updates": "Annual", "learn_more_link": "http://databank.worldbank.org/data/reports.aspx?source=2&series=EG.CFT.ACCS.ZS&country=#", "data_download_link": "https://wri-public-data.s3.amazonaws.com/resourcewatch/ene_028_access_clean_cooking_fuels.zip", "data_download_original_link": "http://databank.worldbank.org/data/reports.aspx?source=2&series=EG.CFT.ACCS.ZS&country=#"}, "columns": {"country_name": {"alias": "Country"}, "country_code": {"alias": "ISO Code", "description": ""}, "yr_2000": {"alias": "2000", "description": "Population percentage with access to clean fuels and technologies for cooking "}, "yr_2007": {"description": "Population percentage with access to clean fuels and technologies for cooking ", "alias": "2007"}, "yr_2008": {"description": "Population percentage with access to clean fuels and technologies for cooking ", "alias": "2008"}, "yr_2009": {"description": "Population percentage with access to clean fuels and technologies for cooking ", "alias": "2009"}, "yr_2010": {"description": "Population percentage with access to clean fuels and technologies for cooking ", "alias": "2010 "}, "yr_2011": {"description": "Population percentage with access to clean fuels and technologies for cooking ", "alias": "2011"}, "yr_2012": {"description": "Population percentage with access to clean fuels and technologies for cooking ", "alias": "2012"}, "yr_2013": {"description": "Population percentage with access to clean fuels and technologies for cooking ", "alias": "2013"}, "yr_2014": {"description": "Population percentage with access to clean fuels and technologies for cooking ", "alias": "2014"}, "datetime": {"alias": "Year"}, "yr_data": {"alias": "Access to Clean Cooking Fuels (%)"}, "rw_country_code": {"alias": "ISO Code"}, "rw_country_name": {"alias": "Country"}}, "createdAt": "2018-01-16T12:51:16.819Z", "updatedAt": "2020-02-04T19:46:13.374Z", "status": "published"}}], "widget": [{"id": "bcbdf5db-6e27-4250-9b74-ce238ef2bde9", "type": "widget", "attributes": {"name": "2000-2014 Global Access to Clean Cooking Fuels (% of population)", "dataset": "c665f519-eef9-4f67-a8bf-7e3e6dc8bfcd", "slug": "2014-Access-to-Clean-Cooking-Fuels", "userId": "5981e73b0c069f3c93dc5e2a", "description": "Percentage of population with access to clean fuels and technologies for cooking, as of 2014. Data from WBG.", "source": "", "authors": "", "application": ["rw"], "verified": false, "default": false, "protected": false, "defaultEditableWidget": true, "published": true, "freeze": false, "env": "production", "queryUrl": "", "widgetConfig": {"paramsConfig": {"visualizationType": "chart", "caption": null, "limit": 50, "value": {"name": "yr_data", "alias": "Access to Clean Cooking Fuels (%)", "type": "number", "datasetID": "c665f519-eef9-4f67-a8bf-7e3e6dc8bfcd", "tableName": "ene_028_access_clean_cooking_fuels"}, "category": {"name": "datetime", "alias": "Year", "type": "date", "datasetID": "c665f519-eef9-4f67-a8bf-7e3e6dc8bfcd", "tableName": "ene_028_access_clean_cooking_fuels"}, "color": null, "size": null, "orderBy": {"name": "datetime", "alias": "Year", "type": "date", "datasetID": "c665f519-eef9-4f67-a8bf-7e3e6dc8bfcd", "tableName": "ene_028_access_clean_cooking_fuels", "orderType": "asc"}, "aggregateFunction": "avg", "chartType": "bar", "filters": [{"name": "yr_data", "alias": "Access to Clean Cooking Fuels (%)", "type": "number", "datasetID": "c665f519-eef9-4f67-a8bf-7e3e6dc8bfcd", "tableName": "ene_028_access_clean_cooking_fuels", "value": [1, 100], "notNull": true}, {"name": "datetime", "alias": "Year", "type": "date", "datasetID": "c665f519-eef9-4f67-a8bf-7e3e6dc8bfcd", "tableName": "ene_028_access_clean_cooking_fuels", "value": ["2000-01-01T00:00:00.000Z", "2014-01-01T00:00:00.000Z"], "notNull": true}], "areaIntersection": null, "band": null, "layer": null}, "data": [{"name": "table", "transform": [{"type": "identifier", "as": "id"}], "url": "https://api.resourcewatch.org/v1/query/c665f519-eef9-4f67-a8bf-7e3e6dc8bfcd?sql=SELECT datetime as x, AVG(yr_data) as y FROM ene_028_access_clean_cooking_fuels WHERE yr_data >= 1 AND yr_data <= 100 AND yr_data IS NOT NULL AND datetime >= '2000-01-01T00:00:00.000Z' AND datetime <= '2014-01-01T00:00:00.000Z' AND datetime IS NOT NULL GROUP BY  x ORDER BY datetime asc LIMIT 50", "format": {"type": "json", "property": "data", "parse": {"x": "date"}}}, {"name": "stats", "source": "table", "transform": [{"type": "extent", "field": "x", "signal": "extent"}]}], "scales": [{"name": "x", "type": "band", "range": "width", "padding": 0.05, "domain": {"data": "table", "field": "id"}}, {"name": "y", "type": "linear", "range": "height", "nice": true, "zero": true, "domain": {"data": "table", "field": "y"}}], "axes": [{"orient": "bottom", "scale": "x", "labelOverlap": "parity", "ticks": false, "encode": {"labels": {"update": {"text": {"signal": "utcFormat(data('table')[datum.value - 1].x, '%Y')"}, "align": {"signal": "width < 300 || extent[1] > 10 ? 'right' : 'center'"}, "baseline": {"signal": "width < 300 || extent[1] > 10 ? 'middle' : 'top'"}, "angle": {"signal": "width < 300 || extent[1] > 10 ? -90 :0 "}}}}}, {"orient": "left", "scale": "y", "labelOverlap": "parity", "encode": {"labels": {"update": {"align": {"value": "right"}, "baseline": {"value": "bottom"}}}}}], "marks": [{"type": "rect", "from": {"data": "table"}, "encode": {"update": {"opacity": {"value": 1}, "x": {"scale": "x", "field": "id"}, "width": {"scale": "x", "band": 1}, "y": {"scale": "y", "field": "y"}, "y2": {"scale": "y", "value": 0}}, "hover": {"opacity": {"value": 0.8}}}}], "interaction_config": [{"name": "tooltip", "config": {"fields": [{"column": "y", "property": "Access to Clean Cooking Fuels (%)", "type": "number", "format": ".2s"}, {"column": "x", "property": "Year", "type": "date", "format": "%Y"}]}}]}, "template": false, "createdAt": "2017-11-20T16:01:11.734Z", "updatedAt": "2017-11-20T16:01:11.734Z"}}, {"id": "f479cdc9-46a9-4273-acfd-35415ab8611d", "type": "widget", "attributes": {"name": "Almost 3 billion people globally lack access to clean cooking fuels", "dataset": "c665f519-eef9-4f67-a8bf-7e3e6dc8bfcd", "slug": "2014-Access-to-Clean-Cooking-Fuels_1", "userId": "5a689d78fb357b0001e35c61", "description": "Approximately 38% of the world lacked access to clean cooking in 2014. Clean cooking access was measured from nationally representative house surveys (including national censuses) divided by total population. Under WHO guidelines, kerosene is excluded from clean cooking fuels. For a country with no data, estimates are derived by using regional trends or assumed to be universal access if a country is classified as developed by the United Nations.", "application": ["rw"], "verified": false, "default": false, "protected": false, "defaultEditableWidget": false, "published": true, "thumbnailUrl": "http://wri-api-backups.s3.amazonaws.com/resourcewatch/prod/thumbnails/f479cdc9-46a9-4273-acfd-35415ab8611d-1553262196956.png", "freeze": false, "env": "production", "widgetConfig": {"type": "map", "layer_id": "95ecdbc7-be90-4c45-9c64-522a5b2e32e6", "zoom": 3, "lat": 0, "lng": 0, "bbox": [-2.9882812500000004, -49.49667452747044, 3.1640625000000004, 49.49667452747045], "basemapLayers": {"basemap": "dark", "labels": null, "boundaries": false}, "paramsConfig": {"visualizationType": "map", "limit": 500, "value": null, "category": null, "color": null, "size": null, "orderBy": null, "aggregateFunction": null, "chartType": "bar", "filters": [], "areaIntersection": null, "band": null, "layer": "95ecdbc7-be90-4c45-9c64-522a5b2e32e6"}, "config": null}, "template": false, "createdAt": "2018-03-08T22:06:12.130Z", "updatedAt": "2019-03-22T13:43:16.858Z"}}, {"id": "394d66be-20b9-4563-814f-4c21d911153a", "type": "widget", "attributes": {"name": "Almost 3 billion people globally lack access to clean cooking fuels - 1566805198656", "dataset": "c665f519-eef9-4f67-a8bf-7e3e6dc8bfcd", "slug": "Almost-3-billion-people-globally-lack-access-to-clean-cooking-fuels-1566805198656", "userId": "5d637cf5ec88990010ce455b", "description": "Approximately 38% of the world lacked access to clean cooking in 2014. Clean cooking access was measured from nationally representative house surveys (including national censuses) divided by total population. Under WHO guidelines, kerosene is excluded from clean cooking fuels. For a country with no data, estimates are derived by using regional trends or assumed to be universal access if a country is classified as developed by the United Nations.", "application": ["rw"], "verified": false, "default": false, "protected": false, "defaultEditableWidget": false, "published": true, "freeze": false, "env": "production", "widgetConfig": {"config": null, "paramsConfig": {"layer": "95ecdbc7-be90-4c45-9c64-522a5b2e32e6", "band": null, "areaIntersection": null, "filters": [], "chartType": "bar", "aggregateFunction": null, "orderBy": null, "size": null, "color": null, "category": null, "value": null, "limit": 500, "visualizationType": "map"}, "basemapLayers": {"boundaries": false, "labels": null, "basemap": "dark"}, "bbox": [-2.9882812500000004, -49.49667452747044, 3.1640625000000004, 49.49667452747045], "lng": 0, "lat": 0, "zoom": 3, "layer_id": "95ecdbc7-be90-4c45-9c64-522a5b2e32e6", "type": "map"}, "template": false, "createdAt": "2019-08-26T07:39:58.658Z", "updatedAt": "2019-08-26T07:39:58.658Z"}}, {"id": "c7362fe8-5828-4b3b-aa27-575fac1f74ad", "type": "widget", "attributes": {"name": "Almost 3 billion people globally lack access to clean cooking fuels - 1569519247925", "dataset": "c665f519-eef9-4f67-a8bf-7e3e6dc8bfcd", "slug": "Almost-3-billion-people-globally-lack-access-to-clean-cooking-fuels-1569519247925", "userId": "5c12c957eb3361930a97cc9d", "description": "Approximately 38% of the world lacked access to clean cooking in 2014. Clean cooking access was measured from nationally representative house surveys (including national censuses) divided by total population. Under WHO guidelines, kerosene is excluded from clean cooking fuels. For a country with no data, estimates are derived by using regional trends or assumed to be universal access if a country is classified as developed by the United Nations.", "application": ["rw"], "verified": false, "default": false, "protected": false, "defaultEditableWidget": false, "published": true, "freeze": false, "env": "production", "widgetConfig": {"config": null, "paramsConfig": {"layer": "95ecdbc7-be90-4c45-9c64-522a5b2e32e6", "band": null, "areaIntersection": null, "filters": [], "chartType": "bar", "aggregateFunction": null, "orderBy": null, "size": null, "color": null, "category": null, "value": null, "limit": 500, "visualizationType": "map"}, "basemapLayers": {"boundaries": false, "labels": null, "basemap": "dark"}, "bbox": [-2.9882812500000004, -49.49667452747044, 3.1640625000000004, 49.49667452747045], "lng": 0, "lat": 0, "zoom": 3, "layer_id": "95ecdbc7-be90-4c45-9c64-522a5b2e32e6", "type": "map"}, "template": false, "createdAt": "2019-09-26T17:34:07.955Z", "updatedAt": "2019-09-26T17:34:07.955Z"}}, {"id": "866bc072-64ff-4a1c-a072-d93193fe9926", "type": "widget", "attributes": {"name": "Almost 3 billion people globally lack access to clean cooking fuels - 1580387642040", "dataset": "c665f519-eef9-4f67-a8bf-7e3e6dc8bfcd", "slug": "Almost-3-billion-people-globally-lack-access-to-clean-cooking-fuels-1580387642040", "userId": "594a8b5b3b0f7f271d303321", "description": "Approximately 38% of the world lacked access to clean cooking in 2014. Clean cooking access was measured from nationally representative house surveys (including national censuses) divided by total population. Under WHO guidelines, kerosene is excluded from clean cooking fuels. For a country with no data, estimates are derived by using regional trends or assumed to be universal access if a country is classified as developed by the United Nations.", "application": ["rw"], "verified": false, "default": false, "protected": false, "defaultEditableWidget": false, "published": true, "thumbnailUrl": "", "freeze": false, "env": "production", "widgetConfig": {"type": "map", "layer_id": "95ecdbc7-be90-4c45-9c64-522a5b2e32e6", "zoom": 3, "lat": 0, "lng": 0, "bbox": [-2.9882812500000004, -49.49667452747044, 3.1640625000000004, 49.49667452747045], "basemapLayers": {"basemap": "dark", "labels": null, "boundaries": false}, "paramsConfig": {"visualizationType": "map", "limit": 500, "value": null, "category": null, "color": null, "size": null, "orderBy": null, "aggregateFunction": null, "chartType": "bar", "filters": [], "areaIntersection": null, "band": null, "layer": "95ecdbc7-be90-4c45-9c64-522a5b2e32e6"}, "config": null}, "template": false, "createdAt": "2020-01-30T12:34:02.042Z", "updatedAt": "2020-01-30T12:34:02.042Z"}}], "layer": [{"id": "95ecdbc7-be90-4c45-9c64-522a5b2e32e6", "type": "layer", "attributes": {"name": "2014 Access to Clean Cooking Fuels (% of population)", "slug": "test-2014-Access-to-Clean-Cooking-Fuels-of-population", "dataset": "c665f519-eef9-4f67-a8bf-7e3e6dc8bfcd", "description": "Percentage of population with access to clean fuels and technologies for cooking.", "application": ["rw"], "iso": [], "provider": "cartodb", "userId": "5980838ae24e6a1dae3dd446", "default": true, "protected": false, "published": true, "env": "production", "layerConfig": {"account": "wri-rw", "body": {"maxzoom": 18, "minzoom": 3, "layers": [{"type": "mapnik", "options": {"sql": "SELECT wri.cartodb_id, wri.the_geom_webmercator, data.rw_country_name, data.rw_country_code, data.yr_data FROM ene_028_access_clean_cooking_fuels data LEFT OUTER JOIN wri_countries_a wri ON data.rw_country_code = wri.iso_a3  WHERE EXTRACT(YEAR FROM data.datetime) = 2014 AND data.yr_data IS NOT NULL", "cartocss": "#ene_028_access_clean_cooking_fuels {polygon-opacity: 1; line-width: 0.3; line-color: #d9d9d9; line-opacity: 1;}  [yr_data>=95]{polygon-fill:#FBFCBF;} [yr_data>=80][yr_data<95]{polygon-fill:#FDCD90;} [yr_data>=60][yr_data<80]{polygon-fill:#FD9F6C;} [yr_data>=40][yr_data<60]{polygon-fill:#F66E5B;} [yr_data>=20][yr_data<40]{polygon-fill:#DD4968;} [yr_data<20]{polygon-fill:#B53679;}", "cartocss_version": "2.3.0"}}], "vectorLayers": [{"paint": {"line-width": 0.3, "line-color": " #d9d9d9", "line-opacity": 1}, "source-layer": "layer0", "type": "line", "filter": ["all"]}, {"paint": {"fill-opacity": 1}, "source-layer": "layer0", "type": "fill", "filter": ["all"]}, {"paint": {"fill-color": "#FBFCBF"}, "source-layer": "layer0", "type": "fill", "filter": ["all", [">=", "yr_data", 95]]}, {"paint": {"fill-color": "#FDCD90"}, "source-layer": "layer0", "type": "fill", "filter": ["all", [">=", "yr_data", 80], ["<", "yr_data", 95]]}, {"paint": {"fill-color": "#FD9F6C"}, "source-layer": "layer0", "type": "fill", "filter": ["all", [">=", "yr_data", 60], ["<", "yr_data", 80]]}, {"paint": {"fill-color": "#F66E5B"}, "source-layer": "layer0", "type": "fill", "filter": ["all", [">=", "yr_data", 40], ["<", "yr_data", 60]]}, {"paint": {"fill-color": "#DD4968"}, "source-layer": "layer0", "type": "fill", "filter": ["all", [">=", "yr_data", 20], ["<", "yr_data", 40]]}, {"paint": {"fill-color": "#B53679"}, "source-layer": "layer0", "type": "fill", "filter": ["all", ["<", "yr_data", 20]]}]}}, "legendConfig": {"items": [{"color": "#B53679", "name": "<20"}, {"color": "#DD4968", "name": "<40"}, {"color": "#F66E5B", "name": "<60"}, {"color": "#FD9F6C", "name": "<80"}, {"color": "#FDCD90", "name": "<95"}, {"color": "#FBFCBF", "name": "\u2264100"}], "type": "choropleth"}, "interactionConfig": {"output": [{"column": "rw_country_name", "format": null, "prefix": "", "property": "Country", "suffix": "", "type": "string"}, {"column": "yr_data", "format": "0a", "prefix": "", "property": "Access to Clean Cooking Fuels", "suffix": "%", "type": "number"}]}, "applicationConfig": {}, "staticImageConfig": {}, "createdAt": "2020-02-06T15:28:41.101Z", "updatedAt": "2019-07-23T14:05:21.978Z"}}], "vocabulary": [{"type": "vocabulary", "attributes": {"resource": {"id": "c665f519-eef9-4f67-a8bf-7e3e6dc8bfcd", "type": "dataset"}, "tags": ["air_quality", "energy_access", "table", "global", "geospatial", "fuel", "vector", "energy", "historical", "annual"], "name": "knowledge_graph", "application": "rw"}}], "widgetRelevantProps": ["datetime", "yr_data", "rw_country_code", "rw_country_name"], "layerRelevantProps": []}}