{"id": "d39919a9-0940-4038-87ac-662f944bc846", "type": "dataset", "server": "https://api.resourcewatch.org", "attributes": {"name": "wat.056 Aqueduct Coastal Flood Risk", "slug": "wat056-Aqueduct-Coastal-Flood-Risk", "type": "tabular", "subtitle": "", "application": ["rw"], "dataPath": "", "attributesPath": null, "connectorType": "rest", "provider": "cartodb", "userId": "58f63c81bd32c60206ed6b12", "connectorUrl": "https://wri-rw.carto.com/tables/wat_056_aqueduct_coastal_flood_risk/public", "sources": [], "tableName": "wat_056_aqueduct_coastal_flood_risk", "status": "saved", "published": true, "overwrite": false, "verified": false, "blockchain": {}, "subscribable": {}, "mainDateField": "", "env": "production", "geoInfo": false, "protected": false, "legend": {"date": [], "region": [], "country": [], "nested": [], "integer": [], "short": [], "byte": [], "double": [], "float": [], "half_float": [], "scaled_float": [], "boolean": [], "binary": [], "text": [], "keyword": []}, "clonedHost": {}, "errorMessage": "", "taskId": null, "createdAt": "2019-07-26T18:01:16.182Z", "updatedAt": "2019-08-06T12:42:53.904Z", "dataLastUpdated": null, "metadata": [{"id": "5d40993e806b68001248593c", "type": "metadata", "attributes": {"dataset": "d39919a9-0940-4038-87ac-662f944bc846", "application": "rw", "resource": {"id": "d39919a9-0940-4038-87ac-662f944bc846", "type": "dataset"}, "language": "en", "name": "Aqueduct Coastal Flood Risk", "description": "### Overview  \n  \nCoastal flood risk measures the percentage of the population expected to be affected by coastal flooding in an average year, accounting for existing flood-protection standards. Higher values indicate that a greater proportion of the population is expected to be impacted by coastal floods on average. These values were then converted into risk scores based on the thresholds defined in the methodology. These risk scores range from low (<0.0009\u202c%) to extremely high (>0.2%).\n\n  \n  \nFlood risk was assessed using hazard (inundation caused by storm surge), exposure (population in flood zone), and vulnerability. The existing level of flood protection was also incorporated into the risk calculation. It is important to note that this indicator represents flood risk not in terms of maximum possible impact but rather as average annual impact. The impacts from infrequent, extreme flood years were averaged with more common, less newsworthy flood years to produce the \u201cexpected annual affected population.\u201d  Values are available per sub-basin (HydroBASIN level 6).\n  \n  \n### Methodology  \n  \nData on the population impacted by coastal floods were provided by Aqueduct Floods  (Ward et al. forthcoming). Flood risk was simulated using a cascade of models within the Global Flood Risk with IMAGE Scenarios (GLOFRIS) modeling framework [(Winsemius et al. 2013)](https://doi.org/10.5194/hess-17-1871-2013). Coastal hazard maps were derived using Global Tide and Surge Reanalysis (GTSR) [(Muis et al., 2016)](https://doi.org/10.1038/ncomms11969) datasets from 1974-2014.The coastal flood hazard is represented by inundation maps showing the flood extent and depth for floods of several return periods (2, 5, 10, 25, 50, 100, 250, 500, and 1000 years) at a horizontal resolution of 5\u2019x5\u2019 (regridded to 30\u201dx30\u201d). Exposure is represented by gridded maps of 2010 population count per cell at a horizontal resolution of 30\u201d x 30\u201d. Vulnerability is represented as a binary condition: people are either affected or they are not. Estimates of flood protection standards come from the FLOPROS model.\n\n  \n  \nThe expected annual affected population was calculated using a risk curve [(Meyer et al. 2009)](https://doi.org/10.1897/IEAM_2008-031.1). To create the curve, the return periods were first converted into probabilities (i.e., 1/return period) and then plotted on the x-axis against the impacted population. Next, flood protection (return year converted to probability) was added to the graph as a vertical line. All impacts that fell to the right of the flood protection line (i.e., impacted by smaller floods) were assumed to be protected against floods and were removed from the calculation. The expected annual affected population was calculated by integrating the area under the curve to the left of the flood protection line.\n\n  \n  \nThe expected annual affected population was divided by total population to calculate the percent of the population expected to be affected annually by riverine floods.\n\n  \n  \nFinally, raw coastal flood risk values were converted to risk scores between 0 and 5, based on quantiles. These scores were placed into categories indicating how high the risk for this indicator is. The thresholds for raw coastal flood risk values and the corresponding risk scores that were used in each category are defined below as Risk Category (Risk Scores): Raw Value Thresholds.\n\n- Low (0-1): < 0 to 9 in 1,000,000 people\n- Low to medium (1-2): 9 in 1,000,000 to 7 in 100,000 people\n- Medium to high (2-3): 7 in 100,000 to 3 in 10,000 people\n- High (3-4): 3 in 10,000 people to 2 in 1,000 people\n- Extremely high (4-5): > 2 in 1,000 people\n\n  \n  \nFor the full documentation, please see the source [methodology](https://www.wri.org/publication/aqueduct-30).  \n  \n### Data shown on Resource Watch Map  \n  \n- [**2010 Coastal Flood Risk**](https://preproduction.resourcewatch.org/data/explore?zoom=3&lat=0&lng=0&basemap=dark&labels=light&layers=%255B%257B%2522dataset%2522%253A%2522d39919a9-0940-4038-87ac-662f944bc846%2522%252C%2522opacity%2522%253A1%252C%2522layer%2522%253A%25228f355cf2-bfbd-4692-8e23-a5c689fa02d7%2522%257D%255D&page=1&sort=relevance&sortDirection=-1&search=wat.056): *Coastal flood risk measures the percentage of population expected to be affected by coastal flooding in an average year, accounting for existing flood protection standards. Higher values indicate greater proportion of the population is expected to be impacted by coastal floods. Values are calculated based on data from the year 2010.*  \n  \n### Disclaimer  \n  \nExcerpts of this description page were taken from the source metadata. Resource Watch shows only a subset of the dataset. For access to the full dataset and additional information, click on the \u201cLearn more\u201d button.", "source": "WRI/Deltares/IVM/PBL/Utrecht University", "info": {"rwId": "wat.056", "data_type": "Vector", "name": "Aqueduct Coastal Flood Risk", "sources": [{"source-name": "World Resources Institute (WRI)", "id": 0, "source-description": ""}, {"source-name": "Deltares", "id": 1, "source-description": ""}, {"source-name": "Vrije Universiteit Amsterdam (IVM)", "id": 2, "source-description": ""}, {"source-name": "PBL Netherlands Environmental Assessment Agency (PBL)", "id": 3, "source-description": ""}, {"source-name": "Utrecht University", "id": 4, "source-description": ""}], "technical_title": "Coastal Flood Risk, Aqueduct 3.0", "functions": "Measures the percentage of the population expected to be affected by coastal flooding in an average year", "cautions": "Riverine and coastal flood risks must be evaluated and used separately, as the compound risks between river and storm surges were not modeled. The data also assumed that flood events are entirely independent of each other, so the impact from overlapping flood events was not considered. Finally, the data did not include any indirect impacts from flooding (e.g., disrupted transportation, loss of work, etc.).\n\n  \n  \nResults were tailored towards large scale comparison of water related risks. The indicators have limited added value on a local scale.\n", "citation": "Hofste, R., S. Kuzma, S. Walker, E.H. Sutanudjaja, et. al. 2019. \u201cAqueduct 3.0: Updated Decision-Relevant Global Water Risk Indicators.\u201d Technical Note. Washington, DC: World Resources Institute. Available online at: https://www.wri.org/publication/aqueduct-30. Accessed through Resource Watch, (date). [www.resourcewatch.org](www.resourcewatch.org)", "license": "Creative Commons Attribution 4.0 International", "license_link": "https://creativecommons.org/licenses/by/4.0/", "geographic_coverage": "Global", "spatial_resolution": "Hydrological sub-basin (HydroBASINS 6)", "date_of_content": "2010", "frequency_of_updates": "Irregular", "learn_more_link": "https://www.wri.org/publication/aqueduct-30", "data_download_link": null, "data_download_original_link": "https://www.wri.org/resources/data-sets/aqueduct-global-maps-30-data"}, "columns": {"cfr_label": {"alias": "Coastal Flood Risk Category (name)", "description": "Risk category of coastal flooding, by name."}, "pfaf_id": {"alias": "Basin ID", "description": "Six digit Pfafstetter code for the hydrological basins."}, "sub_name": {"alias": "Minor River Basin", "description": "Name of the minor river basin."}, "maj_name": {"alias": "Major River Basin ", "description": "Name of the major river basin. "}, "cfr_raw": {"alias": "Coastal Flood Risk Raw Value", "description": "Percentage of the population expected to be affected by coastal flooding in an average year."}, "cfr_score": {"alias": "Coastal Flood Risk Score ", "description": "Coastal flood risk score (0 to 5). This is the result of applying a quantile approach to raw values. "}, "cfr_cat": {"alias": "Coastal Flood Risk Category (numeric)", "description": "Risk category of coastal flooding, by numeric integer (-1 to 4)."}}, "createdAt": "2019-07-30T19:23:42.545Z", "updatedAt": "2020-02-04T19:47:01.079Z", "status": "published"}}], "widget": [{"id": "983ed54f-2c08-4eb5-b702-bfc5360adc2d", "type": "widget", "attributes": {"name": "10 Major River Basins with the Highest Coastal Flood Risk", "dataset": "d39919a9-0940-4038-87ac-662f944bc846", "slug": "Top-10-Major-Basins-Coastal-Flood-Risk", "userId": "5d0901197aabc0001072e40c", "description": "Top 10 major river basins with the highest percentage of the population expected to be affected by coastal flooding in an average year. This is based on an average of raw coastal flood risk values within each major river basin.", "source": "", "authors": "", "application": ["rw"], "verified": false, "default": false, "protected": false, "defaultEditableWidget": true, "published": true, "thumbnailUrl": "http://wri-api-backups.s3.amazonaws.com/resourcewatch/prod/thumbnails/983ed54f-2c08-4eb5-b702-bfc5360adc2d-1565036252645.png", "freeze": false, "env": "production", "queryUrl": "", "widgetConfig": {"paramsConfig": {"visualizationType": "chart", "limit": 10, "value": {"type": "number", "name": "cfr_raw", "alias": "Coastal Flood Risk Raw Value"}, "category": {"type": "string", "name": "maj_name", "alias": "Major River Basin "}, "color": null, "size": null, "orderBy": null, "aggregateFunction": "avg", "chartType": "bar", "filters": [], "areaIntersection": null, "band": null, "layer": null}, "data": [{"name": "table", "transform": [{"type": "identifier", "as": "id"}, {"type": "joinaggregate", "as": ["count"]}], "url": "https://api.resourcewatch.org/v1/query/d39919a9-0940-4038-87ac-662f944bc846?sql=SELECT%20maj_name%20as%20x%2C%20AVG(cfr_raw)%20as%20y%20FROM%20wat_056_aqueduct_coastal_flood_risk%20%20GROUP%20BY%20%20x%20ORDER%20BY%20y%20desc LIMIT 10", "format": {"type": "json", "property": "data"}}], "scales": [{"name": "x", "type": "band", "range": "width", "padding": 0.05, "domain": {"data": "table", "field": "id"}}, {"name": "y", "type": "linear", "range": "height", "nice": true, "zero": true, "domain": {"data": "table", "field": "y"}}], "axes": [{"orient": "bottom", "scale": "x", "labelOverlap": "parity", "ticks": false, "encode": {"labels": {"update": {"text": {"signal": "width < 300 || data('table')[0].count > 10 ? truncate(data('table')[datum.value - 1].x, 12) : data('table')[datum.value - 1].x"}, "align": {"signal": "width < 300 || data('table')[0].count > 10 ? 'right' : 'center'"}, "baseline": {"signal": "width < 300 || data('table')[0].count > 10 ? 'middle' : 'top'"}, "angle": {"signal": "width < 300 || data('table')[0].count > 10 ? -90 : 0"}}}}}, {"orient": "left", "scale": "y", "labelOverlap": "parity", "format": "s", "encode": {"labels": {"update": {"align": {"value": "right"}, "baseline": {"value": "bottom"}}}}}], "marks": [{"type": "rect", "from": {"data": "table"}, "encode": {"update": {"opacity": {"value": 1}, "x": {"scale": "x", "field": "id"}, "width": {"scale": "x", "band": 1}, "y": {"scale": "y", "field": "y"}, "y2": {"scale": "y", "value": 0}}, "hover": {"opacity": {"value": 0.8}}}}], "interaction_config": [{"name": "tooltip", "config": {"fields": [{"column": "y", "property": "Coastal Flood Risk Raw Value", "type": "number", "format": ".2s"}, {"column": "x", "property": "Major River Basin ", "type": "string", "format": ".2f"}]}}], "config": {"line": {"fillOpacity": 0, "stroke": "#3BB2D0", "interpolate": "linear"}, "rect": {"fill": "#3BB2D0"}, "symbol": {"stroke": "#fff", "fill": "#3BB2D0"}, "mark": {"fill": "#3BB2D0"}, "axisY": {"gridOpacity": 0.5, "gridColor": "#A9ABAD", "ticks": false, "grid": true, "tickOpacity": 0.5, "labelBaseline": "bottom", "labelAlign": "left", "domain": false}, "axisX": {"labelBaseline": "top", "labelAlign": "center", "domainColor": "#A9ABAD", "domainWidth": 1.2, "bandPosition": 0.5}, "axis": {"tickExtra": false, "tickOpacity": 0.5, "tickColor": "#A9ABAD", "tickSize": 8, "ticks": true, "labelPadding": 10, "labelColor": "#717171", "labelFont": "Lato", "labelFontSize": 13}, "range": {"ramp": {"scheme": "purples"}, "ordinal": {"scheme": "greens"}, "category20": ["#3BB2D0", "#2C75B0", "#FAB72E", "#EF4848", "#65B60D", "#C32D7B", "#F577B9", "#5FD2B8", "#F1800F", "#9F1C00", "#A5E9E3", "#B9D765", "#393F44", "#CACCD0", "#717171"], "dotSize": [20, 250]}}}, "template": false, "createdAt": "2019-08-02T17:57:08.399Z", "updatedAt": "2019-08-05T20:17:32.569Z"}}], "layer": [{"id": "8f355cf2-bfbd-4692-8e23-a5c689fa02d7", "type": "layer", "attributes": {"name": "2010 Coastal Flood Risk", "slug": "2010-Population-Exposed-to-Coastal-Flood-Risk_1", "dataset": "d39919a9-0940-4038-87ac-662f944bc846", "description": "Coastal flood risk measures the percentage of population expected to be affected by coastal flooding in an average year, accounting for existing flood protection standards. Higher values indicate greater proportion of the population is expected to be impacted by coastal floods. Values are calculated based on data from the year 2010.", "application": ["rw"], "iso": [], "provider": "cartodb", "userId": "58f63c81bd32c60206ed6b12", "default": true, "protected": false, "published": true, "env": "production", "layerConfig": {"account": "wri-rw", "body": {"maxzoom": 18, "minzoom": 3, "layers": [{"type": "mapnik", "options": {"sql": "SELECT * FROM wat_056_aqueduct_coastal_flood_risk", "cartocss": "#layer {polygon-opacity:1; line-width:0; line-color:#FFF; line-opacity:0;} [cfr_cat=4]{polygon-fill:#990000;}[cfr_cat=3]{polygon-fill:#FF1900;} [cfr_cat=2]{polygon-fill:#FF9900;} [cfr_cat=1]{polygon-fill:#FFE600;} [cfr_cat=0]{polygon-fill:#FFFF99;}[cfr_cat=-9999]{polygon-fill:#4E4E4E;}", "cartocss_version": "2.3.0"}}], "vectorLayers": [{"paint": {"line-width": 0, "line-color": "#FFF", "line-opacity": 0}, "source-layer": "layer0", "type": "line", "filter": ["all"]}, {"paint": {"fill-opacity": 1}, "source-layer": "layer0", "type": "fill", "filter": ["all"]}, {"paint": {"fill-color": "#990000"}, "source-layer": "layer0", "type": "fill", "filter": ["all", ["==", "cfr_cat", 4]]}, {"paint": {"fill-color": "#FF1900"}, "source-layer": "layer0", "type": "fill", "filter": ["all", ["==", "cfr_cat", 3]]}, {"paint": {"fill-color": "#FF9900"}, "source-layer": "layer0", "type": "fill", "filter": ["all", ["==", "cfr_cat", 2]]}, {"paint": {"fill-color": "#FFE600"}, "source-layer": "layer0", "type": "fill", "filter": ["all", ["==", "cfr_cat", 1]]}, {"paint": {"fill-color": "#FFFF99"}, "source-layer": "layer0", "type": "fill", "filter": ["all", ["==", "cfr_cat", 0]]}, {"paint": {"fill-color": "#808080"}, "source-layer": "layer0", "type": "fill", "filter": ["all", ["==", "cfr_cat", -1]]}]}}, "legendConfig": {"items": [{"id": 0, "color": "#FFFF99", "name": "\u2800Low\u2800"}, {"id": 1, "color": "#FFE600", "name": "\u2800Low to\u2800 \u2800medium\u2800"}, {"id": 1, "color": "#FF9900", "name": "\u2800Medium to\u2800 \u2800high\u2800"}, {"id": 2, "color": "#FF1900", "name": "\u2800High\u2800"}, {"id": 3, "color": "#990000", "name": "\u2800Extremely\u2800 \u2800high\u2800"}, {"id": 4, "color": "#4E4E4E", "name": "\u2800No\u2800 \u2800data\u2800"}], "type": "choropleth"}, "interactionConfig": {"output": [{"type": "string", "suffix": "", "property": "Coastal flood risk", "prefix": "", "format": null, "column": "cfr_label"}, {"column": "cartodb_id", "format": null, "prefix": "", "property": "Area ID", "suffix": "", "type": "number"}]}, "applicationConfig": {}, "staticImageConfig": {}, "createdAt": "2020-02-06T15:27:15.300Z", "updatedAt": "2019-08-14T18:15:29.086Z"}}], "vocabulary": [{"type": "vocabulary", "attributes": {"resource": {"id": "d39919a9-0940-4038-87ac-662f944bc846", "type": "dataset"}, "tags": ["geospatial", "historical", "vector", "SDG_6_Clean_Water_and_Sanitation", "water", "coastal_flooding", "flood", "global"], "name": "knowledge_graph", "application": "rw"}}], "widgetRelevantProps": ["pfaf_id", "sub_name", "maj_name", "cfr_raw", "cfr_score", "cfr_cat", "cfr_label"], "layerRelevantProps": ["sub_name", "maj_name", "cfr_label"]}}