{"id": "d3a6b89f-cf5c-40cf-b2b3-ac1c8315c648", "type": "dataset", "server": "https://api.resourcewatch.org", "attributes": {"name": "soc.023 Fragile States Index", "slug": "soc_023-Fragile-States-Index", "type": "tabular", "subtitle": "", "application": ["rw"], "dataPath": "", "attributesPath": null, "connectorType": "rest", "provider": "cartodb", "userId": "58f63c81bd32c60206ed6b12", "connectorUrl": "https://wri-rw.carto.com/tables/ soc_023_fragile_states_index/public", "sources": [], "tableName": "%20soc_023_fragile_states_index", "status": "saved", "published": true, "overwrite": false, "verified": false, "blockchain": {}, "subscribable": {}, "mainDateField": null, "env": "production", "geoInfo": true, "protected": false, "legend": {"date": [], "region": [], "country": [], "nested": [], "integer": [], "short": [], "byte": [], "double": [], "float": [], "half_float": [], "scaled_float": [], "boolean": [], "binary": [], "text": [], "keyword": []}, "clonedHost": {}, "errorMessage": null, "taskId": null, "createdAt": "2020-02-06T15:29:06.456Z", "updatedAt": "2018-04-08T23:18:31.691Z", "dataLastUpdated": null, "metadata": [{"id": "59dd226c26cb7a0013147aaf", "type": "metadata", "attributes": {"dataset": "d3a6b89f-cf5c-40cf-b2b3-ac1c8315c648", "application": "rw", "resource": {"id": "d3a6b89f-cf5c-40cf-b2b3-ac1c8315c648", "type": "dataset"}, "language": "en", "name": "Fragile States Index", "description": "The Fragile States Index (FSI), produced by the Fund for Peace (FFP), measures the vulnerability of states to collapse. It not only highlights the normal pressures that all states experience but also identifies when pressures exceed a state\u2019s capacity to manage them. The FFP collects millions of reports and information from around the world, detailing existing social, economic, and political pressures. Based on the comprehensive social science approach of their Conflict Assessment System Tool (CAST), data from 3 main streams--preexisting quantitative data sets, content analysis, and qualitative expert analysis\u2014are triangulated and subjected to critical review to obtain final scores for the index. The higher the index score the closer a state is to failure. The index is produced annually and covers 178 countries. Resource Watch shows only a subset of the data set. For access to the full data set and additional information, see the Learn More link.", "source": "FFP", "info": {"rwId": "soc.023", "data_type": "Tabular", "name": "Fragile States Index", "sources": [{"source-name": "Fund for Peace (FFP)", "id": 0, "source-description": ""}], "technical_title": "Fragile States Index", "functions": "A measurement of states' vulnerability to collapse", "cautions": "The final FSI product is intended as an entry point into deeper interpretive analysis for the user.", "citation": "The Fund for Peace. 2017. \"Fragile States Index.\" Washington, D.C.: The Fund for Peace. Accessed through Resource Watch, (date). [www.resourcewatch.org](www.resourcewatch.org).", "license": "Creative Commons Attribution 4.0 International", "license_link": "https://creativecommons.org/licenses/by/4.0/", "geographic_coverage": "Global", "spatial_resolution": "National", "date_of_content": "2005-Present", "frequency_of_updates": "Annual", "learn_more_link": "http://fsi.fundforpeace.org/", "data_download_link": "https://wri-public-data.s3.amazonaws.com/resourcewatch/soc_023_fragile_states.zip", "data_download_original_link": "http://fundforpeace.org/fsi/excel/"}, "columns": {"country": {"alias": ""}, "rank_2017": {"alias": "2017 Rank", "description": "Fragile States Index rank"}, "score_2017": {"alias": "2017 Score", "description": "Fragile States Index score"}, "rank_2016": {"alias": "2016 Rank", "description": "Fragile States Index rank"}, "score_2016": {"alias": "2016 Score", "description": "Fragile States Index score"}, "rank_2015": {"alias": "2015 Rank", "description": "Fragile States Index rank"}, "score_2015": {"alias": "2015 Score", "description": "Fragile States Index score"}, "rank_2014": {"alias": "2014 Rank", "description": "Fragile States Index rank"}, "score_2014": {"alias": "2014 Score", "description": "Fragile States Index score"}, "rank_2013": {"alias": "2013 Rank", "description": "Fragile States Index rank"}, "score_2013": {"alias": "2013 Score", "description": "Fragile States Index score"}, "rank_2012": {"alias": "2012 Rank", "description": "Fragile States Index rank"}, "score_2012": {"alias": "2012 Score", "description": "Fragile States Index score"}, "rank_2011": {"alias": "2011 Rank", "description": "Fragile States Index rank"}, "score_2011": {"alias": "2011 Score", "description": "Fragile States Index score"}, "rank_2010": {"alias": "2010 Rank", "description": "Fragile States Index rank"}, "score_2010": {"alias": "2010 Score", "description": "Fragile States Index score"}, "rank_2009": {"alias": "2009 Rank", "description": "Fragile States Index rank"}, "score_2009": {"alias": "2009 Score", "description": "Fragile States Index score"}, "rank_2008": {"alias": "2008 Rank", "description": "Fragile States Index rank"}, "score_2008": {"alias": "2008 Score", "description": "Fragile States Index score"}, "rank_2007": {"alias": "2007 Rank", "description": "Fragile States Index rank"}, "score_2007": {"alias": "2007 Score", "description": "Fragile States Index score"}, "rank_2006": {"alias": "2006 Rank", "description": "Fragile States Index rank"}, "score_2006": {"alias": "2006 Score", "description": "Fragile States Index score"}, "datetime": {"alias": "Year"}, "rank_data": {"alias": "Rank", "description": "Fragile States Index rank"}, "score_data": {"alias": "Score", "description": "Fragile States Index xcore"}, "rw_country_code": {"alias": ""}, "rw_country_name": {"alias": "Country"}}, "createdAt": "2017-10-10T19:41:32.467Z", "updatedAt": "2020-02-04T19:46:36.738Z", "status": "published"}}], "widget": [{"id": "0d37f58b-f625-4963-b648-956c026f8861", "type": "widget", "attributes": {"name": "2017 Top 15 Fragile States", "dataset": "d3a6b89f-cf5c-40cf-b2b3-ac1c8315c648", "slug": "2017-Fragile-States", "userId": "5981e73b0c069f3c93dc5e2a", "description": "", "source": "", "authors": "", "application": ["rw"], "verified": false, "default": false, "protected": false, "defaultEditableWidget": true, "published": true, "freeze": false, "env": "production", "queryUrl": "", "widgetConfig": {"paramsConfig": {"visualizationType": "chart", "caption": null, "limit": 15, "value": {"name": "score_data", "alias": "Score", "type": "number", "datasetID": "d3a6b89f-cf5c-40cf-b2b3-ac1c8315c648", "tableName": "%20soc_023_fragile_states_index"}, "category": {"name": "rw_country_name", "alias": "Country", "type": "string", "datasetID": "d3a6b89f-cf5c-40cf-b2b3-ac1c8315c648", "tableName": "%20soc_023_fragile_states_index"}, "color": null, "size": null, "orderBy": {"name": "score_data", "alias": "Score", "type": "number", "orderType": "desc"}, "aggregateFunction": null, "chartType": "bar", "filters": [{"name": "datetime", "alias": "Year", "type": "number", "datasetID": "d3a6b89f-cf5c-40cf-b2b3-ac1c8315c648", "tableName": "%20soc_023_fragile_states_index", "value": [2017, 2017]}], "areaIntersection": null, "band": null, "layer": null}, "data": [{"name": "table", "transform": [{"type": "identifier", "as": "id"}], "url": "https://api.resourcewatch.org/v1/query/d3a6b89f-cf5c-40cf-b2b3-ac1c8315c648?sql=SELECT rw_country_name as x, score_data as y FROM %20soc_023_fragile_states_index WHERE datetime >= 2017 AND datetime <= 2017  ORDER BY score_data desc LIMIT 15", "format": {"type": "json", "property": "data"}}, {"name": "stats", "source": "table", "transform": [{"type": "extent", "field": "x", "signal": "extent"}]}], "scales": [{"name": "x", "type": "band", "range": "width", "padding": 0.05, "domain": {"data": "table", "field": "id"}}, {"name": "y", "type": "linear", "range": "height", "nice": true, "zero": true, "domain": {"data": "table", "field": "y"}}], "axes": [{"orient": "bottom", "scale": "x", "labelOverlap": "parity", "ticks": false, "encode": {"labels": {"update": {"text": {"signal": "data('table')[datum.value - 1].x"}, "align": {"signal": "width < 300 || extent[1] > 10 ? 'right' : 'center'"}, "baseline": {"signal": "width < 300 || extent[1] > 10 ? 'middle' : 'top'"}, "angle": {"signal": "width < 300 || extent[1] > 10 ? -90 :0 "}}}}}, {"orient": "left", "scale": "y", "labelOverlap": "parity", "encode": {"labels": {"update": {"align": {"value": "right"}, "baseline": {"value": "bottom"}}}}}], "marks": [{"type": "rect", "from": {"data": "table"}, "encode": {"update": {"opacity": {"value": 1}, "x": {"scale": "x", "field": "id"}, "width": {"scale": "x", "band": 1}, "y": {"scale": "y", "field": "y"}, "y2": {"scale": "y", "value": 0}}, "hover": {"opacity": {"value": 0.8}}}}], "interaction_config": [{"name": "tooltip", "config": {"fields": [{"column": "y", "property": "Score", "type": "number", "format": ".2s"}, {"column": "x", "property": "Country", "type": "string", "format": ".2f"}]}}]}, "template": false, "createdAt": "2017-10-12T22:07:13.587Z", "updatedAt": "2017-10-12T22:07:13.587Z"}}, {"id": "3f21ccef-75a3-4e7d-9307-5ec8e4b89261", "type": "widget", "attributes": {"name": "Morocco ranks in the middle of the 2016 Fragile States Index", "dataset": "d3a6b89f-cf5c-40cf-b2b3-ac1c8315c648", "slug": "Morocco-ranks-in-the-middle-of-the-2016-Fragile-States-Index", "userId": "5ac686233afc27f9921fa932", "description": "The Fragile States Index measures the vulnerability of states to collapse. The higher the index score the closer a state is to failure.", "application": ["rw"], "verified": false, "default": false, "protected": false, "defaultEditableWidget": false, "published": false, "freeze": false, "env": "production", "widgetConfig": {"paramsConfig": {"layer": "4415d360-04c0-4822-97d4-937d71e81d0a", "band": null, "areaIntersection": null, "filters": [], "chartType": "bar", "aggregateFunction": null, "orderBy": null, "size": null, "color": null, "category": {"alias": "Country", "name": "country", "type": "string", "datasetID": "d3a6b89f-cf5c-40cf-b2b3-ac1c8315c648", "tableName": "%20soc_023_fragile_states_index"}, "value": null, "limit": 15, "caption": null, "visualizationType": "map"}, "bbox": [-36.38671875000001, 6.664607562172573, 34.54101562500001, 49.83798245308484], "lng": -0.9228515625000001, "lat": 30.600093873550072, "zoom": 4, "layer_id": "4415d360-04c0-4822-97d4-937d71e81d0a", "type": "map"}, "template": false, "createdAt": "2018-04-06T17:23:20.289Z", "updatedAt": "2018-04-06T17:23:20.289Z"}}, {"id": "052cb6bd-7a89-4628-b7d6-dc989d365143", "type": "widget", "attributes": {"name": "Iraq is extremely vulnerable to collapse, with a Fragile State Index score of more than 100 out of 120.", "dataset": "d3a6b89f-cf5c-40cf-b2b3-ac1c8315c648", "slug": "Iraq-is-extremely-vulnerable-to-collapse-with-a-Fragile-State-Index-score-of-more-than-100-out-of-120", "userId": "5ac686233afc27f9921fa932", "description": "The Fragile States Index measures the vulnerability of states to collapse. The higher the index score the closer a state is to failure.", "application": ["rw"], "verified": false, "default": false, "protected": false, "defaultEditableWidget": false, "published": false, "freeze": false, "env": "production", "widgetConfig": {"paramsConfig": {"layer": "4415d360-04c0-4822-97d4-937d71e81d0a", "band": null, "areaIntersection": null, "filters": [], "chartType": "bar", "aggregateFunction": null, "orderBy": null, "size": null, "color": null, "category": {"alias": "Country", "name": "country", "type": "string", "datasetID": "d3a6b89f-cf5c-40cf-b2b3-ac1c8315c648", "tableName": "%20soc_023_fragile_states_index"}, "value": null, "limit": 15, "caption": null, "visualizationType": "map"}, "bbox": [12.041015625000002, 12.726084296948196, 82.96875000000001, 53.64463782485651], "lng": 47.50488281250001, "lat": 35.746512259918504, "zoom": 4, "layer_id": "4415d360-04c0-4822-97d4-937d71e81d0a", "type": "map"}, "template": false, "createdAt": "2018-04-06T17:32:13.116Z", "updatedAt": "2018-04-06T17:32:13.116Z"}}, {"id": "0672902d-c31a-44e7-8dd2-7b22d23221f7", "type": "widget", "attributes": {"name": "Spain is not considered to be a fragile state.", "dataset": "d3a6b89f-cf5c-40cf-b2b3-ac1c8315c648", "slug": "Spain-is-not-considered-to-be-a-fragile-state", "userId": "5ac686233afc27f9921fa932", "description": "The Fragile States Index measures the vulnerability of states to collapse. The higher the index score the closer a state is to failure.", "application": ["rw"], "verified": false, "default": false, "protected": false, "defaultEditableWidget": false, "published": false, "freeze": false, "env": "production", "widgetConfig": {"paramsConfig": {"layer": "4415d360-04c0-4822-97d4-937d71e81d0a", "band": null, "areaIntersection": null, "filters": [], "chartType": "bar", "aggregateFunction": null, "orderBy": null, "size": null, "color": null, "category": {"alias": "Country", "name": "country", "type": "string", "datasetID": "d3a6b89f-cf5c-40cf-b2b3-ac1c8315c648", "tableName": "%20soc_023_fragile_states_index"}, "value": null, "limit": 15, "caption": null, "visualizationType": "map"}, "bbox": [-19.819335937500004, 29.726222319395504, 15.644531250000002, 49.18170338770663], "lng": -2.0874023437500004, "lat": 40.1452892956766, "zoom": 5, "layer_id": "4415d360-04c0-4822-97d4-937d71e81d0a", "type": "map"}, "template": false, "createdAt": "2018-04-06T17:40:17.875Z", "updatedAt": "2018-04-06T17:40:17.875Z"}}], "layer": [{"id": "4415d360-04c0-4822-97d4-937d71e81d0a", "type": "layer", "attributes": {"name": "2016 Fragile States Index", "slug": "Fragile-States-Index-2016", "dataset": "d3a6b89f-cf5c-40cf-b2b3-ac1c8315c648", "description": "The Fragile States Index measures the vulnerability of states to collapse. The higher the index score the closer a state is to failure. Data shown represent the year 2016.", "application": ["rw"], "iso": [], "provider": "cartodb", "userId": "58f63c81bd32c60206ed6b12", "default": false, "protected": false, "published": true, "env": "production", "layerConfig": {"body": {"layers": [{"options": {"cartocss_version": "2.3.0", "cartocss": "#layer {polygon-opacity:1; line-width:0.5; line-color:#FFF; line-opacity:1;} [score_data>=120]{polygon-fill:#d73027;} [score_data>=110][score_data<120]{polygon-fill:#7E0308;} [score_data>=100][score_data<110]{polygon-fill:#CB0815;} [score_data>=90][score_data<100]{polygon-fill:#FC351D;} [score_data>=80][score_data<90]{polygon-fill:#FD7F38;} [score_data>=70][score_data<80]{polygon-fill:#FDBF2D;} [score_data>=60][score_data<70]{polygon-fill:#FFFC37;} [score_data>=50][score_data<60]{polygon-fill:#3DCA3F;} [score_data>=40][score_data<50]{polygon-fill:#159718;} [score_data>=30][score_data<40]{polygon-fill:#0A650D;} [score_data>=20][score_data<30]{polygon-fill:#3668CA;} [score_data>=10][score_data<20]{polygon-fill:#063697;} [score_data<10]{polygon-fill:#020865;}", "sql": "SELECT wri.cartodb_id, wri.the_geom_webmercator, data.rw_country_name, data.score_data, data.rank_data FROM soc_023_fragile_states_index data LEFT OUTER JOIN wri_countries_a wri ON wri.iso_a3=data.rw_country_code WHERE data.score_data IS NOT NULL AND datetime=2016"}, "type": "mapnik"}], "minzoom": 3, "maxzoom": 18, "vectorLayers": [{"paint": {"line-width": 0.5, "line-color": "#FFF", "line-opacity": 1}, "source-layer": "layer0", "type": "line", "filter": ["all"]}, {"paint": {"fill-opacity": 1}, "source-layer": "layer0", "type": "fill", "filter": ["all"]}, {"paint": {"fill-color": "#d73027"}, "source-layer": "layer0", "type": "fill", "filter": ["all", [">=", "score_data", 120]]}, {"paint": {"fill-color": "#7E0308"}, "source-layer": "layer0", "type": "fill", "filter": ["all", [">=", "score_data", 110], ["<", "score_data", 120]]}, {"paint": {"fill-color": "#CB0815"}, "source-layer": "layer0", "type": "fill", "filter": ["all", [">=", "score_data", 100], ["<", "score_data", 110]]}, {"paint": {"fill-color": "#FC351D"}, "source-layer": "layer0", "type": "fill", "filter": ["all", [">=", "score_data", 90], ["<", "score_data", 100]]}, {"paint": {"fill-color": "#FD7F38"}, "source-layer": "layer0", "type": "fill", "filter": ["all", [">=", "score_data", 80], ["<", "score_data", 90]]}, {"paint": {"fill-color": "#FDBF2D"}, "source-layer": "layer0", "type": "fill", "filter": ["all", [">=", "score_data", 70], ["<", "score_data", 80]]}, {"paint": {"fill-color": "#FFFC37"}, "source-layer": "layer0", "type": "fill", "filter": ["all", [">=", "score_data", 60], ["<", "score_data", 70]]}, {"paint": {"fill-color": "#3DCA3F"}, "source-layer": "layer0", "type": "fill", "filter": ["all", [">=", "score_data", 50], ["<", "score_data", 60]]}, {"paint": {"fill-color": "#159718"}, "source-layer": "layer0", "type": "fill", "filter": ["all", [">=", "score_data", 40], ["<", "score_data", 50]]}, {"paint": {"fill-color": "#0A650D"}, "source-layer": "layer0", "type": "fill", "filter": ["all", [">=", "score_data", 30], ["<", "score_data", 40]]}, {"paint": {"fill-color": "#3668CA"}, "source-layer": "layer0", "type": "fill", "filter": ["all", [">=", "score_data", 20], ["<", "score_data", 30]]}, {"paint": {"fill-color": "#063697"}, "source-layer": "layer0", "type": "fill", "filter": ["all", [">=", "score_data", 10], ["<", "score_data", 20]]}, {"paint": {"fill-color": "#020865"}, "source-layer": "layer0", "type": "fill", "filter": ["all", ["<", "score_data", 10]]}]}, "account": "wri-rw", "timeline": true, "order": 2016, "timelineLabel": "2016"}, "legendConfig": {"items": [{"color": "#020865", "name": "<10"}, {"color": "#063697", "name": "<20"}, {"color": "#3668CA", "name": "<30"}, {"color": "#0A650D", "name": "<40"}, {"color": "#159718", "name": "<50"}, {"color": "#3DCA3F", "name": "<60"}, {"color": "#FFFC37", "name": "<70"}, {"color": "#FDBF2D", "name": "<80"}, {"color": "#FD7F38", "name": "<90"}, {"color": "#FC351D", "name": "<100"}, {"color": "#CB0815", "name": "<110"}, {"color": "#7E0308", "name": "<120"}], "type": "choropleth"}, "interactionConfig": {"output": [{"column": "rw_country_name", "format": null, "prefix": "", "property": "Country", "suffix": "", "type": "string"}, {"column": "score_data", "format": null, "prefix": "", "property": "2016 Score", "suffix": "", "type": "number"}, {"column": "rank_data", "format": null, "prefix": "", "property": "2016 Rank", "suffix": "", "type": "string"}]}, "applicationConfig": {}, "staticImageConfig": {}, "createdAt": "2020-02-06T15:29:06.517Z", "updatedAt": "2019-07-23T14:13:01.530Z"}}, {"id": "a69a7802-2967-4487-b0ed-812210721bbe", "type": "layer", "attributes": {"name": "2017 Fragile States Index", "slug": "Fragile-States-Index-2017", "dataset": "d3a6b89f-cf5c-40cf-b2b3-ac1c8315c648", "description": "The Fragile States Index measures the vulnerability of states to collapse. The higher the index score the closer a state is to failure. Data shown represent the year 2017.", "application": ["rw"], "iso": [], "provider": "cartodb", "userId": "58f63c81bd32c60206ed6b12", "default": true, "protected": false, "published": true, "env": "production", "layerConfig": {"timeline": true, "order": 2017, "timelineLabel": "2017", "account": "wri-rw", "body": {"maxzoom": 18, "minzoom": 3, "layers": [{"type": "mapnik", "options": {"cartocss": "#layer {polygon-opacity:1; line-width:0.5; line-color:#FFF; line-opacity:1;} [score_data>=120]{polygon-fill:#d73027;} [score_data>=110][score_data<120]{polygon-fill:#7E0308;} [score_data>=100][score_data<110]{polygon-fill:#CB0815;} [score_data>=90][score_data<100]{polygon-fill:#FC351D;} [score_data>=80][score_data<90]{polygon-fill:#FD7F38;} [score_data>=70][score_data<80]{polygon-fill:#FDBF2D;} [score_data>=60][score_data<70]{polygon-fill:#FFFC37;} [score_data>=50][score_data<60]{polygon-fill:#3DCA3F;} [score_data>=40][score_data<50]{polygon-fill:#159718;} [score_data>=30][score_data<40]{polygon-fill:#0A650D;} [score_data>=20][score_data<30]{polygon-fill:#3668CA;} [score_data>=10][score_data<20]{polygon-fill:#063697;} [score_data<10]{polygon-fill:#020865;}", "sql": "SELECT wri.cartodb_id, wri.the_geom_webmercator, data.rw_country_name, data.score_data, data.rank_data FROM soc_023_fragile_states_index data LEFT OUTER JOIN wri_countries_a wri ON wri.iso_a3=data.rw_country_code WHERE data.score_data IS NOT NULL AND datetime=2017", "cartocss_version": "2.3.0"}}], "vectorLayers": [{"paint": {"line-width": 0.5, "line-color": "#FFF", "line-opacity": 1}, "source-layer": "layer0", "type": "line", "filter": ["all"]}, {"paint": {"fill-opacity": 1}, "source-layer": "layer0", "type": "fill", "filter": ["all"]}, {"paint": {"fill-color": "#d73027"}, "source-layer": "layer0", "type": "fill", "filter": ["all", [">=", "score_data", 120]]}, {"paint": {"fill-color": "#7E0308"}, "source-layer": "layer0", "type": "fill", "filter": ["all", [">=", "score_data", 110], ["<", "score_data", 120]]}, {"paint": {"fill-color": "#CB0815"}, "source-layer": "layer0", "type": "fill", "filter": ["all", [">=", "score_data", 100], ["<", "score_data", 110]]}, {"paint": {"fill-color": "#FC351D"}, "source-layer": "layer0", "type": "fill", "filter": ["all", [">=", "score_data", 90], ["<", "score_data", 100]]}, {"paint": {"fill-color": "#FD7F38"}, "source-layer": "layer0", "type": "fill", "filter": ["all", [">=", "score_data", 80], ["<", "score_data", 90]]}, {"paint": {"fill-color": "#FDBF2D"}, "source-layer": "layer0", "type": "fill", "filter": ["all", [">=", "score_data", 70], ["<", "score_data", 80]]}, {"paint": {"fill-color": "#FFFC37"}, "source-layer": "layer0", "type": "fill", "filter": ["all", [">=", "score_data", 60], ["<", "score_data", 70]]}, {"paint": {"fill-color": "#3DCA3F"}, "source-layer": "layer0", "type": "fill", "filter": ["all", [">=", "score_data", 50], ["<", "score_data", 60]]}, {"paint": {"fill-color": "#159718"}, "source-layer": "layer0", "type": "fill", "filter": ["all", [">=", "score_data", 40], ["<", "score_data", 50]]}, {"paint": {"fill-color": "#0A650D"}, "source-layer": "layer0", "type": "fill", "filter": ["all", [">=", "score_data", 30], ["<", "score_data", 40]]}, {"paint": {"fill-color": "#3668CA"}, "source-layer": "layer0", "type": "fill", "filter": ["all", [">=", "score_data", 20], ["<", "score_data", 30]]}, {"paint": {"fill-color": "#063697"}, "source-layer": "layer0", "type": "fill", "filter": ["all", [">=", "score_data", 10], ["<", "score_data", 20]]}, {"paint": {"fill-color": "#020865"}, "source-layer": "layer0", "type": "fill", "filter": ["all", ["<", "score_data", 10]]}]}}, "legendConfig": {"type": "choropleth", "items": [{"name": "<10", "color": "#020865"}, {"name": "<20", "color": "#063697"}, {"name": "<30", "color": "#3668CA"}, {"name": "<40", "color": "#0A650D"}, {"name": "<50", "color": "#159718"}, {"name": "<60", "color": "#3DCA3F"}, {"name": "<70", "color": "#FFFC37"}, {"name": "<80", "color": "#FDBF2D"}, {"name": "<90", "color": "#FD7F38"}, {"name": "<100", "color": "#FC351D"}, {"name": "<110", "color": "#CB0815"}, {"name": "<120", "color": "#7E0308"}]}, "interactionConfig": {"output": [{"column": "rw_country_name", "format": null, "prefix": "", "property": "Country", "suffix": "", "type": "string"}, {"column": "score_data", "format": null, "prefix": "", "property": "2017 Score", "suffix": "", "type": "number"}, {"column": "rank_data", "format": null, "prefix": "", "property": "2017 Rank", "suffix": "", "type": "string"}]}, "applicationConfig": {}, "staticImageConfig": {}, "createdAt": "2020-02-06T15:29:06.517Z", "updatedAt": "2019-07-23T14:14:43.253Z"}}, {"id": "3f10bd89-2a3a-4d58-af94-dc1bdc93d00a", "type": "layer", "attributes": {"name": "2015 Fragile States Index", "slug": "Fragile-States-Index-2015", "dataset": "d3a6b89f-cf5c-40cf-b2b3-ac1c8315c648", "description": "The Fragile States Index measures the vulnerability of states to collapse. The higher the index score the closer a state is to failure. Data shown represent the year 2015.", "application": ["rw"], "iso": [], "provider": "cartodb", "userId": "58f63c81bd32c60206ed6b12", "default": false, "protected": false, "published": true, "env": "production", "layerConfig": {"body": {"layers": [{"options": {"cartocss_version": "2.3.0", "cartocss": "#layer {polygon-opacity:1; line-width:0.5; line-color:#FFF; line-opacity:1;} [score_data>=120]{polygon-fill:#d73027;} [score_data>=110][score_data<120]{polygon-fill:#7E0308;} [score_data>=100][score_data<110]{polygon-fill:#CB0815;} [score_data>=90][score_data<100]{polygon-fill:#FC351D;} [score_data>=80][score_data<90]{polygon-fill:#FD7F38;} [score_data>=70][score_data<80]{polygon-fill:#FDBF2D;} [score_data>=60][score_data<70]{polygon-fill:#FFFC37;} [score_data>=50][score_data<60]{polygon-fill:#3DCA3F;} [score_data>=40][score_data<50]{polygon-fill:#159718;} [score_data>=30][score_data<40]{polygon-fill:#0A650D;} [score_data>=20][score_data<30]{polygon-fill:#3668CA;} [score_data>=10][score_data<20]{polygon-fill:#063697;} [score_data<10]{polygon-fill:#020865;}", "sql": "SELECT wri.cartodb_id, wri.the_geom_webmercator, data.rw_country_name, data.score_data, data.rank_data FROM soc_023_fragile_states_index data LEFT OUTER JOIN wri_countries_a wri ON wri.iso_a3=data.rw_country_code WHERE data.score_data IS NOT NULL AND datetime=2015"}, "type": "mapnik"}], "minzoom": 3, "maxzoom": 18, "vectorLayers": [{"paint": {"line-width": 0.5, "line-color": "#FFF", "line-opacity": 1}, "source-layer": "layer0", "type": "line", "filter": ["all"]}, {"paint": {"fill-opacity": 1}, "source-layer": "layer0", "type": "fill", "filter": ["all"]}, {"paint": {"fill-color": "#d73027"}, "source-layer": "layer0", "type": "fill", "filter": ["all", [">=", "score_data", 120]]}, {"paint": {"fill-color": "#7E0308"}, "source-layer": "layer0", "type": "fill", "filter": ["all", [">=", "score_data", 110], ["<", "score_data", 120]]}, {"paint": {"fill-color": "#CB0815"}, "source-layer": "layer0", "type": "fill", "filter": ["all", [">=", "score_data", 100], ["<", "score_data", 110]]}, {"paint": {"fill-color": "#FC351D"}, "source-layer": "layer0", "type": "fill", "filter": ["all", [">=", "score_data", 90], ["<", "score_data", 100]]}, {"paint": {"fill-color": "#FD7F38"}, "source-layer": "layer0", "type": "fill", "filter": ["all", [">=", "score_data", 80], ["<", "score_data", 90]]}, {"paint": {"fill-color": "#FDBF2D"}, "source-layer": "layer0", "type": "fill", "filter": ["all", [">=", "score_data", 70], ["<", "score_data", 80]]}, {"paint": {"fill-color": "#FFFC37"}, "source-layer": "layer0", "type": "fill", "filter": ["all", [">=", "score_data", 60], ["<", "score_data", 70]]}, {"paint": {"fill-color": "#3DCA3F"}, "source-layer": "layer0", "type": "fill", "filter": ["all", [">=", "score_data", 50], ["<", "score_data", 60]]}, {"paint": {"fill-color": "#159718"}, "source-layer": "layer0", "type": "fill", "filter": ["all", [">=", "score_data", 40], ["<", "score_data", 50]]}, {"paint": {"fill-color": "#0A650D"}, "source-layer": "layer0", "type": "fill", "filter": ["all", [">=", "score_data", 30], ["<", "score_data", 40]]}, {"paint": {"fill-color": "#3668CA"}, "source-layer": "layer0", "type": "fill", "filter": ["all", [">=", "score_data", 20], ["<", "score_data", 30]]}, {"paint": {"fill-color": "#063697"}, "source-layer": "layer0", "type": "fill", "filter": ["all", [">=", "score_data", 10], ["<", "score_data", 20]]}, {"paint": {"fill-color": "#020865"}, "source-layer": "layer0", "type": "fill", "filter": ["all", ["<", "score_data", 10]]}]}, "account": "wri-rw", "timeline": true, "order": 2015, "timelineLabel": "2015"}, "legendConfig": {"items": [{"color": "#020865", "name": "<10"}, {"color": "#063697", "name": "<20"}, {"color": "#3668CA", "name": "<30"}, {"color": "#0A650D", "name": "<40"}, {"color": "#159718", "name": "<50"}, {"color": "#3DCA3F", "name": "<60"}, {"color": "#FFFC37", "name": "<70"}, {"color": "#FDBF2D", "name": "<80"}, {"color": "#FD7F38", "name": "<90"}, {"color": "#FC351D", "name": "<100"}, {"color": "#CB0815", "name": "<110"}, {"color": "#7E0308", "name": "<120"}], "type": "choropleth"}, "interactionConfig": {"output": [{"column": "rw_country_name", "format": null, "prefix": "", "property": "Country", "suffix": "", "type": "string"}, {"column": "score_data", "format": null, "prefix": "", "property": "2015 Score", "suffix": "", "type": "number"}, {"column": "rank_data", "format": null, "prefix": "", "property": "2015 Rank", "suffix": "", "type": "string"}]}, "applicationConfig": {}, "staticImageConfig": {}, "createdAt": "2020-02-06T15:29:06.517Z", "updatedAt": "2019-07-23T14:00:27.690Z"}}, {"id": "d1afaa3c-42e8-487e-9842-72a808853fc4", "type": "layer", "attributes": {"name": "2014 Fragile States Index", "slug": "Fragile-States-Index-2014", "dataset": "d3a6b89f-cf5c-40cf-b2b3-ac1c8315c648", "description": "The Fragile States Index measures the vulnerability of states to collapse. The higher the index score the closer a state is to failure. Data shown represent the year 2014.", "application": ["rw"], "iso": [], "provider": "cartodb", "userId": "58f63c81bd32c60206ed6b12", "default": false, "protected": false, "published": true, "env": "production", "layerConfig": {"body": {"layers": [{"options": {"cartocss_version": "2.3.0", "cartocss": "#layer {polygon-opacity:1; line-width:0.5; line-color:#FFF; line-opacity:1;} [score_data>=120]{polygon-fill:#d73027;} [score_data>=110][score_data<120]{polygon-fill:#7E0308;} [score_data>=100][score_data<110]{polygon-fill:#CB0815;} [score_data>=90][score_data<100]{polygon-fill:#FC351D;} [score_data>=80][score_data<90]{polygon-fill:#FD7F38;} [score_data>=70][score_data<80]{polygon-fill:#FDBF2D;} [score_data>=60][score_data<70]{polygon-fill:#FFFC37;} [score_data>=50][score_data<60]{polygon-fill:#3DCA3F;} [score_data>=40][score_data<50]{polygon-fill:#159718;} [score_data>=30][score_data<40]{polygon-fill:#0A650D;} [score_data>=20][score_data<30]{polygon-fill:#3668CA;} [score_data>=10][score_data<20]{polygon-fill:#063697;} [score_data<10]{polygon-fill:#020865;}", "sql": "SELECT wri.cartodb_id, wri.the_geom_webmercator, data.rw_country_name, data.score_data, data.rank_data FROM soc_023_fragile_states_index data LEFT OUTER JOIN wri_countries_a wri ON wri.iso_a3=data.rw_country_code WHERE data.score_data IS NOT NULL AND datetime=2014"}, "type": "mapnik"}], "minzoom": 3, "maxzoom": 18, "vectorLayers": [{"paint": {"line-width": 0.5, "line-color": "#FFF", "line-opacity": 1}, "source-layer": "layer0", "type": "line", "filter": ["all"]}, {"paint": {"fill-opacity": 1}, "source-layer": "layer0", "type": "fill", "filter": ["all"]}, {"paint": {"fill-color": "#d73027"}, "source-layer": "layer0", "type": "fill", "filter": ["all", [">=", "score_data", 120]]}, {"paint": {"fill-color": "#7E0308"}, "source-layer": "layer0", "type": "fill", "filter": ["all", [">=", "score_data", 110], ["<", "score_data", 120]]}, {"paint": {"fill-color": "#CB0815"}, "source-layer": "layer0", "type": "fill", "filter": ["all", [">=", "score_data", 100], ["<", "score_data", 110]]}, {"paint": {"fill-color": "#FC351D"}, "source-layer": "layer0", "type": "fill", "filter": ["all", [">=", "score_data", 90], ["<", "score_data", 100]]}, {"paint": {"fill-color": "#FD7F38"}, "source-layer": "layer0", "type": "fill", "filter": ["all", [">=", "score_data", 80], ["<", "score_data", 90]]}, {"paint": {"fill-color": "#FDBF2D"}, "source-layer": "layer0", "type": "fill", "filter": ["all", [">=", "score_data", 70], ["<", "score_data", 80]]}, {"paint": {"fill-color": "#FFFC37"}, "source-layer": "layer0", "type": "fill", "filter": ["all", [">=", "score_data", 60], ["<", "score_data", 70]]}, {"paint": {"fill-color": "#3DCA3F"}, "source-layer": "layer0", "type": "fill", "filter": ["all", [">=", "score_data", 50], ["<", "score_data", 60]]}, {"paint": {"fill-color": "#159718"}, "source-layer": "layer0", "type": "fill", "filter": ["all", [">=", "score_data", 40], ["<", "score_data", 50]]}, {"paint": {"fill-color": "#0A650D"}, "source-layer": "layer0", "type": "fill", "filter": ["all", [">=", "score_data", 30], ["<", "score_data", 40]]}, {"paint": {"fill-color": "#3668CA"}, "source-layer": "layer0", "type": "fill", "filter": ["all", [">=", "score_data", 20], ["<", "score_data", 30]]}, {"paint": {"fill-color": "#063697"}, "source-layer": "layer0", "type": "fill", "filter": ["all", [">=", "score_data", 10], ["<", "score_data", 20]]}, {"paint": {"fill-color": "#020865"}, "source-layer": "layer0", "type": "fill", "filter": ["all", ["<", "score_data", 10]]}]}, "account": "wri-rw", "timeline": true, "order": 2014, "timelineLabel": "2014"}, "legendConfig": {"type": "choropleth", "items": [{"name": "<10", "color": "#020865"}, {"name": "<20", "color": "#063697"}, {"name": "<30", "color": "#3668CA"}, {"name": "<40", "color": "#0A650D"}, {"name": "<50", "color": "#159718"}, {"name": "<60", "color": "#3DCA3F"}, {"name": "<70", "color": "#FFFC37"}, {"name": "<80", "color": "#FDBF2D"}, {"name": "<90", "color": "#FD7F38"}, {"name": "<100", "color": "#FC351D"}, {"name": "<110", "color": "#CB0815"}, {"name": "<120", "color": "#7E0308"}]}, "interactionConfig": {"items": [{"color": "#020865", "name": "<10"}, {"color": "#063697", "name": "<20"}, {"color": "#3668CA", "name": "<30"}, {"color": "#0A650D", "name": "<40"}, {"color": "#159718", "name": "<50"}, {"color": "#3DCA3F", "name": "<60"}, {"color": "#FFFC37", "name": "<70"}, {"color": "#FDBF2D", "name": "<80"}, {"color": "#FD7F38", "name": "<90"}, {"color": "#FC351D", "name": "<100"}, {"color": "#CB0815", "name": "<110"}, {"color": "#7E0308", "name": "<120"}], "type": "choropleth", "output": [{"column": "rw_country_name", "format": null, "prefix": "", "property": "Country", "suffix": "", "type": "string"}, {"column": "score_data", "format": null, "prefix": "", "property": "2014 Score", "suffix": "", "type": "number"}, {"column": "rank_data", "format": null, "prefix": "", "property": "2014 Rank", "suffix": "", "type": "string"}]}, "applicationConfig": {}, "staticImageConfig": {}, "createdAt": "2020-02-06T15:29:06.518Z", "updatedAt": "2019-07-23T13:55:59.371Z"}}, {"id": "ee3d748f-e175-45fb-8675-a981f6056848", "type": "layer", "attributes": {"name": "2013 Fragile States Index", "slug": "Fragile-States-Index-2013", "dataset": "d3a6b89f-cf5c-40cf-b2b3-ac1c8315c648", "description": "The Fragile States Index measures the vulnerability of states to collapse. The higher the index score the closer a state is to failure. Data shown represent the year 2013.", "application": ["rw"], "iso": [], "provider": "cartodb", "userId": "58f63c81bd32c60206ed6b12", "default": false, "protected": false, "published": true, "env": "production", "layerConfig": {"body": {"layers": [{"options": {"cartocss_version": "2.3.0", "cartocss": "#layer {polygon-opacity:1; line-width:0.5; line-color:#FFF; line-opacity:1;} [score_data>=120]{polygon-fill:#d73027;} [score_data>=110][score_data<120]{polygon-fill:#7E0308;} [score_data>=100][score_data<110]{polygon-fill:#CB0815;} [score_data>=90][score_data<100]{polygon-fill:#FC351D;} [score_data>=80][score_data<90]{polygon-fill:#FD7F38;} [score_data>=70][score_data<80]{polygon-fill:#FDBF2D;} [score_data>=60][score_data<70]{polygon-fill:#FFFC37;} [score_data>=50][score_data<60]{polygon-fill:#3DCA3F;} [score_data>=40][score_data<50]{polygon-fill:#159718;} [score_data>=30][score_data<40]{polygon-fill:#0A650D;} [score_data>=20][score_data<30]{polygon-fill:#3668CA;} [score_data>=10][score_data<20]{polygon-fill:#063697;} [score_data<10]{polygon-fill:#020865;}", "sql": "SELECT wri.cartodb_id, wri.the_geom_webmercator, data.rw_country_name, data.score_data, data.rank_data FROM soc_023_fragile_states_index data LEFT OUTER JOIN wri_countries_a wri ON wri.iso_a3=data.rw_country_code WHERE data.score_data IS NOT NULL AND datetime=2013"}, "type": "mapnik"}], "minzoom": 3, "maxzoom": 18, "vectorLayers": [{"paint": {"line-width": 0.5, "line-color": "#FFF", "line-opacity": 1}, "source-layer": "layer0", "type": "line", "filter": ["all"]}, {"paint": {"fill-opacity": 1}, "source-layer": "layer0", "type": "fill", "filter": ["all"]}, {"paint": {"fill-color": "#d73027"}, "source-layer": "layer0", "type": "fill", "filter": ["all", [">=", "score_data", 120]]}, {"paint": {"fill-color": "#7E0308"}, "source-layer": "layer0", "type": "fill", "filter": ["all", [">=", "score_data", 110], ["<", "score_data", 120]]}, {"paint": {"fill-color": "#CB0815"}, "source-layer": "layer0", "type": "fill", "filter": ["all", [">=", "score_data", 100], ["<", "score_data", 110]]}, {"paint": {"fill-color": "#FC351D"}, "source-layer": "layer0", "type": "fill", "filter": ["all", [">=", "score_data", 90], ["<", "score_data", 100]]}, {"paint": {"fill-color": "#FD7F38"}, "source-layer": "layer0", "type": "fill", "filter": ["all", [">=", "score_data", 80], ["<", "score_data", 90]]}, {"paint": {"fill-color": "#FDBF2D"}, "source-layer": "layer0", "type": "fill", "filter": ["all", [">=", "score_data", 70], ["<", "score_data", 80]]}, {"paint": {"fill-color": "#FFFC37"}, "source-layer": "layer0", "type": "fill", "filter": ["all", [">=", "score_data", 60], ["<", "score_data", 70]]}, {"paint": {"fill-color": "#3DCA3F"}, "source-layer": "layer0", "type": "fill", "filter": ["all", [">=", "score_data", 50], ["<", "score_data", 60]]}, {"paint": {"fill-color": "#159718"}, "source-layer": "layer0", "type": "fill", "filter": ["all", [">=", "score_data", 40], ["<", "score_data", 50]]}, {"paint": {"fill-color": "#0A650D"}, "source-layer": "layer0", "type": "fill", "filter": ["all", [">=", "score_data", 30], ["<", "score_data", 40]]}, {"paint": {"fill-color": "#3668CA"}, "source-layer": "layer0", "type": "fill", "filter": ["all", [">=", "score_data", 20], ["<", "score_data", 30]]}, {"paint": {"fill-color": "#063697"}, "source-layer": "layer0", "type": "fill", "filter": ["all", [">=", "score_data", 10], ["<", "score_data", 20]]}, {"paint": {"fill-color": "#020865"}, "source-layer": "layer0", "type": "fill", "filter": ["all", ["<", "score_data", 10]]}]}, "account": "wri-rw", "timeline": true, "order": 2013, "timelineLabel": "2013"}, "legendConfig": {"items": [{"color": "#020865", "name": "<10"}, {"color": "#063697", "name": "<20"}, {"color": "#3668CA", "name": "<30"}, {"color": "#0A650D", "name": "<40"}, {"color": "#159718", "name": "<50"}, {"color": "#3DCA3F", "name": "<60"}, {"color": "#FFFC37", "name": "<70"}, {"color": "#FDBF2D", "name": "<80"}, {"color": "#FD7F38", "name": "<90"}, {"color": "#FC351D", "name": "<100"}, {"color": "#CB0815", "name": "<110"}, {"color": "#7E0308", "name": "<120"}], "type": "choropleth"}, "interactionConfig": {"output": [{"column": "rw_country_name", "format": null, "prefix": "", "property": "Country", "suffix": "", "type": "string"}, {"column": "score_data", "format": null, "prefix": "", "property": "2013 Score", "suffix": "", "type": "number"}, {"column": "rank_data", "format": null, "prefix": "", "property": "2013 Rank", "suffix": "", "type": "string"}]}, "applicationConfig": {}, "staticImageConfig": {}, "createdAt": "2020-02-06T15:29:06.518Z", "updatedAt": "2019-07-23T14:05:57.625Z"}}, {"id": "6f542ad0-dc1d-4d29-9e59-8b6a55333f8e", "type": "layer", "attributes": {"name": "2012 Fragile States Index", "slug": "Fragile-States-Index-2012", "dataset": "d3a6b89f-cf5c-40cf-b2b3-ac1c8315c648", "description": "The Fragile States Index measures the vulnerability of states to collapse. The higher the index score the closer a state is to failure. Data shown represent the year 2012.", "application": ["rw"], "iso": [], "provider": "cartodb", "userId": "58f63c81bd32c60206ed6b12", "default": false, "protected": false, "published": true, "env": "production", "layerConfig": {"body": {"layers": [{"options": {"cartocss_version": "2.3.0", "cartocss": "#layer {polygon-opacity:1; line-width:0.5; line-color:#FFF; line-opacity:1;} [score_data>=120]{polygon-fill:#d73027;} [score_data>=110][score_data<120]{polygon-fill:#7E0308;} [score_data>=100][score_data<110]{polygon-fill:#CB0815;} [score_data>=90][score_data<100]{polygon-fill:#FC351D;} [score_data>=80][score_data<90]{polygon-fill:#FD7F38;} [score_data>=70][score_data<80]{polygon-fill:#FDBF2D;} [score_data>=60][score_data<70]{polygon-fill:#FFFC37;} [score_data>=50][score_data<60]{polygon-fill:#3DCA3F;} [score_data>=40][score_data<50]{polygon-fill:#159718;} [score_data>=30][score_data<40]{polygon-fill:#0A650D;} [score_data>=20][score_data<30]{polygon-fill:#3668CA;} [score_data>=10][score_data<20]{polygon-fill:#063697;} [score_data<10]{polygon-fill:#020865;}", "sql": "SELECT wri.cartodb_id, wri.the_geom_webmercator, data.rw_country_name, data.score_data, data.rank_data FROM soc_023_fragile_states_index data LEFT OUTER JOIN wri_countries_a wri ON wri.iso_a3=data.rw_country_code WHERE data.score_data IS NOT NULL AND datetime=2012"}, "type": "mapnik"}], "minzoom": 3, "maxzoom": 18, "vectorLayers": [{"paint": {"line-width": 0.5, "line-color": "#FFF", "line-opacity": 1}, "source-layer": "layer0", "type": "line", "filter": ["all"]}, {"paint": {"fill-opacity": 1}, "source-layer": "layer0", "type": "fill", "filter": ["all"]}, {"paint": {"fill-color": "#d73027"}, "source-layer": "layer0", "type": "fill", "filter": ["all", [">=", "score_data", 120]]}, {"paint": {"fill-color": "#7E0308"}, "source-layer": "layer0", "type": "fill", "filter": ["all", [">=", "score_data", 110], ["<", "score_data", 120]]}, {"paint": {"fill-color": "#CB0815"}, "source-layer": "layer0", "type": "fill", "filter": ["all", [">=", "score_data", 100], ["<", "score_data", 110]]}, {"paint": {"fill-color": "#FC351D"}, "source-layer": "layer0", "type": "fill", "filter": ["all", [">=", "score_data", 90], ["<", "score_data", 100]]}, {"paint": {"fill-color": "#FD7F38"}, "source-layer": "layer0", "type": "fill", "filter": ["all", [">=", "score_data", 80], ["<", "score_data", 90]]}, {"paint": {"fill-color": "#FDBF2D"}, "source-layer": "layer0", "type": "fill", "filter": ["all", [">=", "score_data", 70], ["<", "score_data", 80]]}, {"paint": {"fill-color": "#FFFC37"}, "source-layer": "layer0", "type": "fill", "filter": ["all", [">=", "score_data", 60], ["<", "score_data", 70]]}, {"paint": {"fill-color": "#3DCA3F"}, "source-layer": "layer0", "type": "fill", "filter": ["all", [">=", "score_data", 50], ["<", "score_data", 60]]}, {"paint": {"fill-color": "#159718"}, "source-layer": "layer0", "type": "fill", "filter": ["all", [">=", "score_data", 40], ["<", "score_data", 50]]}, {"paint": {"fill-color": "#0A650D"}, "source-layer": "layer0", "type": "fill", "filter": ["all", [">=", "score_data", 30], ["<", "score_data", 40]]}, {"paint": {"fill-color": "#3668CA"}, "source-layer": "layer0", "type": "fill", "filter": ["all", [">=", "score_data", 20], ["<", "score_data", 30]]}, {"paint": {"fill-color": "#063697"}, "source-layer": "layer0", "type": "fill", "filter": ["all", [">=", "score_data", 10], ["<", "score_data", 20]]}, {"paint": {"fill-color": "#020865"}, "source-layer": "layer0", "type": "fill", "filter": ["all", ["<", "score_data", 10]]}]}, "account": "wri-rw", "timeline": true, "order": 2012, "timelineLabel": "2012"}, "legendConfig": {"items": [{"color": "#020865", "name": "<10"}, {"color": "#063697", "name": "<20"}, {"color": "#3668CA", "name": "<30"}, {"color": "#0A650D", "name": "<40"}, {"color": "#159718", "name": "<50"}, {"color": "#3DCA3F", "name": "<60"}, {"color": "#FFFC37", "name": "<70"}, {"color": "#FDBF2D", "name": "<80"}, {"color": "#FD7F38", "name": "<90"}, {"color": "#FC351D", "name": "<100"}, {"color": "#CB0815", "name": "<110"}, {"color": "#7E0308", "name": "<120"}], "type": "choropleth"}, "interactionConfig": {"output": [{"column": "rw_country_name", "format": null, "prefix": "", "property": "Country", "suffix": "", "type": "string"}, {"column": "score_data", "format": null, "prefix": "", "property": "2012 Score", "suffix": "", "type": "number"}, {"column": "rank_data", "format": null, "prefix": "", "property": "2012 Rank", "suffix": "", "type": "string"}]}, "applicationConfig": {}, "staticImageConfig": {}, "createdAt": "2020-02-06T15:29:06.518Z", "updatedAt": "2019-07-23T14:08:33.110Z"}}, {"id": "8bc6faa6-ff39-4d51-ab41-6b9fb2d0e748", "type": "layer", "attributes": {"name": "2011 Fragile States Index", "slug": "Fragile-States-Index-2011", "dataset": "d3a6b89f-cf5c-40cf-b2b3-ac1c8315c648", "description": "The Fragile States Index measures the vulnerability of states to collapse. The higher the index score the closer a state is to failure. Data shown represent the year 2011.", "application": ["rw"], "iso": [], "provider": "cartodb", "userId": "58f63c81bd32c60206ed6b12", "default": false, "protected": false, "published": true, "env": "production", "layerConfig": {"body": {"layers": [{"options": {"cartocss_version": "2.3.0", "cartocss": "#layer {polygon-opacity:1; line-width:0.5; line-color:#FFF; line-opacity:1;} [score_data>=120]{polygon-fill:#d73027;} [score_data>=110][score_data<120]{polygon-fill:#7E0308;} [score_data>=100][score_data<110]{polygon-fill:#CB0815;} [score_data>=90][score_data<100]{polygon-fill:#FC351D;} [score_data>=80][score_data<90]{polygon-fill:#FD7F38;} [score_data>=70][score_data<80]{polygon-fill:#FDBF2D;} [score_data>=60][score_data<70]{polygon-fill:#FFFC37;} [score_data>=50][score_data<60]{polygon-fill:#3DCA3F;} [score_data>=40][score_data<50]{polygon-fill:#159718;} [score_data>=30][score_data<40]{polygon-fill:#0A650D;} [score_data>=20][score_data<30]{polygon-fill:#3668CA;} [score_data>=10][score_data<20]{polygon-fill:#063697;} [score_data<10]{polygon-fill:#020865;}", "sql": "SELECT wri.cartodb_id, wri.the_geom_webmercator, data.rw_country_name, data.score_data, data.rank_data FROM soc_023_fragile_states_index data LEFT OUTER JOIN wri_countries_a wri ON wri.iso_a3=data.rw_country_code WHERE data.score_data IS NOT NULL AND datetime=2011"}, "type": "mapnik"}], "minzoom": 3, "maxzoom": 18, "vectorLayers": [{"paint": {"line-width": 0.5, "line-color": "#FFF", "line-opacity": 1}, "source-layer": "layer0", "type": "line", "filter": ["all"]}, {"paint": {"fill-opacity": 1}, "source-layer": "layer0", "type": "fill", "filter": ["all"]}, {"paint": {"fill-color": "#d73027"}, "source-layer": "layer0", "type": "fill", "filter": ["all", [">=", "score_data", 120]]}, {"paint": {"fill-color": "#7E0308"}, "source-layer": "layer0", "type": "fill", "filter": ["all", [">=", "score_data", 110], ["<", "score_data", 120]]}, {"paint": {"fill-color": "#CB0815"}, "source-layer": "layer0", "type": "fill", "filter": ["all", [">=", "score_data", 100], ["<", "score_data", 110]]}, {"paint": {"fill-color": "#FC351D"}, "source-layer": "layer0", "type": "fill", "filter": ["all", [">=", "score_data", 90], ["<", "score_data", 100]]}, {"paint": {"fill-color": "#FD7F38"}, "source-layer": "layer0", "type": "fill", "filter": ["all", [">=", "score_data", 80], ["<", "score_data", 90]]}, {"paint": {"fill-color": "#FDBF2D"}, "source-layer": "layer0", "type": "fill", "filter": ["all", [">=", "score_data", 70], ["<", "score_data", 80]]}, {"paint": {"fill-color": "#FFFC37"}, "source-layer": "layer0", "type": "fill", "filter": ["all", [">=", "score_data", 60], ["<", "score_data", 70]]}, {"paint": {"fill-color": "#3DCA3F"}, "source-layer": "layer0", "type": "fill", "filter": ["all", [">=", "score_data", 50], ["<", "score_data", 60]]}, {"paint": {"fill-color": "#159718"}, "source-layer": "layer0", "type": "fill", "filter": ["all", [">=", "score_data", 40], ["<", "score_data", 50]]}, {"paint": {"fill-color": "#0A650D"}, "source-layer": "layer0", "type": "fill", "filter": ["all", [">=", "score_data", 30], ["<", "score_data", 40]]}, {"paint": {"fill-color": "#3668CA"}, "source-layer": "layer0", "type": "fill", "filter": ["all", [">=", "score_data", 20], ["<", "score_data", 30]]}, {"paint": {"fill-color": "#063697"}, "source-layer": "layer0", "type": "fill", "filter": ["all", [">=", "score_data", 10], ["<", "score_data", 20]]}, {"paint": {"fill-color": "#020865"}, "source-layer": "layer0", "type": "fill", "filter": ["all", ["<", "score_data", 10]]}]}, "account": "wri-rw", "timeline": true, "order": 2011, "timelineLabel": "2011"}, "legendConfig": {"items": [{"color": "#020865", "name": "<10"}, {"color": "#063697", "name": "<20"}, {"color": "#3668CA", "name": "<30"}, {"color": "#0A650D", "name": "<40"}, {"color": "#159718", "name": "<50"}, {"color": "#3DCA3F", "name": "<60"}, {"color": "#FFFC37", "name": "<70"}, {"color": "#FDBF2D", "name": "<80"}, {"color": "#FD7F38", "name": "<90"}, {"color": "#FC351D", "name": "<100"}, {"color": "#CB0815", "name": "<110"}, {"color": "#7E0308", "name": "<120"}], "type": "choropleth"}, "interactionConfig": {"output": [{"column": "rw_country_name", "format": null, "prefix": "", "property": "Country", "suffix": "", "type": "string"}, {"column": "score_data", "format": null, "prefix": "", "property": "2011 Score", "suffix": "", "type": "number"}, {"column": "rank_data", "format": null, "prefix": "", "property": "2011 Rank", "suffix": "", "type": "string"}]}, "applicationConfig": {}, "staticImageConfig": {}, "createdAt": "2020-02-06T15:29:06.518Z", "updatedAt": "2019-07-23T13:58:30.953Z"}}, {"id": "ccfa51c1-ae93-40f4-b8f2-66bcd3ddf29c", "type": "layer", "attributes": {"name": "2010 Fragile States Index", "slug": "Fragile-States-Index-2010", "dataset": "d3a6b89f-cf5c-40cf-b2b3-ac1c8315c648", "description": "The Fragile States Index measures the vulnerability of states to collapse. The higher the index score the closer a state is to failure. Data shown represent the year 2010.", "application": ["rw"], "iso": [], "provider": "cartodb", "userId": "58f63c81bd32c60206ed6b12", "default": false, "protected": false, "published": true, "env": "production", "layerConfig": {"body": {"layers": [{"options": {"cartocss_version": "2.3.0", "cartocss": "#layer {polygon-opacity:1; line-width:0.5; line-color:#FFF; line-opacity:1;} [score_data>=120]{polygon-fill:#d73027;} [score_data>=110][score_data<120]{polygon-fill:#7E0308;} [score_data>=100][score_data<110]{polygon-fill:#CB0815;} [score_data>=90][score_data<100]{polygon-fill:#FC351D;} [score_data>=80][score_data<90]{polygon-fill:#FD7F38;} [score_data>=70][score_data<80]{polygon-fill:#FDBF2D;} [score_data>=60][score_data<70]{polygon-fill:#FFFC37;} [score_data>=50][score_data<60]{polygon-fill:#3DCA3F;} [score_data>=40][score_data<50]{polygon-fill:#159718;} [score_data>=30][score_data<40]{polygon-fill:#0A650D;} [score_data>=20][score_data<30]{polygon-fill:#3668CA;} [score_data>=10][score_data<20]{polygon-fill:#063697;} [score_data<10]{polygon-fill:#020865;}", "sql": "SELECT wri.cartodb_id, wri.the_geom_webmercator, data.rw_country_name, data.score_data, data.rank_data FROM soc_023_fragile_states_index data LEFT OUTER JOIN wri_countries_a wri ON wri.iso_a3=data.rw_country_code WHERE data.score_data IS NOT NULL AND datetime=2010"}, "type": "mapnik"}], "minzoom": 3, "maxzoom": 18, "vectorLayers": [{"paint": {"line-width": 0.5, "line-color": "#FFF", "line-opacity": 1}, "source-layer": "layer0", "type": "line", "filter": ["all"]}, {"paint": {"fill-opacity": 1}, "source-layer": "layer0", "type": "fill", "filter": ["all"]}, {"paint": {"fill-color": "#d73027"}, "source-layer": "layer0", "type": "fill", "filter": ["all", [">=", "score_data", 120]]}, {"paint": {"fill-color": "#7E0308"}, "source-layer": "layer0", "type": "fill", "filter": ["all", [">=", "score_data", 110], ["<", "score_data", 120]]}, {"paint": {"fill-color": "#CB0815"}, "source-layer": "layer0", "type": "fill", "filter": ["all", [">=", "score_data", 100], ["<", "score_data", 110]]}, {"paint": {"fill-color": "#FC351D"}, "source-layer": "layer0", "type": "fill", "filter": ["all", [">=", "score_data", 90], ["<", "score_data", 100]]}, {"paint": {"fill-color": "#FD7F38"}, "source-layer": "layer0", "type": "fill", "filter": ["all", [">=", "score_data", 80], ["<", "score_data", 90]]}, {"paint": {"fill-color": "#FDBF2D"}, "source-layer": "layer0", "type": "fill", "filter": ["all", [">=", "score_data", 70], ["<", "score_data", 80]]}, {"paint": {"fill-color": "#FFFC37"}, "source-layer": "layer0", "type": "fill", "filter": ["all", [">=", "score_data", 60], ["<", "score_data", 70]]}, {"paint": {"fill-color": "#3DCA3F"}, "source-layer": "layer0", "type": "fill", "filter": ["all", [">=", "score_data", 50], ["<", "score_data", 60]]}, {"paint": {"fill-color": "#159718"}, "source-layer": "layer0", "type": "fill", "filter": ["all", [">=", "score_data", 40], ["<", "score_data", 50]]}, {"paint": {"fill-color": "#0A650D"}, "source-layer": "layer0", "type": "fill", "filter": ["all", [">=", "score_data", 30], ["<", "score_data", 40]]}, {"paint": {"fill-color": "#3668CA"}, "source-layer": "layer0", "type": "fill", "filter": ["all", [">=", "score_data", 20], ["<", "score_data", 30]]}, {"paint": {"fill-color": "#063697"}, "source-layer": "layer0", "type": "fill", "filter": ["all", [">=", "score_data", 10], ["<", "score_data", 20]]}, {"paint": {"fill-color": "#020865"}, "source-layer": "layer0", "type": "fill", "filter": ["all", ["<", "score_data", 10]]}]}, "account": "wri-rw", "timeline": true, "order": 2010, "timelineLabel": "2010"}, "legendConfig": {"items": [{"color": "#020865", "name": "<10"}, {"color": "#063697", "name": "<20"}, {"color": "#3668CA", "name": "<30"}, {"color": "#0A650D", "name": "<40"}, {"color": "#159718", "name": "<50"}, {"color": "#3DCA3F", "name": "<60"}, {"color": "#FFFC37", "name": "<70"}, {"color": "#FDBF2D", "name": "<80"}, {"color": "#FD7F38", "name": "<90"}, {"color": "#FC351D", "name": "<100"}, {"color": "#CB0815", "name": "<110"}, {"color": "#7E0308", "name": "<120"}], "type": "choropleth"}, "interactionConfig": {"output": [{"column": "rw_country_name", "format": null, "prefix": "", "property": "Country", "suffix": "", "type": "string"}, {"column": "score_data", "format": null, "prefix": "", "property": "2010 Score", "suffix": "", "type": "number"}, {"column": "rank_data", "format": null, "prefix": "", "property": "2010 Rank", "suffix": "", "type": "string"}]}, "applicationConfig": {}, "staticImageConfig": {}, "createdAt": "2020-02-06T15:29:06.518Z", "updatedAt": "2019-07-23T13:58:44.981Z"}}, {"id": "c4387391-f962-412e-9188-78cbf2f6a39a", "type": "layer", "attributes": {"name": "2009 Fragile States Index", "slug": "Fragile-States-Index-2009", "dataset": "d3a6b89f-cf5c-40cf-b2b3-ac1c8315c648", "description": "The Fragile States Index measures the vulnerability of states to collapse. The higher the index score the closer a state is to failure. Data shown represent the year 2009.", "application": ["rw"], "iso": [], "provider": "cartodb", "userId": "58f63c81bd32c60206ed6b12", "default": false, "protected": false, "published": true, "env": "production", "layerConfig": {"body": {"layers": [{"options": {"cartocss_version": "2.3.0", "cartocss": "#layer {polygon-opacity:1; line-width:0.5; line-color:#FFF; line-opacity:1;} [score_data>=120]{polygon-fill:#d73027;} [score_data>=110][score_data<120]{polygon-fill:#7E0308;} [score_data>=100][score_data<110]{polygon-fill:#CB0815;} [score_data>=90][score_data<100]{polygon-fill:#FC351D;} [score_data>=80][score_data<90]{polygon-fill:#FD7F38;} [score_data>=70][score_data<80]{polygon-fill:#FDBF2D;} [score_data>=60][score_data<70]{polygon-fill:#FFFC37;} [score_data>=50][score_data<60]{polygon-fill:#3DCA3F;} [score_data>=40][score_data<50]{polygon-fill:#159718;} [score_data>=30][score_data<40]{polygon-fill:#0A650D;} [score_data>=20][score_data<30]{polygon-fill:#3668CA;} [score_data>=10][score_data<20]{polygon-fill:#063697;} [score_data<10]{polygon-fill:#020865;}", "sql": "SELECT wri.cartodb_id, wri.the_geom_webmercator, data.rw_country_name, data.score_data, data.rank_data FROM soc_023_fragile_states_index data LEFT OUTER JOIN wri_countries_a wri ON wri.iso_a3=data.rw_country_code WHERE data.score_data IS NOT NULL AND datetime=2009"}, "type": "mapnik"}], "minzoom": 3, "maxzoom": 18, "vectorLayers": [{"paint": {"line-width": 0.5, "line-color": "#FFF", "line-opacity": 1}, "source-layer": "layer0", "type": "line", "filter": ["all"]}, {"paint": {"fill-opacity": 1}, "source-layer": "layer0", "type": "fill", "filter": ["all"]}, {"paint": {"fill-color": "#d73027"}, "source-layer": "layer0", "type": "fill", "filter": ["all", [">=", "score_data", 120]]}, {"paint": {"fill-color": "#7E0308"}, "source-layer": "layer0", "type": "fill", "filter": ["all", [">=", "score_data", 110], ["<", "score_data", 120]]}, {"paint": {"fill-color": "#CB0815"}, "source-layer": "layer0", "type": "fill", "filter": ["all", [">=", "score_data", 100], ["<", "score_data", 110]]}, {"paint": {"fill-color": "#FC351D"}, "source-layer": "layer0", "type": "fill", "filter": ["all", [">=", "score_data", 90], ["<", "score_data", 100]]}, {"paint": {"fill-color": "#FD7F38"}, "source-layer": "layer0", "type": "fill", "filter": ["all", [">=", "score_data", 80], ["<", "score_data", 90]]}, {"paint": {"fill-color": "#FDBF2D"}, "source-layer": "layer0", "type": "fill", "filter": ["all", [">=", "score_data", 70], ["<", "score_data", 80]]}, {"paint": {"fill-color": "#FFFC37"}, "source-layer": "layer0", "type": "fill", "filter": ["all", [">=", "score_data", 60], ["<", "score_data", 70]]}, {"paint": {"fill-color": "#3DCA3F"}, "source-layer": "layer0", "type": "fill", "filter": ["all", [">=", "score_data", 50], ["<", "score_data", 60]]}, {"paint": {"fill-color": "#159718"}, "source-layer": "layer0", "type": "fill", "filter": ["all", [">=", "score_data", 40], ["<", "score_data", 50]]}, {"paint": {"fill-color": "#0A650D"}, "source-layer": "layer0", "type": "fill", "filter": ["all", [">=", "score_data", 30], ["<", "score_data", 40]]}, {"paint": {"fill-color": "#3668CA"}, "source-layer": "layer0", "type": "fill", "filter": ["all", [">=", "score_data", 20], ["<", "score_data", 30]]}, {"paint": {"fill-color": "#063697"}, "source-layer": "layer0", "type": "fill", "filter": ["all", [">=", "score_data", 10], ["<", "score_data", 20]]}, {"paint": {"fill-color": "#020865"}, "source-layer": "layer0", "type": "fill", "filter": ["all", ["<", "score_data", 10]]}]}, "account": "wri-rw", "timeline": true, "order": 2009, "timelineLabel": "2009"}, "legendConfig": {"items": [{"color": "#020865", "name": "<10"}, {"color": "#063697", "name": "<20"}, {"color": "#3668CA", "name": "<30"}, {"color": "#0A650D", "name": "<40"}, {"color": "#159718", "name": "<50"}, {"color": "#3DCA3F", "name": "<60"}, {"color": "#FFFC37", "name": "<70"}, {"color": "#FDBF2D", "name": "<80"}, {"color": "#FD7F38", "name": "<90"}, {"color": "#FC351D", "name": "<100"}, {"color": "#CB0815", "name": "<110"}, {"color": "#7E0308", "name": "<120"}], "type": "choropleth"}, "interactionConfig": {"output": [{"column": "rw_country_name", "format": null, "prefix": "", "property": "Country", "suffix": "", "type": "string"}, {"column": "score_data", "format": null, "prefix": "", "property": "2009 Score", "suffix": "", "type": "number"}, {"column": "rank_data", "format": null, "prefix": "", "property": "2009 Rank", "suffix": "", "type": "string"}]}, "applicationConfig": {}, "staticImageConfig": {}, "createdAt": "2020-02-06T15:29:06.518Z", "updatedAt": "2019-07-23T14:14:19.452Z"}}, {"id": "b10df2e6-2303-4b37-9e6d-39ffdc0aa650", "type": "layer", "attributes": {"name": "2008 Fragile States Index", "slug": "Fragile-States-Index-2008", "dataset": "d3a6b89f-cf5c-40cf-b2b3-ac1c8315c648", "description": "The Fragile States Index measures the vulnerability of states to collapse. The higher the index score the closer a state is to failure. Data shown represent the year 2008.", "application": ["rw"], "iso": [], "provider": "cartodb", "userId": "58f63c81bd32c60206ed6b12", "default": false, "protected": false, "published": true, "env": "production", "layerConfig": {"body": {"layers": [{"options": {"cartocss_version": "2.3.0", "cartocss": "#layer {polygon-opacity:1; line-width:0.5; line-color:#FFF; line-opacity:1;} [score_data>=120]{polygon-fill:#d73027;} [score_data>=110][score_data<120]{polygon-fill:#7E0308;} [score_data>=100][score_data<110]{polygon-fill:#CB0815;} [score_data>=90][score_data<100]{polygon-fill:#FC351D;} [score_data>=80][score_data<90]{polygon-fill:#FD7F38;} [score_data>=70][score_data<80]{polygon-fill:#FDBF2D;} [score_data>=60][score_data<70]{polygon-fill:#FFFC37;} [score_data>=50][score_data<60]{polygon-fill:#3DCA3F;} [score_data>=40][score_data<50]{polygon-fill:#159718;} [score_data>=30][score_data<40]{polygon-fill:#0A650D;} [score_data>=20][score_data<30]{polygon-fill:#3668CA;} [score_data>=10][score_data<20]{polygon-fill:#063697;} [score_data<10]{polygon-fill:#020865;}", "sql": "SELECT wri.cartodb_id, wri.the_geom_webmercator, data.rw_country_name, data.score_data, data.rank_data FROM soc_023_fragile_states_index data LEFT OUTER JOIN wri_countries_a wri ON wri.iso_a3=data.rw_country_code WHERE data.score_data IS NOT NULL AND datetime=2008"}, "type": "mapnik"}], "minzoom": 3, "maxzoom": 18, "vectorLayers": [{"paint": {"line-width": 0.5, "line-color": "#FFF", "line-opacity": 1}, "source-layer": "layer0", "type": "line", "filter": ["all"]}, {"paint": {"fill-opacity": 1}, "source-layer": "layer0", "type": "fill", "filter": ["all"]}, {"paint": {"fill-color": "#d73027"}, "source-layer": "layer0", "type": "fill", "filter": ["all", [">=", "score_data", 120]]}, {"paint": {"fill-color": "#7E0308"}, "source-layer": "layer0", "type": "fill", "filter": ["all", [">=", "score_data", 110], ["<", "score_data", 120]]}, {"paint": {"fill-color": "#CB0815"}, "source-layer": "layer0", "type": "fill", "filter": ["all", [">=", "score_data", 100], ["<", "score_data", 110]]}, {"paint": {"fill-color": "#FC351D"}, "source-layer": "layer0", "type": "fill", "filter": ["all", [">=", "score_data", 90], ["<", "score_data", 100]]}, {"paint": {"fill-color": "#FD7F38"}, "source-layer": "layer0", "type": "fill", "filter": ["all", [">=", "score_data", 80], ["<", "score_data", 90]]}, {"paint": {"fill-color": "#FDBF2D"}, "source-layer": "layer0", "type": "fill", "filter": ["all", [">=", "score_data", 70], ["<", "score_data", 80]]}, {"paint": {"fill-color": "#FFFC37"}, "source-layer": "layer0", "type": "fill", "filter": ["all", [">=", "score_data", 60], ["<", "score_data", 70]]}, {"paint": {"fill-color": "#3DCA3F"}, "source-layer": "layer0", "type": "fill", "filter": ["all", [">=", "score_data", 50], ["<", "score_data", 60]]}, {"paint": {"fill-color": "#159718"}, "source-layer": "layer0", "type": "fill", "filter": ["all", [">=", "score_data", 40], ["<", "score_data", 50]]}, {"paint": {"fill-color": "#0A650D"}, "source-layer": "layer0", "type": "fill", "filter": ["all", [">=", "score_data", 30], ["<", "score_data", 40]]}, {"paint": {"fill-color": "#3668CA"}, "source-layer": "layer0", "type": "fill", "filter": ["all", [">=", "score_data", 20], ["<", "score_data", 30]]}, {"paint": {"fill-color": "#063697"}, "source-layer": "layer0", "type": "fill", "filter": ["all", [">=", "score_data", 10], ["<", "score_data", 20]]}, {"paint": {"fill-color": "#020865"}, "source-layer": "layer0", "type": "fill", "filter": ["all", ["<", "score_data", 10]]}]}, "account": "wri-rw", "timeline": true, "order": 2008, "timelineLabel": "2008"}, "legendConfig": {"items": [{"color": "#020865", "name": "<10"}, {"color": "#063697", "name": "<20"}, {"color": "#3668CA", "name": "<30"}, {"color": "#0A650D", "name": "<40"}, {"color": "#159718", "name": "<50"}, {"color": "#3DCA3F", "name": "<60"}, {"color": "#FFFC37", "name": "<70"}, {"color": "#FDBF2D", "name": "<80"}, {"color": "#FD7F38", "name": "<90"}, {"color": "#FC351D", "name": "<100"}, {"color": "#CB0815", "name": "<110"}, {"color": "#7E0308", "name": "<120"}], "type": "choropleth"}, "interactionConfig": {"output": [{"column": "rw_country_name", "format": null, "prefix": "", "property": "Country", "suffix": "", "type": "string"}, {"column": "score_data", "format": null, "prefix": "", "property": "2008 Score", "suffix": "", "type": "number"}, {"column": "rank_data", "format": null, "prefix": "", "property": "2008 Rank", "suffix": "", "type": "string"}]}, "applicationConfig": {}, "staticImageConfig": {}, "createdAt": "2020-02-06T15:29:06.519Z", "updatedAt": "2019-07-23T14:06:54.715Z"}}, {"id": "400f7836-3d79-4f5d-8105-b5175676ebdd", "type": "layer", "attributes": {"name": "2007 Fragile States Index", "slug": "Fragile-States-Index-2007", "dataset": "d3a6b89f-cf5c-40cf-b2b3-ac1c8315c648", "description": "The Fragile States Index measures the vulnerability of states to collapse.  The higher the index score the closer a state is to failure. Data shown represent the year 2007.", "application": ["rw"], "iso": [], "provider": "cartodb", "userId": "58f63c81bd32c60206ed6b12", "default": false, "protected": false, "published": true, "env": "production", "layerConfig": {"body": {"layers": [{"options": {"cartocss_version": "2.3.0", "cartocss": "#layer {polygon-opacity:1; line-width:0.5; line-color:#FFF; line-opacity:1;} [score_data>=120]{polygon-fill:#d73027;} [score_data>=110][score_data<120]{polygon-fill:#7E0308;} [score_data>=100][score_data<110]{polygon-fill:#CB0815;} [score_data>=90][score_data<100]{polygon-fill:#FC351D;} [score_data>=80][score_data<90]{polygon-fill:#FD7F38;} [score_data>=70][score_data<80]{polygon-fill:#FDBF2D;} [score_data>=60][score_data<70]{polygon-fill:#FFFC37;} [score_data>=50][score_data<60]{polygon-fill:#3DCA3F;} [score_data>=40][score_data<50]{polygon-fill:#159718;} [score_data>=30][score_data<40]{polygon-fill:#0A650D;} [score_data>=20][score_data<30]{polygon-fill:#3668CA;} [score_data>=10][score_data<20]{polygon-fill:#063697;} [score_data<10]{polygon-fill:#020865;}", "sql": "SELECT wri.cartodb_id, wri.the_geom_webmercator, data.rw_country_name, data.score_data, data.rank_data FROM soc_023_fragile_states_index data LEFT OUTER JOIN wri_countries_a wri ON wri.iso_a3=data.rw_country_code WHERE data.score_data IS NOT NULL AND datetime=2007"}, "type": "mapnik"}], "minzoom": 3, "maxzoom": 18, "vectorLayers": [{"paint": {"line-width": 0.5, "line-color": "#FFF", "line-opacity": 1}, "source-layer": "layer0", "type": "line", "filter": ["all"]}, {"paint": {"fill-opacity": 1}, "source-layer": "layer0", "type": "fill", "filter": ["all"]}, {"paint": {"fill-color": "#d73027"}, "source-layer": "layer0", "type": "fill", "filter": ["all", [">=", "score_data", 120]]}, {"paint": {"fill-color": "#7E0308"}, "source-layer": "layer0", "type": "fill", "filter": ["all", [">=", "score_data", 110], ["<", "score_data", 120]]}, {"paint": {"fill-color": "#CB0815"}, "source-layer": "layer0", "type": "fill", "filter": ["all", [">=", "score_data", 100], ["<", "score_data", 110]]}, {"paint": {"fill-color": "#FC351D"}, "source-layer": "layer0", "type": "fill", "filter": ["all", [">=", "score_data", 90], ["<", "score_data", 100]]}, {"paint": {"fill-color": "#FD7F38"}, "source-layer": "layer0", "type": "fill", "filter": ["all", [">=", "score_data", 80], ["<", "score_data", 90]]}, {"paint": {"fill-color": "#FDBF2D"}, "source-layer": "layer0", "type": "fill", "filter": ["all", [">=", "score_data", 70], ["<", "score_data", 80]]}, {"paint": {"fill-color": "#FFFC37"}, "source-layer": "layer0", "type": "fill", "filter": ["all", [">=", "score_data", 60], ["<", "score_data", 70]]}, {"paint": {"fill-color": "#3DCA3F"}, "source-layer": "layer0", "type": "fill", "filter": ["all", [">=", "score_data", 50], ["<", "score_data", 60]]}, {"paint": {"fill-color": "#159718"}, "source-layer": "layer0", "type": "fill", "filter": ["all", [">=", "score_data", 40], ["<", "score_data", 50]]}, {"paint": {"fill-color": "#0A650D"}, "source-layer": "layer0", "type": "fill", "filter": ["all", [">=", "score_data", 30], ["<", "score_data", 40]]}, {"paint": {"fill-color": "#3668CA"}, "source-layer": "layer0", "type": "fill", "filter": ["all", [">=", "score_data", 20], ["<", "score_data", 30]]}, {"paint": {"fill-color": "#063697"}, "source-layer": "layer0", "type": "fill", "filter": ["all", [">=", "score_data", 10], ["<", "score_data", 20]]}, {"paint": {"fill-color": "#020865"}, "source-layer": "layer0", "type": "fill", "filter": ["all", ["<", "score_data", 10]]}]}, "account": "wri-rw", "timeline": true, "order": 2007, "timelineLabel": "2007"}, "legendConfig": {"items": [{"color": "#020865", "name": "<10"}, {"color": "#063697", "name": "<20"}, {"color": "#3668CA", "name": "<30"}, {"color": "#0A650D", "name": "<40"}, {"color": "#159718", "name": "<50"}, {"color": "#3DCA3F", "name": "<60"}, {"color": "#FFFC37", "name": "<70"}, {"color": "#FDBF2D", "name": "<80"}, {"color": "#FD7F38", "name": "<90"}, {"color": "#FC351D", "name": "<100"}, {"color": "#CB0815", "name": "<110"}, {"color": "#7E0308", "name": "<120"}], "type": "choropleth"}, "interactionConfig": {"output": [{"column": "rw_country_name", "format": null, "prefix": "", "property": "Country", "suffix": "", "type": "string"}, {"column": "score_data", "format": null, "prefix": "", "property": "2007 Score", "suffix": "", "type": "number"}, {"column": "rank_data", "format": null, "prefix": "", "property": "2007 Rank", "suffix": "", "type": "string"}]}, "applicationConfig": {}, "staticImageConfig": {}, "createdAt": "2020-02-06T15:29:06.519Z", "updatedAt": "2019-07-23T14:05:40.121Z"}}, {"id": "5a4618c5-b487-4226-bbc9-3e5d9a8f14dc", "type": "layer", "attributes": {"name": "2006 Fragile States Index", "slug": "Fragile-States-Index-2006", "dataset": "d3a6b89f-cf5c-40cf-b2b3-ac1c8315c648", "description": "The Fragile States Index measures the vulnerability of states to collapse.  The higher the index score the closer a state is to failure. Data shown represent the year 2006.", "application": ["rw"], "iso": [], "provider": "cartodb", "userId": "58f63c81bd32c60206ed6b12", "default": false, "protected": false, "published": true, "env": "production", "layerConfig": {"body": {"layers": [{"options": {"cartocss_version": "2.3.0", "cartocss": "#layer {polygon-opacity:1; line-width:0.5; line-color:#FFF; line-opacity:1;} [score_data>=120]{polygon-fill:#d73027;} [score_data>=110][score_data<120]{polygon-fill:#7E0308;} [score_data>=100][score_data<110]{polygon-fill:#CB0815;} [score_data>=90][score_data<100]{polygon-fill:#FC351D;} [score_data>=80][score_data<90]{polygon-fill:#FD7F38;} [score_data>=70][score_data<80]{polygon-fill:#FDBF2D;} [score_data>=60][score_data<70]{polygon-fill:#FFFC37;} [score_data>=50][score_data<60]{polygon-fill:#3DCA3F;} [score_data>=40][score_data<50]{polygon-fill:#159718;} [score_data>=30][score_data<40]{polygon-fill:#0A650D;} [score_data>=20][score_data<30]{polygon-fill:#3668CA;} [score_data>=10][score_data<20]{polygon-fill:#063697;} [score_data<10]{polygon-fill:#020865;}", "sql": "SELECT wri.cartodb_id, wri.the_geom_webmercator, data.rw_country_name, data.score_data, data.rank_data FROM soc_023_fragile_states_index data LEFT OUTER JOIN wri_countries_a wri ON wri.iso_a3=data.rw_country_code WHERE data.score_data IS NOT NULL AND datetime=2006"}, "type": "mapnik"}], "minzoom": 3, "maxzoom": 18, "vectorLayers": [{"paint": {"line-width": 0.5, "line-color": "#FFF", "line-opacity": 1}, "source-layer": "layer0", "type": "line", "filter": ["all"]}, {"paint": {"fill-opacity": 1}, "source-layer": "layer0", "type": "fill", "filter": ["all"]}, {"paint": {"fill-color": "#d73027"}, "source-layer": "layer0", "type": "fill", "filter": ["all", [">=", "score_data", 120]]}, {"paint": {"fill-color": "#7E0308"}, "source-layer": "layer0", "type": "fill", "filter": ["all", [">=", "score_data", 110], ["<", "score_data", 120]]}, {"paint": {"fill-color": "#CB0815"}, "source-layer": "layer0", "type": "fill", "filter": ["all", [">=", "score_data", 100], ["<", "score_data", 110]]}, {"paint": {"fill-color": "#FC351D"}, "source-layer": "layer0", "type": "fill", "filter": ["all", [">=", "score_data", 90], ["<", "score_data", 100]]}, {"paint": {"fill-color": "#FD7F38"}, "source-layer": "layer0", "type": "fill", "filter": ["all", [">=", "score_data", 80], ["<", "score_data", 90]]}, {"paint": {"fill-color": "#FDBF2D"}, "source-layer": "layer0", "type": "fill", "filter": ["all", [">=", "score_data", 70], ["<", "score_data", 80]]}, {"paint": {"fill-color": "#FFFC37"}, "source-layer": "layer0", "type": "fill", "filter": ["all", [">=", "score_data", 60], ["<", "score_data", 70]]}, {"paint": {"fill-color": "#3DCA3F"}, "source-layer": "layer0", "type": "fill", "filter": ["all", [">=", "score_data", 50], ["<", "score_data", 60]]}, {"paint": {"fill-color": "#159718"}, "source-layer": "layer0", "type": "fill", "filter": ["all", [">=", "score_data", 40], ["<", "score_data", 50]]}, {"paint": {"fill-color": "#0A650D"}, "source-layer": "layer0", "type": "fill", "filter": ["all", [">=", "score_data", 30], ["<", "score_data", 40]]}, {"paint": {"fill-color": "#3668CA"}, "source-layer": "layer0", "type": "fill", "filter": ["all", [">=", "score_data", 20], ["<", "score_data", 30]]}, {"paint": {"fill-color": "#063697"}, "source-layer": "layer0", "type": "fill", "filter": ["all", [">=", "score_data", 10], ["<", "score_data", 20]]}, {"paint": {"fill-color": "#020865"}, "source-layer": "layer0", "type": "fill", "filter": ["all", ["<", "score_data", 10]]}]}, "account": "wri-rw", "timeline": true, "order": 2006, "timelineLabel": "2006"}, "legendConfig": {"items": [{"color": "#020865", "name": "<10"}, {"color": "#063697", "name": "<20"}, {"color": "#3668CA", "name": "<30"}, {"color": "#0A650D", "name": "<40"}, {"color": "#159718", "name": "<50"}, {"color": "#3DCA3F", "name": "<60"}, {"color": "#FFFC37", "name": "<70"}, {"color": "#FDBF2D", "name": "<80"}, {"color": "#FD7F38", "name": "<90"}, {"color": "#FC351D", "name": "<100"}, {"color": "#CB0815", "name": "<110"}, {"color": "#7E0308", "name": "<120"}], "type": "choropleth"}, "interactionConfig": {"output": [{"column": "rw_country_name", "format": null, "prefix": "", "property": "Country", "suffix": "", "type": "string"}, {"column": "score_data", "format": null, "prefix": "", "property": "2006 Score", "suffix": "", "type": "number"}, {"column": "rank_data", "format": null, "prefix": "", "property": "2006 Rank", "suffix": "", "type": "string"}]}, "applicationConfig": {}, "staticImageConfig": {}, "createdAt": "2020-02-06T15:29:06.519Z", "updatedAt": "2019-07-23T14:10:16.983Z"}}], "vocabulary": [{"type": "vocabulary", "attributes": {"resource": {"id": "d3a6b89f-cf5c-40cf-b2b3-ac1c8315c648", "type": "dataset"}, "tags": ["annual", "geospatial", "table", "society", "governance", "conflict", "historical", "global", "vector"], "name": "knowledge_graph", "application": "rw"}}], "widgetRelevantProps": ["datetime", "rank_data", "score_data", "rw_country_name"], "layerRelevantProps": []}}