{"id": "d5e7884d-e4dd-47dd-8f28-c5b9c2318a9f", "type": "dataset", "server": "https://api.resourcewatch.org", "attributes": {"name": "wat.059 Aqueduct Coastal Eutrophication Potential", "slug": "wat059-Aqueduct-Coastal-Eutrophication-Potential", "type": "tabular", "subtitle": "", "application": ["rw"], "dataPath": "", "attributesPath": null, "connectorType": "rest", "provider": "cartodb", "userId": "58f63c81bd32c60206ed6b12", "connectorUrl": "https://wri-rw.carto.com/tables/wat_059_aqueduct_coastal_eutrophication_potential/public", "sources": [], "tableName": "wat_059_aqueduct_coastal_eutrophication_potential", "status": "saved", "published": true, "overwrite": false, "verified": false, "blockchain": {}, "subscribable": {}, "mainDateField": "", "env": "production", "geoInfo": false, "protected": false, "legend": {"date": [], "region": [], "country": [], "nested": [], "integer": [], "short": [], "byte": [], "double": [], "float": [], "half_float": [], "scaled_float": [], "boolean": [], "binary": [], "text": [], "keyword": []}, "clonedHost": {}, "errorMessage": "", "taskId": null, "createdAt": "2019-07-26T18:30:49.142Z", "updatedAt": "2019-08-06T12:42:47.099Z", "dataLastUpdated": null, "metadata": [{"id": "5d40993ff696a900120af432", "type": "metadata", "attributes": {"dataset": "d5e7884d-e4dd-47dd-8f28-c5b9c2318a9f", "application": "rw", "resource": {"id": "d5e7884d-e4dd-47dd-8f28-c5b9c2318a9f", "type": "dataset"}, "language": "en", "name": "Aqueduct Coastal Eutrophication Potential", "description": "### Overview  \n  \nCoastal eutrophication potential (CEP) measures the potential for riverine loadings of nitrogen (N), phosphorus (P), and silica (Si) to stimulate harmful algal blooms in coastal waters. These values were then converted into risk scores based on the thresholds defined in the methodology.  Higher values indicate higher levels of excess nutrients with respect to silica, creating more favorable conditions for harmful algal growth and eutrophication in coastal waters downstream. These risk scores range from low (<-5) to extremely high (>5).\n\n  \n  \nThe CEP indicator is a useful metric to map where anthropogenic activities produce enough point-source and nonpoint-source pollution to potentially degrade the environment. When nitrogen and phosphorus are discharged in excess over silica with respect to diatom, a major type of algae, undesirable algal species often develop. The stimulation of algae leading to large blooms may in turn result in eutrophication and hypoxia (excessive biological growth and decomposition that reduces oxygen available to other organisms). It is therefore possible to assess the potential for coastal eutrophication from a river\u2019s nitrogen, phosphorus, and silica loading. Values are available per sub-basin (HydroBASIN level 6).\n  \n  \n### Methodology  \n  \n\nThe calculation described below is based on [Billen and Garnier\u2019s (2007)](https://doi.org/10.1016/j.marchem.2006.12.017) Indicator of Coastal Eutrophication Potential (ICEP) methodology. The nutrient data comes from [Bouwman et al. (2015)](https://www.thegef.org/project/global-foundations-reducing-nutrient-enrichment-and-odflb-pollution-support-gnc). In short, the data is based on the Global NEWS 2 model [(Mayorga et al. 2010)](https://doi.org/10.1016/j.envsoft.2010.01.007) and aligned to Simulated Topological Network basins [(V\u00f6r\u00f6smarty et al. 2000)](http://dx.doi.org/10.1029/1999GB900092). The NEWS 2 model uses biophysical, natural, and anthropogenic (both point and nonpoint) nutrient sources, along with in-watershed and in-river removal processes, to derive global nutrient yields [(Mayorga et al. 2010)](https://doi.org/10.1016/j.envsoft.2010.01.007). Total nitrogen and phosphors fluxes were calculated by summing NEWS 2 nutrient yield data for dissolved organic, dissolved inorganic, and particulate nutrients. Silica fluxes are simply the dissolved inorganic silica yields in the basin.\n\n  \n  \nThe calculation is based on the Redfield molar ratio (C:N:P:Si = 106:16:1:20), which is a representation of the approximate nutrient requirement of marine diatoms [(Billen and Garnier 2007)](https://doi.org/10.1016/j.marchem.2006.12.017). \n\n  \n  \nA negative value indicated that silica was present in excess over the limiting nutrient and thus suggested the absence of eutrophication. A positive value indicated an excess of nutrients over the potential for diatom growth, suggesting suitable conditions for the growth of harmful algae [(Garnier et al. 2010)](https://doi.org/10.1029/2009GB003583).  \n\n  \n  \nAs a final step, the results were aggregated to HydroBASIN level 6 to align the indicator with the remainder of the framework.\n\n  \n  \nFinally, raw coastal eutrophication potential values were converted to risk scores between 0 and 5, based on quantiles. These scores were placed into categories indicating how high the risk for this indicator is. The thresholds for raw coastal eutrophication potential values and the corresponding risk scores that were used in each category are defined below as Risk Category (Risk Scores): Raw Value Thresholds.\n- Low (0-1): < -5\n- Low to medium (1-2): -5 - 0\n- Medium to high (2-3): 0 - 1\n- High (3-4): 1 - 5\n- Extremely high (4-5): >5\n\n  \n  \nFor the full documentation, please see the source [methodology]( https://www.wri.org/publication/aqueduct-30).  \n  \n### Data shown on Resource Watch Map  \n  \n- [**2000 Coastal Eutrophication Potential**](https://preproduction.resourcewatch.org/data/explore?zoom=3&lat=0&lng=0&basemap=dark&labels=light&layers=%255B%257B%2522dataset%2522%253A%2522d5e7884d-e4dd-47dd-8f28-c5b9c2318a9f%2522%252C%2522opacity%2522%253A1%252C%2522layer%2522%253A%25222c5ca21a-c646-4b8c-b329-909d66ec5615%2522%257D%255D&page=1&sort=relevance&sortDirection=-1&search=wat.059): *Coastal eutrophication potential measures the potential for riverine loadings of nitrogen, phosphorus and silica to stimulate harmful algal blooms in coastal waters. Higher values indicate higher levels of excess nutrients with respect to silica, creating more favorable conditions for harmful algal growth and eutrophication in coastal waters downstream. Values are calculated based on data from the year 2000.*  \n  \n### Disclaimer  \n  \nExcerpts of this description page were taken from the source metadata. Resource Watch shows only a subset of the dataset. For access to the full dataset and additional information, click on the \u201cLearn more\u201d button.", "source": "WRI/Utrecht University/Washington State University", "info": {"rwId": "wat.059", "data_type": "Vector", "name": "Aqueduct Coastal Eutrophication Potential", "sources": [{"source-name": "World Resources Institute (WRI)", "id": 0, "source-description": ""}, {"source-name": "Utrecht University", "id": 1, "source-description": ""}, {"source-name": "Washington State University", "id": 2, "source-description": ""}], "technical_title": "Coastal Eutrophication Potential, Aqueduct 3.0", "functions": "Measures the potential for riverine loadings of nitrogen (N), phosphorus (P), and silica (Si) to stimulate harmful algal blooms in coastal waters", "cautions": "Eutrophication can also impact freshwater, but a global data set for freshwater eutrophication potential is not currently available. Therefore, the indicator did not reflect the risk of eutrophication upstream of the coastal zone. In addition, the index calculation did not account for shifts in seasonality or the  characteristics of the receiving water body.\n\n  \n  \nResults were tailored towards large scale comparison of water related risks. The indicators have limited added value on a local scale.\n", "citation": "Hofste, R., S. Kuzma, S. Walker, E.H. Sutanudjaja, et. al. 2019. \u201cAqueduct 3.0: Updated Decision-Relevant Global Water Risk Indicators.\u201d Technical Note. Washington, DC: World Resources Institute. Available online at: https://www.wri.org/publication/aqueduct-30. Accessed through Resource Watch, (date). [www.resourcewatch.org](www.resourcewatch.org)", "license": "Creative Commons Attribution 4.0 International", "license_link": "https://creativecommons.org/licenses/by/4.0/", "geographic_coverage": "Global", "spatial_resolution": "Hydrological sub-basin (HydroBASINS 6)", "date_of_content": "2000", "frequency_of_updates": "Irregular", "learn_more_link": "https://www.wri.org/publication/aqueduct-30", "data_download_link": null, "data_download_original_link": "https://www.wri.org/resources/data-sets/aqueduct-global-maps-30-data"}, "columns": {"cep_label": {"alias": "Coastal Eutrophication Potential Category (name)", "description": "Risk category of coastal eutrophication potential, by name."}, "pfaf_id": {"alias": "Basin ID", "description": "Six digit Pfafstetter code for the hydrological basins."}, "sub_name": {"alias": "Minor River Basin", "description": "Name of the minor river basin."}, "maj_name": {"alias": "Major River Basin ", "description": "Name of the major river basin. "}, "cep_raw": {"alias": "Coastal Eutrophication Potential Raw Value", "description": "Measures the potential for riverine loadings of nitrogen (N), phosphorus (P), and silica (Si) to stimulate harmful algal blooms in coastal waters."}, "cep_score": {"alias": "Coastal Eutrophication Potential Score ", "description": "Coastal eutrophication potential score (0 to 5). This is the result of applying a quantile approach to raw values. "}, "cep_cat": {"alias": "Coastal Eutrophication Potential Category (numeric)", "description": "Risk category of coastal eutrophication potential, by numeric integer (-1 to 4)."}}, "createdAt": "2019-07-30T19:23:43.426Z", "updatedAt": "2020-02-04T19:47:01.761Z", "status": "published"}}], "widget": [{"id": "8765e895-a5c3-445c-80c0-d31b8e3d13de", "type": "widget", "attributes": {"name": "10 Major River Basins with the Highest Coastal Eutrophication Potential", "dataset": "d5e7884d-e4dd-47dd-8f28-c5b9c2318a9f", "slug": "Top-10-Major-Basins-Coastal-Eutrophication-Potential", "userId": "5d0901197aabc0001072e40c", "description": "Top 10 major river basins with the highest average coastal eutrophication potential, based on raw coastal eutrophication potential values.", "source": "", "authors": "", "application": ["rw"], "verified": false, "default": false, "protected": false, "defaultEditableWidget": true, "published": true, "thumbnailUrl": "http://wri-api-backups.s3.amazonaws.com/resourcewatch/prod/thumbnails/8765e895-a5c3-445c-80c0-d31b8e3d13de-1565031573697.png", "freeze": false, "env": "production", "queryUrl": "", "widgetConfig": {"paramsConfig": {"visualizationType": "chart", "limit": 10, "value": {"type": "number", "name": "cep_raw", "alias": "Coastal Eutrophication Potential Raw Value"}, "category": {"type": "string", "name": "maj_name", "alias": "Major River Basin "}, "color": null, "size": null, "orderBy": null, "aggregateFunction": "avg", "chartType": "bar", "filters": [], "areaIntersection": null, "band": null, "layer": null}, "data": [{"name": "table", "transform": [{"type": "identifier", "as": "id"}, {"type": "joinaggregate", "as": ["count"]}], "url": "https://api.resourcewatch.org/v1/query/d5e7884d-e4dd-47dd-8f28-c5b9c2318a9f?sql=SELECT%20maj_name%20as%20x%2C%20AVG(cep_raw)%20as%20y%20FROM%20wat_059_aqueduct_coastal_eutrophication_potential%20%20GROUP%20BY%20%20x%20ORDER%20BY%20y%20desc LIMIT 10", "format": {"type": "json", "property": "data"}}], "scales": [{"name": "x", "type": "band", "range": "width", "padding": 0.05, "domain": {"data": "table", "field": "id"}}, {"name": "y", "type": "linear", "range": "height", "nice": true, "zero": true, "domain": {"data": "table", "field": "y"}}], "axes": [{"orient": "bottom", "scale": "x", "labelOverlap": "parity", "ticks": false, "encode": {"labels": {"update": {"text": {"signal": "width < 300 || data('table')[0].count > 10 ? truncate(data('table')[datum.value - 1].x, 12) : data('table')[datum.value - 1].x"}, "align": {"signal": "width < 300 || data('table')[0].count > 10 ? 'right' : 'center'"}, "baseline": {"signal": "width < 300 || data('table')[0].count > 10 ? 'middle' : 'top'"}, "angle": {"signal": "width < 300 || data('table')[0].count > 10 ? -90 : 0"}}}}, "title": "Major River Basin"}, {"orient": "left", "scale": "y", "labelOverlap": "parity", "format": "s", "encode": {"labels": {"update": {"align": {"value": "right"}, "baseline": {"value": "bottom"}}}}, "title": "Coastal Eutrophication Potential"}], "marks": [{"type": "rect", "from": {"data": "table"}, "encode": {"update": {"opacity": {"value": 1}, "x": {"scale": "x", "field": "id"}, "width": {"scale": "x", "band": 1}, "y": {"scale": "y", "field": "y"}, "y2": {"scale": "y", "value": 0}}, "hover": {"opacity": {"value": 0.8}}}}], "interaction_config": [{"name": "tooltip", "config": {"fields": [{"column": "y", "property": "Coastal Eutrophication Potential Raw Value", "type": "number", "format": ".2s"}, {"column": "x", "property": "Major River Basin ", "type": "string", "format": ".2f"}]}}], "config": {"line": {"fillOpacity": 0, "stroke": "#3BB2D0", "interpolate": "linear"}, "rect": {"fill": "#3BB2D0"}, "symbol": {"stroke": "#fff", "fill": "#3BB2D0"}, "mark": {"fill": "#3BB2D0"}, "axisY": {"gridOpacity": 0.5, "gridColor": "#A9ABAD", "ticks": false, "grid": true, "tickOpacity": 0.5, "labelBaseline": "bottom", "labelAlign": "left", "domain": false}, "axisX": {"labelBaseline": "top", "labelAlign": "center", "domainColor": "#A9ABAD", "domainWidth": 1.2, "bandPosition": 0.5}, "axis": {"tickExtra": false, "tickOpacity": 0.5, "tickColor": "#A9ABAD", "tickSize": 8, "ticks": true, "labelPadding": 10, "labelColor": "#717171", "labelFont": "Lato", "labelFontSize": 13}, "range": {"ramp": {"scheme": "purples"}, "ordinal": {"scheme": "greens"}, "category20": ["#3BB2D0", "#2C75B0", "#FAB72E", "#EF4848", "#65B60D", "#C32D7B", "#F577B9", "#5FD2B8", "#F1800F", "#9F1C00", "#A5E9E3", "#B9D765", "#393F44", "#CACCD0", "#717171"], "dotSize": [20, 250]}}}, "template": false, "createdAt": "2019-08-02T18:16:30.854Z", "updatedAt": "2019-08-05T18:59:33.576Z"}}], "layer": [{"id": "2c5ca21a-c646-4b8c-b329-909d66ec5615", "type": "layer", "attributes": {"name": "2000 Coastal Eutrophication Potential", "slug": "2000-Coastal-Eutrophication-Potential_1", "dataset": "d5e7884d-e4dd-47dd-8f28-c5b9c2318a9f", "description": "Coastal eutrophication potential measures the potential for riverine loadings of nitrogen, phosphorus and silica to stimulate harmful algal blooms in coastal waters. Higher values indicate higher levels of excess nutrients with respect to silica, creating more favorable conditions for harmful algal growth and eutrophication in coastal waters downstream. Values are calculated based on data from the year 2000.", "application": ["rw"], "iso": [], "provider": "cartodb", "userId": "58f63c81bd32c60206ed6b12", "default": true, "protected": false, "published": true, "env": "production", "layerConfig": {"account": "wri-rw", "body": {"maxzoom": 18, "minzoom": 3, "layers": [{"type": "mapnik", "options": {"sql": "SELECT * FROM wat_059_aqueduct_coastal_eutrophication_potential", "cartocss": "#layer {polygon-opacity:1; line-width:0; line-color:#FFF; line-opacity:0;} [cep_cat=4]{polygon-fill:#990000;}[cep_cat=3]{polygon-fill:#FF1900;} [cep_cat=2]{polygon-fill:#FF9900;} [cep_cat=1]{polygon-fill:#FFE600;} [cep_cat=0]{polygon-fill:#FFFF99;}[cep_cat=-1]{polygon-fill:#4E4E4E;}", "cartocss_version": "2.3.0"}}], "vectorLayers": [{"paint": {"line-width": 0, "line-color": "#FFF", "line-opacity": 0}, "source-layer": "layer0", "type": "line", "filter": ["all"]}, {"paint": {"fill-opacity": 1}, "source-layer": "layer0", "type": "fill", "filter": ["all"]}, {"paint": {"fill-color": "#990000"}, "source-layer": "layer0", "type": "fill", "filter": ["all", ["==", "cep_cat", 4]]}, {"paint": {"fill-color": "#FF1900"}, "source-layer": "layer0", "type": "fill", "filter": ["all", ["==", "cep_cat", 3]]}, {"paint": {"fill-color": "#FF9900"}, "source-layer": "layer0", "type": "fill", "filter": ["all", ["==", "cep_cat", 2]]}, {"paint": {"fill-color": "#FFE600"}, "source-layer": "layer0", "type": "fill", "filter": ["all", ["==", "cep_cat", 1]]}, {"paint": {"fill-color": "#FFFF99"}, "source-layer": "layer0", "type": "fill", "filter": ["all", ["==", "cep_cat", 0]]}, {"paint": {"fill-color": "#808080"}, "source-layer": "layer0", "type": "fill", "filter": ["all", ["==", "cep_cat", -1]]}]}}, "legendConfig": {"items": [{"id": 0, "color": "#FFFF99", "name": "\u2800Low\u2800"}, {"id": 1, "color": "#FFE600", "name": "\u2800Low to\u2800 \u2800medium\u2800"}, {"id": 1, "color": "#FF9900", "name": "\u2800Medium to\u2800 \u2800high\u2800"}, {"id": 2, "color": "#FF1900", "name": "\u2800High\u2800"}, {"id": 3, "color": "#990000", "name": "\u2800Extremely\u2800 \u2800high\u2800"}, {"id": 4, "color": "#4E4E4E", "name": "\u2800No\u2800 \u2800data\u2800"}], "type": "choropleth"}, "interactionConfig": {"output": [{"type": "string", "suffix": "", "property": "Coastal eutrophication potential", "prefix": "", "format": null, "column": "cep_label"}, {"column": "cartodb_id", "format": null, "prefix": "", "property": "Area ID", "suffix": "", "type": "number"}]}, "applicationConfig": {}, "staticImageConfig": {}, "createdAt": "2020-02-06T15:27:14.902Z", "updatedAt": "2019-08-14T18:16:12.671Z"}}], "vocabulary": [{"type": "vocabulary", "attributes": {"resource": {"id": "d5e7884d-e4dd-47dd-8f28-c5b9c2318a9f", "type": "dataset"}, "tags": ["geospatial", "global", "historical", "vector", "water_quality", "water", "SDG_6_Clean_Water_and_Sanitation", "coast", "nitrogen", "phosphorus", "eutrophication", "nutrients"], "name": "knowledge_graph", "application": "rw"}}], "widgetRelevantProps": ["pfaf_id", "sub_name", "maj_name", "cep_raw", "cep_score", "cep_cat", "cep_label"], "layerRelevantProps": ["sub_name", "maj_name", "cep_label"]}}