{"id": "dc6f3f75-dd31-4b0e-b41b-5707f742ad2c", "type": "dataset", "server": "https://api.resourcewatch.org", "attributes": {"name": "foo.005 Crop Land Area and Production", "slug": "foo005-Crop-Harvested-Area-and-Yield", "type": "raster", "subtitle": "", "application": ["rw"], "dataPath": "", "attributesPath": null, "connectorType": "rest", "provider": "gee", "userId": "59aeb48e3fc0460001a45524", "connectorUrl": "", "sources": [], "tableName": "users/resourcewatch/foo_005_crop_area_production", "status": "saved", "published": true, "overwrite": false, "verified": false, "blockchain": {}, "subscribable": {}, "mainDateField": null, "env": "production", "geoInfo": true, "protected": false, "legend": {"date": [], "region": [], "country": [], "nested": [], "integer": [], "short": [], "byte": [], "double": [], "float": [], "half_float": [], "scaled_float": [], "boolean": [], "binary": [], "text": [], "keyword": []}, "clonedHost": {}, "errorMessage": null, "taskId": null, "createdAt": "2020-02-06T15:29:02.095Z", "updatedAt": "2018-04-09T20:31:00.502Z", "dataLastUpdated": null, "metadata": [{"id": "5a297d391b87c20012d6fec8", "type": "metadata", "attributes": {"dataset": "dc6f3f75-dd31-4b0e-b41b-5707f742ad2c", "application": "rw", "resource": {"id": "dc6f3f75-dd31-4b0e-b41b-5707f742ad2c", "type": "dataset"}, "language": "en", "name": "Crop Land Area and Production", "description": "The Global Spatially Disaggregated Crop Production Statistics data set is derived from the Spatial Production Allocation Model (MapSPAM) and is created by a consortium of partners, led by the International Food Policy Research Institute (IFPRI). It provides a global 5 arc minute map of estimated crop physical areas (where crop was grown), harvest areas (where crop was harvested), yield, and production statistics for 42 crops for the year 2005. These measures are modified to ensure they match with the country-level crop statistics of the Food and Agriculture Organization of the United Nations (FAO). MapSPAM uses a 4-step modeling process: (1) start with administrative units for which crop production statistics are available; (2) obtain a classified land-cover image with cropland identified; (3) integrate crop-specific suitability information from the FAO Global Agro-ecological Zones (GAEZ); and (4) employ a cross-entropy approach to obtain estimates of crop distribution among viable crop areas. Data on administrative units and crop production come largely from the Mapping of Agricultural Production Systems (Agro-MAPS) project, World Food Programme (WFP) crop and food supply assessment mission surveys, national bureaus of statistics and other government ministries, regional agricultural centers and NGOs, and water resource groups, among others. Crop production systems are differentiated into 4 technologies: irrigated high inputs production (I), rain-fed high inputs production (H), rain-fed low inputs production (L), and rain-fed subsistence production (S). Data are also provided by a total for all technologies (A) and totals for all rain-fed technologies (R). These production system definitions are modeled after the FAO GAEZ. The proportion of crop areas using irrigated high-input production are taken directly from country statistics for China, the United States, and Brazil; other countries' data are drawn from the monthly irrigated and rain-fed crop areas (MIRCA) and FAO AQUASTAT irrigated areas databases. The extent of crop growing areas is derived from a compilation of satellite imagery from various sources, as well as detailed crop distribution maps at 5 arc minute scale where they are available. An allocation optimization algorithm is used to find the distribution of crops that is most likely, given all the available crop production and price statistics, and maps of crop area, irrigation infrastructure, and agro-ecological crop suitability. This optimization model is written and solved using the General Algebraic Modeling System (GAMS). Resource Watch shows only a subset of the data set. For access to the full data set and additional information, see the Learn More link.", "source": "IFPRI/IIASA/CGIAR-PIM/HarvestChoice", "info": {"rwId": "foo.005", "data_type": "Raster", "name": "Crop Land Area and Production", "sources": [{"source-name": "International Food Policy Research Institute (IFPRI)", "id": 0, "source-description": ""}, {"source-name": "International Institute for Applied Systems Analysis (IIASA)", "id": 1, "source-description": ""}, {"source-name": "Consultative Group on International Agricultural Research, Policies, Institutions, and Markets (CGIAR-PIM)", "id": 2, "source-description": ""}, {"source-name": "HarvestChoice", "id": 3, "source-description": ""}], "technical_title": "Global Spatially-Disaggregated Crop Production Statistics 2005 Version 3.1", "functions": "Estimations of global crop distribution, yield, and production for 42 crops at a 5 arc minute spatial resolution", "cautions": "Not all crops in the data set are represented in the FAO GAEZ crop suitability data. In these occurrences, data from a similar crop in a given area were used to indicate attainable crop yields and suitable production areas. The statistical optimization methods used in the cross-entropy model produce estimates of the \"most likely\" crop distribution scenario. These may not accurately reflect the reality of production systems at 5 arc minute resolution. Only estimations of global crop harvested area and production for maize, wheat, rice and soybean are displayed.", "citation": "International Food Policy Research Institute (IFPRI) and International Institute for Applied Systems Analysis (IIASA). 2016. \"Global Spatially-Disaggregated Crop Production Statistics Data for 2005 Version 3.1.\" Harvard Dataverse, V9. Accessed through Resource Watch, (date). [www.resourcewatch.org](www.resourcewatch.org).", "license": "Creative Commons Attribution-NonCommercial 3.0 Unported", "license_link": "https://creativecommons.org/licenses/by-nc/3.0/", "geographic_coverage": "Global", "spatial_resolution": "5 arc minutes", "date_of_content": "2005", "frequency_of_updates": "Varies", "learn_more_link": "https://dataverse.harvard.edu/dataset.xhtml?persistentId=doi:10.7910/DVN/DHXBJX", "data_download_link": null, "data_download_original_link": "https://dataverse.harvard.edu/dataset.xhtml?persistentId=doi:10.7910/DVN/DHXBJX"}, "createdAt": "2017-12-07T17:41:13.010Z", "updatedAt": "2020-02-04T19:46:15.776Z", "status": "published"}}], "widget": [{"id": "d9c91358-eb41-4dea-9161-e080159719d2", "type": "widget", "attributes": {"name": "2005 Maize - Harvested Area (ha)", "dataset": "dc6f3f75-dd31-4b0e-b41b-5707f742ad2c", "slug": "2005-Maize-Harvested-Area-ha", "userId": "59aeb48e3fc0460001a45524", "description": "", "source": "", "authors": "", "application": ["rw"], "verified": false, "default": false, "protected": false, "defaultEditableWidget": true, "published": true, "freeze": false, "env": "production", "queryUrl": "", "widgetConfig": {"paramsConfig": {"embed": {"src": ""}, "layer": "2bfa4d1d-1993-40ef-b280-9c2eaba42b55", "band": null, "areaIntersection": null, "filters": [], "chartType": null, "aggregateFunction": null, "orderBy": null, "size": null, "color": null, "category": null, "value": null, "limit": 500, "visualizationType": "map"}, "lng": 0, "lat": 0, "zoom": 3, "layer_id": "2bfa4d1d-1993-40ef-b280-9c2eaba42b55", "type": "map"}, "template": false, "createdAt": "2018-01-10T19:13:23.718Z", "updatedAt": "2018-01-10T19:13:23.718Z"}}, {"id": "2d0bfc99-2695-423b-9beb-0aae314eb368", "type": "widget", "attributes": {"name": "Maize Production 2005 (mt)", "dataset": "dc6f3f75-dd31-4b0e-b41b-5707f742ad2c", "slug": "Maize-Production-2015-Mt", "userId": "5a689d78fb357b0001e35c61", "application": ["rw"], "verified": false, "default": false, "protected": false, "defaultEditableWidget": false, "published": false, "freeze": false, "env": "production", "widgetConfig": {"paramsConfig": {"layer": "b1a2ae4d-5526-4933-9d09-5a28664cceee", "band": null, "areaIntersection": null, "filters": [], "chartType": null, "aggregateFunction": null, "orderBy": null, "size": null, "color": null, "category": null, "value": null, "limit": 500, "caption": null, "visualizationType": "map"}, "lng": 0, "lat": 0, "zoom": 3, "layer_id": "b1a2ae4d-5526-4933-9d09-5a28664cceee", "type": "map"}, "template": false, "createdAt": "2018-03-08T20:37:12.784Z", "updatedAt": "2018-03-08T20:37:12.784Z"}}, {"id": "318cc9d5-358a-413d-8be1-c0992dc22f07", "type": "widget", "attributes": {"name": "Maize Harvested Area 2005 (ha)", "dataset": "dc6f3f75-dd31-4b0e-b41b-5707f742ad2c", "slug": "Maize-Harvested-Area-2005-ha", "userId": "5a689d78fb357b0001e35c61", "application": ["rw"], "verified": false, "default": false, "protected": false, "defaultEditableWidget": false, "published": false, "freeze": false, "env": "production", "widgetConfig": {"paramsConfig": {"layer": "2bfa4d1d-1993-40ef-b280-9c2eaba42b55", "band": null, "areaIntersection": null, "filters": [], "chartType": null, "aggregateFunction": null, "orderBy": null, "size": null, "color": null, "category": null, "value": null, "limit": 500, "caption": null, "visualizationType": "map"}, "lng": 0, "lat": 0, "zoom": 3, "layer_id": "2bfa4d1d-1993-40ef-b280-9c2eaba42b55", "type": "map"}, "template": false, "createdAt": "2018-03-08T20:41:35.035Z", "updatedAt": "2018-03-08T20:41:35.035Z"}}, {"id": "2c8302b3-613d-414a-b3fd-7f65d13bb8b2", "type": "widget", "attributes": {"name": "2005 Maize - Harvested Area (ha)", "dataset": "dc6f3f75-dd31-4b0e-b41b-5707f742ad2c", "slug": "2005-Maize-Harvested-Area-ha_1", "userId": "5acf5b8cc45a25e31d890f89", "application": ["rw"], "verified": false, "default": false, "protected": false, "defaultEditableWidget": false, "published": false, "freeze": false, "env": "production", "widgetConfig": {"paramsConfig": {"layer": "d2f31332-5426-4dd5-bc0a-c0ba87d732cd", "band": null, "areaIntersection": null, "filters": [], "chartType": null, "aggregateFunction": null, "orderBy": null, "size": null, "color": null, "category": null, "value": null, "limit": 500, "caption": null, "visualizationType": "map"}, "bbox": [97.70617291331294, 18.149766706448922, 111.15343853831294, 24.090350357613616], "lng": 104.42980572581294, "lat": 21.149834573464354, "zoom": 7, "layer_id": "d2f31332-5426-4dd5-bc0a-c0ba87d732cd", "type": "map"}, "template": false, "createdAt": "2018-04-12T14:36:53.313Z", "updatedAt": "2018-04-12T14:36:53.313Z"}}, {"id": "022b59c6-bac0-4360-ae19-5e49c32f56f3", "type": "widget", "attributes": {"name": "2005 Rice - production (mt)", "dataset": "dc6f3f75-dd31-4b0e-b41b-5707f742ad2c", "slug": "2005-Rice-production-mt", "userId": "5acf5b8cc45a25e31d890f89", "application": ["rw"], "verified": false, "default": false, "protected": false, "defaultEditableWidget": false, "published": false, "freeze": false, "env": "production", "widgetConfig": {"paramsConfig": {"layer": "d2f31332-5426-4dd5-bc0a-c0ba87d732cd", "band": null, "areaIntersection": null, "filters": [], "chartType": null, "aggregateFunction": null, "orderBy": null, "size": null, "color": null, "category": null, "value": null, "limit": 500, "caption": null, "visualizationType": "map"}, "bbox": [97.70617291331294, 18.149766706448922, 111.15343853831294, 24.090350357613616], "lng": 104.42980572581294, "lat": 21.149834573464354, "zoom": 7, "layer_id": "d2f31332-5426-4dd5-bc0a-c0ba87d732cd", "type": "map"}, "template": false, "createdAt": "2018-04-12T14:37:13.930Z", "updatedAt": "2018-04-12T14:37:13.930Z"}}, {"id": "b47af0f3-e401-4ee9-9110-80b1080b22c8", "type": "widget", "attributes": {"name": "2005 Rice - Harvested area (ha)", "dataset": "dc6f3f75-dd31-4b0e-b41b-5707f742ad2c", "slug": "2005-Rice-Harvested-area-ha", "userId": "5acf5b8cc45a25e31d890f89", "application": ["rw"], "verified": false, "default": false, "protected": false, "defaultEditableWidget": false, "published": false, "freeze": false, "env": "production", "widgetConfig": {"paramsConfig": {"layer": "9de09510-988c-46db-894c-c540d3514a61", "band": null, "areaIntersection": null, "filters": [], "chartType": null, "aggregateFunction": null, "orderBy": null, "size": null, "color": null, "category": null, "value": null, "limit": 500, "caption": null, "visualizationType": "map"}, "lng": 104.42980572581294, "lat": 21.149834573464354, "zoom": 7, "layer_id": "9de09510-988c-46db-894c-c540d3514a61", "type": "map"}, "template": false, "createdAt": "2018-04-12T14:38:07.621Z", "updatedAt": "2018-04-12T14:38:07.621Z"}}, {"id": "3afc17f3-b707-481a-b710-e1c086774f3b", "type": "widget", "attributes": {"name": "2005 Soybean - harvested area (ha)", "dataset": "dc6f3f75-dd31-4b0e-b41b-5707f742ad2c", "slug": "2005-Soybean-harvested-area-ha", "userId": "5acf5b8cc45a25e31d890f89", "application": ["rw"], "verified": false, "default": false, "protected": false, "defaultEditableWidget": false, "published": false, "freeze": false, "env": "production", "widgetConfig": {"paramsConfig": {"layer": "c8ee3c74-aeeb-4536-83dc-71bea558dca8", "band": null, "areaIntersection": null, "filters": [], "chartType": null, "aggregateFunction": null, "orderBy": null, "size": null, "color": null, "category": null, "value": null, "limit": 500, "caption": null, "visualizationType": "map"}, "lng": 104.42980572581294, "lat": 21.149834573464354, "zoom": 7, "layer_id": "c8ee3c74-aeeb-4536-83dc-71bea558dca8", "type": "map"}, "template": false, "createdAt": "2018-04-12T14:39:07.941Z", "updatedAt": "2018-04-12T14:39:07.941Z"}}], "layer": [{"id": "2bfa4d1d-1993-40ef-b280-9c2eaba42b55", "type": "layer", "attributes": {"name": "2005 Maize Harvested Area (ha)", "slug": "2005-Maize-Harvested-Area-ha", "dataset": "dc6f3f75-dd31-4b0e-b41b-5707f742ad2c", "description": "Estimated harvested area of maize in hectares (ha) for 2005.", "application": ["rw"], "iso": [], "provider": "gee", "userId": "5980838ae24e6a1dae3dd446", "default": true, "protected": false, "published": true, "env": "production", "layerConfig": {"body": {"sldValue": "<RasterSymbolizer>  <ChannelSelection>   <GrayChannel>   <SourceChannelName>H_MAIZ</SourceChannelName>        </GrayChannel>        </ChannelSelection>    <ColorMap  type=\"ramp\" extended=\"false\" >     '<ColorMapEntry color=\"#FFE4A1\" quantity=\"0\" opacity=\"0\" />' + '<ColorMapEntry color=\"#FFE4A1\" quantity=\"200\" />' +    '<ColorMapEntry color=\"#E9C587\" quantity=\"1000\" />' +    '<ColorMapEntry color=\"#D2A167\" quantity=\"1700\" />' +  '<ColorMapEntry color=\"#BC804A\" quantity=\"3000\" />' + '<ColorMapEntry color=\"#A35F32\" quantity=\"4800\" />'  + '<ColorMapEntry color=\"#823811\" quantity=\"7800\" />' +   '<ColorMapEntry color=\"#823811\" quantity=\"15456.599609375\" />' +   </ColorMap></RasterSymbolizer>", "styleType": "sld"}, "assetId": "users/resourcewatch/foo_005_crop_area_production", "type": "gee"}, "legendConfig": {"items": [{"color": "#FFE4A1", "name": "\u2264200", "id": 0}, {"color": "#E9C587", "name": "\u2264400", "id": 1}, {"color": "#D2A167", "name": "\u2264700", "id": 2}, {"color": "#BC804A", "name": "\u22641,100", "id": 3}, {"color": "#A35F32", "name": "\u22641,800", "id": 4}, {"color": "#823811", "name": "\u226411,400", "id": 5}], "type": "choropleth"}, "interactionConfig": {"type": "intersection", "config": {"url": "https://api.resourcewatch.org/v1/query/dc6f3f75-dd31-4b0e-b41b-5707f742ad2c?sql=select st_summarystats(rast, 'H_MAIZ', false) as x from 'users/resourcewatch/foo_005_crop_area_production' where ST_INTERSECTS(ST_SetSRID(ST_GeomFromGeoJSON('{\"type\":\"Point\",\"coordinates\":[{{lng}},{{lat}}]}'),4326),the_geom)"}, "output": [{"column": "x.H_MAIZ.mean", "property": "Havested Area", "type": "number", "format": "0.0", "suffix": " ha"}]}, "applicationConfig": {}, "staticImageConfig": {}, "createdAt": "2020-02-06T15:29:02.139Z", "updatedAt": "2019-06-18T16:54:39.575Z"}}, {"id": "9de09510-988c-46db-894c-c540d3514a61", "type": "layer", "attributes": {"name": "2005 Rice Harvested Area (ha)", "slug": "2005-Rice-Harvested-Area-ha", "dataset": "dc6f3f75-dd31-4b0e-b41b-5707f742ad2c", "description": "Estimated harvested area of rice in hectares (ha) for 2005.", "application": ["rw"], "iso": [], "provider": "gee", "userId": "5980838ae24e6a1dae3dd446", "default": false, "protected": false, "published": true, "env": "production", "layerConfig": {"type": "gee", "assetId": "users/resourcewatch/foo_005_crop_area_production", "body": {"styleType": "sld", "sldValue": "<RasterSymbolizer>  <ChannelSelection>   <GrayChannel>   <SourceChannelName>H_RICE</SourceChannelName>        </GrayChannel>        </ChannelSelection>    <ColorMap  type=\"ramp\" extended=\"false\" >     '<ColorMapEntry color=\"#FFE4A1\" quantity=\"0\" opacity=\"0\" />' + '<ColorMapEntry color=\"#FFE4A1\" quantity=\"400\" />' +    '<ColorMapEntry color=\"#E9C587\" quantity=\"1000\" />' +    '<ColorMapEntry color=\"#D2A167\" quantity=\"1700\" />' +  '<ColorMapEntry color=\"#BC804A\" quantity=\"3000\" />' + '<ColorMapEntry color=\"#A35F32\" quantity=\"4800\" />' + '<ColorMapEntry color=\"#823811\" quantity=\"7800\" />' +   '<ColorMapEntry color=\"#742600\" quantity=\"15456.599609375\" />' +   </ColorMap></RasterSymbolizer>"}}, "legendConfig": {"type": "choropleth", "items": [{"name": "\u2264400", "color": "#FFE4A1", "id": 0}, {"name": "\u22641,000", "color": "#E9C587", "id": 1}, {"name": "\u22641,700", "color": "#D2A167", "id": 2}, {"name": "\u22643,000", "color": "#BC804A", "id": 3}, {"name": "\u22644,800", "color": "#A35F32", "id": 4}, {"name": "\u22647,800", "color": "#823811", "id": 5}, {"name": "\u226415,500", "color": "#742600", "id": 6}]}, "interactionConfig": {"type": "intersection", "config": {"url": "https://api.resourcewatch.org/v1/query/dc6f3f75-dd31-4b0e-b41b-5707f742ad2c?sql=select st_summarystats(rast, 'H_RICE', false) as x from 'users/resourcewatch/foo_005_crop_area_production' where ST_INTERSECTS(ST_SetSRID(ST_GeomFromGeoJSON('{\"type\":\"Point\",\"coordinates\":[{{lng}},{{lat}}]}'),4326),the_geom)"}, "output": [{"column": "x.H_RICE.mean", "property": "Havested Area", "type": "number", "format": "0.0", "suffix": " ha"}]}, "applicationConfig": {}, "staticImageConfig": {}, "createdAt": "2020-02-06T15:29:02.140Z", "updatedAt": "2019-06-18T16:55:11.063Z"}}, {"id": "c8ee3c74-aeeb-4536-83dc-71bea558dca8", "type": "layer", "attributes": {"name": "2005 Soybean Harvested Area (ha)", "slug": "2005-Soybean-Harvested-Area-ha", "dataset": "dc6f3f75-dd31-4b0e-b41b-5707f742ad2c", "description": "Estimated harvested area of soybeans in hectares (ha) for 2005.", "application": ["rw"], "iso": [], "provider": "gee", "userId": "5980838ae24e6a1dae3dd446", "default": false, "protected": false, "published": true, "env": "production", "layerConfig": {"body": {"sldValue": "<RasterSymbolizer>  <ChannelSelection>   <GrayChannel>   <SourceChannelName>H_SOYB_</SourceChannelName>        </GrayChannel>        </ChannelSelection>    <ColorMap  type=\"ramp\" extended=\"false\" >     '<ColorMapEntry color=\"#FFE4A1\" quantity=\"0\" opacity=\"0\" />' + '<ColorMapEntry color=\"#FFE4A1\" quantity=\"200\" />' +    '<ColorMapEntry color=\"#E9C587\" quantity=\"500\" />' +    '<ColorMapEntry color=\"#D2A167\" quantity=\"1000\" />' +  '<ColorMapEntry color=\"#BC804A\" quantity=\"1600\" />' + '<ColorMapEntry color=\"#A35F32\" quantity=\"2300\" />' + '<ColorMapEntry color=\"#823811\" quantity=\"3500\" />' +   '<ColorMapEntry color=\"#742600\" quantity=\"8210.400390625\" />' +   </ColorMap></RasterSymbolizer>", "styleType": "sld"}, "assetId": "users/resourcewatch/foo_005_crop_area_production", "type": "gee"}, "legendConfig": {"items": [{"color": "#FFE4A1", "name": "\u2264200", "id": 0}, {"color": "#E9C587", "name": "\u2264500", "id": 1}, {"color": "#D2A167", "name": "\u22641,000", "id": 2}, {"color": "#BC804A", "name": "\u22641,600", "id": 3}, {"color": "#A35F32", "name": "\u22642,300", "id": 4}, {"color": "#823811", "name": "\u22643,500", "id": 5}, {"color": "#742600", "name": "\u22648,300", "id": 6}], "type": "choropleth"}, "interactionConfig": {"type": "intersection", "config": {"url": "https://api.resourcewatch.org/v1/query/dc6f3f75-dd31-4b0e-b41b-5707f742ad2c?sql=select st_summarystats(rast, 'H_SOYB_', false) as x from 'users/resourcewatch/foo_005_crop_area_production' where ST_INTERSECTS(ST_SetSRID(ST_GeomFromGeoJSON('{\"type\":\"Point\",\"coordinates\":[{{lng}},{{lat}}]}'),4326),the_geom)"}, "output": [{"column": "x.H_SOYB_.mean", "property": "Havested Area", "type": "number", "format": "0.0", "suffix": " ha"}]}, "applicationConfig": {}, "staticImageConfig": {}, "createdAt": "2020-02-06T15:29:02.141Z", "updatedAt": "2019-06-18T16:55:35.911Z"}}, {"id": "77761a2d-5ab0-4ce0-9157-2569b5dca658", "type": "layer", "attributes": {"name": "2005 Wheat Harvested Area (ha)", "slug": "2005-Wheat-Harvested-Area-ha", "dataset": "dc6f3f75-dd31-4b0e-b41b-5707f742ad2c", "description": "Estimated harvested area of wheat in hectares (ha) for 2005.", "application": ["rw"], "iso": [], "provider": "gee", "userId": "5980838ae24e6a1dae3dd446", "default": false, "protected": false, "published": true, "env": "production", "layerConfig": {"body": {"sldValue": "<RasterSymbolizer>  <ChannelSelection>   <GrayChannel>   <SourceChannelName>H_WHEA</SourceChannelName>        </GrayChannel>        </ChannelSelection>    <ColorMap  type=\"ramp\" extended=\"false\" >     '<ColorMapEntry color=\"#FFE4A1\" quantity=\"0\" opacity=\"0\" />' + '<ColorMapEntry color=\"#FFE4A1\" quantity=\"300\" />' +    '<ColorMapEntry color=\"#E9C587\" quantity=\"600\" />' +    '<ColorMapEntry color=\"#D2A167\" quantity=\"900\" />' +  '<ColorMapEntry color=\"#BC804A\" quantity=\"1400\" />' + '<ColorMapEntry color=\"#A35F32\" quantity=\"2000\" />' + '<ColorMapEntry color=\"#823811\" quantity=\"3600\" />' +   '<ColorMapEntry color=\"#742600\" quantity=\"11744.99440456081\" />' +   </ColorMap></RasterSymbolizer>", "styleType": "sld"}, "assetId": "users/resourcewatch/foo_005_crop_area_production", "type": "gee"}, "legendConfig": {"items": [{"color": "#FFE4A1", "name": "\u2264300", "id": 0}, {"color": "#E9C587", "name": "\u2264600", "id": 1}, {"color": "#D2A167", "name": "\u2264900", "id": 2}, {"color": "#BC804A", "name": "\u22641,400", "id": 3}, {"color": "#A35F32", "name": "\u22642,000", "id": 4}, {"color": "#823811", "name": "\u22643,600", "id": 5}, {"color": "#742600", "name": "\u226411,800", "id": 6}], "type": "choropleth"}, "interactionConfig": {"type": "intersection", "config": {"url": "https://api.resourcewatch.org/v1/query/dc6f3f75-dd31-4b0e-b41b-5707f742ad2c?sql=select st_summarystats(rast, 'H_WHEA', false) as x from 'users/resourcewatch/foo_005_crop_area_production' where ST_INTERSECTS(ST_SetSRID(ST_GeomFromGeoJSON('{\"type\":\"Point\",\"coordinates\":[{{lng}},{{lat}}]}'),4326),the_geom)"}, "output": [{"column": "x.H_WHEA.mean", "property": "Havested Area", "type": "number", "format": "0.0", "suffix": " ha"}]}, "applicationConfig": {}, "staticImageConfig": {}, "createdAt": "2020-02-06T15:29:02.141Z", "updatedAt": "2019-06-18T16:55:59.913Z"}}, {"id": "b1a2ae4d-5526-4933-9d09-5a28664cceee", "type": "layer", "attributes": {"name": "2005 Maize Production (MT)", "slug": "2005-Maize-Production-mt", "dataset": "dc6f3f75-dd31-4b0e-b41b-5707f742ad2c", "description": "Estimations of global maize production in metric tons (MT) for 2005.", "application": ["rw"], "iso": [], "provider": "gee", "userId": "5980838ae24e6a1dae3dd446", "default": false, "protected": false, "published": true, "env": "production", "layerConfig": {"body": {"sldValue": "<RasterSymbolizer>  <ChannelSelection>   <GrayChannel>   <SourceChannelName>P_MAIZ</SourceChannelName>        </GrayChannel>        </ChannelSelection>    <ColorMap  type=\"ramp\" extended=\"false\" >     '<ColorMapEntry color=\"#CEF2EE\" quantity=\"0\" opacity=\"0\" />' + '<ColorMapEntry color=\"#CEF2EE\" quantity=\"800\" />' +    '<ColorMapEntry color=\"#B6D6D1\" quantity=\"1900\" />' +    '<ColorMapEntry color=\"#96BDB8\" quantity=\"3600\" />' +  '<ColorMapEntry color=\"#78A29E\" quantity=\"6300\" />' + '<ColorMapEntry color=\"#5D8C86\" quantity=\"10400\" />' + '<ColorMapEntry color=\"#43766F\" quantity=\"16600\" />' +   '<ColorMapEntry color=\"#2C605C\" quantity=\"25600\" />' +    '<ColorMapEntry color=\"#15414A\" quantity=\"91304.296875\" />' </ColorMap></RasterSymbolizer>", "styleType": "sld"}, "assetId": "users/resourcewatch/foo_005_crop_area_production", "type": "gee"}, "legendConfig": {"items": [{"color": "#CEF2EE", "name": "\u2264800", "id": 0}, {"color": "#B6D6D1", "name": "\u22641,900", "id": 1}, {"color": "#96BDB8", "name": "\u22643,600", "id": 2}, {"color": "#78A29E", "name": "\u22646,300", "id": 3}, {"color": "#5D8C86", "name": "\u226410,400", "id": 4}, {"color": "#43766F", "name": "\u226416,600", "id": 5}, {"color": "#2C605C", "name": "\u226425,600", "id": 6}, {"color": "#15414A", "name": "\u226491,400", "id": 7}], "type": "choropleth"}, "interactionConfig": {"type": "intersection", "config": {"url": "https://api.resourcewatch.org/v1/query/dc6f3f75-dd31-4b0e-b41b-5707f742ad2c?sql=select st_summarystats(rast, 'P_MAIZ', false) as x from 'users/resourcewatch/foo_005_crop_area_production' where ST_INTERSECTS(ST_SetSRID(ST_GeomFromGeoJSON('{\"type\":\"Point\",\"coordinates\":[{{lng}},{{lat}}]}'),4326),the_geom)"}, "output": [{"column": "x.P_MAIZ.mean", "property": "Production", "type": "number", "format": "0.0", "suffix": " MT"}]}, "applicationConfig": {}, "staticImageConfig": {}, "createdAt": "2020-02-06T15:29:02.141Z", "updatedAt": "2019-06-18T16:56:15.203Z"}}, {"id": "d2f31332-5426-4dd5-bc0a-c0ba87d732cd", "type": "layer", "attributes": {"name": "2005 Rice Production (MT)", "slug": "2005-Rice-Production-mt", "dataset": "dc6f3f75-dd31-4b0e-b41b-5707f742ad2c", "description": "Estimations of global rice production in metric tons (MT) for 2005.", "application": ["rw"], "iso": [], "provider": "gee", "userId": "5980838ae24e6a1dae3dd446", "default": false, "protected": false, "published": true, "env": "production", "layerConfig": {"type": "gee", "assetId": "users/resourcewatch/foo_005_crop_area_production", "body": {"styleType": "sld", "sldValue": "<RasterSymbolizer>  <ChannelSelection>   <GrayChannel>   <SourceChannelName>P_RICE</SourceChannelName>        </GrayChannel>        </ChannelSelection>    <ColorMap  type=\"ramp\" extended=\"false\" >     '<ColorMapEntry color=\"#CEF2EE\" quantity=\"0\" opacity=\"0\" />' + '<ColorMapEntry color=\"#CEF2EE\" quantity=\"1600\" />' +    '<ColorMapEntry color=\"#B6D6D1\" quantity=\"3700\" />' +    '<ColorMapEntry color=\"#96BDB8\" quantity=\"6700\" />' +  '<ColorMapEntry color=\"#78A29E\" quantity=\"10800\" />' + '<ColorMapEntry color=\"#5D8C86\" quantity=\"16700\" />' + '<ColorMapEntry color=\"#43766F\" quantity=\"24800\" />' +   '<ColorMapEntry color=\"#2C605C\" quantity=\"38400\" />' +    '<ColorMapEntry color=\"#15414A\" quantity=\"110439.203125\" />' </ColorMap></RasterSymbolizer>"}}, "legendConfig": {"type": "choropleth", "items": [{"name": "\u22641,600", "color": "#CEF2EE", "id": 0}, {"name": "\u22643,700", "color": "#B6D6D1", "id": 1}, {"name": "\u22646,700", "color": "#96BDB8", "id": 2}, {"name": "\u226410,800", "color": "#78A29E", "id": 3}, {"name": "\u226416,700", "color": "#5D8C86", "id": 4}, {"name": "\u226424,800", "color": "#43766F", "id": 5}, {"name": "\u226438,400", "color": "#2C605C", "id": 6}, {"name": "\u2264110,500", "color": "#15414A", "id": 7}]}, "interactionConfig": {"type": "intersection", "config": {"url": "https://api.resourcewatch.org/v1/query/dc6f3f75-dd31-4b0e-b41b-5707f742ad2c?sql=select st_summarystats(rast, 'P_RICE', false) as x from 'users/resourcewatch/foo_005_crop_area_production' where ST_INTERSECTS(ST_SetSRID(ST_GeomFromGeoJSON('{\"type\":\"Point\",\"coordinates\":[{{lng}},{{lat}}]}'),4326),the_geom)"}, "output": [{"column": "x.P_RICE.mean", "property": "Production", "type": "number", "format": "0.0", "suffix": " MT"}]}, "applicationConfig": {}, "staticImageConfig": {}, "createdAt": "2020-02-06T15:29:02.141Z", "updatedAt": "2019-06-18T16:56:37.278Z"}}, {"id": "62fb4698-1f57-4015-8bc3-99fe45ffb783", "type": "layer", "attributes": {"name": "2005 Soybean Production (MT)", "slug": "2005-Soybean-Production-mt", "dataset": "dc6f3f75-dd31-4b0e-b41b-5707f742ad2c", "description": "Estimations of global soybean production in metric tons (MT) for 2005.", "application": ["rw"], "iso": [], "provider": "gee", "userId": "5980838ae24e6a1dae3dd446", "default": false, "protected": false, "published": true, "env": "production", "layerConfig": {"type": "gee", "assetId": "users/resourcewatch/foo_005_crop_area_production", "body": {"styleType": "sld", "sldValue": "<RasterSymbolizer>  <ChannelSelection>   <GrayChannel>   <SourceChannelName>P_SOYB</SourceChannelName>        </GrayChannel>        </ChannelSelection>    <ColorMap  type=\"ramp\" extended=\"false\" >     '<ColorMapEntry color=\"#CEF2EE\" quantity=\"0\" opacity=\"0\" />' + '<ColorMapEntry color=\"#CEF2EE\" quantity=\"600\" />' +    '<ColorMapEntry color=\"#B6D6D1\" quantity=\"1400\" />' +    '<ColorMapEntry color=\"#96BDB8\" quantity=\"2600\" />' +  '<ColorMapEntry color=\"#78A29E\" quantity=\"4200\" />' + '<ColorMapEntry color=\"#5D8C86\" quantity=\"6000\" />' + '<ColorMapEntry color=\"#43766F\" quantity=\"8100\" />' +   '<ColorMapEntry color=\"#2C605C\" quantity=\"11900\" />' +    '<ColorMapEntry color=\"#15414A\" quantity=\"25850.099609375\" />' </ColorMap></RasterSymbolizer>"}}, "legendConfig": {"type": "choropleth", "items": [{"name": "\u2264600", "color": "#CEF2EE", "id": 0}, {"name": "\u22641,400", "color": "#B6D6D1", "id": 1}, {"name": "\u22642,600", "color": "#96BDB8", "id": 2}, {"name": "\u22644,200", "color": "#78A29E", "id": 3}, {"name": "\u22646,000", "color": "#5D8C86", "id": 4}, {"name": "\u22648,100", "color": "#43766F", "id": 5}, {"name": "\u226411,900", "color": "#2C605C", "id": 6}, {"name": "\u226426,000", "color": "#15414A", "id": 7}]}, "interactionConfig": {"type": "intersection", "config": {"url": "https://api.resourcewatch.org/v1/query/dc6f3f75-dd31-4b0e-b41b-5707f742ad2c?sql=select st_summarystats(rast, 'P_SOYB', false) as x from 'users/resourcewatch/foo_005_crop_area_production' where ST_INTERSECTS(ST_SetSRID(ST_GeomFromGeoJSON('{\"type\":\"Point\",\"coordinates\":[{{lng}},{{lat}}]}'),4326),the_geom)"}, "output": [{"column": "x.P_SOYB.mean", "property": "Production", "type": "number", "format": "0.0", "suffix": " MT"}]}, "applicationConfig": {}, "staticImageConfig": {}, "createdAt": "2020-02-06T15:29:02.142Z", "updatedAt": "2019-06-18T16:57:09.393Z"}}, {"id": "5644ed5b-eeb2-471f-9a6d-06c6e4b04613", "type": "layer", "attributes": {"name": "2005 Wheat Production (MT)", "slug": "2005-Wheat-Production-mt", "dataset": "dc6f3f75-dd31-4b0e-b41b-5707f742ad2c", "description": "Estimations of global wheat production in metric tons (MT) for 2005.", "application": ["rw"], "iso": [], "provider": "gee", "userId": "5980838ae24e6a1dae3dd446", "default": false, "protected": false, "published": true, "env": "production", "layerConfig": {"body": {"sldValue": "<RasterSymbolizer>  <ChannelSelection>   <GrayChannel>   <SourceChannelName>P_WHEA</SourceChannelName>        </GrayChannel>        </ChannelSelection>    <ColorMap  type=\"ramp\" extended=\"false\" >     '<ColorMapEntry color=\"#CEF2EE\" quantity=\"0\" opacity=\"0\" />' + '<ColorMapEntry color=\"#CEF2EE\" quantity=\"900\" />' +    '<ColorMapEntry color=\"#B6D6D1\" quantity=\"1800\" />' +    '<ColorMapEntry color=\"#96BDB8\" quantity=\"3000\" />' +  '<ColorMapEntry color=\"#78A29E\" quantity=\"4700\" />' + '<ColorMapEntry color=\"#5D8C86\" quantity=\"7200\" />' + '<ColorMapEntry color=\"#43766F\" quantity=\"11600\" />' +   '<ColorMapEntry color=\"#2C605C\" quantity=\"19800\" />' +    '<ColorMapEntry color=\"#15414A\" quantity=\"61505.1015625\" />' </ColorMap></RasterSymbolizer>", "styleType": "sld"}, "assetId": "users/resourcewatch/foo_005_crop_area_production", "type": "gee"}, "legendConfig": {"items": [{"color": "#CEF2EE", "name": "\u2264900", "id": 0}, {"color": "#B6D6D1", "name": "\u22641,800", "id": 1}, {"color": "#96BDB8", "name": "\u22643,000", "id": 2}, {"color": "#78A29E", "name": "\u22644,700", "id": 3}, {"color": "#5D8C86", "name": "\u22647,200", "id": 4}, {"color": "#43766F", "name": "\u226411,600", "id": 5}, {"color": "#2C605C", "name": "\u226419,800", "id": 6}, {"color": "#15414A", "name": "\u226461,600", "id": 7}], "type": "choropleth"}, "interactionConfig": {"type": "intersection", "config": {"url": "https://api.resourcewatch.org/v1/query/dc6f3f75-dd31-4b0e-b41b-5707f742ad2c?sql=select st_summarystats(rast, 'P_WHEA', false) as x from 'users/resourcewatch/foo_005_crop_area_production' where ST_INTERSECTS(ST_SetSRID(ST_GeomFromGeoJSON('{\"type\":\"Point\",\"coordinates\":[{{lng}},{{lat}}]}'),4326),the_geom)"}, "output": [{"column": "x.P_WHEA.mean", "property": "Production", "type": "number", "format": "0.0", "suffix": " MT"}]}, "applicationConfig": {}, "staticImageConfig": {}, "createdAt": "2020-02-06T15:29:02.142Z", "updatedAt": "2019-06-18T16:57:35.631Z"}}], "vocabulary": [{"type": "vocabulary", "attributes": {"resource": {"id": "dc6f3f75-dd31-4b0e-b41b-5707f742ad2c", "type": "dataset"}, "tags": ["geospatial", "raster", "crop_yield", "global", "food_and_agriculture", "annual", "historical", "food_production", "food_supply", "crop"], "name": "knowledge_graph", "application": "rw"}}], "widgetRelevantProps": [], "layerRelevantProps": []}}