{"id": "e00ed8ca-ee7a-4539-b6b5-0bf2c30ee0d8", "type": "dataset", "server": "https://api.resourcewatch.org", "attributes": {"name": "for.001 Tree cover_replacement", "slug": "for001-Tree-cover_replacement", "type": "raster", "subtitle": null, "application": ["rw"], "dataPath": null, "attributesPath": null, "connectorType": "rest", "provider": "gee", "userId": "5ba001878e311b7e3718740f", "connectorUrl": "", "sources": [], "tableName": "HANSEN/gfw2015_loss_tree_gain_threshold", "status": "saved", "published": true, "overwrite": false, "verified": false, "blockchain": {}, "mainDateField": null, "env": "production", "geoInfo": true, "protected": false, "legend": {"date": [], "region": [], "country": [], "nested": [], "integer": [], "short": [], "byte": [], "double": [], "float": [], "half_float": [], "scaled_float": [], "boolean": [], "binary": [], "text": [], "keyword": []}, "clonedHost": {}, "errorMessage": "", "taskId": null, "createdAt": "2019-10-23T16:01:13.119Z", "updatedAt": "2019-10-25T20:35:47.447Z", "dataLastUpdated": null, "metadata": [{"id": "5db0794e3fcbe90013afd31e", "type": "metadata", "attributes": {"dataset": "e00ed8ca-ee7a-4539-b6b5-0bf2c30ee0d8", "application": "rw", "resource": {"id": "e00ed8ca-ee7a-4539-b6b5-0bf2c30ee0d8", "type": "dataset"}, "language": "en", "name": "Tree Cover", "description": "This data set, a collaboration between the Global Land Analysis and Discovery (GLAD) lab at the University of Maryland, Google, the U.S. Geological Survey, and NASA, displays tree cover over all global land (except for Antarctica and a number of Arctic islands) for the year 2000 at 30 \u00d7 30 m resolution. This layer displays all vegetation greater than 5 m in height with >30% canopy density. Data in this layer were generated using multispectral satellite imagery from the Landsat 7 thematic mapper plus (ETM+) sensor. The clear surface observations from over 600,000 images were analyzed using Google Earth Engine, a cloud platform for Earth observation and data analysis, to determine per pixel tree cover using a supervised learning algorithm. Resource Watch shows only a subset of the data set. For access to the full data set and additional information, see the Learn More link.", "source": "UMD/Google/USGS/NASA", "info": {"rwId": "for.001", "data_type": "Raster", "name": "Tree Cover", "sources": [{"source-name": "University of Maryland (UMD)", "id": 0, "source-description": ""}, {"source-name": "Google", "id": 1, "source-description": ""}, {"source-name": "United States Geological Survey (USGS)", "id": 2, "source-description": ""}, {"source-name": "National Aeronautics and Space Administration (NASA)", "id": 3, "source-description": ""}], "technical_title": "Global Forest Change 2000\u20132016", "functions": "Areas of tree cover in 2000", "cautions": "For the purpose of this study, \u201ctree cover\u201d was defined as all vegetation taller than 5 m in height. \u201cTree cover\u201d is the biophysical presence of trees and may take the form of natural forests or plantations existing over a range of canopy densities.", "citation": "Hansen, M.C., P.V. Potapov, R. Moore, M. Hancher, S.A. Turubanova, A. Tyukavina, D. Thau, S.V. Stehman, S.J. Goetz, T.R. Loveland, A. Kommareddy, A. Egorov, L. Chini, C.O. Justice, and J.R.G. Townshend. 2013. \u201cHigh-Resolution Global Maps of 21st-Century Forest Cover Change.\u201d Science 342 (15 November): 850\u201353. earthenginepartners.appspot.com/science-2013-global-forest. Accessed through Resource Watch, (date). [www.resourcewatch.org](www.resourcewatch.org).", "license": "Creative Commons Attribution 4.0 International", "license_link": "https://creativecommons.org/licenses/by/4.0/", "geographic_coverage": "Global", "spatial_resolution": "30 m", "date_of_content": "2000", "frequency_of_updates": "FAO updates Food Balance Sheet data on a yearly basis; as of publication the latest available data year was 2013.", "learn_more_link": "http://science.sciencemag.org/content/342/6160/850", "data_download_link": null, "data_download_original_link": "http://earthenginepartners.appspot.com/science-2013-global-forest/download_v1.4.html"}, "columns": {"gain": {"type": "categorical", "alias": "Gain", "description": "Gain 2001-2012"}, "tree_15": {"type": "categorical", "description": "Tree cover 15% canopy"}, "loss_10": {"type": "categorical", "description": "Tree cover loss 10% canopy"}, "tree_10": {"type": "categorical", "description": "Tree cover 10% canopy"}, "loss_15": {"type": "categorical", "description": "Tree cover loss 15% canopy"}, "tree_20": {"type": "categorical", "description": "Tree cover 20% canopy"}, "loss_20": {"type": "categorical", "description": "Tree cover loss 20% canopy"}, "tree_30": {"type": "categorical", "description": "Tree cover 30% canopy"}, "loss_30": {"type": "categorical", "description": "Tree cover loss 30% canopy"}, "tree_50": {"type": "categorical", "description": "Tree cover 50% canopy"}, "loss_50": {"type": "categorical", "description": "Tree cover loss 50% canopy"}, "tree_75": {"type": "categorical", "description": "Tree cover 75% canopy"}, "loss_75": {"type": "categorical", "alias": "", "description": "Tree cover loss 75% canopy"}, "tree_25": {"type": "categorical", "description": "Tree cover 25% canopy"}, "loss_25": {"type": "categorical", "description": "Tree cover loss 25% canopy"}}, "createdAt": "2019-10-23T16:01:18.335Z", "updatedAt": "2020-02-04T19:46:24.294Z", "status": "published"}}], "widget": [{"id": "88ff9470-efe0-4d13-a575-39c83cc13ee7", "type": "widget", "attributes": {"name": "Trees cover 35% of global land area", "dataset": "e00ed8ca-ee7a-4539-b6b5-0bf2c30ee0d8", "slug": "Trees-cover-35-of-global-land-area_1", "userId": "5ba001878e311b7e3718740f", "description": "Areas with tree cover in the year 2000 with greater than 30% canopy density. \u201cTree cover\u201d is  defined as all vegetation taller than 5 meters in height and represents the biophysical presence of trees and may take the form of natural forests or plantations existing over a range of canopy densities.", "application": ["rw"], "verified": false, "default": false, "protected": false, "defaultEditableWidget": false, "published": true, "freeze": false, "env": "production", "widgetConfig": {"config": null, "paramsConfig": {"layer": "7a270c3a-1161-4fb2-a613-090d3e603126", "band": null, "areaIntersection": null, "filters": [], "chartType": null, "aggregateFunction": null, "orderBy": null, "size": null, "color": null, "category": null, "value": null, "limit": 500, "visualizationType": "map"}, "basemapLayers": {"boundaries": false, "labels": null, "basemap": "dark"}, "bbox": [-32.51953125000001, -49.49667452747044, 32.69531250000001, 49.49667452747045], "lng": 0, "lat": 0, "zoom": 3, "layer_id": "7a270c3a-1161-4fb2-a613-090d3e603126", "type": "map"}, "template": false, "createdAt": "2019-10-23T16:01:14.521Z", "updatedAt": "2019-10-23T16:01:14.521Z"}}, {"id": "492dffce-281f-4fe4-8378-ebeebf507b4c", "type": "widget", "attributes": {"name": "EC Tree Cover", "dataset": "e00ed8ca-ee7a-4539-b6b5-0bf2c30ee0d8", "slug": "EC-Tree-Cover_1", "userId": "5ba001878e311b7e3718740f", "application": ["rw"], "verified": false, "default": false, "protected": false, "defaultEditableWidget": false, "published": false, "freeze": false, "env": "production", "widgetConfig": {"type": "map", "layer_id": "7a270c3a-1161-4fb2-a613-090d3e603126", "zoom": 7, "lat": -0.9944824873624641, "lng": -79.22644179314376, "bbox": [-81.25488281250001, -4.565473550710278, -77.18994140625, 2.5699386165358966], "basemapLayers": {"basemap": "dark", "labels": null, "boundaries": false}, "paramsConfig": {"visualizationType": "map", "limit": 500, "value": null, "category": null, "color": null, "size": null, "orderBy": null, "aggregateFunction": null, "chartType": null, "filters": [], "areaIntersection": null, "band": null, "layer": "7a270c3a-1161-4fb2-a613-090d3e603126"}, "config": {"range": {"dotSize": [20, 250], "category20": ["#3BB2D0", "#2C75B0", "#FAB72E", "#EF4848", "#65B60D", "#C32D7B", "#F577B9", "#5FD2B8", "#F1800F", "#9F1C00", "#A5E9E3", "#B9D765", "#393F44", "#CACCD0", "#717171"], "ordinal": {"scheme": "greens"}, "ramp": {"scheme": "purples"}}, "axis": {"labelFontSize": 13, "labelFont": "Lato", "labelColor": "#717171", "labelPadding": 10, "ticks": true, "tickSize": 8, "tickColor": "#A9ABAD", "tickOpacity": 0.5, "tickExtra": false}, "axisX": {"bandPosition": 0.5, "domainWidth": 1.2, "domainColor": "#A9ABAD", "labelAlign": "center", "labelBaseline": "top"}, "axisY": {"domain": false, "labelAlign": "left", "labelBaseline": "bottom", "tickOpacity": 0.5, "grid": true, "ticks": false, "gridColor": "#A9ABAD", "gridOpacity": 0.5}, "mark": {"fill": "#3BB2D0"}, "symbol": {"fill": "#3BB2D0", "stroke": "#fff"}, "rect": {"fill": "#3BB2D0"}, "line": {"interpolate": "linear", "stroke": "#3BB2D0", "fillOpacity": 0}}}, "template": false, "createdAt": "2019-10-23T16:01:14.644Z", "updatedAt": "2019-10-23T18:20:03.741Z"}}, {"id": "64f73e5e-9da0-476b-80ac-c7eda53d3086", "type": "widget", "attributes": {"name": "ESL: Trees cover 35% of global land area", "dataset": "e00ed8ca-ee7a-4539-b6b5-0bf2c30ee0d8", "slug": "ESL-Trees-cover-35-of-global-land-area_1", "userId": "5ba001878e311b7e3718740f", "application": ["rw"], "verified": false, "default": false, "protected": false, "defaultEditableWidget": false, "published": false, "freeze": false, "env": "production", "widgetConfig": {"type": "map", "layer_id": "7a270c3a-1161-4fb2-a613-090d3e603126", "zoom": 5, "lat": 14.317614840171856, "lng": -86.61071777343751, "bbox": [-94.74609375000001, 0.17578097424708533, -78.486328125, 27.605670826465445], "basemapLayers": {"basemap": "dark", "labels": null, "boundaries": false}, "paramsConfig": {"visualizationType": "map", "limit": 500, "value": null, "category": null, "color": null, "size": null, "orderBy": null, "aggregateFunction": null, "chartType": null, "filters": [], "areaIntersection": null, "band": null, "layer": "7a270c3a-1161-4fb2-a613-090d3e603126"}, "config": {"range": {"dotSize": [20, 250], "category20": ["#3BB2D0", "#2C75B0", "#FAB72E", "#EF4848", "#65B60D", "#C32D7B", "#F577B9", "#5FD2B8", "#F1800F", "#9F1C00", "#A5E9E3", "#B9D765", "#393F44", "#CACCD0", "#717171"], "ordinal": {"scheme": "greens"}, "ramp": {"scheme": "purples"}}, "axis": {"labelFontSize": 13, "labelFont": "Lato", "labelColor": "#717171", "labelPadding": 10, "ticks": true, "tickSize": 8, "tickColor": "#A9ABAD", "tickOpacity": 0.5, "tickExtra": false}, "axisX": {"bandPosition": 0.5, "domainWidth": 1.2, "domainColor": "#A9ABAD", "labelAlign": "center", "labelBaseline": "top"}, "axisY": {"domain": false, "labelAlign": "left", "labelBaseline": "bottom", "tickOpacity": 0.5, "grid": true, "ticks": false, "gridColor": "#A9ABAD", "gridOpacity": 0.5}, "mark": {"fill": "#3BB2D0"}, "symbol": {"fill": "#3BB2D0", "stroke": "#fff"}, "rect": {"fill": "#3BB2D0"}, "line": {"interpolate": "linear", "stroke": "#3BB2D0", "fillOpacity": 0}}}, "template": false, "createdAt": "2019-10-23T16:01:14.916Z", "updatedAt": "2019-10-23T18:20:09.206Z"}}, {"id": "e61cccc5-77d0-4787-877b-df8733b6fb8a", "type": "widget", "attributes": {"name": "Tree Cover", "dataset": "e00ed8ca-ee7a-4539-b6b5-0bf2c30ee0d8", "slug": "Tree-Cover_9", "userId": "5ba001878e311b7e3718740f", "description": "Areas with tree cover in the year 2000 with greater than 30% canopy density. \u201cTree cover\u201d is  defined as all vegetation taller than 5 meters in height and represents the biophysical presence of trees and may take the form of natural forests or plantations existing over a range of canopy densities.", "application": ["rw"], "verified": false, "default": false, "protected": false, "defaultEditableWidget": true, "published": true, "freeze": false, "env": "production", "widgetConfig": {"type": "map", "layer_id": "7a270c3a-1161-4fb2-a613-090d3e603126", "zoom": 2, "lat": 0, "lng": 0.087890625, "bbox": [-65.03906250000001, -74.49641311694309, 65.03906250000001, 74.4964131169431], "basemapLayers": {"basemap": "dark", "labels": null, "boundaries": false}, "paramsConfig": {"visualizationType": "map", "limit": 50, "value": null, "category": null, "color": null, "size": null, "orderBy": null, "aggregateFunction": null, "chartType": null, "filters": [], "areaIntersection": null, "band": null, "layer": "7a270c3a-1161-4fb2-a613-090d3e603126"}, "config": {"range": {"dotSize": [20, 250], "category20": ["#3BB2D0", "#2C75B0", "#FAB72E", "#EF4848", "#65B60D", "#C32D7B", "#F577B9", "#5FD2B8", "#F1800F", "#9F1C00", "#A5E9E3", "#B9D765", "#393F44", "#CACCD0", "#717171"], "ordinal": {"scheme": "greens"}, "ramp": {"scheme": "purples"}}, "axis": {"labelFontSize": 13, "labelFont": "Lato", "labelColor": "#717171", "labelPadding": 10, "ticks": true, "tickSize": 8, "tickColor": "#A9ABAD", "tickOpacity": 0.5, "tickExtra": false}, "axisX": {"bandPosition": 0.5, "domainWidth": 1.2, "domainColor": "#A9ABAD", "labelAlign": "center", "labelBaseline": "top"}, "axisY": {"domain": false, "labelAlign": "left", "labelBaseline": "bottom", "tickOpacity": 0.5, "grid": true, "ticks": false, "gridColor": "#A9ABAD", "gridOpacity": 0.5}, "mark": {"fill": "#3BB2D0"}, "symbol": {"fill": "#3BB2D0", "stroke": "#fff"}, "rect": {"fill": "#3BB2D0"}, "line": {"interpolate": "linear", "stroke": "#3BB2D0", "fillOpacity": 0}}}, "template": false, "createdAt": "2019-10-23T16:01:15.051Z", "updatedAt": "2019-10-23T18:22:19.018Z"}}, {"id": "aec4ba8a-f6e8-4408-9962-2cdf95875376", "type": "widget", "attributes": {"name": "Tree Cover", "dataset": "e00ed8ca-ee7a-4539-b6b5-0bf2c30ee0d8", "slug": "Tree-Cover_10", "userId": "5ba001878e311b7e3718740f", "application": ["rw"], "verified": false, "default": false, "protected": false, "defaultEditableWidget": false, "published": false, "freeze": false, "env": "production", "widgetConfig": {"type": "map", "layer_id": "7a270c3a-1161-4fb2-a613-090d3e603126", "zoom": 2, "lat": 0, "lng": 0.087890625, "bbox": [-65.03906250000001, -74.49641311694309, 65.03906250000001, 74.4964131169431], "basemapLayers": {"basemap": "dark", "labels": null, "boundaries": false}, "paramsConfig": {"visualizationType": "map", "limit": 50, "value": null, "category": null, "color": null, "size": null, "orderBy": null, "aggregateFunction": null, "chartType": null, "filters": [], "areaIntersection": null, "band": null, "layer": "7a270c3a-1161-4fb2-a613-090d3e603126"}, "config": {"range": {"dotSize": [20, 250], "category20": ["#3BB2D0", "#2C75B0", "#FAB72E", "#EF4848", "#65B60D", "#C32D7B", "#F577B9", "#5FD2B8", "#F1800F", "#9F1C00", "#A5E9E3", "#B9D765", "#393F44", "#CACCD0", "#717171"], "ordinal": {"scheme": "greens"}, "ramp": {"scheme": "purples"}}, "axis": {"labelFontSize": 13, "labelFont": "Lato", "labelColor": "#717171", "labelPadding": 10, "ticks": true, "tickSize": 8, "tickColor": "#A9ABAD", "tickOpacity": 0.5, "tickExtra": false}, "axisX": {"bandPosition": 0.5, "domainWidth": 1.2, "domainColor": "#A9ABAD", "labelAlign": "center", "labelBaseline": "top"}, "axisY": {"domain": false, "labelAlign": "left", "labelBaseline": "bottom", "tickOpacity": 0.5, "grid": true, "ticks": false, "gridColor": "#A9ABAD", "gridOpacity": 0.5}, "mark": {"fill": "#3BB2D0"}, "symbol": {"fill": "#3BB2D0", "stroke": "#fff"}, "rect": {"fill": "#3BB2D0"}, "line": {"interpolate": "linear", "stroke": "#3BB2D0", "fillOpacity": 0}}}, "template": false, "createdAt": "2019-10-23T16:01:15.186Z", "updatedAt": "2019-10-23T18:21:23.939Z"}}, {"id": "d6743209-5387-46bb-a018-6e9b35d97d8f", "type": "widget", "attributes": {"name": "Tree Cover", "dataset": "e00ed8ca-ee7a-4539-b6b5-0bf2c30ee0d8", "slug": "Tree-Cover_11", "userId": "5ba001878e311b7e3718740f", "application": ["rw"], "verified": false, "default": false, "protected": false, "defaultEditableWidget": false, "published": false, "freeze": false, "env": "production", "widgetConfig": {"type": "map", "layer_id": "7a270c3a-1161-4fb2-a613-090d3e603126", "zoom": 2, "lat": 0, "lng": 0.087890625, "bbox": [-65.03906250000001, -74.49641311694309, 65.03906250000001, 74.4964131169431], "basemapLayers": {"basemap": "dark", "labels": null, "boundaries": false}, "paramsConfig": {"visualizationType": "map", "limit": 50, "value": null, "category": null, "color": null, "size": null, "orderBy": null, "aggregateFunction": null, "chartType": null, "filters": [], "areaIntersection": null, "band": null, "layer": "7a270c3a-1161-4fb2-a613-090d3e603126"}, "config": {"range": {"dotSize": [20, 250], "category20": ["#3BB2D0", "#2C75B0", "#FAB72E", "#EF4848", "#65B60D", "#C32D7B", "#F577B9", "#5FD2B8", "#F1800F", "#9F1C00", "#A5E9E3", "#B9D765", "#393F44", "#CACCD0", "#717171"], "ordinal": {"scheme": "greens"}, "ramp": {"scheme": "purples"}}, "axis": {"labelFontSize": 13, "labelFont": "Lato", "labelColor": "#717171", "labelPadding": 10, "ticks": true, "tickSize": 8, "tickColor": "#A9ABAD", "tickOpacity": 0.5, "tickExtra": false}, "axisX": {"bandPosition": 0.5, "domainWidth": 1.2, "domainColor": "#A9ABAD", "labelAlign": "center", "labelBaseline": "top"}, "axisY": {"domain": false, "labelAlign": "left", "labelBaseline": "bottom", "tickOpacity": 0.5, "grid": true, "ticks": false, "gridColor": "#A9ABAD", "gridOpacity": 0.5}, "mark": {"fill": "#3BB2D0"}, "symbol": {"fill": "#3BB2D0", "stroke": "#fff"}, "rect": {"fill": "#3BB2D0"}, "line": {"interpolate": "linear", "stroke": "#3BB2D0", "fillOpacity": 0}}}, "template": false, "createdAt": "2019-10-23T16:01:15.374Z", "updatedAt": "2019-10-23T18:21:17.429Z"}}, {"id": "165e7535-2824-4dc4-a744-07b4b9947bd6", "type": "widget", "attributes": {"name": "Tree Cover", "dataset": "e00ed8ca-ee7a-4539-b6b5-0bf2c30ee0d8", "slug": "Tree-Cover_12", "userId": "5ba001878e311b7e3718740f", "description": "trees now", "application": ["rw"], "verified": false, "default": false, "protected": false, "defaultEditableWidget": false, "published": false, "freeze": false, "env": "production", "widgetConfig": {"type": "map", "layer_id": "7a270c3a-1161-4fb2-a613-090d3e603126", "zoom": 2, "lat": 0, "lng": 0, "bbox": [-141.67968750000003, -74.49641311694309, 142.03125000000003, 74.4964131169431], "basemapLayers": {"basemap": "dark", "labels": null, "boundaries": false}, "paramsConfig": {"visualizationType": "map", "limit": 50, "value": null, "category": null, "color": null, "size": null, "orderBy": null, "aggregateFunction": null, "chartType": null, "filters": [], "areaIntersection": null, "band": null, "layer": "7a270c3a-1161-4fb2-a613-090d3e603126"}, "config": {"range": {"dotSize": [20, 250], "category20": ["#3BB2D0", "#2C75B0", "#FAB72E", "#EF4848", "#65B60D", "#C32D7B", "#F577B9", "#5FD2B8", "#F1800F", "#9F1C00", "#A5E9E3", "#B9D765", "#393F44", "#CACCD0", "#717171"], "ordinal": {"scheme": "greens"}, "ramp": {"scheme": "purples"}}, "axis": {"labelFontSize": 13, "labelFont": "Lato", "labelColor": "#717171", "labelPadding": 10, "ticks": true, "tickSize": 8, "tickColor": "#A9ABAD", "tickOpacity": 0.5, "tickExtra": false}, "axisX": {"bandPosition": 0.5, "domainWidth": 1.2, "domainColor": "#A9ABAD", "labelAlign": "center", "labelBaseline": "top"}, "axisY": {"domain": false, "labelAlign": "left", "labelBaseline": "bottom", "tickOpacity": 0.5, "grid": true, "ticks": false, "gridColor": "#A9ABAD", "gridOpacity": 0.5}, "mark": {"fill": "#3BB2D0"}, "symbol": {"fill": "#3BB2D0", "stroke": "#fff"}, "rect": {"fill": "#3BB2D0"}, "line": {"interpolate": "linear", "stroke": "#3BB2D0", "fillOpacity": 0}}}, "template": false, "createdAt": "2019-10-23T16:01:15.539Z", "updatedAt": "2019-10-23T18:21:14.678Z"}}, {"id": "43506115-3900-4146-8e0c-0c80fda13789", "type": "widget", "attributes": {"name": "Tree Cover", "dataset": "e00ed8ca-ee7a-4539-b6b5-0bf2c30ee0d8", "slug": "Tree-Cover_13", "userId": "5ba001878e311b7e3718740f", "description": "trees now", "application": ["rw"], "verified": false, "default": false, "protected": false, "defaultEditableWidget": false, "published": false, "freeze": false, "env": "production", "widgetConfig": {"type": "map", "layer_id": "7a270c3a-1161-4fb2-a613-090d3e603126", "zoom": 2, "lat": 0, "lng": 0, "bbox": [-141.67968750000003, -74.49641311694309, 142.03125000000003, 74.4964131169431], "basemapLayers": {"basemap": "dark", "labels": null, "boundaries": false}, "paramsConfig": {"visualizationType": "map", "limit": 50, "value": null, "category": null, "color": null, "size": null, "orderBy": null, "aggregateFunction": null, "chartType": null, "filters": [], "areaIntersection": null, "band": null, "layer": "7a270c3a-1161-4fb2-a613-090d3e603126"}, "config": {"range": {"dotSize": [20, 250], "category20": ["#3BB2D0", "#2C75B0", "#FAB72E", "#EF4848", "#65B60D", "#C32D7B", "#F577B9", "#5FD2B8", "#F1800F", "#9F1C00", "#A5E9E3", "#B9D765", "#393F44", "#CACCD0", "#717171"], "ordinal": {"scheme": "greens"}, "ramp": {"scheme": "purples"}}, "axis": {"labelFontSize": 13, "labelFont": "Lato", "labelColor": "#717171", "labelPadding": 10, "ticks": true, "tickSize": 8, "tickColor": "#A9ABAD", "tickOpacity": 0.5, "tickExtra": false}, "axisX": {"bandPosition": 0.5, "domainWidth": 1.2, "domainColor": "#A9ABAD", "labelAlign": "center", "labelBaseline": "top"}, "axisY": {"domain": false, "labelAlign": "left", "labelBaseline": "bottom", "tickOpacity": 0.5, "grid": true, "ticks": false, "gridColor": "#A9ABAD", "gridOpacity": 0.5}, "mark": {"fill": "#3BB2D0"}, "symbol": {"fill": "#3BB2D0", "stroke": "#fff"}, "rect": {"fill": "#3BB2D0"}, "line": {"interpolate": "linear", "stroke": "#3BB2D0", "fillOpacity": 0}}}, "template": false, "createdAt": "2019-10-23T16:01:15.721Z", "updatedAt": "2019-10-23T18:21:07.710Z"}}, {"id": "b4f72f35-a742-4e67-8cdd-ce33a945f40f", "type": "widget", "attributes": {"name": "Tree Cover", "dataset": "e00ed8ca-ee7a-4539-b6b5-0bf2c30ee0d8", "slug": "Tree-Cover_14", "userId": "5ba001878e311b7e3718740f", "description": "trees now", "application": ["rw"], "verified": false, "default": false, "protected": false, "defaultEditableWidget": false, "published": false, "freeze": false, "env": "production", "widgetConfig": {"type": "map", "layer_id": "7a270c3a-1161-4fb2-a613-090d3e603126", "zoom": 2, "lat": 0, "lng": 0, "bbox": [-141.67968750000003, -74.49641311694309, 142.03125000000003, 74.4964131169431], "basemapLayers": {"basemap": "dark", "labels": null, "boundaries": false}, "paramsConfig": {"visualizationType": "map", "limit": 50, "value": null, "category": null, "color": null, "size": null, "orderBy": null, "aggregateFunction": null, "chartType": null, "filters": [], "areaIntersection": null, "band": null, "layer": "7a270c3a-1161-4fb2-a613-090d3e603126"}, "config": {"range": {"dotSize": [20, 250], "category20": ["#3BB2D0", "#2C75B0", "#FAB72E", "#EF4848", "#65B60D", "#C32D7B", "#F577B9", "#5FD2B8", "#F1800F", "#9F1C00", "#A5E9E3", "#B9D765", "#393F44", "#CACCD0", "#717171"], "ordinal": {"scheme": "greens"}, "ramp": {"scheme": "purples"}}, "axis": {"labelFontSize": 13, "labelFont": "Lato", "labelColor": "#717171", "labelPadding": 10, "ticks": true, "tickSize": 8, "tickColor": "#A9ABAD", "tickOpacity": 0.5, "tickExtra": false}, "axisX": {"bandPosition": 0.5, "domainWidth": 1.2, "domainColor": "#A9ABAD", "labelAlign": "center", "labelBaseline": "top"}, "axisY": {"domain": false, "labelAlign": "left", "labelBaseline": "bottom", "tickOpacity": 0.5, "grid": true, "ticks": false, "gridColor": "#A9ABAD", "gridOpacity": 0.5}, "mark": {"fill": "#3BB2D0"}, "symbol": {"fill": "#3BB2D0", "stroke": "#fff"}, "rect": {"fill": "#3BB2D0"}, "line": {"interpolate": "linear", "stroke": "#3BB2D0", "fillOpacity": 0}}}, "template": false, "createdAt": "2019-10-23T16:01:15.920Z", "updatedAt": "2019-10-23T18:21:03.304Z"}}, {"id": "68ccc844-5931-41db-ad0f-52c0b40a2a62", "type": "widget", "attributes": {"name": "Trees cover 35% of global land area - 1566261131745", "dataset": "e00ed8ca-ee7a-4539-b6b5-0bf2c30ee0d8", "slug": "Trees-cover-35-of-global-land-area-1566261131745_1", "userId": "5ba001878e311b7e3718740f", "description": "Areas with tree cover in the year 2000 with greater than 30% canopy density. \u201cTree cover\u201d is  defined as all vegetation taller than 5 meters in height and represents the biophysical presence of trees and may take the form of natural forests or plantations existing over a range of canopy densities.", "application": ["rw"], "verified": false, "default": false, "protected": false, "defaultEditableWidget": false, "published": true, "freeze": false, "env": "production", "widgetConfig": {"type": "map", "layer_id": "7a270c3a-1161-4fb2-a613-090d3e603126", "zoom": 3, "lat": 0, "lng": 0, "bbox": [-32.51953125000001, -49.49667452747044, 32.69531250000001, 49.49667452747045], "basemapLayers": {"basemap": "dark", "labels": null, "boundaries": false}, "paramsConfig": {"visualizationType": "map", "limit": 500, "value": null, "category": null, "color": null, "size": null, "orderBy": null, "aggregateFunction": null, "chartType": null, "filters": [], "areaIntersection": null, "band": null, "layer": "7a270c3a-1161-4fb2-a613-090d3e603126"}, "config": null}, "template": false, "createdAt": "2019-10-23T16:01:16.099Z", "updatedAt": "2019-10-23T16:01:16.099Z"}}, {"id": "3c445ed9-2460-48fc-a28d-cd2172cd2aa3", "type": "widget", "attributes": {"name": "Tree Cover", "dataset": "e00ed8ca-ee7a-4539-b6b5-0bf2c30ee0d8", "slug": "Tree-Cover_15", "userId": "5ba001878e311b7e3718740f", "description": "Tree Cover over Indonesia in the 2000", "application": ["rw"], "verified": false, "default": false, "protected": false, "defaultEditableWidget": false, "published": false, "freeze": false, "env": "production", "widgetConfig": {"type": "map", "layer_id": "7a270c3a-1161-4fb2-a613-090d3e603126", "zoom": 3, "lat": -3.7327083213358336, "lng": 121.35498046875001, "bbox": [88.76953125, -51.83577752045248, 153.80859375000003, 47.040182144806664], "basemapLayers": {"basemap": "dark", "labels": null, "boundaries": false}, "paramsConfig": {"visualizationType": "map", "limit": 50, "value": null, "category": null, "color": null, "size": null, "orderBy": null, "aggregateFunction": null, "chartType": null, "filters": [], "areaIntersection": null, "band": null, "layer": "7a270c3a-1161-4fb2-a613-090d3e603126"}, "config": {"range": {"dotSize": [20, 250], "category20": ["#3BB2D0", "#2C75B0", "#FAB72E", "#EF4848", "#65B60D", "#C32D7B", "#F577B9", "#5FD2B8", "#F1800F", "#9F1C00", "#A5E9E3", "#B9D765", "#393F44", "#CACCD0", "#717171"], "ordinal": {"scheme": "greens"}, "ramp": {"scheme": "purples"}}, "axis": {"labelFontSize": 13, "labelFont": "Lato", "labelColor": "#717171", "labelPadding": 10, "ticks": true, "tickSize": 8, "tickColor": "#A9ABAD", "tickOpacity": 0.5, "tickExtra": false}, "axisX": {"bandPosition": 0.5, "domainWidth": 1.2, "domainColor": "#A9ABAD", "labelAlign": "center", "labelBaseline": "top"}, "axisY": {"domain": false, "labelAlign": "left", "labelBaseline": "bottom", "tickOpacity": 0.5, "grid": true, "ticks": false, "gridColor": "#A9ABAD", "gridOpacity": 0.5}, "mark": {"fill": "#3BB2D0"}, "symbol": {"fill": "#3BB2D0", "stroke": "#fff"}, "rect": {"fill": "#3BB2D0"}, "line": {"interpolate": "linear", "stroke": "#3BB2D0", "fillOpacity": 0}}}, "template": false, "createdAt": "2019-10-23T16:01:16.279Z", "updatedAt": "2019-10-23T18:20:55.528Z"}}, {"id": "4a1fb806-3dc1-42ab-bbd2-ac537289e16f", "type": "widget", "attributes": {"name": "Tree Cover", "dataset": "e00ed8ca-ee7a-4539-b6b5-0bf2c30ee0d8", "slug": "Tree-Cover_16", "userId": "5ba001878e311b7e3718740f", "description": "Tree Cover over Indonesia in the 2000", "application": ["rw"], "verified": false, "default": false, "protected": false, "defaultEditableWidget": false, "published": false, "freeze": false, "env": "production", "widgetConfig": {"type": "map", "layer_id": "7a270c3a-1161-4fb2-a613-090d3e603126", "zoom": 3, "lat": -3.7327083213358336, "lng": 121.35498046875001, "bbox": [88.76953125, -51.83577752045248, 153.80859375000003, 47.040182144806664], "basemapLayers": {"basemap": "dark", "labels": null, "boundaries": false}, "paramsConfig": {"visualizationType": "map", "limit": 50, "value": null, "category": null, "color": null, "size": null, "orderBy": null, "aggregateFunction": null, "chartType": null, "filters": [], "areaIntersection": null, "band": null, "layer": "7a270c3a-1161-4fb2-a613-090d3e603126"}, "config": {"range": {"dotSize": [20, 250], "category20": ["#3BB2D0", "#2C75B0", "#FAB72E", "#EF4848", "#65B60D", "#C32D7B", "#F577B9", "#5FD2B8", "#F1800F", "#9F1C00", "#A5E9E3", "#B9D765", "#393F44", "#CACCD0", "#717171"], "ordinal": {"scheme": "greens"}, "ramp": {"scheme": "purples"}}, "axis": {"labelFontSize": 13, "labelFont": "Lato", "labelColor": "#717171", "labelPadding": 10, "ticks": true, "tickSize": 8, "tickColor": "#A9ABAD", "tickOpacity": 0.5, "tickExtra": false}, "axisX": {"bandPosition": 0.5, "domainWidth": 1.2, "domainColor": "#A9ABAD", "labelAlign": "center", "labelBaseline": "top"}, "axisY": {"domain": false, "labelAlign": "left", "labelBaseline": "bottom", "tickOpacity": 0.5, "grid": true, "ticks": false, "gridColor": "#A9ABAD", "gridOpacity": 0.5}, "mark": {"fill": "#3BB2D0"}, "symbol": {"fill": "#3BB2D0", "stroke": "#fff"}, "rect": {"fill": "#3BB2D0"}, "line": {"interpolate": "linear", "stroke": "#3BB2D0", "fillOpacity": 0}}}, "template": false, "createdAt": "2019-10-23T16:01:16.446Z", "updatedAt": "2019-10-23T18:20:50.991Z"}}, {"id": "6419a6ef-81d8-4e5b-a4f5-2c4eca4acd76", "type": "widget", "attributes": {"name": "Tree Cover", "dataset": "e00ed8ca-ee7a-4539-b6b5-0bf2c30ee0d8", "slug": "Tree-Cover_17", "userId": "5ba001878e311b7e3718740f", "description": "Tree Cover over Indonesia in the 2000", "application": ["rw"], "verified": false, "default": false, "protected": false, "defaultEditableWidget": false, "published": false, "freeze": false, "env": "production", "widgetConfig": {"type": "map", "layer_id": "7a270c3a-1161-4fb2-a613-090d3e603126", "zoom": 3, "lat": -3.7327083213358336, "lng": 121.35498046875001, "bbox": [88.76953125, -51.83577752045248, 153.80859375000003, 47.040182144806664], "basemapLayers": {"basemap": "dark", "labels": null, "boundaries": false}, "paramsConfig": {"visualizationType": "map", "limit": 50, "value": null, "category": null, "color": null, "size": null, "orderBy": null, "aggregateFunction": null, "chartType": null, "filters": [], "areaIntersection": null, "band": null, "layer": "7a270c3a-1161-4fb2-a613-090d3e603126"}, "config": {"range": {"dotSize": [20, 250], "category20": ["#3BB2D0", "#2C75B0", "#FAB72E", "#EF4848", "#65B60D", "#C32D7B", "#F577B9", "#5FD2B8", "#F1800F", "#9F1C00", "#A5E9E3", "#B9D765", "#393F44", "#CACCD0", "#717171"], "ordinal": {"scheme": "greens"}, "ramp": {"scheme": "purples"}}, "axis": {"labelFontSize": 13, "labelFont": "Lato", "labelColor": "#717171", "labelPadding": 10, "ticks": true, "tickSize": 8, "tickColor": "#A9ABAD", "tickOpacity": 0.5, "tickExtra": false}, "axisX": {"bandPosition": 0.5, "domainWidth": 1.2, "domainColor": "#A9ABAD", "labelAlign": "center", "labelBaseline": "top"}, "axisY": {"domain": false, "labelAlign": "left", "labelBaseline": "bottom", "tickOpacity": 0.5, "grid": true, "ticks": false, "gridColor": "#A9ABAD", "gridOpacity": 0.5}, "mark": {"fill": "#3BB2D0"}, "symbol": {"fill": "#3BB2D0", "stroke": "#fff"}, "rect": {"fill": "#3BB2D0"}, "line": {"interpolate": "linear", "stroke": "#3BB2D0", "fillOpacity": 0}}}, "template": false, "createdAt": "2019-10-23T16:01:16.650Z", "updatedAt": "2019-10-23T18:20:46.820Z"}}, {"id": "293eb463-3540-4a2b-8f13-e3f4b32272b0", "type": "widget", "attributes": {"name": "Trees cover 35% of global land area - 1568297969486", "dataset": "e00ed8ca-ee7a-4539-b6b5-0bf2c30ee0d8", "slug": "Trees-cover-35-of-global-land-area-1568297969486_1", "userId": "5ba001878e311b7e3718740f", "description": "Areas with tree cover in the year 2000 with greater than 30% canopy density. \u201cTree cover\u201d is  defined as all vegetation taller than 5 meters in height and represents the biophysical presence of trees and may take the form of natural forests or plantations existing over a range of canopy densities.", "application": ["rw"], "verified": false, "default": false, "protected": false, "defaultEditableWidget": false, "published": true, "freeze": false, "env": "production", "widgetConfig": {"type": "map", "layer_id": "7a270c3a-1161-4fb2-a613-090d3e603126", "zoom": 3, "lat": 0, "lng": 0, "bbox": [-32.51953125000001, -49.49667452747044, 32.69531250000001, 49.49667452747045], "basemapLayers": {"basemap": "dark", "labels": null, "boundaries": false}, "paramsConfig": {"visualizationType": "map", "limit": 500, "value": null, "category": null, "color": null, "size": null, "orderBy": null, "aggregateFunction": null, "chartType": null, "filters": [], "areaIntersection": null, "band": null, "layer": "7a270c3a-1161-4fb2-a613-090d3e603126"}, "config": null}, "template": false, "createdAt": "2019-10-23T16:01:17.004Z", "updatedAt": "2019-10-23T16:01:17.004Z"}}, {"id": "df7f66b3-b37e-49d9-8cb3-b865c90e4d23", "type": "widget", "attributes": {"name": "2000 Tree Cover", "dataset": "e00ed8ca-ee7a-4539-b6b5-0bf2c30ee0d8", "slug": "2000-Tree-Cover_7", "userId": "5ba001878e311b7e3718740f", "application": ["rw"], "verified": false, "default": false, "protected": false, "defaultEditableWidget": false, "published": false, "freeze": false, "env": "production", "widgetConfig": {"type": "map", "layer_id": "7a270c3a-1161-4fb2-a613-090d3e603126", "zoom": 2, "lat": 0, "lng": 0, "bbox": [-65.03906250000001, -74.49641311694309, 65.03906250000001, 74.4964131169431], "basemapLayers": {"basemap": "dark", "labels": null, "boundaries": false}, "paramsConfig": {"visualizationType": "map", "limit": 50, "value": null, "category": null, "color": null, "size": null, "orderBy": null, "aggregateFunction": null, "chartType": null, "filters": [], "areaIntersection": null, "band": null, "layer": "7a270c3a-1161-4fb2-a613-090d3e603126"}, "config": {"range": {"dotSize": [20, 250], "category20": ["#3BB2D0", "#2C75B0", "#FAB72E", "#EF4848", "#65B60D", "#C32D7B", "#F577B9", "#5FD2B8", "#F1800F", "#9F1C00", "#A5E9E3", "#B9D765", "#393F44", "#CACCD0", "#717171"], "ordinal": {"scheme": "greens"}, "ramp": {"scheme": "purples"}}, "axis": {"labelFontSize": 13, "labelFont": "Lato", "labelColor": "#717171", "labelPadding": 10, "ticks": true, "tickSize": 8, "tickColor": "#A9ABAD", "tickOpacity": 0.5, "tickExtra": false}, "axisX": {"bandPosition": 0.5, "domainWidth": 1.2, "domainColor": "#A9ABAD", "labelAlign": "center", "labelBaseline": "top"}, "axisY": {"domain": false, "labelAlign": "left", "labelBaseline": "bottom", "tickOpacity": 0.5, "grid": true, "ticks": false, "gridColor": "#A9ABAD", "gridOpacity": 0.5}, "mark": {"fill": "#3BB2D0"}, "symbol": {"fill": "#3BB2D0", "stroke": "#fff"}, "rect": {"fill": "#3BB2D0"}, "line": {"interpolate": "linear", "stroke": "#3BB2D0", "fillOpacity": 0}}}, "template": false, "createdAt": "2019-10-23T16:01:17.178Z", "updatedAt": "2019-10-23T18:19:59.901Z"}}, {"id": "ff596594-a6e8-4839-a092-9830700f4182", "type": "widget", "attributes": {"name": "2000 Tree Cover", "dataset": "e00ed8ca-ee7a-4539-b6b5-0bf2c30ee0d8", "slug": "2000-Tree-Cover_8", "userId": "5ba001878e311b7e3718740f", "application": ["rw"], "verified": false, "default": false, "protected": false, "defaultEditableWidget": false, "published": false, "freeze": false, "env": "production", "widgetConfig": {"type": "map", "layer_id": "7a270c3a-1161-4fb2-a613-090d3e603126", "zoom": 2, "lat": 0, "lng": 0, "bbox": [-65.03906250000001, -74.49641311694309, 65.03906250000001, 74.4964131169431], "basemapLayers": {"basemap": "dark", "labels": null, "boundaries": false}, "paramsConfig": {"visualizationType": "map", "limit": 50, "value": null, "category": null, "color": null, "size": null, "orderBy": null, "aggregateFunction": null, "chartType": null, "filters": [], "areaIntersection": null, "band": null, "layer": "7a270c3a-1161-4fb2-a613-090d3e603126"}, "config": {"range": {"dotSize": [20, 250], "category20": ["#3BB2D0", "#2C75B0", "#FAB72E", "#EF4848", "#65B60D", "#C32D7B", "#F577B9", "#5FD2B8", "#F1800F", "#9F1C00", "#A5E9E3", "#B9D765", "#393F44", "#CACCD0", "#717171"], "ordinal": {"scheme": "greens"}, "ramp": {"scheme": "purples"}}, "axis": {"labelFontSize": 13, "labelFont": "Lato", "labelColor": "#717171", "labelPadding": 10, "ticks": true, "tickSize": 8, "tickColor": "#A9ABAD", "tickOpacity": 0.5, "tickExtra": false}, "axisX": {"bandPosition": 0.5, "domainWidth": 1.2, "domainColor": "#A9ABAD", "labelAlign": "center", "labelBaseline": "top"}, "axisY": {"domain": false, "labelAlign": "left", "labelBaseline": "bottom", "tickOpacity": 0.5, "grid": true, "ticks": false, "gridColor": "#A9ABAD", "gridOpacity": 0.5}, "mark": {"fill": "#3BB2D0"}, "symbol": {"fill": "#3BB2D0", "stroke": "#fff"}, "rect": {"fill": "#3BB2D0"}, "line": {"interpolate": "linear", "stroke": "#3BB2D0", "fillOpacity": 0}}}, "template": false, "createdAt": "2019-10-23T16:01:17.388Z", "updatedAt": "2019-10-23T18:19:56.578Z"}}], "layer": [{"id": "8edf50a7-2cc7-4f30-9dc1-b8cc420e7287", "type": "layer", "attributes": {"name": "2000 Tree Cover", "slug": "2000-Tree-Cover_5", "dataset": "e00ed8ca-ee7a-4539-b6b5-0bf2c30ee0d8", "description": "Areas of tree cover with at least 30% canopy density in 2000, from UMD/Google/USGS/NASA.", "application": ["rw"], "iso": [], "provider": "leaflet", "userId": "5ba001878e311b7e3718740f", "default": true, "protected": false, "published": true, "env": "production", "layerConfig": {"body": {"transparent": true, "attribution": "2016 <a href=\"http://www.wri.org/\" target=\"_blank\">wri</a>/google/Hansen", "maxZoom": 13, "format": "image/png"}, "url": "https://storage.googleapis.com/earthenginepartners-hansen/tiles/gfc_v1.4/tree_alpha/{z}/{x}/{y}.png", "service": "leaflet", "type": "tileLayer", "id": "7a270c3a-1161-4fb2-a613-090d3e603126"}, "legendConfig": {"items": [{"color": "#00B032", "name": "Tree cover", "id": 0}], "type": "basic"}, "interactionConfig": {"output": []}, "applicationConfig": {}, "staticImageConfig": {}, "createdAt": "2019-10-23T16:01:13.635Z", "updatedAt": "2019-10-23T18:23:53.339Z"}}], "vocabulary": [{"type": "vocabulary", "attributes": {"resource": {"id": "e00ed8ca-ee7a-4539-b6b5-0bf2c30ee0d8", "type": "dataset"}, "tags": ["geospatial", "raster", "global", "forest", "forest_cover", "historical", "trees"], "name": "knowledge_graph", "application": "rw"}}], "widgetRelevantProps": [], "layerRelevantProps": []}}