{"id": "e28bf81f-0a0a-42ed-b400-ef83d57d393a", "type": "dataset", "server": "https://api.resourcewatch.org", "attributes": {"name": "wat.011 Global riverine Nitrogen (N) and phosphorus (p) input, retention, and export", "slug": "wat011-Global-riverine-Nitrogen-N-and-phosphorus-p-input-retention-and-export", "type": "raster", "subtitle": "", "application": ["rw"], "dataPath": "", "attributesPath": null, "connectorType": "rest", "provider": "gee", "userId": "58f66f96733af88e4f563967", "connectorUrl": "", "sources": [], "tableName": "users/resourcewatch/wat_011_global_riverine_N_P_2000", "status": "saved", "published": false, "overwrite": false, "verified": false, "blockchain": {}, "subscribable": {}, "mainDateField": null, "env": "production", "geoInfo": true, "protected": false, "legend": {"date": [], "region": [], "country": [], "nested": [], "integer": [], "short": [], "byte": [], "double": [], "float": [], "half_float": [], "scaled_float": [], "boolean": [], "binary": [], "text": [], "keyword": []}, "clonedHost": {}, "errorMessage": "[Automatic Validation] ConnectorFailed -> Invalid Dataset", "taskId": null, "createdAt": "2020-02-06T15:28:37.860Z", "updatedAt": "2018-04-09T01:14:50.321Z", "dataLastUpdated": null, "metadata": [{"id": "59de3ff74886ed001151a1df", "type": "metadata", "attributes": {"dataset": "e28bf81f-0a0a-42ed-b400-ef83d57d393a", "application": "rw", "resource": {"id": "e28bf81f-0a0a-42ed-b400-ef83d57d393a", "type": "dataset"}, "language": "en", "name": "Riverine Nitrogen (N) and Phosphorus (P) Input, Retention, and Export", "description": "The Integrated Model to Assess the Global Environment\u2014Global Nutrient Model (IMAGE-GNM) is a global distributed, spatially explicit model using hydrology as the basis for describing nitrogen (N) and phosphorus (P) delivery to surface water, transport, and in-stream retention in rivers, lakes, wetlands, and reservoirs. It is part of the integrated assessment model IMAGE, which studies the interaction between society and the environment over prolonged time periods. In the IMAGE-GNM model, grid cells receive water with dissolved and suspended N and P from upstream grid cells; inside grid cells, N and P are delivered to water bodies via diffuse sources (surface runoff, shallow and deep groundwater, riparian zones, litterfall in floodplains, atmospheric deposition) and point sources (wastewater); N and P retention in a water body is calculated on the basis of the residence time of the water and nutrient uptake velocity; subsequently, water and nutrients are transported to downstream grid cells. Differences between model results and observed concentrations for a range of global rivers are acceptable given the global scale of the uncalibrated model. Sensitivity analysis with data for the year 2000 showed that runoff is a major factor for N and P delivery, retention, and river export. For both N and P, uptake velocity and all factors used to compute the subgrid in-stream retention are important for total in-stream retention and river export. Soil N budgets, wastewater, and all factors determining litterfall in floodplains are important for N delivery to surface water. For P the factors that determine the P content of the soil (soil P content and bulk density) are important factors for delivery and river export. Resource Watch shows only a subset of the data set. For access to the full data set and additional information, see the Learn More link.", "source": "PBL", "info": {"rwId": "wat.011", "data_type": "Raster", "name": "Riverine Nitrogen (N) and Phosphorus (P) Input, Retention, and Export", "sources": [{"source-name": "Netherlands Environmental Assessment Agency (PBL)", "id": 0, "source-description": ""}], "technical_title": "IMAGE Global Nutrient Model", "functions": "Nitrogen (N) and phosphorus (P) concentration, loads and retention time in rivers, lakes, wetlands, and reservoirs", "cautions": "Many components and data are ignored in this discussion, including all the data stemming from the IMAGE on soils, lithology, land use, vegetation distribution, nutrient cycles in agriculture and natural ecosystems, and climate. Updates of the data used in this paper are now available.", "citation": "(1) Beusen, A. H. W., Van Beek, L. P. H., Bouwman, A. F., Mogoll\u00f3n, J. M., and Middelburg, J. J.: Coupling global models for hydrology and nutrient loading to simulate nitrogen and phosphorus retention in surface water \u2013 description of IMAGE\u2013GNM and analysis of performance, Geosci. Model Dev., 8, 4045-4067, doi:10.5194/gmd-8-4045-2015, 2015. Accessed through Resource Watch, (date). [www.resourcewatch.org](www.resourcewatch.org).  \n  \n(2) Beusen, A. H. W., Bouwman, A. F., Van Beek, L. P. H., Mogoll\u00f3n, J. M., and Middelburg, J. J.: Global riverine N and P transport to ocean increased during the twentieth century despite increased retention along the aquatic continuum, Biogeosciences Discuss., 12, 20123-20148, doi:10.5194/bgd-12-20123-2015, 2015. Accessed through Resource Watch, (date). [www.resourcewatch.org](www.resourcewatch.org).", "license": "Creative Commons Attribution 3.0 Unported", "license_link": "https://creativecommons.org/licenses/by/3.0/", "geographic_coverage": "Global", "spatial_resolution": null, "date_of_content": "1900-2000", "frequency_of_updates": null, "learn_more_link": "https://easy.dans.knaw.nl/ui/datasets/id/easy-dataset:64145", "data_download_link": null, "data_download_original_link": "https://easy.dans.knaw.nl/ui/datasets/id/easy-dataset:64145/tab/2"}, "columns": {"b4": {"alias": "P Retention"}, "b3": {"alias": "N Retention"}, "b2": {"alias": "P Load"}, "b1": {"alias": "N Load"}}, "createdAt": "2017-10-11T15:59:51.200Z", "updatedAt": "2020-02-04T19:46:54.417Z", "status": "published"}}], "widget": [{"id": "2ad0623a-d2e2-4c5c-998a-8b2eb33456e2", "type": "widget", "attributes": {"name": "Nitrogen Load (kg N/yr, millions)", "dataset": "e28bf81f-0a0a-42ed-b400-ef83d57d393a", "slug": "Nitrogen-Load-kg-Nyr-millions", "userId": "58fa22c54eecd907310778cd", "description": "", "source": "", "authors": "", "application": ["rw"], "verified": false, "default": false, "protected": false, "defaultEditableWidget": true, "published": true, "freeze": false, "env": "production", "queryUrl": "", "widgetConfig": {"paramsConfig": {"embed": {"src": ""}, "layer": "cf8e5e3f-5aaa-412d-b699-3ad80d187ea1", "band": null, "areaIntersection": null, "filters": [], "chartType": null, "aggregateFunction": null, "orderBy": null, "size": null, "color": null, "category": null, "value": null, "limit": 500, "visualizationType": "map"}, "lng": 14.501953125000002, "lat": 34.016241889667036, "zoom": 2, "layer_id": "cf8e5e3f-5aaa-412d-b699-3ad80d187ea1", "type": "map"}, "template": false, "createdAt": "2018-01-14T19:57:29.929Z", "updatedAt": "2018-01-14T19:57:29.929Z"}}], "layer": [{"id": "cf8e5e3f-5aaa-412d-b699-3ad80d187ea1", "type": "layer", "attributes": {"name": "2000 Nitrogen Load (kg N/yr, millions)", "slug": "Nitrogen-Load-mg-NL", "dataset": "e28bf81f-0a0a-42ed-b400-ef83d57d393a", "description": "Nitrogen (N) load in rivers, lakes, wetlands, and reservoirs in 2000.", "application": ["rw"], "iso": [], "provider": "gee", "userId": "5980838ae24e6a1dae3dd446", "default": true, "protected": false, "published": true, "env": "production", "layerConfig": {"body": {"sldValue": "<RasterSymbolizer>  <ChannelSelection>   <GrayChannel>   <SourceChannelName>1</SourceChannelName>        </GrayChannel>        </ChannelSelection>    <ColorMap  type=\"ramp\" extended=\"false\" >     '<ColorMapEntry color=\"#253494\" quantity=\"1000000\" />' +    '<ColorMapEntry color=\"#2c7fb8\" quantity=\"10000000\" />' +  '<ColorMapEntry color=\"#41b6c4\" quantity=\"100000000\" />' +  '<ColorMapEntry color=\"#a1dab4\" quantity=\"1000000000\" />' +    '<ColorMapEntry color=\"#ffffcc\" quantity=\"5000000000\"  />' +  </ColorMap></RasterSymbolizer>", "styleType": "sld"}, "assetId": "users/resourcewatch/wat_011_global_riverine_N_P_2000", "type": "gee"}, "legendConfig": {"items": [{"color": "#253494", "name": "\u22641"}, {"name": "\u226410", "color": "#2c7fb8"}, {"color": "#41b6c4", "name": "\u2264100"}, {"color": "#a1dab4", "name": "\u22641,000"}, {"color": "#ffffcc", "name": "\u22645,000"}], "type": "choropleth"}, "interactionConfig": {"type": "intersection", "config": {"url": "https://api.resourcewatch.org/v1/query/e28bf81f-0a0a-42ed-b400-ef83d57d393a?sql=select st_summarystats(rast, 'b1', false) as x from 'users/resourcewatch/wat_011_global_riverine_N_P_2000' where ST_INTERSECTS(ST_SetSRID(ST_GeomFromGeoJSON('{\"type\":\"Point\",\"coordinates\":[{{lng}},{{lat}}]}'),4326),the_geom)"}, "output": [{"column": "x.b1.mean", "property": "Nitrogen Load", "type": "number", "format": "0.00", "suffix": " kg/yr"}]}, "applicationConfig": {}, "staticImageConfig": {}, "createdAt": "2020-02-06T15:28:37.915Z", "updatedAt": "2019-06-11T22:22:18.971Z"}}, {"id": "4d4cce29-e0f7-4536-b001-421c2e7b66e2", "type": "layer", "attributes": {"name": "2000 Phosphorus Load (kg P/yr, millions)", "slug": "Phosphorus-Load-million-Unit", "dataset": "e28bf81f-0a0a-42ed-b400-ef83d57d393a", "description": "Phosphorus (P) load in rivers, lakes, wetlands, and reservoirs in 2000.", "application": ["rw"], "iso": [], "provider": "gee", "userId": "5980838ae24e6a1dae3dd446", "default": false, "protected": false, "published": true, "env": "production", "layerConfig": {"body": {"sldValue": "<RasterSymbolizer>  <ChannelSelection>   <GrayChannel>   <SourceChannelName>2</SourceChannelName>        </GrayChannel>        </ChannelSelection>    <ColorMap  type=\"ramp\" extended=\"false\" >     '<ColorMapEntry color=\"#feebe2\" quantity=\"100000\" />' +  '<ColorMapEntry color=\"#fbb4b9\" quantity=\"1000000\" />' + '<ColorMapEntry color=\"#f768a1\" quantity=\"10000000\" />' +  '<ColorMapEntry color=\"#c51b8a\" quantity=\"100000000\" />' +    '<ColorMapEntry color=\"#7a0177\" quantity=\"350000000\"  />' +  </ColorMap></RasterSymbolizer>", "styleType": "sld"}, "assetId": "users/resourcewatch/wat_011_global_riverine_N_P_2000", "type": "gee"}, "legendConfig": {"type": "choropleth", "items": [{"name": "\u22640.1", "color": "#feebe2"}, {"name": "\u22641", "color": "#fbb4b9"}, {"name": "\u226410", "color": "#f768a1"}, {"name": "\u2264100", "color": "#c51b8a"}, {"color": "#7a0177", "name": "\u2264350"}]}, "interactionConfig": {"type": "intersection", "config": {"url": "https://api.resourcewatch.org/v1/query/e28bf81f-0a0a-42ed-b400-ef83d57d393a?sql=select st_summarystats(rast, 'b2', false) as x from 'users/resourcewatch/wat_011_global_riverine_N_P_2000' where ST_INTERSECTS(ST_SetSRID(ST_GeomFromGeoJSON('{\"type\":\"Point\",\"coordinates\":[{{lng}},{{lat}}]}'),4326),the_geom)"}, "output": [{"column": "x.b2.mean", "property": "Phosphorus Load", "type": "number", "format": "0.00", "suffix": " kg/yr"}]}, "applicationConfig": {}, "staticImageConfig": {}, "createdAt": "2020-02-06T15:28:37.915Z", "updatedAt": "2019-06-11T22:22:34.636Z"}}, {"id": "51989aae-15a0-40dd-9528-f274681f1b6f", "type": "layer", "attributes": {"name": "2000 Nitrogen Retention", "slug": "Nitrogen-Retention", "dataset": "e28bf81f-0a0a-42ed-b400-ef83d57d393a", "description": "Nitrogen (N) retention in rivers, lakes, wetlands, and reservoirs. Nitrogen Retention is calculated as N load outflow of the cell / total N input of the cell.", "application": ["rw"], "iso": [], "provider": "gee", "userId": "5980838ae24e6a1dae3dd446", "default": false, "protected": false, "published": true, "env": "production", "layerConfig": {"body": {"sldValue": "<RasterSymbolizer>  <ChannelSelection>   <GrayChannel>   <SourceChannelName>3</SourceChannelName>        </GrayChannel>        </ChannelSelection>    <ColorMap  type=\"ramp\" extended=\"false\" >  '<ColorMapEntry color=\"#253494\" quantity=\"0.01\" />' +    '<ColorMapEntry color=\"#2c7fb8\" quantity=\"0.05\" />' +  '<ColorMapEntry color=\"#41b6c4\" quantity=\"0.1\" />' +  '<ColorMapEntry color=\"#a1dab4\" quantity=\"0.5\" />' +  '<ColorMapEntry color=\"#ffffcc\" quantity=\"1\"  />' +   </ColorMap></RasterSymbolizer>", "styleType": "sld"}, "assetId": "users/resourcewatch/wat_011_global_riverine_N_P_2000", "type": "gee"}, "legendConfig": {"items": [{"color": "#253494", "name": "\u22640.01"}, {"color": "#2c7fb8", "name": "\u22640.05"}, {"color": "#41b6c4", "name": "\u22640.1"}, {"color": "#a1dab4", "name": "\u22640.5"}, {"color": "#ffffcc", "name": "\u22641"}], "type": "choropleth"}, "interactionConfig": {"type": "intersection", "config": {"url": "https://api.resourcewatch.org/v1/query/e28bf81f-0a0a-42ed-b400-ef83d57d393a?sql=select st_summarystats(rast, 'b3', false) as x from 'users/resourcewatch/wat_011_global_riverine_N_P_2000' where ST_INTERSECTS(ST_SetSRID(ST_GeomFromGeoJSON('{\"type\":\"Point\",\"coordinates\":[{{lng}},{{lat}}]}'),4326),the_geom)"}, "output": [{"column": "x.b3.mean", "property": "Nitrogen Retention", "type": "number", "format": "0.00", "suffix": " "}]}, "applicationConfig": {}, "staticImageConfig": {}, "createdAt": "2020-02-06T15:28:37.915Z", "updatedAt": "2019-06-11T22:22:50.229Z"}}, {"id": "148709c1-9315-4b1b-a160-a972584601d8", "type": "layer", "attributes": {"name": "2000 Phosphorus Retention", "slug": "Phosphorus-Retention", "dataset": "e28bf81f-0a0a-42ed-b400-ef83d57d393a", "description": "Phosphorus (P) retention in rivers, lakes, wetlands, and reservoirs. Phosphorus retention is calculated as P load outflow of the cell / total P input of the cell.", "application": ["rw"], "iso": [], "provider": "gee", "userId": "5980838ae24e6a1dae3dd446", "default": false, "protected": false, "published": true, "env": "production", "layerConfig": {"type": "gee", "assetId": "users/resourcewatch/wat_011_global_riverine_N_P_2000", "body": {"styleType": "sld", "sldValue": "<RasterSymbolizer>  <ChannelSelection>   <GrayChannel>   <SourceChannelName>4</SourceChannelName>        </GrayChannel>        </ChannelSelection>    <ColorMap  type=\"ramp\" extended=\"false\" >  '<ColorMapEntry color=\"#feebe2\" quantity=\"0.01\" />' +    '<ColorMapEntry color=\"#fbb4b9\" quantity=\"0.05\" />' +  '<ColorMapEntry color=\"#f768a1\" quantity=\"0.1\" />' +  '<ColorMapEntry color=\"#c51b8a\" quantity=\"0.5\" />' +  '<ColorMapEntry color=\"#7a0177\" quantity=\"1\"  />' +   </ColorMap></RasterSymbolizer>"}}, "legendConfig": {"type": "choropleth", "items": [{"name": "\u22640.01", "color": "#feebe2"}, {"name": "\u22640.05", "color": "#fbb4b9"}, {"name": "\u22640.1", "color": "#f768a1"}, {"name": "\u22640.5", "color": "#c51b8a"}, {"name": "\u22641", "color": "#7a0177"}]}, "interactionConfig": {"type": "intersection", "config": {"url": "https://api.resourcewatch.org/v1/query/e28bf81f-0a0a-42ed-b400-ef83d57d393a?sql=select st_summarystats(rast, 'b4', false) as x from 'users/resourcewatch/wat_011_global_riverine_N_P_2000' where ST_INTERSECTS(ST_SetSRID(ST_GeomFromGeoJSON('{\"type\":\"Point\",\"coordinates\":[{{lng}},{{lat}}]}'),4326),the_geom)"}, "output": [{"column": "x.b4.mean", "property": "Phosphorus Retention", "type": "number", "format": "0.00", "suffix": " "}]}, "applicationConfig": {}, "staticImageConfig": {}, "createdAt": "2020-02-06T15:28:37.915Z", "updatedAt": "2019-06-11T22:23:08.577Z"}}], "vocabulary": [{"type": "vocabulary", "attributes": {"resource": {"id": "e28bf81f-0a0a-42ed-b400-ef83d57d393a", "type": "dataset"}, "tags": ["geospatial", "raster", "global", "river", "nitrogen", "phosphorus", "nutrients", "historical"], "name": "knowledge_graph", "application": "rw"}}], "widgetRelevantProps": ["b1", "b2", "b3", "b4"], "layerRelevantProps": ["b1", "b2", "b3", "b4"]}}