{"id": "ecc9f301-42fb-4ba9-8d98-09c29f9415f4", "type": "dataset", "server": "https://api.resourcewatch.org", "attributes": {"name": "cli.054 Cooling Degree Days", "slug": "Cooling-Degree-Days-30-years-average-under-rcp85-scenario", "type": "raster", "subtitle": "NEX", "application": ["rw"], "dataPath": "", "attributesPath": null, "connectorType": "rest", "provider": "nexgddp", "userId": "594a8b5b3b0f7f271d303321", "connectorUrl": "", "sources": [], "tableName": "cdds/rcp85_30_y", "status": "saved", "published": true, "overwrite": false, "verified": false, "blockchain": {}, "subscribable": {}, "mainDateField": "", "env": "production", "geoInfo": true, "protected": false, "legend": {"date": [], "region": [], "country": [], "nested": [], "integer": [], "short": [], "byte": [], "double": [], "float": [], "half_float": [], "scaled_float": [], "boolean": [], "binary": [], "text": [], "keyword": []}, "clonedHost": {}, "errorMessage": "", "taskId": null, "createdAt": "2020-02-06T15:27:40.750Z", "updatedAt": "2018-03-30T18:49:29.893Z", "dataLastUpdated": null, "metadata": [{"id": "5abe857d3b802b0014dab9d2", "type": "metadata", "attributes": {"dataset": "ecc9f301-42fb-4ba9-8d98-09c29f9415f4", "application": "rw", "resource": {"id": "ecc9f301-42fb-4ba9-8d98-09c29f9415f4", "type": "dataset"}, "language": "en", "name": "Projected Cooling Degree Days", "description": "A cooling degree day (CDD) is defined as the number of degrees that a day's mean temperature is above 65\u00b0F. For example, if a day's average temperature is 80\u00b0F, the CDD would be 15. If a second day's average temperature were the same, the combined CDD for those two days would be 30. CDDs are often used as a proxy to estimate heating and cooling needs in buildings. While degree days can be calculated using any reference temperature, this data set uses 65\u00b0F (18.3\u00b0C), a common threshold for climate indicators, and a temperature at which people are generally comfortable. \n\nThis indicator is useful in determining energy demands resulting from cooling in different regions and assessing projected climate change impacts.\n\nThis Cooling Degree Days data set shows projected change in CDDs in 2051-2080, relative to 1971-2000 under RCP 8.5, as derived from the NASA Earth Exchange Global Daily Downscaled Projections (NEX-GDDP). \n\nThe NEX-GDDP data set is comprised of downscaled climate scenarios for the globe that are derived from the General Circulation Model (GCM) runs conducted under the Coupled Model Intercomparison Project Phase 5 (CMIP5) and across two of the four greenhouse gas emissions scenarios known as Representative Concentration Pathways (RCPs). The CMIP5 GCM runs were developed in support of the Fifth Assessment Report of the Intergovernmental Panel on Climate Change (IPCC AR5). The NEX-GDDP data set includes downscaled projections for RCP 4.5 and RCP 8.5 from the 21 models and scenarios for which daily scenarios were produced and distributed under CMIP5. The two RCPs correspond to different levels of radiative forcing due to greenhouse gas emissions. RCP 4.5 refers to a future scenario where emissions peak at 2040 and then decline, while RCP 8.5 refers to a future scenario where emissions continue to rise through 2100. \n\nThe NEX GDDP data set contains daily maximum temperature, minimum temperature, and precipitation for the periods from 1950 through 2100. The spatial resolution of the data set is 0.25 degrees (~25 km x 25 km). The NEX-GDDP data set is provided to assist the science community in conducting studies of climate change impacts at local to regional scales, and to enhance public understanding of possible future global climate patterns at the spatial scale of individual towns, cities, and watersheds. Each of the climate projections includes monthly averaged maximum temperature, minimum temperature, and precipitation for the periods from 1950 through 2005 (Retrospective Run) and from 2006 to 2099 (Prospective Run). \n\nThe NEX-GDDP data was processed for inclusion on Resource Watch. This processing included deriving climate indicators from the raw temperature and precipitation data and then using those indicators to create an ensemble measure of the 21 climate models, as well as their 25th and 75th percentiles. The data is presented at two different temporal resolutions: decadal averages and 30-year period averages. A detailed explanation of the data processing can be found here: https://colab.research.google.com/drive/15_fPbKvuRsBKUWlrOWXurUDllzRJmMVd#scrollTo=mPL4beQdNjDm. \n\nResource Watch shows the processed data derived from the NEX GDDP data set. For access to the original NEX GDDP data set and additional information, see the Learn More link. For access to the processed data set, please contact the PREPdata team at https://www.prepdata.org/.", "source": "Derived from NEX", "info": {"rwId": "cli.054", "data_type": "Raster", "name": "Projected Cooling Degree Days", "sources": [{"source-name": "Vizzuality (processed data set) and National Aeronautics and Space Administration Earth Exchange (NEX) (original data set)", "id": 0, "source-description": ""}], "technical_title": "Cooling Degree Days, derived from NASA Earth Exchange Global Daily Downscaled Projections (NEX-GDDP)", "functions": "Projected change in cooling degree days in 2051-2080, relative to 1971-2000 under RCP 8.5. Cooling degree days represents the annual average daily sum of degrees above 65\u00b0F (18.3\u00b0C)", "cautions": "The Bias-Correction Spatial Disaggregation (BCSD) approach used in generating this downscaled dataset inherently assumes that the relative spatial patterns in temperature and precipitation observed from 1950 through 2005 will remain constant under future climate change. Other than the higher spatial resolution and bias correction, this dataset does not add information beyond what is contained in the original  Coupled Model Intercomparison Project Phase 5 (CMIP5) scenarios, and preserves the frequency of periods of anomalously high and low temperature or precipitation (i.e., extreme events) within each individual CMIP5 scenario.", "citation": "(1) Vizzuality. 2018. \u201cCooling Degree Days, derived from NASA Earth Exchange Global Daily Downscaled Projections (NEX-GDDP).\u201d https://www.prepdata.org/dataset/cdds_rcp45_decadal. Accessed through Resource Watch, (date). [www.resourcewatch.org](www.resourcewatch.org).  \n  \n(2) National Aeronautics and Space Administration Earth Exchange (NEX). 2015. \"NASA Earth Exchange Global Daily Downscaled Projections (NEX- GDDP).\" http://dx.doi.org/10.7292/W0MW2F2G. Accessed through Resource Watch, (date). [www.resourcewatch.org](www.resourcewatch.org).  \n  \n(3) Thrasher, B., Maurer, E. P., McKellar, C., & Duffy, P. B., 2012: Technical Note: Bias correcting climate model simulated daily temperature extremes with quantile mapping. Hydrology and Earth System Sciences, 16(9), 3309-3314. Accessed through Resource Watch, (date). [www.resourcewatch.org](www.resourcewatch.org).  \n  \n(4) Climate scenarios used were from the NEX-GDDP dataset, prepared by the Climate Analytics Group and NASA Ames Research Center using the NASA Earth Exchange, and distributed by the NASA Center for Climate Simulation (NCCS). Accessed through Resource Watch, (date). [www.resourcewatch.org](www.resourcewatch.org). (NOTE) To cite the processed data set, use citation (1).", "license": "Original NEX GDDP data set licensed under U.S. Government Works", "license_link": "https://www.usa.gov/government-works", "geographic_coverage": "Global", "spatial_resolution": "0.25\u00b0", "date_of_content": "Projected difference between 2051-2080 and 1971-2000 baseline", "frequency_of_updates": null, "learn_more_link": "https://cds.nccs.nasa.gov/nex-gddp/", "data_download_link": null, "data_download_original_link": "https://cds.nccs.nasa.gov/nex-gddp/"}, "columns": {}, "createdAt": "2018-03-30T18:44:13.865Z", "updatedAt": "2020-02-04T19:45:56.425Z", "status": "published"}}], "widget": [{"id": "b2be4c09-ecaf-416c-8377-ffeb725fbd2d", "type": "widget", "attributes": {"name": "1971-2000 to 2051-2080 Difference in Cooling Degree Days, RCP 8.5 (Degrees Change)", "dataset": "ecc9f301-42fb-4ba9-8d98-09c29f9415f4", "slug": "1971-2000-to-2051-2080-Difference-in-Cooling-Degree-Days-RCP-85-Degrees-Change", "userId": "594a8b5b3b0f7f271d303321", "description": "The projected change in cooling degree days in 2051-2080, relative to 1971-2000 under a higher emissions scenario (RCP 8.5). Cooling degree days represents the annual average daily sum of degrees above 65\u00b0F (18.3\u00b0C).", "source": "", "authors": "", "application": ["rw"], "verified": false, "default": false, "protected": false, "defaultEditableWidget": true, "published": true, "freeze": false, "env": "production", "queryUrl": "", "widgetConfig": {"paramsConfig": {"layer": "d05dcbfd-ec07-4a67-bc7c-fba4141bea51", "band": null, "areaIntersection": null, "filters": [], "chartType": null, "aggregateFunction": null, "orderBy": null, "size": null, "color": null, "category": null, "value": null, "limit": 50, "caption": null, "visualizationType": "map"}, "lng": 0, "lat": 0, "zoom": 3, "layer_id": "d05dcbfd-ec07-4a67-bc7c-fba4141bea51", "type": "map"}, "template": false, "createdAt": "2018-03-30T18:45:23.793Z", "updatedAt": "2018-03-30T18:45:23.793Z"}}], "layer": [{"id": "d05dcbfd-ec07-4a67-bc7c-fba4141bea51", "type": "layer", "attributes": {"name": "1971-2000 to 2051-2080 Difference in Cooling Degree Days, RCP 8.5 (Degrees Change)", "slug": "Cooling-Degree-Days-Difference", "dataset": "ecc9f301-42fb-4ba9-8d98-09c29f9415f4", "description": "The projected change in cooling degree days in 2051-2080, relative to 1971-2000 under a higher emissions scenario (RCP 8.5). A cooling degree day (CDD) is defined as the number of degrees that a day's mean temperature is above 65\u00b0F. For example, if a day's average temperature is 80\u00b0F, the CDD would be 15. If a second day's average temperature were the same, the combined CDD for those two days would be 30. These CDD values were summed over a year, and then averaged for the 30-year period. CDDs are often used as a proxy to estimate heating and cooling needs in buildings.", "application": ["rw"], "iso": [], "provider": "leaflet", "userId": "594a8b5b3b0f7f271d303321", "default": true, "protected": false, "published": true, "env": "production", "layerConfig": {"body": {"maxZoom": 13, "format": "image/png"}, "url": "https://api.resourcewatch.org/v1/layer/668adf1c-415f-46fb-80ca-937a649d9f9f/tile/nexgddp/{z}/{x}/{y}?year=1971-01-01T00:00:00.000Z&compareYear=2051-01-01T00:00:00.000Z", "service": "leaflet", "type": "tileLayer", "id": "d05dcbfd-ec07-4a67-bc7c-fba4141bea51"}, "legendConfig": {"type": "gradient", "unit": "Degrees change", "items": [{"color": "#FFFDCB", "value": 0}, {"color": "#FFC784", "value": 100}, {"color": "#FF934C", "value": 250}, {"color": "#FF5E1E", "value": 500}, {"color": "#FD3004", "value": 750}, {"color": "#D02403", "value": 1000}, {"color": "#A21802", "value": 1500}, {"color": "#770C00", "value": 2000}]}, "interactionConfig": {"output": []}, "applicationConfig": {}, "staticImageConfig": {}, "createdAt": "2020-02-06T15:27:40.802Z", "updatedAt": "2019-01-22T20:55:58.815Z"}}], "vocabulary": [{"type": "vocabulary", "attributes": {"resource": {"id": "ecc9f301-42fb-4ba9-8d98-09c29f9415f4", "type": "dataset"}, "tags": ["temperature", "global", "climate_change", "raster", "future"], "name": "knowledge_graph", "application": "rw"}}], "widgetRelevantProps": [], "layerRelevantProps": []}}