{"id": "f0d65ee4-b5c5-4eed-ad26-645090bb6d35", "type": "dataset", "server": "https://api.resourcewatch.org", "attributes": {"name": "cli.052 Average High Temperature", "slug": "cli052-Average-High-Temperature", "type": "raster", "subtitle": "NEX", "application": ["rw"], "dataPath": "", "attributesPath": null, "connectorType": "rest", "provider": "nexgddp", "userId": "594a8b5b3b0f7f271d303321", "connectorUrl": "", "sources": [], "tableName": "tasmax/rcp85_30_y", "status": "saved", "published": false, "overwrite": false, "verified": false, "blockchain": {}, "subscribable": {}, "mainDateField": "", "env": "production", "geoInfo": true, "protected": false, "legend": {"date": [], "region": [], "country": [], "nested": [], "integer": [], "short": [], "byte": [], "double": [], "float": [], "half_float": [], "scaled_float": [], "boolean": [], "binary": [], "text": [], "keyword": []}, "clonedHost": {}, "errorMessage": "", "taskId": null, "createdAt": "2020-02-06T15:27:39.750Z", "updatedAt": "2018-04-05T15:03:08.439Z", "dataLastUpdated": null, "metadata": [{"id": "5abe81f33b802b0014dab9d1", "type": "metadata", "attributes": {"dataset": "f0d65ee4-b5c5-4eed-ad26-645090bb6d35", "application": "rw", "resource": {"id": "f0d65ee4-b5c5-4eed-ad26-645090bb6d35", "type": "dataset"}, "language": "en", "name": "", "description": "Annual average high temperature, as derived from the NASA Earth Exchange Global Daily Downscaled Projections (NEX-GDDP). The NEX-GDDP dataset is comprised of downscaled climate scenarios for the globe that are derived from the General Circulation Model (GCM) runs conducted under the Coupled Model Intercomparison Project Phase 5 (CMIP5) and across two of the four greenhouse gas emissions scenarios known as Representative Concentration Pathways (RCPs). The CMIP5 GCM runs were developed in support of the Fifth Assessment Report of the Intergovernmental Panel on Climate Change (IPCC AR5). The NEX-GDDP dataset includes downscaled projections for RCP 4.5 and RCP 8.5 from the 21 models and scenarios for which daily scenarios were produced and distributed under CMIP5. Each of the climate projections includes daily maximum temperature, minimum temperature, and precipitation for the periods from 1950 through 2100. The spatial resolution of the dataset is 0.25 degrees (~25 km x 25 km). The NEX-GDDP dataset is provided to assist the science community in conducting studies of climate change impacts at local to regional scales, and to enhance public understanding of possible future global climate patterns at the spatial scale of individual towns, cities, and watersheds. Each of the climate projections includes monthly averaged maximum temperature, minimum temperature, and precipitation for the periods from 1950 through 2005 (Retrospective Run) and from 2006 to 2099 (Prospective Run). Resource Watch shows only a subset of the dataset. For access to the full dataset and additional information, see the Learn More link.", "source": "", "info": {"data_download_original_link": "https://cds.nccs.nasa.gov/nex-gddp/", "learn_more_link": "https://cds.nccs.nasa.gov/nex-gddp/", "license_link": "https://www.usa.gov/government-works", "license": "U.S. Government Work", "date_of_content": "1950-2100", "spatial_resolution": "0.25\u00b0", "geographic_coverage": "Global", "citation": "[1] National Aeronautics and Space Administration Earth Exchange (NEX). 2015. \"\"NASA Earth Exchange Global Daily Downscaled Projections (NEX- GDDP).\"\" https://cds.nccs.nasa.gov/nex-gddp/. Accessed through Resource Watch, [date]. www.resourcewatch.org.\n\n[2] Thrasher, B., Maurer, E. P., McKellar, C., & Duffy, P. B., 2012: Technical Note: Bias correcting climate model simulated daily temperature extremes with quantile mapping. Hydrology and Earth System Sciences, 16(9), 3309-3314. Accessed through Resource Watch, [date]. www.resourcewatch.org.\n\n[3] Climate scenarios used were from the NEX-GDDP dataset, prepared by the Climate Analytics Group and NASA Ames Research Center using the NASA Earth Exchange, and distributed by the NASA Center for Climate Simulation (NCCS). Accessed through Resource Watch, [date]. www.resourcewatch.org.", "cautions": "The Bias-Correction Spatial Disaggregation (BCSD) approach used in generating this downscaled dataset inherently assumes that the relative spatial patterns in temperature and precipitation observed from 1950 through 2005 will remain constant under future climate change. Other than the higher spatial resolution and bias correction, this dataset does not add information beyond what is contained in the original  Coupled Model Intercomparison Project Phase 5 (CMIP5) scenarios, and preserves the frequency of periods of anomalously high and low temperature or precipitation (i.e., extreme events) within each individual CMIP5 scenario.", "functions": "Projected change in annual average high temperature in 2051-2080, relative to 1971-2000, under RCP 8.5", "technical_title": "Average High Temperature, NASA Earth Exchange Global Daily Downscaled Projections (NEX-GDDP)", "rwId": "cli.052", "name": "Average High Temperature"}, "columns": {}, "createdAt": "2018-03-30T18:29:07.757Z", "updatedAt": "2018-03-30T19:05:33.114Z", "status": "published"}}], "widget": [{"id": "b901f15f-1091-4d02-8de5-08d8c4f8d9dc", "type": "widget", "attributes": {"name": "1971-2000 to 2051-2080 Difference in Average High Temperature, RCP 8.5 (\u00b0C Change)", "dataset": "f0d65ee4-b5c5-4eed-ad26-645090bb6d35", "slug": "1971-2000-to-2051-2080-Difference-in-Average-High-Temperature-RCP-85-degreeC-Change", "userId": "594a8b5b3b0f7f271d303321", "description": "The projected change in annual average high temperature in 2051-2080, relative to 1971-2000, under a higher emissions scenario (RCP 8.5).", "source": "", "authors": "", "application": ["rw"], "verified": false, "default": false, "protected": false, "defaultEditableWidget": true, "published": true, "freeze": false, "env": "production", "queryUrl": "", "widgetConfig": {"paramsConfig": {"layer": "acd06251-a2e5-4045-9299-d521b9b60f72", "band": null, "areaIntersection": null, "filters": [], "chartType": null, "aggregateFunction": null, "orderBy": null, "size": null, "color": null, "category": null, "value": null, "limit": 50, "caption": null, "visualizationType": "map"}, "lng": 0, "lat": 0, "zoom": 3, "layer_id": "acd06251-a2e5-4045-9299-d521b9b60f72", "type": "map"}, "template": false, "createdAt": "2018-03-30T18:29:36.165Z", "updatedAt": "2018-03-30T18:29:36.165Z"}}], "layer": [{"id": "acd06251-a2e5-4045-9299-d521b9b60f72", "type": "layer", "attributes": {"name": "1971-2000 to 2051-2080 Difference in Average High Temperature, RCP 8.5 (\u00b0C Change)", "slug": "1971-2000-to-2051-2080-Difference-in-Average-High-Temperature-RCP-85-degreeC-Change", "dataset": "f0d65ee4-b5c5-4eed-ad26-645090bb6d35", "description": "The projected change in annual average high temperature in 2051-2080, relative to 1971-2000, under a higher emissions scenario (RCP 8.5).", "application": ["rw"], "iso": [], "provider": "leaflet", "userId": "594a8b5b3b0f7f271d303321", "default": true, "protected": false, "published": true, "env": "production", "layerConfig": {"body": {"maxZoom": 13, "format": "image/png"}, "url": "https://api.resourcewatch.org/v1/layer/16c89d8a-3c4d-49c1-af57-c30e850c93a6/tile/nexgddp/{z}/{x}/{y}?year=1971-01-01T00:00:00.000Z&compareYear=2051-01-01T00:00:00.000Z", "service": "leaflet", "type": "tileLayer", "id": "acd06251-a2e5-4045-9299-d521b9b60f72"}, "legendConfig": {"items": [{"value": -1.5, "color": "#2166ac"}, {"value": -1, "color": "#4393c3"}, {"value": -0.5, "color": "#92c5de"}, {"value": 0, "color": "#d1e5f0"}, {"value": 0.5, "color": "#fddbc7"}, {"value": 1, "color": "#f4a582"}, {"value": 1.5, "color": "#d6604d"}, {"value": 2, "color": "#b2182b"}], "unit": "\u00baC change", "type": "gradient"}, "interactionConfig": {"output": []}, "applicationConfig": {}, "staticImageConfig": {}, "createdAt": "2020-02-06T15:27:39.818Z", "updatedAt": "2018-03-30T18:30:38.601Z"}}], "vocabulary": [{"type": "vocabulary", "attributes": {"resource": {"id": "f0d65ee4-b5c5-4eed-ad26-645090bb6d35", "type": "dataset"}, "tags": ["climate_change", "global", "temperature"], "name": "knowledge_graph", "application": "rw"}}], "widgetRelevantProps": [], "layerRelevantProps": []}}