{"id": "fb1af3c9-b699-4b7f-86d4-6f5f0424e3be", "type": "dataset", "server": "https://api.resourcewatch.org", "attributes": {"name": "ene.002 Reservoirs in Time", "slug": "ene002-Reservoirs-in-Time", "type": "tabular", "subtitle": "", "application": ["rw"], "dataPath": "", "attributesPath": null, "connectorType": "rest", "provider": "cartodb", "userId": "5ba001878e311b7e3718740f", "connectorUrl": "https://WRI-RW.carto.com/tables/ene_002_reservoirs_in_time/public", "sources": [], "tableName": "ene_002_reservoirs_in_time", "status": "saved", "published": false, "overwrite": false, "verified": false, "blockchain": {}, "subscribable": {}, "mainDateField": "", "env": "production", "applicationConfig": {"rw": {"layerOrder": ["74703c85-86ff-4914-87ce-c9e181d2caa8", "8fecfac6-e974-42db-88b8-8350a19428f4", "74f0c30b-cd3f-4d94-8177-eb5ac1c2f67b", "5a9c71b7-452c-4d8f-b717-108d3e093f72", "7e061e41-db49-466c-9929-e7dd8e80dd63", "f25cdfc2-8156-4a9e-83b7-3323dfd0dbf6", "f81013c3-24c3-4e41-9f3f-5f39e95e1398", "f2627f1d-f3f7-4e14-817f-4cb541dd266b", "7506a5d3-c5e5-452f-970d-8234b584a044", "b6560f07-0a48-43de-b7d0-fc9b078644dc", "ffe88960-6a86-41a1-be44-caac3da845bc", "c239c02d-0336-4c5e-867c-b9b465e2ea83", "17b08432-9d6b-4868-a519-1fdef9f98a73", "6cacc75b-bc8f-42f7-a26d-1e1b0fbb3d39", "43a69d16-4602-4959-9b91-984d6166ff69", "8937cebe-74e8-4d83-8c1b-252c9dc50e5b", "a714da92-a800-4190-bc17-a205097f19a6", "51b42518-464f-4eb2-bda7-7569dd0f7d2a", "2ccfdc10-368b-4208-aaf1-c523ac3e2172", "4246adbd-252a-4b3d-a6f3-f28a6cb566db", "07d3d8ad-f575-4570-bb7b-e8dd6b1adef9", "e69886bb-381e-445b-a36b-e5bc1322223b", "41c631e7-2eb9-4e6a-a6e8-880ce0a8d7f6", "4b15bece-1739-447b-9258-99b8b4eefa75", "894e6d59-e4cc-4bb1-b5d6-993936c7567b", "4bdd2762-d7f6-4ceb-9b44-3d8884170ad9", "6032d385-c611-462b-ae03-4d24e1b3af26", "0b9f2220-c500-4970-b61f-809afb3a4b1e", "e912f414-325b-44c6-9d82-3febe4fa7681", "53b69e73-6ebf-4b81-acfa-a5d72cedff6b", "c73ae196-50f4-488b-ada4-80b5b15332ab", "0a4b2f3e-9f73-419d-a7d9-b58247a63fbc"]}}, "geoInfo": true, "protected": false, "legend": {"date": [], "region": [], "country": [], "nested": [], "integer": [], "short": [], "byte": [], "double": [], "float": [], "half_float": [], "scaled_float": [], "boolean": [], "binary": [], "text": [], "keyword": []}, "clonedHost": {}, "errorMessage": "", "taskId": null, "createdAt": "2019-12-03T20:15:12.163Z", "updatedAt": "2019-12-03T21:01:58.669Z", "dataLastUpdated": null, "metadata": [], "widget": [], "layer": [{"id": "0a4b2f3e-9f73-419d-a7d9-b58247a63fbc", "type": "layer", "attributes": {"name": "2015 Reservoirs", "slug": "2015-Reservoirs", "dataset": "fb1af3c9-b699-4b7f-86d4-6f5f0424e3be", "description": "", "application": ["rw"], "iso": [], "provider": "cartodb", "userId": "5ba001878e311b7e3718740f", "default": true, "protected": false, "published": true, "env": "production", "layerConfig": {"timelineLabel": "2015", "order": 2015, "timeline": true, "body": {"layers": [{"options": {"cartocss_version": "2.3.0", "cartocss": "#layer {polygon-fill:#4292c6; polygon-opacity:1; line-width:0.3; line-color:#4292c6; line-opacity:1;}", "sql": "SELECT * FROM ene_002_reservoirs_in_time WHERE year=2015"}, "type": "mapnik"}], "minzoom": 3, "maxzoom": 18, "vectorLayers": [{"paint": {"line-width": 0.3, "line-color": "#4292c6", "line-opacity": 1}, "source-layer": "layer0", "type": "line", "filter": ["all"]}, {"paint": {"fill-color": "#4292c6", "fill-opacity": 1}, "source-layer": "layer0", "type": "fill", "filter": ["all"]}]}, "account": "wri-rw"}, "legendConfig": {"items": [{"color": "#4292c6", "name": "Reservoirs", "id": 0}], "type": "basic"}, "interactionConfig": {"output": [{"column": "year_built", "format": null, "prefix": "", "property": "Year of Appearance", "suffix": ""}, {"column": "cartodb_id", "format": null, "prefix": "", "property": "Area ID", "suffix": ""}, {"column": "change", "format": null, "prefix": "", "property": "Percent change in area from previous year", "suffix": "%"}, {"column": "percentile", "format": null, "prefix": "", "property": "Percentile of current area, relative to all historic areas (0-100)", "suffix": ""}]}, "applicationConfig": {}, "staticImageConfig": {}, "createdAt": "2019-12-03T20:24:27.388Z", "updatedAt": "2019-12-03T20:56:24.294Z"}}, {"id": "74703c85-86ff-4914-87ce-c9e181d2caa8", "type": "layer", "attributes": {"name": "1984 Reservoirs", "slug": "1984-Reservoirs", "dataset": "fb1af3c9-b699-4b7f-86d4-6f5f0424e3be", "description": "", "application": ["rw"], "iso": [], "provider": "cartodb", "userId": "5ba001878e311b7e3718740f", "default": false, "protected": false, "published": true, "env": "production", "layerConfig": {"timelineLabel": "1984", "order": 1984, "timeline": true, "body": {"layers": [{"options": {"cartocss_version": "2.3.0", "cartocss": "#layer {polygon-fill:#4292c6; polygon-opacity:1; line-width:0.3; line-color:#4292c6; line-opacity:1;}", "sql": "SELECT * FROM ene_002_reservoirs_in_time WHERE year=1984"}, "type": "mapnik"}], "minzoom": 3, "maxzoom": 18, "vectorLayers": [{"paint": {"line-width": 0.3, "line-color": "#4292c6", "line-opacity": 1}, "source-layer": "layer0", "type": "line", "filter": ["all"]}, {"paint": {"fill-color": "#4292c6", "fill-opacity": 1}, "source-layer": "layer0", "type": "fill", "filter": ["all"]}]}, "account": "wri-rw"}, "legendConfig": {"items": [{"color": "#4292c6", "name": "Reservoirs", "id": 0}], "type": "basic"}, "interactionConfig": {"output": [{"column": "year_built", "format": null, "prefix": "", "property": "Year of Appearance", "suffix": ""}, {"column": "cartodb_id", "format": null, "prefix": "", "property": "Area ID", "suffix": ""}, {"column": "change", "format": null, "prefix": "", "property": "Percent change in area from previous year", "suffix": "%"}, {"column": "percentile", "format": null, "prefix": "", "property": "Percentile of current area, relative to all historic areas (0-100)", "suffix": ""}]}, "applicationConfig": {}, "staticImageConfig": {}, "createdAt": "2019-12-03T20:47:06.869Z", "updatedAt": "2019-12-03T21:01:34.740Z"}}, {"id": "8fecfac6-e974-42db-88b8-8350a19428f4", "type": "layer", "attributes": {"name": "1985 Reservoirs", "slug": "1985-Reservoirs", "dataset": "fb1af3c9-b699-4b7f-86d4-6f5f0424e3be", "description": "", "application": ["rw"], "iso": [], "provider": "cartodb", "userId": "5ba001878e311b7e3718740f", "default": false, "protected": false, "published": true, "env": "production", "layerConfig": {"timelineLabel": "1985", "order": 1985, "timeline": true, "body": {"layers": [{"options": {"cartocss_version": "2.3.0", "cartocss": "#layer {polygon-fill:#4292c6; polygon-opacity:1; line-width:0.3; line-color:#4292c6; line-opacity:1;}", "sql": "SELECT * FROM ene_002_reservoirs_in_time WHERE year=1985"}, "type": "mapnik"}], "minzoom": 3, "maxzoom": 18, "vectorLayers": [{"paint": {"line-width": 0.3, "line-color": "#4292c6", "line-opacity": 1}, "source-layer": "layer0", "type": "line", "filter": ["all"]}, {"paint": {"fill-color": "#4292c6", "fill-opacity": 1}, "source-layer": "layer0", "type": "fill", "filter": ["all"]}]}, "account": "wri-rw"}, "legendConfig": {"items": [{"color": "#4292c6", "name": "Reservoirs", "id": 0}], "type": "basic"}, "interactionConfig": {"output": [{"column": "year_built", "format": null, "prefix": "", "property": "Year of Appearance", "suffix": ""}, {"column": "cartodb_id", "format": null, "prefix": "", "property": "Area ID", "suffix": ""}, {"column": "change", "format": null, "prefix": "", "property": "Percent change in area from previous year", "suffix": "%"}, {"column": "percentile", "format": null, "prefix": "", "property": "Percentile of current area, relative to all historic areas (0-100)", "suffix": ""}]}, "applicationConfig": {}, "staticImageConfig": {}, "createdAt": "2019-12-03T20:47:09.887Z", "updatedAt": "2019-12-03T21:01:29.228Z"}}, {"id": "74f0c30b-cd3f-4d94-8177-eb5ac1c2f67b", "type": "layer", "attributes": {"name": "1986 Reservoirs", "slug": "1986-Reservoirs", "dataset": "fb1af3c9-b699-4b7f-86d4-6f5f0424e3be", "description": "", "application": ["rw"], "iso": [], "provider": "cartodb", "userId": "5ba001878e311b7e3718740f", "default": false, "protected": false, "published": true, "env": "production", "layerConfig": {"timelineLabel": "1986", "order": 1986, "timeline": true, "body": {"layers": [{"options": {"cartocss_version": "2.3.0", "cartocss": "#layer {polygon-fill:#4292c6; polygon-opacity:1; line-width:0.3; line-color:#4292c6; line-opacity:1;}", "sql": "SELECT * FROM ene_002_reservoirs_in_time WHERE year=1986"}, "type": "mapnik"}], "minzoom": 3, "maxzoom": 18, "vectorLayers": [{"paint": {"line-width": 0.3, "line-color": "#4292c6", "line-opacity": 1}, "source-layer": "layer0", "type": "line", "filter": ["all"]}, {"paint": {"fill-color": "#4292c6", "fill-opacity": 1}, "source-layer": "layer0", "type": "fill", "filter": ["all"]}]}, "account": "wri-rw"}, "legendConfig": {"items": [{"color": "#4292c6", "name": "Reservoirs", "id": 0}], "type": "basic"}, "interactionConfig": {"output": [{"column": "year_built", "format": null, "prefix": "", "property": "Year of Appearance", "suffix": ""}, {"column": "cartodb_id", "format": null, "prefix": "", "property": "Area ID", "suffix": ""}, {"column": "change", "format": null, "prefix": "", "property": "Percent change in area from previous year", "suffix": "%"}, {"column": "percentile", "format": null, "prefix": "", "property": "Percentile of current area, relative to all historic areas (0-100)", "suffix": ""}]}, "applicationConfig": {}, "staticImageConfig": {}, "createdAt": "2019-12-03T20:47:13.078Z", "updatedAt": "2019-12-03T21:01:19.964Z"}}, {"id": "5a9c71b7-452c-4d8f-b717-108d3e093f72", "type": "layer", "attributes": {"name": "1987 Reservoirs", "slug": "1987-Reservoirs", "dataset": "fb1af3c9-b699-4b7f-86d4-6f5f0424e3be", "description": "", "application": ["rw"], "iso": [], "provider": "cartodb", "userId": "5ba001878e311b7e3718740f", "default": false, "protected": false, "published": true, "env": "production", "layerConfig": {"timelineLabel": "1987", "order": 1987, "timeline": true, "body": {"layers": [{"options": {"cartocss_version": "2.3.0", "cartocss": "#layer {polygon-fill:#4292c6; polygon-opacity:1; line-width:0.3; line-color:#4292c6; line-opacity:1;}", "sql": "SELECT * FROM ene_002_reservoirs_in_time WHERE year=1987"}, "type": "mapnik"}], "minzoom": 3, "maxzoom": 18, "vectorLayers": [{"paint": {"line-width": 0.3, "line-color": "#4292c6", "line-opacity": 1}, "source-layer": "layer0", "type": "line", "filter": ["all"]}, {"paint": {"fill-color": "#4292c6", "fill-opacity": 1}, "source-layer": "layer0", "type": "fill", "filter": ["all"]}]}, "account": "wri-rw"}, "legendConfig": {"items": [{"color": "#4292c6", "name": "Reservoirs", "id": 0}], "type": "basic"}, "interactionConfig": {"output": [{"column": "year_built", "format": null, "prefix": "", "property": "Year of Appearance", "suffix": ""}, {"column": "cartodb_id", "format": null, "prefix": "", "property": "Area ID", "suffix": ""}, {"column": "change", "format": null, "prefix": "", "property": "Percent change in area from previous year", "suffix": "%"}, {"column": "percentile", "format": null, "prefix": "", "property": "Percentile of current areaPercentile of current area, relative to all historic areas (0-100)", "suffix": ""}]}, "applicationConfig": {}, "staticImageConfig": {}, "createdAt": "2019-12-03T20:47:16.337Z", "updatedAt": "2019-12-03T21:01:04.959Z"}}, {"id": "7e061e41-db49-466c-9929-e7dd8e80dd63", "type": "layer", "attributes": {"name": "1988 Reservoirs", "slug": "1988-Reservoirs", "dataset": "fb1af3c9-b699-4b7f-86d4-6f5f0424e3be", "description": "", "application": ["rw"], "iso": [], "provider": "cartodb", "userId": "5ba001878e311b7e3718740f", "default": false, "protected": false, "published": true, "env": "production", "layerConfig": {"timelineLabel": "1988", "order": 1988, "timeline": true, "body": {"layers": [{"options": {"cartocss_version": "2.3.0", "cartocss": "#layer {polygon-fill:#4292c6; polygon-opacity:1; line-width:0.3; line-color:#4292c6; line-opacity:1;}", "sql": "SELECT * FROM ene_002_reservoirs_in_time WHERE year=1988"}, "type": "mapnik"}], "minzoom": 3, "maxzoom": 18, "vectorLayers": [{"paint": {"line-width": 0.3, "line-color": "#4292c6", "line-opacity": 1}, "source-layer": "layer0", "type": "line", "filter": ["all"]}, {"paint": {"fill-color": "#4292c6", "fill-opacity": 1}, "source-layer": "layer0", "type": "fill", "filter": ["all"]}]}, "account": "wri-rw"}, "legendConfig": {"items": [{"color": "#4292c6", "name": "Reservoirs", "id": 0}], "type": "basic"}, "interactionConfig": {"output": [{"column": "year_built", "format": null, "prefix": "", "property": "Year of Appearance", "suffix": ""}, {"column": "cartodb_id", "format": null, "prefix": "", "property": "Area ID", "suffix": ""}, {"column": "change", "format": null, "prefix": "", "property": "Percent change in area from previous year", "suffix": "%"}, {"column": "percentile", "format": null, "prefix": "", "property": "Percentile of current area, relative to all historic areas (0-100)", "suffix": ""}]}, "applicationConfig": {}, "staticImageConfig": {}, "createdAt": "2019-12-03T20:47:21.064Z", "updatedAt": "2019-12-03T21:00:56.681Z"}}, {"id": "f25cdfc2-8156-4a9e-83b7-3323dfd0dbf6", "type": "layer", "attributes": {"name": "1989 Reservoirs", "slug": "1989-Reservoirs", "dataset": "fb1af3c9-b699-4b7f-86d4-6f5f0424e3be", "description": "", "application": ["rw"], "iso": [], "provider": "cartodb", "userId": "5ba001878e311b7e3718740f", "default": false, "protected": false, "published": true, "env": "production", "layerConfig": {"timelineLabel": "1989", "order": 1989, "timeline": true, "body": {"layers": [{"options": {"cartocss_version": "2.3.0", "cartocss": "#layer {polygon-fill:#4292c6; polygon-opacity:1; line-width:0.3; line-color:#4292c6; line-opacity:1;}", "sql": "SELECT * FROM ene_002_reservoirs_in_time WHERE year=1989"}, "type": "mapnik"}], "minzoom": 3, "maxzoom": 18, "vectorLayers": [{"paint": {"line-width": 0.3, "line-color": "#4292c6", "line-opacity": 1}, "source-layer": "layer0", "type": "line", "filter": ["all"]}, {"paint": {"fill-color": "#4292c6", "fill-opacity": 1}, "source-layer": "layer0", "type": "fill", "filter": ["all"]}]}, "account": "wri-rw"}, "legendConfig": {"items": [{"color": "#4292c6", "name": "Reservoirs", "id": 0}], "type": "basic"}, "interactionConfig": {"output": [{"column": "year_built", "format": null, "prefix": "", "property": "Year of Appearance", "suffix": ""}, {"column": "cartodb_id", "format": null, "prefix": "", "property": "Area ID", "suffix": ""}, {"column": "change", "format": null, "prefix": "", "property": "Percent change in area from previous year", "suffix": "%"}, {"column": "percentile", "format": null, "prefix": "", "property": "Percentile of current areaPercentile of current area, relative to all historic areas (0-100)", "suffix": ""}]}, "applicationConfig": {}, "staticImageConfig": {}, "createdAt": "2019-12-03T20:47:24.564Z", "updatedAt": "2019-12-03T21:00:50.107Z"}}, {"id": "f81013c3-24c3-4e41-9f3f-5f39e95e1398", "type": "layer", "attributes": {"name": "1990 Reservoirs", "slug": "1990-Reservoirs", "dataset": "fb1af3c9-b699-4b7f-86d4-6f5f0424e3be", "description": "", "application": ["rw"], "iso": [], "provider": "cartodb", "userId": "5ba001878e311b7e3718740f", "default": false, "protected": false, "published": true, "env": "production", "layerConfig": {"timelineLabel": "1990", "order": 1990, "timeline": true, "body": {"layers": [{"options": {"cartocss_version": "2.3.0", "cartocss": "#layer {polygon-fill:#4292c6; polygon-opacity:1; line-width:0.3; line-color:#4292c6; line-opacity:1;}", "sql": "SELECT * FROM ene_002_reservoirs_in_time WHERE year=1990"}, "type": "mapnik"}], "minzoom": 3, "maxzoom": 18, "vectorLayers": [{"paint": {"line-width": 0.3, "line-color": "#4292c6", "line-opacity": 1}, "source-layer": "layer0", "type": "line", "filter": ["all"]}, {"paint": {"fill-color": "#4292c6", "fill-opacity": 1}, "source-layer": "layer0", "type": "fill", "filter": ["all"]}]}, "account": "wri-rw"}, "legendConfig": {"items": [{"color": "#4292c6", "name": "Reservoirs", "id": 0}], "type": "basic"}, "interactionConfig": {"output": [{"column": "year_built", "format": null, "prefix": "", "property": "Year of Appearance", "suffix": ""}, {"column": "cartodb_id", "format": null, "prefix": "", "property": "Area ID", "suffix": ""}, {"column": "change", "format": null, "prefix": "", "property": "Percent change in area from previous year", "suffix": "%"}, {"column": "percentile", "format": null, "prefix": "", "property": "Percentile of current area, relative to all historic areas (0-100)", "suffix": ""}]}, "applicationConfig": {}, "staticImageConfig": {}, "createdAt": "2019-12-03T20:47:29.477Z", "updatedAt": "2019-12-03T21:00:43.023Z"}}, {"id": "f2627f1d-f3f7-4e14-817f-4cb541dd266b", "type": "layer", "attributes": {"name": "1991 Reservoirs", "slug": "1991-Reservoirs", "dataset": "fb1af3c9-b699-4b7f-86d4-6f5f0424e3be", "description": "", "application": ["rw"], "iso": [], "provider": "cartodb", "userId": "5ba001878e311b7e3718740f", "default": false, "protected": false, "published": true, "env": "production", "layerConfig": {"timelineLabel": "1991", "order": 1991, "timeline": true, "body": {"layers": [{"options": {"cartocss_version": "2.3.0", "cartocss": "#layer {polygon-fill:#4292c6; polygon-opacity:1; line-width:0.3; line-color:#4292c6; line-opacity:1;}", "sql": "SELECT * FROM ene_002_reservoirs_in_time WHERE year=1991"}, "type": "mapnik"}], "minzoom": 3, "maxzoom": 18, "vectorLayers": [{"paint": {"line-width": 0.3, "line-color": "#4292c6", "line-opacity": 1}, "source-layer": "layer0", "type": "line", "filter": ["all"]}, {"paint": {"fill-color": "#4292c6", "fill-opacity": 1}, "source-layer": "layer0", "type": "fill", "filter": ["all"]}]}, "account": "wri-rw"}, "legendConfig": {"items": [{"color": "#4292c6", "name": "Reservoirs", "id": 0}], "type": "basic"}, "interactionConfig": {"output": [{"column": "year_built", "format": null, "prefix": "", "property": "Year of Appearance", "suffix": ""}, {"column": "cartodb_id", "format": null, "prefix": "", "property": "Area ID", "suffix": ""}, {"column": "change", "format": null, "prefix": "", "property": "Percent change in area from previous year", "suffix": "%"}, {"column": "percentile", "format": null, "prefix": "", "property": "Percentile of current area, relative to all historic areas (0-100)", "suffix": ""}]}, "applicationConfig": {}, "staticImageConfig": {}, "createdAt": "2019-12-03T20:47:34.607Z", "updatedAt": "2019-12-03T21:00:36.391Z"}}, {"id": "7506a5d3-c5e5-452f-970d-8234b584a044", "type": "layer", "attributes": {"name": "1992 Reservoirs", "slug": "1992-Reservoirs", "dataset": "fb1af3c9-b699-4b7f-86d4-6f5f0424e3be", "description": "", "application": ["rw"], "iso": [], "provider": "cartodb", "userId": "5ba001878e311b7e3718740f", "default": false, "protected": false, "published": true, "env": "production", "layerConfig": {"timelineLabel": "1992", "order": 1992, "timeline": true, "body": {"layers": [{"options": {"cartocss_version": "2.3.0", "cartocss": "#layer {polygon-fill:#4292c6; polygon-opacity:1; line-width:0.3; line-color:#4292c6; line-opacity:1;}", "sql": "SELECT * FROM ene_002_reservoirs_in_time WHERE year=1992"}, "type": "mapnik"}], "minzoom": 3, "maxzoom": 18, "vectorLayers": [{"paint": {"line-width": 0.3, "line-color": "#4292c6", "line-opacity": 1}, "source-layer": "layer0", "type": "line", "filter": ["all"]}, {"paint": {"fill-color": "#4292c6", "fill-opacity": 1}, "source-layer": "layer0", "type": "fill", "filter": ["all"]}]}, "account": "wri-rw"}, "legendConfig": {"items": [{"color": "#4292c6", "name": "Reservoirs", "id": 0}], "type": "basic"}, "interactionConfig": {"output": [{"column": "year_built", "format": null, "prefix": "", "property": "Year of Appearance", "suffix": ""}, {"column": "cartodb_id", "format": null, "prefix": "", "property": "Area ID", "suffix": ""}, {"column": "change", "format": null, "prefix": "", "property": "Percent change in area from previous year", "suffix": "%"}, {"column": "percentile", "format": null, "prefix": "", "property": "Percentile of current area, relative to all historic areas (0-100)", "suffix": ""}]}, "applicationConfig": {}, "staticImageConfig": {}, "createdAt": "2019-12-03T20:47:39.675Z", "updatedAt": "2019-12-03T21:00:30.556Z"}}, {"id": "b6560f07-0a48-43de-b7d0-fc9b078644dc", "type": "layer", "attributes": {"name": "1993 Reservoirs", "slug": "1993-Reservoirs", "dataset": "fb1af3c9-b699-4b7f-86d4-6f5f0424e3be", "description": "", "application": ["rw"], "iso": [], "provider": "cartodb", "userId": "5ba001878e311b7e3718740f", "default": false, "protected": false, "published": true, "env": "production", "layerConfig": {"timelineLabel": "1993", "order": 1993, "timeline": true, "body": {"layers": [{"options": {"cartocss_version": "2.3.0", "cartocss": "#layer {polygon-fill:#4292c6; polygon-opacity:1; line-width:0.3; line-color:#4292c6; line-opacity:1;}", "sql": "SELECT * FROM ene_002_reservoirs_in_time WHERE year=1993"}, "type": "mapnik"}], "minzoom": 3, "maxzoom": 18, "vectorLayers": [{"paint": {"line-width": 0.3, "line-color": "#4292c6", "line-opacity": 1}, "source-layer": "layer0", "type": "line", "filter": ["all"]}, {"paint": {"fill-color": "#4292c6", "fill-opacity": 1}, "source-layer": "layer0", "type": "fill", "filter": ["all"]}]}, "account": "wri-rw"}, "legendConfig": {"items": [{"color": "#4292c6", "name": "Reservoirs", "id": 0}], "type": "basic"}, "interactionConfig": {"output": [{"column": "year_built", "format": null, "prefix": "", "property": "Year of Appearance", "suffix": ""}, {"column": "cartodb_id", "format": null, "prefix": "", "property": "Area ID", "suffix": ""}, {"column": "change", "format": null, "prefix": "", "property": "Percent change in area from previous year", "suffix": "%"}, {"column": "percentile", "format": null, "prefix": "", "property": "Percentile of current areaPercentile of current area, relative to all historic areas (0-100)", "suffix": ""}]}, "applicationConfig": {}, "staticImageConfig": {}, "createdAt": "2019-12-03T20:47:44.669Z", "updatedAt": "2019-12-03T21:00:22.138Z"}}, {"id": "ffe88960-6a86-41a1-be44-caac3da845bc", "type": "layer", "attributes": {"name": "1994 Reservoirs", "slug": "1994-Reservoirs", "dataset": "fb1af3c9-b699-4b7f-86d4-6f5f0424e3be", "description": "", "application": ["rw"], "iso": [], "provider": "cartodb", "userId": "5ba001878e311b7e3718740f", "default": false, "protected": false, "published": true, "env": "production", "layerConfig": {"timelineLabel": "1994", "order": 1994, "timeline": true, "body": {"layers": [{"options": {"cartocss_version": "2.3.0", "cartocss": "#layer {polygon-fill:#4292c6; polygon-opacity:1; line-width:0.3; line-color:#4292c6; line-opacity:1;}", "sql": "SELECT * FROM ene_002_reservoirs_in_time WHERE year=1994"}, "type": "mapnik"}], "minzoom": 3, "maxzoom": 18, "vectorLayers": [{"paint": {"line-width": 0.3, "line-color": "#4292c6", "line-opacity": 1}, "source-layer": "layer0", "type": "line", "filter": ["all"]}, {"paint": {"fill-color": "#4292c6", "fill-opacity": 1}, "source-layer": "layer0", "type": "fill", "filter": ["all"]}]}, "account": "wri-rw"}, "legendConfig": {"items": [{"color": "#4292c6", "name": "Reservoirs", "id": 0}], "type": "basic"}, "interactionConfig": {"output": [{"column": "year_built", "format": null, "prefix": "", "property": "Year of Appearance", "suffix": ""}, {"column": "cartodb_id", "format": null, "prefix": "", "property": "Area ID", "suffix": ""}, {"column": "change", "format": null, "prefix": "", "property": "Percent change in area from previous year", "suffix": "%"}, {"column": "percentile", "format": null, "prefix": "", "property": "Percentile of current area, relative to all historic areas (0-100)", "suffix": ""}]}, "applicationConfig": {}, "staticImageConfig": {}, "createdAt": "2019-12-03T20:47:49.666Z", "updatedAt": "2019-12-03T21:00:15.550Z"}}, {"id": "c239c02d-0336-4c5e-867c-b9b465e2ea83", "type": "layer", "attributes": {"name": "1995 Reservoirs", "slug": "1995-Reservoirs", "dataset": "fb1af3c9-b699-4b7f-86d4-6f5f0424e3be", "description": "", "application": ["rw"], "iso": [], "provider": "cartodb", "userId": "5ba001878e311b7e3718740f", "default": false, "protected": false, "published": true, "env": "production", "layerConfig": {"timelineLabel": "1995", "order": 1995, "timeline": true, "body": {"layers": [{"options": {"cartocss_version": "2.3.0", "cartocss": "#layer {polygon-fill:#4292c6; polygon-opacity:1; line-width:0.3; line-color:#4292c6; line-opacity:1;}", "sql": "SELECT * FROM ene_002_reservoirs_in_time WHERE year=1995"}, "type": "mapnik"}], "minzoom": 3, "maxzoom": 18, "vectorLayers": [{"paint": {"line-width": 0.3, "line-color": "#4292c6", "line-opacity": 1}, "source-layer": "layer0", "type": "line", "filter": ["all"]}, {"paint": {"fill-color": "#4292c6", "fill-opacity": 1}, "source-layer": "layer0", "type": "fill", "filter": ["all"]}]}, "account": "wri-rw"}, "legendConfig": {"items": [{"color": "#4292c6", "name": "Reservoirs", "id": 0}], "type": "basic"}, "interactionConfig": {"output": [{"column": "year_built", "format": null, "prefix": "", "property": "Year of Appearance", "suffix": ""}, {"column": "cartodb_id", "format": null, "prefix": "", "property": "Area ID", "suffix": ""}, {"column": "change", "format": null, "prefix": "", "property": "Percent change in area from previous year", "suffix": "%"}, {"column": "percentile", "format": null, "prefix": "", "property": "Percentile of current area, relative to all historic areas (0-100)", "suffix": ""}]}, "applicationConfig": {}, "staticImageConfig": {}, "createdAt": "2019-12-03T20:47:54.856Z", "updatedAt": "2019-12-03T21:00:06.533Z"}}, {"id": "17b08432-9d6b-4868-a519-1fdef9f98a73", "type": "layer", "attributes": {"name": "1996 Reservoirs", "slug": "1996-Reservoirs", "dataset": "fb1af3c9-b699-4b7f-86d4-6f5f0424e3be", "description": "", "application": ["rw"], "iso": [], "provider": "cartodb", "userId": "5ba001878e311b7e3718740f", "default": false, "protected": false, "published": true, "env": "production", "layerConfig": {"timelineLabel": "1996", "order": 1996, "timeline": true, "body": {"layers": [{"options": {"cartocss_version": "2.3.0", "cartocss": "#layer {polygon-fill:#4292c6; polygon-opacity:1; line-width:0.3; line-color:#4292c6; line-opacity:1;}", "sql": "SELECT * FROM ene_002_reservoirs_in_time WHERE year=1996"}, "type": "mapnik"}], "minzoom": 3, "maxzoom": 18, "vectorLayers": [{"paint": {"line-width": 0.3, "line-color": "#4292c6", "line-opacity": 1}, "source-layer": "layer0", "type": "line", "filter": ["all"]}, {"paint": {"fill-color": "#4292c6", "fill-opacity": 1}, "source-layer": "layer0", "type": "fill", "filter": ["all"]}]}, "account": "wri-rw"}, "legendConfig": {"items": [{"color": "#4292c6", "name": "Reservoirs", "id": 0}], "type": "basic"}, "interactionConfig": {"output": [{"column": "year_built", "format": null, "prefix": "", "property": "Year of Appearance", "suffix": ""}, {"column": "cartodb_id", "format": null, "prefix": "", "property": "Area ID", "suffix": ""}, {"column": "change", "format": null, "prefix": "", "property": "Percent change in area from previous year", "suffix": "%"}, {"column": "percentile", "format": null, "prefix": "", "property": "Percentile of current area, relative to all historic areas (0-100)", "suffix": ""}]}, "applicationConfig": {}, "staticImageConfig": {}, "createdAt": "2019-12-03T20:48:00.145Z", "updatedAt": "2019-12-03T20:59:59.645Z"}}, {"id": "6cacc75b-bc8f-42f7-a26d-1e1b0fbb3d39", "type": "layer", "attributes": {"name": "1997 Reservoirs", "slug": "1997-Reservoirs", "dataset": "fb1af3c9-b699-4b7f-86d4-6f5f0424e3be", "description": "", "application": ["rw"], "iso": [], "provider": "cartodb", "userId": "5ba001878e311b7e3718740f", "default": false, "protected": false, "published": true, "env": "production", "layerConfig": {"timelineLabel": "1997", "order": 1997, "timeline": true, "body": {"layers": [{"options": {"cartocss_version": "2.3.0", "cartocss": "#layer {polygon-fill:#4292c6; polygon-opacity:1; line-width:0.3; line-color:#4292c6; line-opacity:1;}", "sql": "SELECT * FROM ene_002_reservoirs_in_time WHERE year=1997"}, "type": "mapnik"}], "minzoom": 3, "maxzoom": 18, "vectorLayers": [{"paint": {"line-width": 0.3, "line-color": "#4292c6", "line-opacity": 1}, "source-layer": "layer0", "type": "line", "filter": ["all"]}, {"paint": {"fill-color": "#4292c6", "fill-opacity": 1}, "source-layer": "layer0", "type": "fill", "filter": ["all"]}]}, "account": "wri-rw"}, "legendConfig": {"items": [{"color": "#4292c6", "name": "Reservoirs", "id": 0}], "type": "basic"}, "interactionConfig": {"output": [{"column": "year_built", "format": null, "prefix": "", "property": "Year of Appearance", "suffix": ""}, {"column": "cartodb_id", "format": null, "prefix": "", "property": "Area ID", "suffix": ""}, {"column": "change", "format": null, "prefix": "", "property": "Percent change in area from previous year", "suffix": "%"}, {"column": "percentile", "format": null, "prefix": "", "property": "Percentile of current area, relative to all historic areas (0-100)", "suffix": ""}]}, "applicationConfig": {}, "staticImageConfig": {}, "createdAt": "2019-12-03T20:48:05.794Z", "updatedAt": "2019-12-03T20:59:45.835Z"}}, {"id": "43a69d16-4602-4959-9b91-984d6166ff69", "type": "layer", "attributes": {"name": "1998 Reservoirs", "slug": "1998-Reservoirs", "dataset": "fb1af3c9-b699-4b7f-86d4-6f5f0424e3be", "description": "", "application": ["rw"], "iso": [], "provider": "cartodb", "userId": "5ba001878e311b7e3718740f", "default": false, "protected": false, "published": true, "env": "production", "layerConfig": {"timelineLabel": "1998", "order": 1998, "timeline": true, "body": {"layers": [{"options": {"cartocss_version": "2.3.0", "cartocss": "#layer {polygon-fill:#4292c6; polygon-opacity:1; line-width:0.3; line-color:#4292c6; line-opacity:1;}", "sql": "SELECT * FROM ene_002_reservoirs_in_time WHERE year=1998"}, "type": "mapnik"}], "minzoom": 3, "maxzoom": 18, "vectorLayers": [{"paint": {"line-width": 0.3, "line-color": "#4292c6", "line-opacity": 1}, "source-layer": "layer0", "type": "line", "filter": ["all"]}, {"paint": {"fill-color": "#4292c6", "fill-opacity": 1}, "source-layer": "layer0", "type": "fill", "filter": ["all"]}]}, "account": "wri-rw"}, "legendConfig": {"items": [{"color": "#4292c6", "name": "Reservoirs", "id": 0}], "type": "basic"}, "interactionConfig": {"output": [{"column": "year_built", "format": null, "prefix": "", "property": "Year of Appearance", "suffix": ""}, {"column": "cartodb_id", "format": null, "prefix": "", "property": "Area ID", "suffix": ""}, {"column": "change", "format": null, "prefix": "", "property": "Percent change in area from previous year", "suffix": "%"}, {"column": "percentile", "format": null, "prefix": "", "property": "Percentile of current area, relative to all historic areas (0-100)", "suffix": ""}]}, "applicationConfig": {}, "staticImageConfig": {}, "createdAt": "2019-12-03T20:48:12.590Z", "updatedAt": "2019-12-03T21:40:02.299Z"}}, {"id": "8937cebe-74e8-4d83-8c1b-252c9dc50e5b", "type": "layer", "attributes": {"name": "1999 Reservoirs", "slug": "1999-Reservoirs", "dataset": "fb1af3c9-b699-4b7f-86d4-6f5f0424e3be", "description": "", "application": ["rw"], "iso": [], "provider": "cartodb", "userId": "5ba001878e311b7e3718740f", "default": false, "protected": false, "published": true, "env": "production", "layerConfig": {"timelineLabel": "1999", "order": 1999, "timeline": true, "body": {"layers": [{"options": {"cartocss_version": "2.3.0", "cartocss": "#layer {polygon-fill:#4292c6; polygon-opacity:1; line-width:0.3; line-color:#4292c6; line-opacity:1;}", "sql": "SELECT * FROM ene_002_reservoirs_in_time WHERE year=1999"}, "type": "mapnik"}], "minzoom": 3, "maxzoom": 18, "vectorLayers": [{"paint": {"line-width": 0.3, "line-color": "#4292c6", "line-opacity": 1}, "source-layer": "layer0", "type": "line", "filter": ["all"]}, {"paint": {"fill-color": "#4292c6", "fill-opacity": 1}, "source-layer": "layer0", "type": "fill", "filter": ["all"]}]}, "account": "wri-rw"}, "legendConfig": {"items": [{"color": "#4292c6", "name": "Reservoirs", "id": 0}], "type": "basic"}, "interactionConfig": {"output": [{"column": "year_built", "format": null, "prefix": "", "property": "Year of Appearance", "suffix": ""}, {"column": "cartodb_id", "format": null, "prefix": "", "property": "Area ID", "suffix": ""}, {"column": "change", "format": null, "prefix": "", "property": "Percent change in area from previous year", "suffix": "%"}, {"column": "percentile", "format": null, "prefix": "", "property": "Percentile of current areaPercentile of current area, relative to all historic areas (0-100)", "suffix": ""}]}, "applicationConfig": {}, "staticImageConfig": {}, "createdAt": "2019-12-03T20:48:18.850Z", "updatedAt": "2019-12-03T20:59:32.662Z"}}, {"id": "a714da92-a800-4190-bc17-a205097f19a6", "type": "layer", "attributes": {"name": "2000 Reservoirs", "slug": "2000-Reservoirs", "dataset": "fb1af3c9-b699-4b7f-86d4-6f5f0424e3be", "description": "", "application": ["rw"], "iso": [], "provider": "cartodb", "userId": "5ba001878e311b7e3718740f", "default": false, "protected": false, "published": true, "env": "production", "layerConfig": {"timelineLabel": "2000", "order": 2000, "timeline": true, "body": {"layers": [{"options": {"cartocss_version": "2.3.0", "cartocss": "#layer {polygon-fill:#4292c6; polygon-opacity:1; line-width:0.3; line-color:#4292c6; line-opacity:1;}", "sql": "SELECT * FROM ene_002_reservoirs_in_time WHERE year=2000"}, "type": "mapnik"}], "minzoom": 3, "maxzoom": 18, "vectorLayers": [{"paint": {"line-width": 0.3, "line-color": "#4292c6", "line-opacity": 1}, "source-layer": "layer0", "type": "line", "filter": ["all"]}, {"paint": {"fill-color": "#4292c6", "fill-opacity": 1}, "source-layer": "layer0", "type": "fill", "filter": ["all"]}]}, "account": "wri-rw"}, "legendConfig": {"items": [{"color": "#4292c6", "name": "Reservoirs", "id": 0}], "type": "basic"}, "interactionConfig": {"output": [{"column": "year_built", "format": null, "prefix": "", "property": "Year of Appearance", "suffix": ""}, {"column": "cartodb_id", "format": null, "prefix": "", "property": "Area ID", "suffix": ""}, {"column": "change", "format": null, "prefix": "", "property": "Percent change in area from previous year", "suffix": "%"}, {"column": "percentile", "format": null, "prefix": "", "property": "Percentile of current area, relative to all historic areas (0-100)", "suffix": ""}]}, "applicationConfig": {}, "staticImageConfig": {}, "createdAt": "2019-12-03T20:48:25.995Z", "updatedAt": "2019-12-03T20:59:25.642Z"}}, {"id": "51b42518-464f-4eb2-bda7-7569dd0f7d2a", "type": "layer", "attributes": {"name": "2001 Reservoirs", "slug": "2001-Reservoirs", "dataset": "fb1af3c9-b699-4b7f-86d4-6f5f0424e3be", "description": "", "application": ["rw"], "iso": [], "provider": "cartodb", "userId": "5ba001878e311b7e3718740f", "default": false, "protected": false, "published": true, "env": "production", "layerConfig": {"timelineLabel": "2001", "order": 2001, "timeline": true, "body": {"layers": [{"options": {"cartocss_version": "2.3.0", "cartocss": "#layer {polygon-fill:#4292c6; polygon-opacity:1; line-width:0.3; line-color:#4292c6; line-opacity:1;}", "sql": "SELECT * FROM ene_002_reservoirs_in_time WHERE year=2001"}, "type": "mapnik"}], "minzoom": 3, "maxzoom": 18, "vectorLayers": [{"paint": {"line-width": 0.3, "line-color": "#4292c6", "line-opacity": 1}, "source-layer": "layer0", "type": "line", "filter": ["all"]}, {"paint": {"fill-color": "#4292c6", "fill-opacity": 1}, "source-layer": "layer0", "type": "fill", "filter": ["all"]}]}, "account": "wri-rw"}, "legendConfig": {"items": [{"color": "#4292c6", "name": "Reservoirs", "id": 0}], "type": "basic"}, "interactionConfig": {"output": [{"column": "year_built", "format": null, "prefix": "", "property": "Year of Appearance", "suffix": ""}, {"column": "cartodb_id", "format": null, "prefix": "", "property": "Area ID", "suffix": ""}, {"column": "change", "format": null, "prefix": "", "property": "Percent change in area from previous year", "suffix": "%"}, {"column": "percentile", "format": null, "prefix": "", "property": "Percentile of current areaPercentile of current area, relative to all historic areas (0-100)", "suffix": ""}]}, "applicationConfig": {}, "staticImageConfig": {}, "createdAt": "2019-12-03T20:48:33.303Z", "updatedAt": "2019-12-03T20:59:17.097Z"}}, {"id": "2ccfdc10-368b-4208-aaf1-c523ac3e2172", "type": "layer", "attributes": {"name": "2002 Reservoirs", "slug": "2002-Reservoirs", "dataset": "fb1af3c9-b699-4b7f-86d4-6f5f0424e3be", "description": "", "application": ["rw"], "iso": [], "provider": "cartodb", "userId": "5ba001878e311b7e3718740f", "default": false, "protected": false, "published": true, "env": "production", "layerConfig": {"timelineLabel": "2002", "order": 2002, "timeline": true, "body": {"layers": [{"options": {"cartocss_version": "2.3.0", "cartocss": "#layer {polygon-fill:#4292c6; polygon-opacity:1; line-width:0.3; line-color:#4292c6; line-opacity:1;}", "sql": "SELECT * FROM ene_002_reservoirs_in_time WHERE year=2002"}, "type": "mapnik"}], "minzoom": 3, "maxzoom": 18, "vectorLayers": [{"paint": {"line-width": 0.3, "line-color": "#4292c6", "line-opacity": 1}, "source-layer": "layer0", "type": "line", "filter": ["all"]}, {"paint": {"fill-color": "#4292c6", "fill-opacity": 1}, "source-layer": "layer0", "type": "fill", "filter": ["all"]}]}, "account": "wri-rw"}, "legendConfig": {"items": [{"color": "#4292c6", "name": "Reservoirs", "id": 0}], "type": "basic"}, "interactionConfig": {"output": [{"column": "year_built", "format": null, "prefix": "", "property": "Year of Appearance", "suffix": ""}, {"column": "cartodb_id", "format": null, "prefix": "", "property": "Area ID", "suffix": ""}, {"column": "change", "format": null, "prefix": "", "property": "Percent change in area from previous year", "suffix": "%"}, {"column": "percentile", "format": null, "prefix": "", "property": "Percentile of current area, relative to all historic areas (0-100)", "suffix": ""}]}, "applicationConfig": {}, "staticImageConfig": {}, "createdAt": "2019-12-03T20:48:41.003Z", "updatedAt": "2019-12-03T20:59:08.249Z"}}, {"id": "4246adbd-252a-4b3d-a6f3-f28a6cb566db", "type": "layer", "attributes": {"name": "2003 Reservoirs", "slug": "2003-Reservoirs", "dataset": "fb1af3c9-b699-4b7f-86d4-6f5f0424e3be", "description": "", "application": ["rw"], "iso": [], "provider": "cartodb", "userId": "5ba001878e311b7e3718740f", "default": false, "protected": false, "published": true, "env": "production", "layerConfig": {"timelineLabel": "2003", "order": 2003, "timeline": true, "body": {"layers": [{"options": {"cartocss_version": "2.3.0", "cartocss": "#layer {polygon-fill:#4292c6; polygon-opacity:1; line-width:0.3; line-color:#4292c6; line-opacity:1;}", "sql": "SELECT * FROM ene_002_reservoirs_in_time WHERE year=2003"}, "type": "mapnik"}], "minzoom": 3, "maxzoom": 18, "vectorLayers": [{"paint": {"line-width": 0.3, "line-color": "#4292c6", "line-opacity": 1}, "source-layer": "layer0", "type": "line", "filter": ["all"]}, {"paint": {"fill-color": "#4292c6", "fill-opacity": 1}, "source-layer": "layer0", "type": "fill", "filter": ["all"]}]}, "account": "wri-rw"}, "legendConfig": {"items": [{"color": "#4292c6", "name": "Reservoirs", "id": 0}], "type": "basic"}, "interactionConfig": {"output": [{"column": "year_built", "format": null, "prefix": "", "property": "Year of Appearance", "suffix": ""}, {"column": "cartodb_id", "format": null, "prefix": "", "property": "Area ID", "suffix": ""}, {"column": "change", "format": null, "prefix": "", "property": "Percent change in area from previous year", "suffix": "%"}, {"column": "percentile", "format": null, "prefix": "", "property": "Percentile of current areaPercentile of current area, relative to all historic areas (0-100)", "suffix": ""}]}, "applicationConfig": {}, "staticImageConfig": {}, "createdAt": "2019-12-03T20:48:48.677Z", "updatedAt": "2019-12-03T20:59:00.602Z"}}, {"id": "07d3d8ad-f575-4570-bb7b-e8dd6b1adef9", "type": "layer", "attributes": {"name": "2004 Reservoirs", "slug": "2004-Reservoirs", "dataset": "fb1af3c9-b699-4b7f-86d4-6f5f0424e3be", "description": "", "application": ["rw"], "iso": [], "provider": "cartodb", "userId": "5ba001878e311b7e3718740f", "default": false, "protected": false, "published": true, "env": "production", "layerConfig": {"timelineLabel": "2004", "order": 2004, "timeline": true, "body": {"layers": [{"options": {"cartocss_version": "2.3.0", "cartocss": "#layer {polygon-fill:#4292c6; polygon-opacity:1; line-width:0.3; line-color:#4292c6; line-opacity:1;}", "sql": "SELECT * FROM ene_002_reservoirs_in_time WHERE year=2004"}, "type": "mapnik"}], "minzoom": 3, "maxzoom": 18, "vectorLayers": [{"paint": {"line-width": 0.3, "line-color": "#4292c6", "line-opacity": 1}, "source-layer": "layer0", "type": "line", "filter": ["all"]}, {"paint": {"fill-color": "#4292c6", "fill-opacity": 1}, "source-layer": "layer0", "type": "fill", "filter": ["all"]}]}, "account": "wri-rw"}, "legendConfig": {"items": [{"color": "#4292c6", "name": "Reservoirs", "id": 0}], "type": "basic"}, "interactionConfig": {"output": [{"column": "year_built", "format": null, "prefix": "", "property": "Year of Appearance", "suffix": ""}, {"column": "cartodb_id", "format": null, "prefix": "", "property": "Area ID", "suffix": ""}, {"column": "change", "format": null, "prefix": "", "property": "Percent change in area from previous year", "suffix": "%"}, {"column": "percentile", "format": null, "prefix": "", "property": "Percentile of current areaPercentile of current area, relative to all historic areas (0-100)", "suffix": ""}]}, "applicationConfig": {}, "staticImageConfig": {}, "createdAt": "2019-12-03T20:48:56.590Z", "updatedAt": "2019-12-03T20:58:47.547Z"}}, {"id": "e69886bb-381e-445b-a36b-e5bc1322223b", "type": "layer", "attributes": {"name": "2005 Reservoirs", "slug": "2005-Reservoirs", "dataset": "fb1af3c9-b699-4b7f-86d4-6f5f0424e3be", "description": "", "application": ["rw"], "iso": [], "provider": "cartodb", "userId": "5ba001878e311b7e3718740f", "default": false, "protected": false, "published": true, "env": "production", "layerConfig": {"timelineLabel": "2005", "order": 2005, "timeline": true, "body": {"layers": [{"options": {"cartocss_version": "2.3.0", "cartocss": "#layer {polygon-fill:#4292c6; polygon-opacity:1; line-width:0.3; line-color:#4292c6; line-opacity:1;}", "sql": "SELECT * FROM ene_002_reservoirs_in_time WHERE year=2005"}, "type": "mapnik"}], "minzoom": 3, "maxzoom": 18, "vectorLayers": [{"paint": {"line-width": 0.3, "line-color": "#4292c6", "line-opacity": 1}, "source-layer": "layer0", "type": "line", "filter": ["all"]}, {"paint": {"fill-color": "#4292c6", "fill-opacity": 1}, "source-layer": "layer0", "type": "fill", "filter": ["all"]}]}, "account": "wri-rw"}, "legendConfig": {"items": [{"color": "#4292c6", "name": "Reservoirs", "id": 0}], "type": "basic"}, "interactionConfig": {"output": [{"column": "year_built", "format": null, "prefix": "", "property": "Year of Appearance", "suffix": ""}, {"column": "cartodb_id", "format": null, "prefix": "", "property": "Area ID", "suffix": ""}, {"column": "change", "format": null, "prefix": "", "property": "Percent change in area from previous year", "suffix": "%"}, {"column": "percentile", "format": null, "prefix": "", "property": "Percentile of current areaPercentile of current area, relative to all historic areas (0-100)", "suffix": ""}]}, "applicationConfig": {}, "staticImageConfig": {}, "createdAt": "2019-12-03T20:49:04.068Z", "updatedAt": "2019-12-03T20:58:37.559Z"}}, {"id": "41c631e7-2eb9-4e6a-a6e8-880ce0a8d7f6", "type": "layer", "attributes": {"name": "2006 Reservoirs", "slug": "2006-Reservoirs", "dataset": "fb1af3c9-b699-4b7f-86d4-6f5f0424e3be", "description": "", "application": ["rw"], "iso": [], "provider": "cartodb", "userId": "5ba001878e311b7e3718740f", "default": false, "protected": false, "published": true, "env": "production", "layerConfig": {"timelineLabel": "2006", "order": 2006, "timeline": true, "body": {"layers": [{"options": {"cartocss_version": "2.3.0", "cartocss": "#layer {polygon-fill:#4292c6; polygon-opacity:1; line-width:0.3; line-color:#4292c6; line-opacity:1;}", "sql": "SELECT * FROM ene_002_reservoirs_in_time WHERE year=2006"}, "type": "mapnik"}], "minzoom": 3, "maxzoom": 18, "vectorLayers": [{"paint": {"line-width": 0.3, "line-color": "#4292c6", "line-opacity": 1}, "source-layer": "layer0", "type": "line", "filter": ["all"]}, {"paint": {"fill-color": "#4292c6", "fill-opacity": 1}, "source-layer": "layer0", "type": "fill", "filter": ["all"]}]}, "account": "wri-rw"}, "legendConfig": {"items": [{"color": "#4292c6", "name": "Reservoirs", "id": 0}], "type": "basic"}, "interactionConfig": {"output": [{"column": "year_built", "format": null, "prefix": "", "property": "Year of Appearance", "suffix": ""}, {"column": "cartodb_id", "format": null, "prefix": "", "property": "Area ID", "suffix": ""}, {"column": "change", "format": null, "prefix": "", "property": "Percent change in area from previous year", "suffix": "%"}, {"column": "percentile", "format": null, "prefix": "", "property": "Percentile of current areaPercentile of current area, relative to all historic areas (0-100)", "suffix": ""}]}, "applicationConfig": {}, "staticImageConfig": {}, "createdAt": "2019-12-03T20:49:09.902Z", "updatedAt": "2019-12-03T20:58:30.755Z"}}, {"id": "4b15bece-1739-447b-9258-99b8b4eefa75", "type": "layer", "attributes": {"name": "2007 Reservoirs", "slug": "2007-Reservoirs", "dataset": "fb1af3c9-b699-4b7f-86d4-6f5f0424e3be", "description": "", "application": ["rw"], "iso": [], "provider": "cartodb", "userId": "5ba001878e311b7e3718740f", "default": false, "protected": false, "published": true, "env": "production", "layerConfig": {"timelineLabel": "2007", "order": 2007, "timeline": true, "body": {"layers": [{"options": {"cartocss_version": "2.3.0", "cartocss": "#layer {polygon-fill:#4292c6; polygon-opacity:1; line-width:0.3; line-color:#4292c6; line-opacity:1;}", "sql": "SELECT * FROM ene_002_reservoirs_in_time WHERE year=2007"}, "type": "mapnik"}], "minzoom": 3, "maxzoom": 18, "vectorLayers": [{"paint": {"line-width": 0.3, "line-color": "#4292c6", "line-opacity": 1}, "source-layer": "layer0", "type": "line", "filter": ["all"]}, {"paint": {"fill-color": "#4292c6", "fill-opacity": 1}, "source-layer": "layer0", "type": "fill", "filter": ["all"]}]}, "account": "wri-rw"}, "legendConfig": {"items": [{"color": "#4292c6", "name": "Reservoirs", "id": 0}], "type": "basic"}, "interactionConfig": {"output": [{"column": "year_built", "format": null, "prefix": "", "property": "Year of Appearance", "suffix": ""}, {"column": "cartodb_id", "format": null, "prefix": "", "property": "Area ID", "suffix": ""}, {"column": "change", "format": null, "prefix": "", "property": "Percent change in area from previous year", "suffix": "%"}, {"column": "percentile", "format": null, "prefix": "", "property": "Percentile of current area, relative to all historic areas (0-100)", "suffix": ""}]}, "applicationConfig": {}, "staticImageConfig": {}, "createdAt": "2019-12-03T20:49:17.125Z", "updatedAt": "2019-12-03T20:58:06.435Z"}}, {"id": "894e6d59-e4cc-4bb1-b5d6-993936c7567b", "type": "layer", "attributes": {"name": "2008 Reservoirs", "slug": "2008-Reservoirs", "dataset": "fb1af3c9-b699-4b7f-86d4-6f5f0424e3be", "description": "", "application": ["rw"], "iso": [], "provider": "cartodb", "userId": "5ba001878e311b7e3718740f", "default": false, "protected": false, "published": true, "env": "production", "layerConfig": {"timelineLabel": "2008", "order": 2008, "timeline": true, "body": {"layers": [{"options": {"cartocss_version": "2.3.0", "cartocss": "#layer {polygon-fill:#4292c6; polygon-opacity:1; line-width:0.3; line-color:#4292c6; line-opacity:1;}", "sql": "SELECT * FROM ene_002_reservoirs_in_time WHERE year=2008"}, "type": "mapnik"}], "minzoom": 3, "maxzoom": 18, "vectorLayers": [{"paint": {"line-width": 0.3, "line-color": "#4292c6", "line-opacity": 1}, "source-layer": "layer0", "type": "line", "filter": ["all"]}, {"paint": {"fill-color": "#4292c6", "fill-opacity": 1}, "source-layer": "layer0", "type": "fill", "filter": ["all"]}]}, "account": "wri-rw"}, "legendConfig": {"items": [{"color": "#4292c6", "name": "Reservoirs", "id": 0}], "type": "basic"}, "interactionConfig": {"output": [{"column": "year_built", "format": null, "prefix": "", "property": "Year of Appearance", "suffix": ""}, {"column": "cartodb_id", "format": null, "prefix": "", "property": "Area ID", "suffix": ""}, {"column": "change", "format": null, "prefix": "", "property": "Percent change in area from previous year", "suffix": "%"}, {"column": "percentile", "format": null, "prefix": "", "property": "Percentile of current area, relative to all historic areas (0-100)", "suffix": ""}]}, "applicationConfig": {}, "staticImageConfig": {}, "createdAt": "2019-12-03T20:49:23.025Z", "updatedAt": "2019-12-03T20:57:50.730Z"}}, {"id": "4bdd2762-d7f6-4ceb-9b44-3d8884170ad9", "type": "layer", "attributes": {"name": "2009 Reservoirs", "slug": "2009-Reservoirs", "dataset": "fb1af3c9-b699-4b7f-86d4-6f5f0424e3be", "description": "", "application": ["rw"], "iso": [], "provider": "cartodb", "userId": "5ba001878e311b7e3718740f", "default": false, "protected": false, "published": true, "env": "production", "layerConfig": {"timelineLabel": "2009", "order": 2009, "timeline": true, "body": {"layers": [{"options": {"cartocss_version": "2.3.0", "cartocss": "#layer {polygon-fill:#4292c6; polygon-opacity:1; line-width:0.3; line-color:#4292c6; line-opacity:1;}", "sql": "SELECT * FROM ene_002_reservoirs_in_time WHERE year=2009"}, "type": "mapnik"}], "minzoom": 3, "maxzoom": 18, "vectorLayers": [{"paint": {"line-width": 0.3, "line-color": "#4292c6", "line-opacity": 1}, "source-layer": "layer0", "type": "line", "filter": ["all"]}, {"paint": {"fill-color": "#4292c6", "fill-opacity": 1}, "source-layer": "layer0", "type": "fill", "filter": ["all"]}]}, "account": "wri-rw"}, "legendConfig": {"items": [{"color": "#4292c6", "name": "Reservoirs", "id": 0}], "type": "basic"}, "interactionConfig": {"output": [{"column": "year_built", "format": null, "prefix": "", "property": "Year of Appearance", "suffix": ""}, {"column": "cartodb_id", "format": null, "prefix": "", "property": "Area ID", "suffix": ""}, {"column": "change", "format": null, "prefix": "", "property": "Percent change in area from previous year", "suffix": "%"}, {"column": "percentile", "format": null, "prefix": "", "property": "Percentile of current area, relative to all historic areas (0-100)", "suffix": ""}]}, "applicationConfig": {}, "staticImageConfig": {}, "createdAt": "2019-12-03T20:49:30.246Z", "updatedAt": "2019-12-03T20:57:44.714Z"}}, {"id": "6032d385-c611-462b-ae03-4d24e1b3af26", "type": "layer", "attributes": {"name": "2010 Reservoirs", "slug": "2010-Reservoirs", "dataset": "fb1af3c9-b699-4b7f-86d4-6f5f0424e3be", "description": "", "application": ["rw"], "iso": [], "provider": "cartodb", "userId": "5ba001878e311b7e3718740f", "default": false, "protected": false, "published": true, "env": "production", "layerConfig": {"timelineLabel": "2010", "order": 2010, "timeline": true, "body": {"layers": [{"options": {"cartocss_version": "2.3.0", "cartocss": "#layer {polygon-fill:#4292c6; polygon-opacity:1; line-width:0.3; line-color:#4292c6; line-opacity:1;}", "sql": "SELECT * FROM ene_002_reservoirs_in_time WHERE year=2010"}, "type": "mapnik"}], "minzoom": 3, "maxzoom": 18, "vectorLayers": [{"paint": {"line-width": 0.3, "line-color": "#4292c6", "line-opacity": 1}, "source-layer": "layer0", "type": "line", "filter": ["all"]}, {"paint": {"fill-color": "#4292c6", "fill-opacity": 1}, "source-layer": "layer0", "type": "fill", "filter": ["all"]}]}, "account": "wri-rw"}, "legendConfig": {"items": [{"color": "#4292c6", "name": "Reservoirs", "id": 0}], "type": "basic"}, "interactionConfig": {"output": [{"column": "year_built", "format": null, "prefix": "", "property": "Year of Appearance", "suffix": ""}, {"column": "cartodb_id", "format": null, "prefix": "", "property": "Area ID", "suffix": ""}, {"column": "change", "format": null, "prefix": "", "property": "Percent change in area from previous year", "suffix": "%"}, {"column": "percentile", "format": null, "prefix": "", "property": "Percentile of current areaPercentile of current area, relative to all historic areas (0-100)", "suffix": ""}]}, "applicationConfig": {}, "staticImageConfig": {}, "createdAt": "2019-12-03T20:49:37.491Z", "updatedAt": "2019-12-03T20:57:37.892Z"}}, {"id": "0b9f2220-c500-4970-b61f-809afb3a4b1e", "type": "layer", "attributes": {"name": "2011 Reservoirs", "slug": "2011-Reservoirs", "dataset": "fb1af3c9-b699-4b7f-86d4-6f5f0424e3be", "description": "", "application": ["rw"], "iso": [], "provider": "cartodb", "userId": "5ba001878e311b7e3718740f", "default": false, "protected": false, "published": true, "env": "production", "layerConfig": {"timelineLabel": "2011", "order": 2011, "timeline": true, "body": {"layers": [{"options": {"cartocss_version": "2.3.0", "cartocss": "#layer {polygon-fill:#4292c6; polygon-opacity:1; line-width:0.3; line-color:#4292c6; line-opacity:1;}", "sql": "SELECT * FROM ene_002_reservoirs_in_time WHERE year=2011"}, "type": "mapnik"}], "minzoom": 3, "maxzoom": 18, "vectorLayers": [{"paint": {"line-width": 0.3, "line-color": "#4292c6", "line-opacity": 1}, "source-layer": "layer0", "type": "line", "filter": ["all"]}, {"paint": {"fill-color": "#4292c6", "fill-opacity": 1}, "source-layer": "layer0", "type": "fill", "filter": ["all"]}]}, "account": "wri-rw"}, "legendConfig": {"items": [{"color": "#4292c6", "name": "Reservoirs", "id": 0}], "type": "basic"}, "interactionConfig": {"output": [{"column": "year_built", "format": null, "prefix": "", "property": "Year of Appearance", "suffix": ""}, {"column": "cartodb_id", "format": null, "prefix": "", "property": "Area ID", "suffix": ""}, {"column": "change", "format": null, "prefix": "", "property": "Percent change in area from previous year", "suffix": "%"}, {"column": "percentile", "format": null, "prefix": "", "property": "Percentile of current area, relative to all historic areas (0-100)", "suffix": ""}]}, "applicationConfig": {}, "staticImageConfig": {}, "createdAt": "2019-12-03T20:49:44.729Z", "updatedAt": "2019-12-03T20:57:31.469Z"}}, {"id": "e912f414-325b-44c6-9d82-3febe4fa7681", "type": "layer", "attributes": {"name": "2012 Reservoirs", "slug": "2012-Reservoirs", "dataset": "fb1af3c9-b699-4b7f-86d4-6f5f0424e3be", "description": "", "application": ["rw"], "iso": [], "provider": "cartodb", "userId": "5ba001878e311b7e3718740f", "default": false, "protected": false, "published": true, "env": "production", "layerConfig": {"timelineLabel": "2012", "order": 2012, "timeline": true, "body": {"layers": [{"options": {"cartocss_version": "2.3.0", "cartocss": "#layer {polygon-fill:#4292c6; polygon-opacity:1; line-width:0.3; line-color:#4292c6; line-opacity:1;}", "sql": "SELECT * FROM ene_002_reservoirs_in_time WHERE year=2012"}, "type": "mapnik"}], "minzoom": 3, "maxzoom": 18, "vectorLayers": [{"paint": {"line-width": 0.3, "line-color": "#4292c6", "line-opacity": 1}, "source-layer": "layer0", "type": "line", "filter": ["all"]}, {"paint": {"fill-color": "#4292c6", "fill-opacity": 1}, "source-layer": "layer0", "type": "fill", "filter": ["all"]}]}, "account": "wri-rw"}, "legendConfig": {"items": [{"color": "#4292c6", "name": "Reservoirs", "id": 0}], "type": "basic"}, "interactionConfig": {"output": [{"column": "year_built", "format": null, "prefix": "", "property": "Year of Appearance", "suffix": ""}, {"column": "cartodb_id", "format": null, "prefix": "", "property": "Area ID", "suffix": ""}, {"column": "change", "format": null, "prefix": "", "property": "Percent change in area from previous year", "suffix": "%"}, {"column": "percentile", "format": null, "prefix": "", "property": "Percentile of current area, relative to all historic areas (0-100)", "suffix": ""}]}, "applicationConfig": {}, "staticImageConfig": {}, "createdAt": "2019-12-03T20:49:51.306Z", "updatedAt": "2019-12-03T20:57:25.439Z"}}, {"id": "53b69e73-6ebf-4b81-acfa-a5d72cedff6b", "type": "layer", "attributes": {"name": "2013 Reservoirs", "slug": "2013-Reservoirs", "dataset": "fb1af3c9-b699-4b7f-86d4-6f5f0424e3be", "description": "", "application": ["rw"], "iso": [], "provider": "cartodb", "userId": "5ba001878e311b7e3718740f", "default": false, "protected": false, "published": true, "env": "production", "layerConfig": {"timelineLabel": "2013", "order": 2013, "timeline": true, "body": {"layers": [{"options": {"cartocss_version": "2.3.0", "cartocss": "#layer {polygon-fill:#4292c6; polygon-opacity:1; line-width:0.3; line-color:#4292c6; line-opacity:1;}", "sql": "SELECT * FROM ene_002_reservoirs_in_time WHERE year=2013"}, "type": "mapnik"}], "minzoom": 3, "maxzoom": 18, "vectorLayers": [{"paint": {"line-width": 0.3, "line-color": "#4292c6", "line-opacity": 1}, "source-layer": "layer0", "type": "line", "filter": ["all"]}, {"paint": {"fill-color": "#4292c6", "fill-opacity": 1}, "source-layer": "layer0", "type": "fill", "filter": ["all"]}]}, "account": "wri-rw"}, "legendConfig": {"items": [{"color": "#4292c6", "name": "Reservoirs", "id": 0}], "type": "basic"}, "interactionConfig": {"output": [{"column": "year_built", "format": null, "prefix": "", "property": "Year of Appearance", "suffix": ""}, {"column": "cartodb_id", "format": null, "prefix": "", "property": "Area ID", "suffix": ""}, {"column": "change", "format": null, "prefix": "", "property": "Percent change in area from previous year", "suffix": "%"}, {"column": "percentile", "format": null, "prefix": "", "property": "Percentile of current area, relative to all historic areas (0-100)", "suffix": ""}]}, "applicationConfig": {}, "staticImageConfig": {}, "createdAt": "2019-12-03T20:49:57.935Z", "updatedAt": "2019-12-03T20:57:18.848Z"}}, {"id": "c73ae196-50f4-488b-ada4-80b5b15332ab", "type": "layer", "attributes": {"name": "2014 Reservoirs", "slug": "2014-Reservoirs", "dataset": "fb1af3c9-b699-4b7f-86d4-6f5f0424e3be", "description": "", "application": ["rw"], "iso": [], "provider": "cartodb", "userId": "5ba001878e311b7e3718740f", "default": false, "protected": false, "published": true, "env": "production", "layerConfig": {"timelineLabel": "2014", "order": 2014, "timeline": true, "body": {"layers": [{"options": {"cartocss_version": "2.3.0", "cartocss": "#layer {polygon-fill:#4292c6; polygon-opacity:1; line-width:0.3; line-color:#4292c6; line-opacity:1;}", "sql": "SELECT * FROM ene_002_reservoirs_in_time WHERE year=2014"}, "type": "mapnik"}], "minzoom": 3, "maxzoom": 18, "vectorLayers": [{"paint": {"line-width": 0.3, "line-color": "#4292c6", "line-opacity": 1}, "source-layer": "layer0", "type": "line", "filter": ["all"]}, {"paint": {"fill-color": "#4292c6", "fill-opacity": 1}, "source-layer": "layer0", "type": "fill", "filter": ["all"]}]}, "account": "wri-rw"}, "legendConfig": {"items": [{"color": "#4292c6", "name": "Reservoirs", "id": 0}], "type": "basic"}, "interactionConfig": {"output": [{"column": "year_built", "format": null, "prefix": "", "property": "Year of Appearance", "suffix": ""}, {"column": "cartodb_id", "format": null, "prefix": "", "property": "Area ID", "suffix": ""}, {"column": "change", "format": null, "prefix": "", "property": "Percent change in area from previous year", "suffix": "%"}, {"column": "percentile", "format": null, "prefix": "", "property": "Percentile of current area, relative to all historic areas (0-100)", "suffix": ""}]}, "applicationConfig": {}, "staticImageConfig": {}, "createdAt": "2019-12-03T20:50:05.297Z", "updatedAt": "2019-12-03T20:57:11.668Z"}}], "vocabulary": [], "widgetRelevantProps": [], "layerRelevantProps": []}}