{"id": "fc8cf356-f4be-4635-a896-fb468aaaa832", "type": "dataset", "server": "https://api.resourcewatch.org", "attributes": {"name": "for.013 Forest Landscape Restoration Opportunity", "slug": "for013-Forest-Landscape-Restoration-Opportunity", "type": "raster", "subtitle": "WRI/IUCN/U of Maryland", "application": ["rw"], "dataPath": "", "attributesPath": null, "connectorType": "rest", "provider": "gee", "userId": "58fa22c54eecd907310778cd", "connectorUrl": "", "sources": [], "tableName": "users/resourcewatch/for_013_forest_landscape_restoration_opportunity", "status": "saved", "published": true, "overwrite": false, "verified": false, "blockchain": {}, "mainDateField": null, "env": "production", "geoInfo": true, "protected": false, "legend": {"date": [], "region": [], "country": [], "nested": [], "integer": [], "short": [], "byte": [], "double": [], "float": [], "half_float": [], "scaled_float": [], "boolean": [], "binary": [], "text": [], "keyword": []}, "clonedHost": {}, "errorMessage": "[Automatic Validation] ConnectorFailed -> Invalid Dataset", "taskId": null, "createdAt": "2020-02-06T15:28:30.624Z", "updatedAt": "2017-10-25T17:10:47.306Z", "dataLastUpdated": null, "metadata": [{"id": "59dd226526cb7a0013147aac", "type": "metadata", "attributes": {"dataset": "fc8cf356-f4be-4635-a896-fb468aaaa832", "application": "rw", "resource": {"id": "fc8cf356-f4be-4635-a896-fb468aaaa832", "type": "dataset"}, "language": "en", "name": "Forest and Landscape Restoration Opportunities", "description": "The Atlas of Forest Landscape Restoration Opportunities represents a first-ever global approximation of where degraded forest lands have the potential to be restored\u2014opportunities to reduce poverty, improve food security, mitigate climate change, and protect the environment. The Atlas was produced by World Resources Institute in collaboration with the University of Maryland and the International Union for Conservation of Nature as a contribution to the Global Partnership on Forest Landscape Restoration. The maps in the atlas are presented at a resolution of 1 km. The atlas includes maps on current forest coverage, potential forest coverage, forest condition, restoration opportunities and human pressure. Data on forest condition and current land use were used to derive the map of opportunities for restoration on degraded lands. The land use data sets include population density, urbanized or industrial areas, and cropland distribution. Areas with high population density or those occupied by intensively managed croplands were considered as having no or low forest restoration potential. Areas with scattered cropland areas, pastures, agroforestry, and all types of forest plantations were considered as providing promising opportunities for restoration. Restoration opportunity landscapes are distinguished with regard to the most likely type of restoration as follows: (1) Wide-scale restoration aims to restore closed forests to the landscape. This type of restoration is more likely in deforested or degraded landscapes with low population density (< 10 people/km2) that are also areas where closed forests formerly dominated the landscape. (2) Mosaic restoration integrates trees into mixed-use landscapes, such as agricultural lands and settlements, where trees can support people through improved water quality, increased soil fertility, and other ecosystem services. This type of restoration is more likely in deforested or degraded forest landscapes with moderate population density (10-100 people/km2). (3) Remote restoration is reserved for deforested or degraded forest lands that are completely unpopulated and located far away from human settlements, such as northern Canada and Siberia. The reduced density of forests in these areas is likely due to fire and pests, and their remoteness makes them a more costly and lower-priority restoration opportunity. Resource Watch shows only a subset of the data set. For access to the full data set and additional information, see the Learn More link.", "source": "WRI/IUCN/UMD", "info": {"rwId": "for.013", "data_type": "Raster", "name": "Forest and Landscape Restoration Opportunities", "sources": [{"source-name": "World Resources Institute (WRI)", "id": 0, "source-description": ""}, {"source-name": "International Union for Conservation of Nature (IUCN)", "id": 1, "source-description": ""}, {"source-name": "University of Maryland (UMD)", "id": 2, "source-description": ""}], "technical_title": "Atlas of Forest and Landscape Restoration Opportunities", "functions": "Opportunities for restoration on degraded lands based on forest condition and current land use", "cautions": "The atlas shows landscapes where restoration opportunities are more likely to be found, not the location of individual restoration sites. Many features of the landscape are not visible at the level of spatial resolution of the atlas (1 km), and local context could not be considered. No ground validation was conducted. The atlas shows the location of land with characteristics that indicate restoration opportunities, but it does not prescribe any particular type of restoration intervention. It is intended to inform the policy-making process at the global level and should be complemented by further investigation at regional and national scales, where more detailed information is needed and available.", "citation": "Potapov, Peter, Lars Laestadius, and Susan Minnemeyer. 2011. \"Global map of forest landscape restoration opportunities.\" World Resources Institute: Washington, DC. Online at www.wri.org/forest-restoration-atlas. Accessed through Resource Watch, (date). [www.resourcewatch.org](www.resourcewatch.org).", "license": "Creative Commons Attribution 4.0 International", "license_link": "https://creativecommons.org/licenses/by/4.0/", "geographic_coverage": "Global", "spatial_resolution": "1 km", "date_of_content": "2011", "frequency_of_updates": null, "learn_more_link": "http://www.wri.org/our-work/project/global-restoration-initiative/methodology-about-atlas-forest-landscape-restoration", "data_download_link": null, "data_download_original_link": "http://www.wri.org/our-work/project/global-restoration-initiative/methodology-about-atlas-forest-landscape-restoration"}, "createdAt": "2017-10-10T19:41:25.662Z", "updatedAt": "2020-02-04T19:46:29.162Z", "status": "published"}}], "widget": [{"id": "39545769-108b-4afb-81bb-324e4fda617d", "type": "widget", "attributes": {"name": "2 billion hectares of degraded and deforested land could be restored", "dataset": "fc8cf356-f4be-4635-a896-fb468aaaa832", "slug": "Forest-Landscape-Restoration-Opportunity", "userId": "5980838ae24e6a1dae3dd446", "description": "Areas offering opportunities for different categories of restoration. Globally, about 2 billion hectares of degraded and deforested land could be restored, including wide scale, remote, and mosaic restoration.", "source": "", "authors": "", "application": ["rw"], "verified": false, "default": true, "protected": false, "defaultEditableWidget": true, "published": true, "freeze": false, "env": "production", "queryUrl": "", "widgetConfig": {"type": "map", "layer_id": "972b5a2e-603b-4ce7-8de3-ee3ee2f3241f", "zoom": 3, "lat": 0, "lng": 0, "bbox": [-33.57421875000001, -49.49667452747044, 33.75000000000001, 49.49667452747045], "basemapLayers": {"basemap": "dark", "labels": null, "boundaries": false}, "paramsConfig": {"visualizationType": "map", "limit": 500, "value": null, "category": null, "color": null, "size": null, "orderBy": null, "aggregateFunction": null, "chartType": null, "filters": [], "areaIntersection": null, "band": null, "layer": "972b5a2e-603b-4ce7-8de3-ee3ee2f3241f"}, "config": null}, "template": false, "createdAt": "2018-01-04T19:57:23.874Z", "updatedAt": "2018-01-04T19:57:23.874Z"}}, {"id": "c632fc7c-676d-4def-a064-4c7dcfb34dd6", "type": "widget", "attributes": {"name": "Oportunidades de restaura\u00e7\u00e3o de paisagens no Sudeste brasileiro", "dataset": "fc8cf356-f4be-4635-a896-fb468aaaa832", "slug": "2-billion-hectares-of-degraded-and-deforested-land-could-be-restored", "userId": "5ace12957d50883fa25ee3d2", "application": ["rw"], "verified": false, "default": false, "protected": false, "defaultEditableWidget": false, "published": false, "freeze": false, "env": "production", "widgetConfig": {"type": "map", "layer_id": "972b5a2e-603b-4ce7-8de3-ee3ee2f3241f", "zoom": 7, "lat": -23.467377947936715, "lng": -45.73124997317791, "bbox": [-48.46684567630291, -26.700568996162755, -42.99565427005291, -20.153013029374087], "basemapLayers": {"basemap": "satellite", "labels": "light", "boundaries": false}, "paramsConfig": {"visualizationType": "map", "limit": 500, "value": null, "category": null, "color": null, "size": null, "orderBy": null, "aggregateFunction": null, "chartType": null, "filters": [], "areaIntersection": null, "band": null, "layer": "972b5a2e-603b-4ce7-8de3-ee3ee2f3241f"}, "config": null}, "template": false, "createdAt": "2018-04-11T14:48:49.958Z", "updatedAt": "2018-04-11T14:48:49.958Z"}}, {"id": "de9ee9c7-4df5-4dfc-ba82-a8f41b7d6d80", "type": "widget", "attributes": {"name": "rrrrr", "dataset": "fc8cf356-f4be-4635-a896-fb468aaaa832", "slug": "rrrrr", "userId": "5ad9df51cbf79e106bc6d6a6", "application": ["rw"], "verified": false, "default": false, "protected": false, "defaultEditableWidget": false, "published": false, "freeze": false, "env": "production", "widgetConfig": {"config": null, "paramsConfig": {"layer": "972b5a2e-603b-4ce7-8de3-ee3ee2f3241f", "band": null, "areaIntersection": null, "filters": [], "chartType": null, "aggregateFunction": null, "orderBy": null, "size": null, "color": null, "category": null, "value": null, "limit": 50, "visualizationType": "map"}, "basemapLayers": {"boundaries": false, "labels": null, "basemap": "dark"}, "bbox": [-49.2626953125, -26.441065564038418, -46.527099609375, -23.200960808078566], "lng": -47.8948974609375, "lat": -24.831610355586903, "zoom": 8, "layer_id": "972b5a2e-603b-4ce7-8de3-ee3ee2f3241f", "type": "map"}, "template": false, "createdAt": "2018-06-05T15:00:54.103Z", "updatedAt": "2018-06-05T15:00:54.103Z"}}, {"id": "ef0219a0-b766-4eb5-8713-3183f8786699", "type": "widget", "attributes": {"name": "2 bilh\u00f5es de hectares de \u00e1reas degradadas poderiam ser restauradas", "dataset": "fc8cf356-f4be-4635-a896-fb468aaaa832", "slug": "2-bilhoes-de-hectares-de-areas-degradadas-poderiam-ser-restauradas", "userId": "5ace12957d50883fa25ee3d2", "application": ["rw"], "verified": false, "default": false, "protected": false, "defaultEditableWidget": false, "published": false, "freeze": false, "env": "production", "widgetConfig": {"type": "map", "layer_id": "972b5a2e-603b-4ce7-8de3-ee3ee2f3241f", "zoom": 2, "lat": -7.3119221854372745, "lng": -14.228432178497316, "bbox": [-101.76749467849733, -76.33986634529396, 73.3106303215027, 72.41111218105651], "basemapLayers": {"basemap": "dark", "labels": null, "boundaries": false}, "paramsConfig": {"visualizationType": "map", "limit": 500, "value": null, "category": null, "color": null, "size": null, "orderBy": null, "aggregateFunction": null, "chartType": null, "filters": [], "areaIntersection": null, "band": null, "layer": "972b5a2e-603b-4ce7-8de3-ee3ee2f3241f"}, "config": null}, "template": false, "createdAt": "2018-06-05T15:18:43.882Z", "updatedAt": "2018-06-05T15:18:43.882Z"}}, {"id": "5bd54f52-f8f3-4547-adfa-3334f067dc88", "type": "widget", "attributes": {"name": "2 bilh\u00f5es de hectares de \u00e1reas degradadas poderiam ser restauradas", "dataset": "fc8cf356-f4be-4635-a896-fb468aaaa832", "slug": "2-bilhoes-de-hectares-de-areas-degradadas-poderiam-ser-restauradas_1", "userId": "5ace12957d50883fa25ee3d2", "application": ["rw"], "verified": false, "default": false, "protected": false, "defaultEditableWidget": false, "published": false, "freeze": false, "env": "production", "widgetConfig": {"config": null, "paramsConfig": {"layer": "972b5a2e-603b-4ce7-8de3-ee3ee2f3241f", "band": null, "areaIntersection": null, "filters": [], "chartType": null, "aggregateFunction": null, "orderBy": null, "size": null, "color": null, "category": null, "value": null, "limit": 500, "visualizationType": "map"}, "basemapLayers": {"boundaries": false, "labels": null, "basemap": "dark"}, "lng": 0, "lat": 0, "zoom": 3, "layer_id": "972b5a2e-603b-4ce7-8de3-ee3ee2f3241f", "type": "map"}, "template": false, "createdAt": "2018-06-05T15:18:48.384Z", "updatedAt": "2018-06-05T15:18:48.384Z"}}, {"id": "240c1876-6b72-488c-b0e3-58de53a69cde", "type": "widget", "attributes": {"name": "2 billion hectares of degraded areas could be restored", "dataset": "fc8cf356-f4be-4635-a896-fb468aaaa832", "slug": "2-billion-hectares-of-degraded-areas-could-be-restored", "userId": "5b4e17b103d4e76dbb3c673c", "description": "", "source": "", "authors": "", "application": ["rw"], "verified": false, "default": false, "protected": false, "defaultEditableWidget": false, "published": false, "freeze": false, "env": "production", "queryUrl": "", "widgetConfig": {"config": null, "paramsConfig": {"layer": "972b5a2e-603b-4ce7-8de3-ee3ee2f3241f", "band": null, "areaIntersection": null, "filters": [], "chartType": null, "aggregateFunction": null, "orderBy": null, "size": null, "color": null, "category": null, "value": null, "limit": 50, "visualizationType": "map"}, "basemapLayers": {"boundaries": false, "labels": null, "basemap": "dark"}, "bbox": [-137.18078613281253, -71.63815605684331, 108.20983886718751, 76.91905954275964], "lng": -14.485473632812502, "lat": 9.788911166644954, "zoom": 2, "layer_id": "972b5a2e-603b-4ce7-8de3-ee3ee2f3241f", "type": "map"}, "template": false, "createdAt": "2019-01-30T02:09:12.827Z", "updatedAt": "2019-01-30T02:09:12.827Z"}}, {"id": "a15fe467-404c-4813-a909-49aa07573b0c", "type": "widget", "attributes": {"name": "Galicias", "dataset": "fc8cf356-f4be-4635-a896-fb468aaaa832", "slug": "Galicias", "userId": "5cac5faf48a24400174a8aa7", "application": ["rw"], "verified": false, "default": false, "protected": false, "defaultEditableWidget": false, "published": false, "freeze": false, "env": "production", "widgetConfig": {"config": null, "paramsConfig": {"layer": "972b5a2e-603b-4ce7-8de3-ee3ee2f3241f", "band": null, "areaIntersection": null, "filters": [], "chartType": null, "aggregateFunction": null, "orderBy": null, "size": null, "color": null, "category": null, "value": null, "limit": 50, "visualizationType": "map"}, "basemapLayers": {"boundaries": false, "labels": null, "basemap": "dark"}, "bbox": [-43.76953125, -49.49667452747044, 43.76953125, 49.49667452747045], "lng": 0, "lat": 0, "zoom": 3, "layer_id": "972b5a2e-603b-4ce7-8de3-ee3ee2f3241f", "type": "map"}, "template": false, "createdAt": "2019-04-09T09:05:35.377Z", "updatedAt": "2019-04-09T09:05:35.377Z"}}, {"id": "6ccdc0e0-fd42-4834-bf2f-210f25422b82", "type": "widget", "attributes": {"name": "Arboles Replantados en los ultimos 10 a\u00f1os", "dataset": "fc8cf356-f4be-4635-a896-fb468aaaa832", "slug": "Arboles-Replantados-en-los-ultimos-10-anos", "userId": "5cac5faf48a24400174a8aa7", "application": ["rw"], "verified": false, "default": false, "protected": false, "defaultEditableWidget": false, "published": false, "thumbnailUrl": "http://wri-api-backups.s3.amazonaws.com/resourcewatch/prod/thumbnails/6ccdc0e0-fd42-4834-bf2f-210f25422b82-1554800883291.png", "freeze": false, "env": "production", "widgetConfig": {"config": null, "paramsConfig": {"layer": "972b5a2e-603b-4ce7-8de3-ee3ee2f3241f", "band": null, "areaIntersection": null, "filters": [], "chartType": null, "aggregateFunction": null, "orderBy": null, "size": null, "color": null, "category": null, "value": null, "limit": 500, "visualizationType": "map"}, "basemapLayers": {"boundaries": false, "labels": null, "basemap": "dark"}, "bbox": [-9.398803710937502, 42.28746890196628, -6.715393066406251, 43.59431676355149], "lng": -8.057098388671877, "lat": 42.94436044696629, "zoom": 9, "layer_id": "972b5a2e-603b-4ce7-8de3-ee3ee2f3241f", "type": "map"}, "template": false, "createdAt": "2019-04-09T09:08:03.123Z", "updatedAt": "2019-04-09T09:08:03.123Z"}}, {"id": "ac070833-ba36-47b9-91b3-781ab3201367", "type": "widget", "attributes": {"name": "Arboles Replantados en los ultimos 10 a\u00f1os", "dataset": "fc8cf356-f4be-4635-a896-fb468aaaa832", "slug": "Arboles-Replantados-en-los-ultimos-10-anos_1", "userId": "5cac5faf48a24400174a8aa7", "application": ["rw"], "verified": false, "default": false, "protected": false, "defaultEditableWidget": false, "published": false, "freeze": false, "env": "production", "widgetConfig": {"config": null, "paramsConfig": {"layer": "972b5a2e-603b-4ce7-8de3-ee3ee2f3241f", "band": null, "areaIntersection": null, "filters": [], "chartType": null, "aggregateFunction": null, "orderBy": null, "size": null, "color": null, "category": null, "value": null, "limit": 500, "visualizationType": "map"}, "basemapLayers": {"boundaries": false, "labels": null, "basemap": "dark"}, "bbox": [-9.398803710937502, 42.28746890196628, -6.715393066406251, 43.59431676355149], "lng": -8.057098388671877, "lat": 42.94436044696629, "zoom": 9, "layer_id": "972b5a2e-603b-4ce7-8de3-ee3ee2f3241f", "type": "map"}, "template": false, "createdAt": "2019-04-09T09:08:07.611Z", "updatedAt": "2019-04-09T09:08:07.611Z"}}, {"id": "1db4a7cf-b3d0-4c29-b028-aa707bf951cf", "type": "widget", "attributes": {"name": "Arboles Replantados en los ultimos 10 a\u00f1os", "dataset": "fc8cf356-f4be-4635-a896-fb468aaaa832", "slug": "Arboles-Replantados-en-los-ultimos-10-anos_2", "userId": "5cac5faf48a24400174a8aa7", "application": ["rw"], "verified": false, "default": false, "protected": false, "defaultEditableWidget": false, "published": false, "freeze": false, "env": "production", "widgetConfig": {"config": null, "paramsConfig": {"layer": "972b5a2e-603b-4ce7-8de3-ee3ee2f3241f", "band": null, "areaIntersection": null, "filters": [], "chartType": null, "aggregateFunction": null, "orderBy": null, "size": null, "color": null, "category": null, "value": null, "limit": 500, "visualizationType": "map"}, "basemapLayers": {"boundaries": false, "labels": null, "basemap": "dark"}, "bbox": [-9.398803710937502, 42.28746890196628, -6.715393066406251, 43.59431676355149], "lng": -8.057098388671877, "lat": 42.94436044696629, "zoom": 9, "layer_id": "972b5a2e-603b-4ce7-8de3-ee3ee2f3241f", "type": "map"}, "template": false, "createdAt": "2019-04-09T09:08:13.008Z", "updatedAt": "2019-04-09T09:08:13.008Z"}}, {"id": "00f03906-e32f-4495-8868-74e1c7c8bfc1", "type": "widget", "attributes": {"name": "Arboles Replantados en los ultimos 10 a\u00f1os", "dataset": "fc8cf356-f4be-4635-a896-fb468aaaa832", "slug": "Arboles-Replantados-en-los-ultimos-10-anos_3", "userId": "5cac5faf48a24400174a8aa7", "description": "Respetemos el Medio Ambiente", "application": ["rw"], "verified": false, "default": false, "protected": false, "defaultEditableWidget": false, "published": false, "freeze": false, "env": "production", "widgetConfig": {"config": null, "paramsConfig": {"layer": "972b5a2e-603b-4ce7-8de3-ee3ee2f3241f", "band": null, "areaIntersection": null, "filters": [], "chartType": null, "aggregateFunction": null, "orderBy": null, "size": null, "color": null, "category": null, "value": null, "limit": 500, "visualizationType": "map"}, "basemapLayers": {"boundaries": false, "labels": null, "basemap": "dark"}, "bbox": [-9.398803710937502, 42.28746890196628, -6.715393066406251, 43.59431676355149], "lng": -8.057098388671877, "lat": 42.94436044696629, "zoom": 9, "layer_id": "972b5a2e-603b-4ce7-8de3-ee3ee2f3241f", "type": "map"}, "template": false, "createdAt": "2019-04-09T09:08:31.992Z", "updatedAt": "2019-04-09T09:08:31.992Z"}}, {"id": "c7d84208-6c60-44f3-9d30-1b9ad8d89d4f", "type": "widget", "attributes": {"name": "Forest Landscape Restoration Opportunity", "dataset": "fc8cf356-f4be-4635-a896-fb468aaaa832", "slug": "Forest-Landscape-Restoration-Opportunity_1", "userId": "5ced85f262b68e0010b2f2c3", "application": ["rw"], "verified": false, "default": false, "protected": false, "defaultEditableWidget": false, "published": false, "thumbnailUrl": "http://wri-api-backups.s3.amazonaws.com/resourcewatch/prod/thumbnails/c7d84208-6c60-44f3-9d30-1b9ad8d89d4f-1559070239868.png", "freeze": false, "env": "production", "widgetConfig": {"config": {"line": {"fillOpacity": 0, "stroke": "#3BB2D0", "interpolate": "linear"}, "rect": {"fill": "#3BB2D0"}, "symbol": {"stroke": "#fff", "fill": "#3BB2D0"}, "mark": {"fill": "#3BB2D0"}, "axisY": {"gridOpacity": 0.5, "gridColor": "#A9ABAD", "ticks": false, "grid": true, "tickOpacity": 0.5, "labelBaseline": "bottom", "labelAlign": "left", "domain": false}, "axisX": {"labelBaseline": "top", "labelAlign": "center", "domainColor": "#A9ABAD", "domainWidth": 1.2, "bandPosition": 0.5}, "axis": {"tickExtra": false, "tickOpacity": 0.5, "tickColor": "#A9ABAD", "tickSize": 8, "ticks": true, "labelPadding": 10, "labelColor": "#717171", "labelFont": "Lato", "labelFontSize": 13}, "range": {"ramp": {"scheme": "purples"}, "ordinal": {"scheme": "greens"}, "category20": ["#3BB2D0", "#2C75B0", "#FAB72E", "#EF4848", "#65B60D", "#C32D7B", "#F577B9", "#5FD2B8", "#F1800F", "#9F1C00", "#A5E9E3", "#B9D765", "#393F44", "#CACCD0", "#717171"], "dotSize": [20, 250]}}, "paramsConfig": {"layer": "972b5a2e-603b-4ce7-8de3-ee3ee2f3241f", "band": null, "areaIntersection": null, "filters": [], "chartType": null, "aggregateFunction": null, "orderBy": null, "size": null, "color": null, "category": null, "value": null, "limit": 500, "visualizationType": "map"}, "basemapLayers": {"boundaries": false, "labels": null, "basemap": "dark"}, "bbox": [-169.1015625, -64.01449619484472, 196.87500000000003, 80.81689088640861], "lng": 13.886718750000002, "lat": 28.92163128242129, "zoom": 2, "layer_id": "972b5a2e-603b-4ce7-8de3-ee3ee2f3241f", "type": "map"}, "template": false, "createdAt": "2019-05-28T19:03:59.822Z", "updatedAt": "2019-05-28T19:03:59.822Z"}}, {"id": "edb6bc26-5995-4f27-8fb8-cb5720844825", "type": "widget", "attributes": {"name": "Mapa - Recupera\u00e7\u00e3o de \u00e1reas degradas no Brasil", "dataset": "fc8cf356-f4be-4635-a896-fb468aaaa832", "slug": "Mapa-Recuperacao-de-areas-degradas-no-Brasil", "userId": "5d0148ce941c4d00132672c4", "description": "Mapa da Am\u00e9rica com \u00e1reas degradas com potencial para restaura\u00e7\u00e3o", "application": ["rw"], "verified": false, "default": false, "protected": false, "defaultEditableWidget": false, "published": false, "thumbnailUrl": "http://wri-api-backups.s3.amazonaws.com/resourcewatch/prod/thumbnails/edb6bc26-5995-4f27-8fb8-cb5720844825-1560365424336.png", "freeze": false, "env": "production", "widgetConfig": {"config": {"line": {"fillOpacity": 0, "stroke": "#3BB2D0", "interpolate": "linear"}, "rect": {"fill": "#3BB2D0"}, "symbol": {"stroke": "#fff", "fill": "#3BB2D0"}, "mark": {"fill": "#3BB2D0"}, "axisY": {"gridOpacity": 0.5, "gridColor": "#A9ABAD", "ticks": false, "grid": true, "tickOpacity": 0.5, "labelBaseline": "bottom", "labelAlign": "left", "domain": false}, "axisX": {"labelBaseline": "top", "labelAlign": "center", "domainColor": "#A9ABAD", "domainWidth": 1.2, "bandPosition": 0.5}, "axis": {"tickExtra": false, "tickOpacity": 0.5, "tickColor": "#A9ABAD", "tickSize": 8, "ticks": true, "labelPadding": 10, "labelColor": "#717171", "labelFont": "Lato", "labelFontSize": 13}, "range": {"ramp": {"scheme": "purples"}, "ordinal": {"scheme": "greens"}, "category20": ["#3BB2D0", "#2C75B0", "#FAB72E", "#EF4848", "#65B60D", "#C32D7B", "#F577B9", "#5FD2B8", "#F1800F", "#9F1C00", "#A5E9E3", "#B9D765", "#393F44", "#CACCD0", "#717171"], "dotSize": [20, 250]}}, "paramsConfig": {"layer": "972b5a2e-603b-4ce7-8de3-ee3ee2f3241f", "band": null, "areaIntersection": null, "filters": [], "chartType": null, "aggregateFunction": null, "orderBy": null, "size": null, "color": null, "category": null, "value": null, "limit": 500, "visualizationType": "map"}, "basemapLayers": {"boundaries": false, "labels": null, "basemap": "dark"}, "bbox": [-115.48828125000001, -58.44773280389084, 26.367187500000004, 38.548165423046584], "lng": -44.56054687500001, "lat": -15.114552871944102, "zoom": 3, "layer_id": "972b5a2e-603b-4ce7-8de3-ee3ee2f3241f", "type": "map"}, "template": false, "createdAt": "2019-06-12T18:50:24.268Z", "updatedAt": "2019-06-12T18:50:24.268Z"}}, {"id": "621a310c-26ab-45d3-9c81-17463adeeef5", "type": "widget", "attributes": {"name": "Mapa - Recupera\u00e7\u00e3o de \u00e1reas degradas no Brasil", "dataset": "fc8cf356-f4be-4635-a896-fb468aaaa832", "slug": "Mapa-Recuperacao-de-areas-degradas-no-Brasil_1", "userId": "5d0148ce941c4d00132672c4", "description": "Mapa da Am\u00e9rica com \u00e1reas degradas com potencial para restaura\u00e7\u00e3o", "application": ["rw"], "verified": false, "default": false, "protected": false, "defaultEditableWidget": false, "published": false, "thumbnailUrl": "http://wri-api-backups.s3.amazonaws.com/resourcewatch/prod/thumbnails/621a310c-26ab-45d3-9c81-17463adeeef5-1560365438859.png", "freeze": false, "env": "production", "widgetConfig": {"config": {"line": {"fillOpacity": 0, "stroke": "#3BB2D0", "interpolate": "linear"}, "rect": {"fill": "#3BB2D0"}, "symbol": {"stroke": "#fff", "fill": "#3BB2D0"}, "mark": {"fill": "#3BB2D0"}, "axisY": {"gridOpacity": 0.5, "gridColor": "#A9ABAD", "ticks": false, "grid": true, "tickOpacity": 0.5, "labelBaseline": "bottom", "labelAlign": "left", "domain": false}, "axisX": {"labelBaseline": "top", "labelAlign": "center", "domainColor": "#A9ABAD", "domainWidth": 1.2, "bandPosition": 0.5}, "axis": {"tickExtra": false, "tickOpacity": 0.5, "tickColor": "#A9ABAD", "tickSize": 8, "ticks": true, "labelPadding": 10, "labelColor": "#717171", "labelFont": "Lato", "labelFontSize": 13}, "range": {"ramp": {"scheme": "purples"}, "ordinal": {"scheme": "greens"}, "category20": ["#3BB2D0", "#2C75B0", "#FAB72E", "#EF4848", "#65B60D", "#C32D7B", "#F577B9", "#5FD2B8", "#F1800F", "#9F1C00", "#A5E9E3", "#B9D765", "#393F44", "#CACCD0", "#717171"], "dotSize": [20, 250]}}, "paramsConfig": {"layer": "972b5a2e-603b-4ce7-8de3-ee3ee2f3241f", "band": null, "areaIntersection": null, "filters": [], "chartType": null, "aggregateFunction": null, "orderBy": null, "size": null, "color": null, "category": null, "value": null, "limit": 500, "visualizationType": "map"}, "basemapLayers": {"boundaries": false, "labels": null, "basemap": "dark"}, "bbox": [-115.48828125000001, -58.44773280389084, 26.367187500000004, 38.548165423046584], "lng": -44.56054687500001, "lat": -15.114552871944102, "zoom": 3, "layer_id": "972b5a2e-603b-4ce7-8de3-ee3ee2f3241f", "type": "map"}, "template": false, "createdAt": "2019-06-12T18:50:38.772Z", "updatedAt": "2019-06-12T18:50:38.772Z"}}, {"id": "959cc4d6-1a29-4f66-9ded-70646d4a672d", "type": "widget", "attributes": {"name": "2 billion hectares of degraded and deforested land could be restored - 1566261133156", "dataset": "fc8cf356-f4be-4635-a896-fb468aaaa832", "slug": "2-billion-hectares-of-degraded-and-deforested-land-could-be-restored-1566261133156", "userId": "5c12c957eb3361930a97cc9d", "description": "Areas offering opportunities for different categories of restoration. Globally, about 2 billion hectares of degraded and deforested land could be restored, including wide scale, remote, and mosaic restoration.", "source": "", "authors": "", "application": ["rw"], "verified": false, "default": true, "protected": false, "defaultEditableWidget": true, "published": true, "thumbnailUrl": "http://wri-api-backups.s3.amazonaws.com/resourcewatch/prod/thumbnails/959cc4d6-1a29-4f66-9ded-70646d4a672d-1566261133223.png", "freeze": false, "env": "production", "queryUrl": "", "widgetConfig": {"config": null, "paramsConfig": {"layer": "972b5a2e-603b-4ce7-8de3-ee3ee2f3241f", "band": null, "areaIntersection": null, "filters": [], "chartType": null, "aggregateFunction": null, "orderBy": null, "size": null, "color": null, "category": null, "value": null, "limit": 500, "visualizationType": "map"}, "basemapLayers": {"boundaries": false, "labels": null, "basemap": "dark"}, "bbox": [-33.57421875000001, -49.49667452747044, 33.75000000000001, 49.49667452747045], "lng": 0, "lat": 0, "zoom": 3, "layer_id": "972b5a2e-603b-4ce7-8de3-ee3ee2f3241f", "type": "map"}, "template": false, "createdAt": "2019-08-20T00:32:13.158Z", "updatedAt": "2019-08-20T00:32:13.158Z"}}, {"id": "d6081fc0-4d7a-4b42-a691-e7c54514388a", "type": "widget", "attributes": {"name": "Forest Landscape Restoration Opportunity", "dataset": "fc8cf356-f4be-4635-a896-fb468aaaa832", "slug": "Forest-Landscape-Restoration-Opportunity_2", "userId": "5d60810de975780010a2bacf", "application": ["rw"], "verified": false, "default": false, "protected": false, "defaultEditableWidget": false, "published": false, "freeze": false, "env": "production", "widgetConfig": {"config": {"line": {"fillOpacity": 0, "stroke": "#3BB2D0", "interpolate": "linear"}, "rect": {"fill": "#3BB2D0"}, "symbol": {"stroke": "#fff", "fill": "#3BB2D0"}, "mark": {"fill": "#3BB2D0"}, "axisY": {"gridOpacity": 0.5, "gridColor": "#A9ABAD", "ticks": false, "grid": true, "tickOpacity": 0.5, "labelBaseline": "bottom", "labelAlign": "left", "domain": false}, "axisX": {"labelBaseline": "top", "labelAlign": "center", "domainColor": "#A9ABAD", "domainWidth": 1.2, "bandPosition": 0.5}, "axis": {"tickExtra": false, "tickOpacity": 0.5, "tickColor": "#A9ABAD", "tickSize": 8, "ticks": true, "labelPadding": 10, "labelColor": "#717171", "labelFont": "Lato", "labelFontSize": 13}, "range": {"ramp": {"scheme": "purples"}, "ordinal": {"scheme": "greens"}, "category20": ["#3BB2D0", "#2C75B0", "#FAB72E", "#EF4848", "#65B60D", "#C32D7B", "#F577B9", "#5FD2B8", "#F1800F", "#9F1C00", "#A5E9E3", "#B9D765", "#393F44", "#CACCD0", "#717171"], "dotSize": [20, 250]}}, "paramsConfig": {"layer": "972b5a2e-603b-4ce7-8de3-ee3ee2f3241f", "band": null, "areaIntersection": null, "filters": [], "chartType": null, "aggregateFunction": null, "orderBy": null, "size": null, "color": null, "category": null, "value": null, "limit": 500, "visualizationType": "map"}, "basemapLayers": {"boundaries": false, "labels": null, "basemap": "dark"}, "lng": 0, "lat": 0, "zoom": 3, "layer_id": "972b5a2e-603b-4ce7-8de3-ee3ee2f3241f", "type": "map"}, "template": false, "createdAt": "2019-08-24T00:14:52.151Z", "updatedAt": "2019-08-24T00:14:52.151Z"}}, {"id": "f9074a2a-94cf-47aa-ad26-5bf7c92740f6", "type": "widget", "attributes": {"name": "Forest Landscape Restoration Opportunity", "dataset": "fc8cf356-f4be-4635-a896-fb468aaaa832", "slug": "Forest-Landscape-Restoration-Opportunity_3", "userId": "5d60810de975780010a2bacf", "application": ["rw"], "verified": false, "default": false, "protected": false, "defaultEditableWidget": false, "published": false, "thumbnailUrl": "http://wri-api-backups.s3.amazonaws.com/resourcewatch/prod/thumbnails/f9074a2a-94cf-47aa-ad26-5bf7c92740f6-1566605694777.png", "freeze": false, "env": "production", "widgetConfig": {"config": {"line": {"fillOpacity": 0, "stroke": "#3BB2D0", "interpolate": "linear"}, "rect": {"fill": "#3BB2D0"}, "symbol": {"stroke": "#fff", "fill": "#3BB2D0"}, "mark": {"fill": "#3BB2D0"}, "axisY": {"gridOpacity": 0.5, "gridColor": "#A9ABAD", "ticks": false, "grid": true, "tickOpacity": 0.5, "labelBaseline": "bottom", "labelAlign": "left", "domain": false}, "axisX": {"labelBaseline": "top", "labelAlign": "center", "domainColor": "#A9ABAD", "domainWidth": 1.2, "bandPosition": 0.5}, "axis": {"tickExtra": false, "tickOpacity": 0.5, "tickColor": "#A9ABAD", "tickSize": 8, "ticks": true, "labelPadding": 10, "labelColor": "#717171", "labelFont": "Lato", "labelFontSize": 13}, "range": {"ramp": {"scheme": "purples"}, "ordinal": {"scheme": "greens"}, "category20": ["#3BB2D0", "#2C75B0", "#FAB72E", "#EF4848", "#65B60D", "#C32D7B", "#F577B9", "#5FD2B8", "#F1800F", "#9F1C00", "#A5E9E3", "#B9D765", "#393F44", "#CACCD0", "#717171"], "dotSize": [20, 250]}}, "paramsConfig": {"layer": "972b5a2e-603b-4ce7-8de3-ee3ee2f3241f", "band": null, "areaIntersection": null, "filters": [], "chartType": null, "aggregateFunction": null, "orderBy": null, "size": null, "color": null, "category": null, "value": null, "limit": 500, "visualizationType": "map"}, "basemapLayers": {"boundaries": false, "labels": null, "basemap": "dark"}, "lng": 0, "lat": 0, "zoom": 3, "layer_id": "972b5a2e-603b-4ce7-8de3-ee3ee2f3241f", "type": "map"}, "template": false, "createdAt": "2019-08-24T00:14:54.711Z", "updatedAt": "2019-08-24T00:14:54.711Z"}}, {"id": "4a061e72-8a59-44c1-a1e1-4fc5359e72a4", "type": "widget", "attributes": {"name": "Forest Landscape Restoration Opportunity", "dataset": "fc8cf356-f4be-4635-a896-fb468aaaa832", "slug": "Forest-Landscape-Restoration-Opportunity_4", "userId": "5d60810de975780010a2bacf", "application": ["rw"], "verified": false, "default": false, "protected": false, "defaultEditableWidget": false, "published": false, "thumbnailUrl": "http://wri-api-backups.s3.amazonaws.com/resourcewatch/prod/thumbnails/4a061e72-8a59-44c1-a1e1-4fc5359e72a4-1566605979119.png", "freeze": false, "env": "production", "widgetConfig": {"config": {"line": {"fillOpacity": 0, "stroke": "#3BB2D0", "interpolate": "linear"}, "rect": {"fill": "#3BB2D0"}, "symbol": {"stroke": "#fff", "fill": "#3BB2D0"}, "mark": {"fill": "#3BB2D0"}, "axisY": {"gridOpacity": 0.5, "gridColor": "#A9ABAD", "ticks": false, "grid": true, "tickOpacity": 0.5, "labelBaseline": "bottom", "labelAlign": "left", "domain": false}, "axisX": {"labelBaseline": "top", "labelAlign": "center", "domainColor": "#A9ABAD", "domainWidth": 1.2, "bandPosition": 0.5}, "axis": {"tickExtra": false, "tickOpacity": 0.5, "tickColor": "#A9ABAD", "tickSize": 8, "ticks": true, "labelPadding": 10, "labelColor": "#717171", "labelFont": "Lato", "labelFontSize": 13}, "range": {"ramp": {"scheme": "purples"}, "ordinal": {"scheme": "greens"}, "category20": ["#3BB2D0", "#2C75B0", "#FAB72E", "#EF4848", "#65B60D", "#C32D7B", "#F577B9", "#5FD2B8", "#F1800F", "#9F1C00", "#A5E9E3", "#B9D765", "#393F44", "#CACCD0", "#717171"], "dotSize": [20, 250]}}, "paramsConfig": {"layer": "972b5a2e-603b-4ce7-8de3-ee3ee2f3241f", "band": null, "areaIntersection": null, "filters": [], "chartType": null, "aggregateFunction": null, "orderBy": null, "size": null, "color": null, "category": null, "value": null, "limit": 500, "visualizationType": "map"}, "basemapLayers": {"boundaries": true, "labels": "dark", "basemap": "terrain"}, "bbox": [-60.99609375000001, -28.420391085674304, -25.532226562500004, -1.098565496040652], "lng": -43.26416015625001, "lat": -15.199386048560008, "zoom": 5, "layer_id": "972b5a2e-603b-4ce7-8de3-ee3ee2f3241f", "type": "map"}, "template": false, "createdAt": "2019-08-24T00:19:38.958Z", "updatedAt": "2019-08-24T00:19:38.958Z"}}, {"id": "9d912267-8b2a-4e45-9027-3f70c5fece7b", "type": "widget", "attributes": {"name": "2 billion hectares of degraded and deforested land could be restored - 1568297973536", "dataset": "fc8cf356-f4be-4635-a896-fb468aaaa832", "slug": "2-billion-hectares-of-degraded-and-deforested-land-could-be-restored-1568297973536", "userId": "5d7a2121757879001109472c", "description": "Areas offering opportunities for different categories of restoration. Globally, about 2 billion hectares of degraded and deforested land could be restored, including wide scale, remote, and mosaic restoration.", "source": "", "authors": "", "application": ["rw"], "verified": false, "default": true, "protected": false, "defaultEditableWidget": true, "published": true, "freeze": false, "env": "production", "queryUrl": "", "widgetConfig": {"config": null, "paramsConfig": {"layer": "972b5a2e-603b-4ce7-8de3-ee3ee2f3241f", "band": null, "areaIntersection": null, "filters": [], "chartType": null, "aggregateFunction": null, "orderBy": null, "size": null, "color": null, "category": null, "value": null, "limit": 500, "visualizationType": "map"}, "basemapLayers": {"boundaries": false, "labels": null, "basemap": "dark"}, "bbox": [-33.57421875000001, -49.49667452747044, 33.75000000000001, 49.49667452747045], "lng": 0, "lat": 0, "zoom": 3, "layer_id": "972b5a2e-603b-4ce7-8de3-ee3ee2f3241f", "type": "map"}, "template": false, "createdAt": "2019-09-12T14:19:33.539Z", "updatedAt": "2019-09-12T14:19:33.539Z"}}, {"id": "f5d1cd39-df99-4039-b5df-d809fece3bfd", "type": "widget", "attributes": {"name": "Forest Landscape Restoration Opportunity", "dataset": "fc8cf356-f4be-4635-a896-fb468aaaa832", "slug": "Forest-Landscape-Restoration-Opportunity_5", "userId": "5dd2af7635d996001087c5a3", "description": "Areas degradadas", "application": ["rw"], "verified": false, "default": false, "protected": false, "defaultEditableWidget": false, "published": false, "freeze": false, "env": "production", "widgetConfig": {"type": "map", "layer_id": "972b5a2e-603b-4ce7-8de3-ee3ee2f3241f", "zoom": 2, "lat": 27.371767300523047, "lng": 12.832031250000002, "bbox": [-129.02343750000003, -64.77412531292872, 154.68750000000003, 80.53207112232734], "basemapLayers": {"basemap": "dark", "labels": null, "boundaries": false}, "paramsConfig": {"visualizationType": "map", "limit": 500, "value": null, "category": null, "color": null, "size": null, "orderBy": null, "aggregateFunction": null, "chartType": null, "filters": [], "areaIntersection": null, "band": null, "layer": "972b5a2e-603b-4ce7-8de3-ee3ee2f3241f"}, "config": {"range": {"dotSize": [20, 250], "category20": ["#3BB2D0", "#2C75B0", "#FAB72E", "#EF4848", "#65B60D", "#C32D7B", "#F577B9", "#5FD2B8", "#F1800F", "#9F1C00", "#A5E9E3", "#B9D765", "#393F44", "#CACCD0", "#717171"], "ordinal": {"scheme": "greens"}, "ramp": {"scheme": "purples"}}, "axis": {"labelFontSize": 13, "labelFont": "Lato", "labelColor": "#717171", "labelPadding": 10, "ticks": true, "tickSize": 8, "tickColor": "#A9ABAD", "tickOpacity": 0.5, "tickExtra": false}, "axisX": {"bandPosition": 0.5, "domainWidth": 1.2, "domainColor": "#A9ABAD", "labelAlign": "center", "labelBaseline": "top"}, "axisY": {"domain": false, "labelAlign": "left", "labelBaseline": "bottom", "tickOpacity": 0.5, "grid": true, "ticks": false, "gridColor": "#A9ABAD", "gridOpacity": 0.5}, "mark": {"fill": "#3BB2D0"}, "symbol": {"fill": "#3BB2D0", "stroke": "#fff"}, "rect": {"fill": "#3BB2D0"}, "line": {"interpolate": "linear", "stroke": "#3BB2D0", "fillOpacity": 0}}}, "template": false, "createdAt": "2019-11-18T14:50:00.109Z", "updatedAt": "2019-11-18T14:50:00.109Z"}}, {"id": "c2894fde-5024-4652-b5f1-86ebbd98c2c1", "type": "widget", "attributes": {"name": "Forest Landscape Restoration Opportunity", "dataset": "fc8cf356-f4be-4635-a896-fb468aaaa832", "slug": "Forest-Landscape-Restoration-Opportunity_6", "userId": "5dd2af7635d996001087c5a3", "description": "Areas degradadas", "application": ["rw"], "verified": false, "default": false, "protected": false, "defaultEditableWidget": false, "published": false, "freeze": false, "env": "production", "widgetConfig": {"type": "map", "layer_id": "972b5a2e-603b-4ce7-8de3-ee3ee2f3241f", "zoom": 2, "lat": 27.371767300523047, "lng": 12.832031250000002, "bbox": [-129.02343750000003, -64.77412531292872, 154.68750000000003, 80.53207112232734], "basemapLayers": {"basemap": "dark", "labels": null, "boundaries": false}, "paramsConfig": {"visualizationType": "map", "limit": 500, "value": null, "category": null, "color": null, "size": null, "orderBy": null, "aggregateFunction": null, "chartType": null, "filters": [], "areaIntersection": null, "band": null, "layer": "972b5a2e-603b-4ce7-8de3-ee3ee2f3241f"}, "config": {"range": {"dotSize": [20, 250], "category20": ["#3BB2D0", "#2C75B0", "#FAB72E", "#EF4848", "#65B60D", "#C32D7B", "#F577B9", "#5FD2B8", "#F1800F", "#9F1C00", "#A5E9E3", "#B9D765", "#393F44", "#CACCD0", "#717171"], "ordinal": {"scheme": "greens"}, "ramp": {"scheme": "purples"}}, "axis": {"labelFontSize": 13, "labelFont": "Lato", "labelColor": "#717171", "labelPadding": 10, "ticks": true, "tickSize": 8, "tickColor": "#A9ABAD", "tickOpacity": 0.5, "tickExtra": false}, "axisX": {"bandPosition": 0.5, "domainWidth": 1.2, "domainColor": "#A9ABAD", "labelAlign": "center", "labelBaseline": "top"}, "axisY": {"domain": false, "labelAlign": "left", "labelBaseline": "bottom", "tickOpacity": 0.5, "grid": true, "ticks": false, "gridColor": "#A9ABAD", "gridOpacity": 0.5}, "mark": {"fill": "#3BB2D0"}, "symbol": {"fill": "#3BB2D0", "stroke": "#fff"}, "rect": {"fill": "#3BB2D0"}, "line": {"interpolate": "linear", "stroke": "#3BB2D0", "fillOpacity": 0}}}, "template": false, "createdAt": "2019-11-18T14:50:26.051Z", "updatedAt": "2019-11-18T14:50:26.051Z"}}, {"id": "ea05f921-7a85-4922-bbd6-3b190f3d4217", "type": "widget", "attributes": {"name": "Forest Landscape Restoration Opportunity", "dataset": "fc8cf356-f4be-4635-a896-fb468aaaa832", "slug": "Forest-Landscape-Restoration-Opportunity_7", "userId": "5dd2af7635d996001087c5a3", "application": ["rw"], "verified": false, "default": false, "protected": false, "defaultEditableWidget": false, "published": false, "freeze": false, "env": "production", "widgetConfig": {"type": "map", "layer_id": "972b5a2e-603b-4ce7-8de3-ee3ee2f3241f", "zoom": 2, "lat": 32.54681317351517, "lng": 13.886718750000002, "bbox": [-127.96875000000001, -62.10388252289787, 155.7421875, 81.46626086056541], "basemapLayers": {"basemap": "satellite", "labels": null, "boundaries": false}, "paramsConfig": {"visualizationType": "map", "limit": 500, "value": null, "category": null, "color": null, "size": null, "orderBy": null, "aggregateFunction": null, "chartType": null, "filters": [], "areaIntersection": null, "band": null, "layer": "972b5a2e-603b-4ce7-8de3-ee3ee2f3241f"}, "config": {"range": {"dotSize": [20, 250], "category20": ["#3BB2D0", "#2C75B0", "#FAB72E", "#EF4848", "#65B60D", "#C32D7B", "#F577B9", "#5FD2B8", "#F1800F", "#9F1C00", "#A5E9E3", "#B9D765", "#393F44", "#CACCD0", "#717171"], "ordinal": {"scheme": "greens"}, "ramp": {"scheme": "purples"}}, "axis": {"labelFontSize": 13, "labelFont": "Lato", "labelColor": "#717171", "labelPadding": 10, "ticks": true, "tickSize": 8, "tickColor": "#A9ABAD", "tickOpacity": 0.5, "tickExtra": false}, "axisX": {"bandPosition": 0.5, "domainWidth": 1.2, "domainColor": "#A9ABAD", "labelAlign": "center", "labelBaseline": "top"}, "axisY": {"domain": false, "labelAlign": "left", "labelBaseline": "bottom", "tickOpacity": 0.5, "grid": true, "ticks": false, "gridColor": "#A9ABAD", "gridOpacity": 0.5}, "mark": {"fill": "#3BB2D0"}, "symbol": {"fill": "#3BB2D0", "stroke": "#fff"}, "rect": {"fill": "#3BB2D0"}, "line": {"interpolate": "linear", "stroke": "#3BB2D0", "fillOpacity": 0}}}, "template": false, "createdAt": "2019-11-18T14:51:49.904Z", "updatedAt": "2019-11-18T14:51:49.904Z"}}, {"id": "40a16864-341e-4dbe-b065-d9b852c08211", "type": "widget", "attributes": {"name": "2 billion hectares of degraded and deforested land could be restored - 1580387784751", "dataset": "fc8cf356-f4be-4635-a896-fb468aaaa832", "slug": "2-billion-hectares-of-degraded-and-deforested-land-could-be-restored-1580387784751", "userId": "594a8b5b3b0f7f271d303321", "description": "Areas offering opportunities for different categories of restoration. Globally, about 2 billion hectares of degraded and deforested land could be restored, including wide scale, remote, and mosaic restoration.", "source": "", "authors": "", "application": ["rw"], "verified": false, "default": true, "protected": false, "defaultEditableWidget": true, "published": true, "thumbnailUrl": "", "freeze": false, "env": "production", "queryUrl": "", "widgetConfig": {"type": "map", "layer_id": "972b5a2e-603b-4ce7-8de3-ee3ee2f3241f", "zoom": 3, "lat": 0, "lng": 0, "bbox": [-33.57421875000001, -49.49667452747044, 33.75000000000001, 49.49667452747045], "basemapLayers": {"basemap": "dark", "labels": null, "boundaries": false}, "paramsConfig": {"visualizationType": "map", "limit": 500, "value": null, "category": null, "color": null, "size": null, "orderBy": null, "aggregateFunction": null, "chartType": null, "filters": [], "areaIntersection": null, "band": null, "layer": "972b5a2e-603b-4ce7-8de3-ee3ee2f3241f"}, "config": null}, "template": false, "createdAt": "2020-01-30T12:36:24.753Z", "updatedAt": "2020-01-30T12:36:24.753Z"}}], "layer": [{"id": "972b5a2e-603b-4ce7-8de3-ee3ee2f3241f", "type": "layer", "attributes": {"name": "Forest Landscape Restoration Opportunity", "slug": "Forest-Landscape-Restoration-Opportunity", "dataset": "fc8cf356-f4be-4635-a896-fb468aaaa832", "description": "Types of landscape restoration opportunities based on forest condition and current land use.", "application": ["rw"], "iso": [], "provider": "gee", "userId": "58fa22c54eecd907310778cd", "default": true, "protected": false, "published": true, "env": "production", "layerConfig": {"body": {"sldValue": "<RasterSymbolizer>    <ColorMap  type=\"values\" extended=\"false\" >        <ColorMapEntry color=\"#000000\" quantity=\"0\" label=\"\" opacity=\"0\"/>        <ColorMapEntry color=\"#13ff05\" quantity=\"3\" label=\"\" />   <ColorMapEntry color=\"#0cb702\" quantity=\"2\" label=\"\" />    <ColorMapEntry color=\"#065901\" quantity=\"1\" label=\"\" />    <ColorMapEntry color=\"#e1e1e1\" quantity=\"4\" label=\"\" opacity=\"0\" />     </ColorMap></RasterSymbolizer>", "styleType": "sld"}, "assetId": "users/resourcewatch/for_013_forest_landscape_restoration_opportunity", "type": "gee"}, "legendConfig": {"items": [{"color": "#13ff05", "name": "Remote restoration"}, {"color": "#0cb702", "name": "Mosaic restoration"}, {"color": "#065901", "name": "Wide-scale restoration"}], "type": "basic"}, "interactionConfig": {"output": []}, "applicationConfig": {}, "staticImageConfig": {}, "createdAt": "2020-02-06T15:28:30.659Z", "updatedAt": "2018-07-24T22:15:13.640Z"}}], "vocabulary": [{"type": "vocabulary", "attributes": {"resource": {"id": "fc8cf356-f4be-4635-a896-fb468aaaa832", "type": "dataset"}, "tags": ["geospatial", "raster", "global", "forest", "restoration", "historical", "land"], "name": "knowledge_graph", "application": "rw"}}], "widgetRelevantProps": [], "layerRelevantProps": []}}